lint	Set up job	﻿2026-09-09T08:11:21.6444120Z Current runner version: '2.337.0'
lint	Set up job	2026-09-09T08:11:21.6471416Z ##[group]Runner Image Provisioner
lint	Set up job	2026-09-09T08:11:21.6472322Z Hosted Compute Agent
lint	Set up job	2026-09-09T08:11:21.6473023Z Version: 20260828.587
lint	Set up job	2026-09-09T08:11:21.6473670Z Commit: abac92662cab4cc7352de4f9f9d2e2419aad9c29
lint	Set up job	2026-09-09T08:11:21.6474543Z Build Date: 2026-08-28T16:44:25Z
lint	Set up job	2026-09-09T08:11:21.6475243Z Worker ID: {de101c88-ddd2-4c9e-abdf-54d6462c4c6b}
lint	Set up job	2026-09-09T08:11:21.6475954Z Azure Region: westcentralus
lint	Set up job	2026-09-09T08:11:21.6476639Z ##[endgroup]
lint	Set up job	2026-09-09T08:11:21.6478273Z ##[group]Operating System
lint	Set up job	2026-09-09T08:11:21.6479042Z Ubuntu
lint	Set up job	2026-09-09T08:11:21.6479676Z 24.04.4
lint	Set up job	2026-09-09T08:11:21.6480188Z LTS
lint	Set up job	2026-09-09T08:11:21.6480751Z ##[endgroup]
lint	Set up job	2026-09-09T08:11:21.6481514Z ##[group]Runner Image
lint	Set up job	2026-09-09T08:11:21.6482332Z Image: ubuntu-24.04
lint	Set up job	2026-09-09T08:11:21.6482917Z Version: 20260831.293.1
lint	Set up job	2026-09-09T08:11:21.6483977Z Included Software: https://github.com/actions/runner-images/blob/ubuntu24/20260831.293/images/ubuntu/Ubuntu2404-Readme.md
lint	Set up job	2026-09-09T08:11:21.6486222Z Image Release: https://github.com/actions/runner-images/releases/tag/ubuntu24%2F20260831.293
lint	Set up job	2026-09-09T08:11:21.6487252Z ##[endgroup]
lint	Set up job	2026-09-09T08:11:21.6488513Z ##[group]GITHUB_TOKEN Permissions
lint	Set up job	2026-09-09T08:11:21.6490705Z Contents: read
lint	Set up job	2026-09-09T08:11:21.6491656Z Metadata: read
lint	Set up job	2026-09-09T08:11:21.6492280Z Packages: read
lint	Set up job	2026-09-09T08:11:21.6492915Z ##[endgroup]
lint	Set up job	2026-09-09T08:11:21.6495137Z Secret source: Actions
lint	Set up job	2026-09-09T08:11:21.6496588Z Prepare workflow directory
lint	Set up job	2026-09-09T08:11:21.6907755Z Prepare all required actions
lint	Set up job	2026-09-09T08:11:21.6956675Z Getting action download info
lint	Set up job	2026-09-09T08:11:22.0359108Z Download action repository 'actions/checkout@v6' (SHA:d23441a48e516b6c34aea4fa41551a30e30af803)
lint	Set up job	2026-09-09T08:11:22.1626990Z Download action repository 'actions-rust-lang/setup-rust-toolchain@v1' (SHA:166cdcfd11aee3cb47222f9ddb555ce30ddb9659)
lint	Set up job	2026-09-09T08:11:22.4189232Z Download action repository 'awalsh128/cache-apt-pkgs-action@v1' (SHA:553a35bb8ebd9fcabcb1c9451aa4c98e1b4ca8a9)
lint	Set up job	2026-09-09T08:11:23.4202852Z Download action repository 'j178/prek-action@v1' (SHA:0bb87d7f00b0c99306c8bcb8b8beba1eb581c037)
lint	Set up job	2026-09-09T08:11:23.8175485Z Getting action download info
lint	Set up job	2026-09-09T08:11:23.9226458Z Download action repository 'Swatinem/rust-cache@c19371144df3bb44fab255c43d04cbc2ab54d1c4' (SHA:c19371144df3bb44fab255c43d04cbc2ab54d1c4)
lint	Set up job	2026-09-09T08:11:25.0535581Z Getting action download info
lint	Set up job	2026-09-09T08:11:25.1748301Z Download action repository 'actions/cache@55cc8345863c7cc4c66a329aec7e433d2d1c52a9' (SHA:55cc8345863c7cc4c66a329aec7e433d2d1c52a9)
lint	Set up job	2026-09-09T08:11:25.2810385Z Download action repository 'actions/upload-artifact@bbbca2ddaa5d8feaa63e36b76fdaad77386f024f' (SHA:bbbca2ddaa5d8feaa63e36b76fdaad77386f024f)
lint	Set up job	2026-09-09T08:11:25.4327639Z Getting action download info
lint	Set up job	2026-09-09T08:11:25.5357172Z Download action repository 'actions/cache@8b402f58fbc84540c8b491a91e594a4576fec3d7' (SHA:8b402f58fbc84540c8b491a91e594a4576fec3d7)
lint	Set up job	2026-09-09T08:11:25.9978626Z Complete job name: lint
lint	Run actions/checkout@v6	﻿2026-09-09T08:11:26.0714094Z ##[group]Run actions/checkout@v6
lint	Run actions/checkout@v6	2026-09-09T08:11:26.0714750Z with:
lint	Run actions/checkout@v6	2026-09-09T08:11:26.0714982Z   repository: td72/vig
lint	Run actions/checkout@v6	2026-09-09T08:11:26.0717642Z   token: ***
lint	Run actions/checkout@v6	2026-09-09T08:11:26.0717862Z   ssh-strict: true
lint	Run actions/checkout@v6	2026-09-09T08:11:26.0718072Z   ssh-user: git
lint	Run actions/checkout@v6	2026-09-09T08:11:26.0718325Z   persist-credentials: true
lint	Run actions/checkout@v6	2026-09-09T08:11:26.0718566Z   clean: true
lint	Run actions/checkout@v6	2026-09-09T08:11:26.0718783Z   sparse-checkout-cone-mode: true
lint	Run actions/checkout@v6	2026-09-09T08:11:26.0719054Z   fetch-depth: 1
lint	Run actions/checkout@v6	2026-09-09T08:11:26.0719260Z   fetch-tags: false
lint	Run actions/checkout@v6	2026-09-09T08:11:26.0719479Z   show-progress: true
lint	Run actions/checkout@v6	2026-09-09T08:11:26.0719703Z   lfs: false
lint	Run actions/checkout@v6	2026-09-09T08:11:26.0719897Z   submodules: false
lint	Run actions/checkout@v6	2026-09-09T08:11:26.0720112Z   set-safe-directory: true
lint	Run actions/checkout@v6	2026-09-09T08:11:26.0720365Z   allow-unsafe-pr-checkout: false
lint	Run actions/checkout@v6	2026-09-09T08:11:26.0720835Z ##[endgroup]
lint	Run actions/checkout@v6	2026-09-09T08:11:26.1770254Z Syncing repository: td72/vig
lint	Run actions/checkout@v6	2026-09-09T08:11:26.1772547Z ##[group]Getting Git version info
lint	Run actions/checkout@v6	2026-09-09T08:11:26.1773173Z Working directory is '/home/runner/work/vig/vig'
lint	Run actions/checkout@v6	2026-09-09T08:11:26.1774490Z [command]/usr/bin/git version
lint	Run actions/checkout@v6	2026-09-09T08:11:26.1832509Z git version 2.55.0
lint	Run actions/checkout@v6	2026-09-09T08:11:26.1857745Z ##[endgroup]
lint	Run actions/checkout@v6	2026-09-09T08:11:26.1873507Z Temporarily overriding HOME='/home/runner/work/_temp/ee56535d-2eff-43ff-8e82-3634e1634480' before making global git config changes
lint	Run actions/checkout@v6	2026-09-09T08:11:26.1875052Z Adding repository directory to the temporary git global config as a safe directory
lint	Run actions/checkout@v6	2026-09-09T08:11:26.1879251Z [command]/usr/bin/git config --global --add safe.directory /home/runner/work/vig/vig
lint	Run actions/checkout@v6	2026-09-09T08:11:26.1937931Z Deleting the contents of '/home/runner/work/vig/vig'
lint	Run actions/checkout@v6	2026-09-09T08:11:26.1944096Z ##[group]Determining repository object format
lint	Run actions/checkout@v6	2026-09-09T08:11:26.1947030Z ##[endgroup]
lint	Run actions/checkout@v6	2026-09-09T08:11:26.1947632Z ##[group]Initializing the repository
lint	Run actions/checkout@v6	2026-09-09T08:11:26.1953181Z [command]/usr/bin/git init /home/runner/work/vig/vig
lint	Run actions/checkout@v6	2026-09-09T08:11:26.2056126Z hint: Using 'master' as the name for the initial branch. This default branch name
lint	Run actions/checkout@v6	2026-09-09T08:11:26.2057582Z hint: will change to "main" in Git 3.0. To configure the initial branch name
lint	Run actions/checkout@v6	2026-09-09T08:11:26.2058839Z hint: to use in all of your new repositories, which will suppress this warning,
lint	Run actions/checkout@v6	2026-09-09T08:11:26.2059750Z hint: call:
lint	Run actions/checkout@v6	2026-09-09T08:11:26.2060338Z hint:
lint	Run actions/checkout@v6	2026-09-09T08:11:26.2060967Z hint: 	git config --global init.defaultBranch <name>
lint	Run actions/checkout@v6	2026-09-09T08:11:26.2062067Z hint:
lint	Run actions/checkout@v6	2026-09-09T08:11:26.2062738Z hint: Names commonly chosen instead of 'master' are 'main', 'trunk' and
lint	Run actions/checkout@v6	2026-09-09T08:11:26.2063679Z hint: 'development'. The just-created branch can be renamed via this command:
lint	Run actions/checkout@v6	2026-09-09T08:11:26.2064398Z hint:
lint	Run actions/checkout@v6	2026-09-09T08:11:26.2064798Z hint: 	git branch -m <name>
lint	Run actions/checkout@v6	2026-09-09T08:11:26.2065250Z hint:
lint	Run actions/checkout@v6	2026-09-09T08:11:26.2065843Z hint: Disable this message with "git config set advice.defaultBranchName false"
lint	Run actions/checkout@v6	2026-09-09T08:11:26.2066784Z Initialized empty Git repository in /home/runner/work/vig/vig/.git/
lint	Run actions/checkout@v6	2026-09-09T08:11:26.2072454Z [command]/usr/bin/git remote add origin https://github.com/td72/vig
lint	Run actions/checkout@v6	2026-09-09T08:11:26.2123824Z ##[endgroup]
lint	Run actions/checkout@v6	2026-09-09T08:11:26.2124594Z ##[group]Disabling automatic garbage collection
lint	Run actions/checkout@v6	2026-09-09T08:11:26.2127882Z [command]/usr/bin/git config --local gc.auto 0
lint	Run actions/checkout@v6	2026-09-09T08:11:26.2162658Z ##[endgroup]
lint	Run actions/checkout@v6	2026-09-09T08:11:26.2163823Z ##[group]Setting up auth
lint	Run actions/checkout@v6	2026-09-09T08:11:26.2164438Z Removing SSH command configuration
lint	Run actions/checkout@v6	2026-09-09T08:11:26.2172044Z [command]/usr/bin/git config --local --name-only --get-regexp core\.sshCommand
lint	Run actions/checkout@v6	2026-09-09T08:11:26.2210215Z [command]/usr/bin/git submodule foreach --recursive sh -c "git config --local --name-only --get-regexp 'core\.sshCommand' && git config --local --unset-all 'core.sshCommand' || :"
lint	Run actions/checkout@v6	2026-09-09T08:11:26.2573962Z Removing HTTP extra header
lint	Run actions/checkout@v6	2026-09-09T08:11:26.2582517Z [command]/usr/bin/git config --local --name-only --get-regexp http\.https\:\/\/github\.com\/\.extraheader
lint	Run actions/checkout@v6	2026-09-09T08:11:26.2626965Z [command]/usr/bin/git submodule foreach --recursive sh -c "git config --local --name-only --get-regexp 'http\.https\:\/\/github\.com\/\.extraheader' && git config --local --unset-all 'http.https://github.com/.extraheader' || :"
lint	Run actions/checkout@v6	2026-09-09T08:11:26.2866333Z Removing includeIf entries pointing to credentials config files
lint	Run actions/checkout@v6	2026-09-09T08:11:26.2873932Z [command]/usr/bin/git config --local --name-only --get-regexp ^includeIf\.gitdir:
lint	Run actions/checkout@v6	2026-09-09T08:11:26.2915273Z [command]/usr/bin/git submodule foreach --recursive git config --local --show-origin --name-only --get-regexp remote.origin.url
lint	Run actions/checkout@v6	2026-09-09T08:11:26.3158656Z [command]/usr/bin/git config --file /home/runner/work/_temp/git-credentials-e29d1c9b-45af-455f-8802-e44a6a79082b.config http.https://github.com/.extraheader AUTHORIZATION: basic ***
lint	Run actions/checkout@v6	2026-09-09T08:11:26.3203734Z [command]/usr/bin/git config --local includeIf.gitdir:/home/runner/work/vig/vig/.git.path /home/runner/work/_temp/git-credentials-e29d1c9b-45af-455f-8802-e44a6a79082b.config
lint	Run actions/checkout@v6	2026-09-09T08:11:26.3243623Z [command]/usr/bin/git config --local includeIf.gitdir:/home/runner/work/vig/vig/.git/worktrees/*.path /home/runner/work/_temp/git-credentials-e29d1c9b-45af-455f-8802-e44a6a79082b.config
lint	Run actions/checkout@v6	2026-09-09T08:11:26.3286571Z [command]/usr/bin/git config --local includeIf.gitdir:/github/workspace/.git.path /github/runner_temp/git-credentials-e29d1c9b-45af-455f-8802-e44a6a79082b.config
lint	Run actions/checkout@v6	2026-09-09T08:11:26.3348753Z [command]/usr/bin/git config --local includeIf.gitdir:/github/workspace/.git/worktrees/*.path /github/runner_temp/git-credentials-e29d1c9b-45af-455f-8802-e44a6a79082b.config
lint	Run actions/checkout@v6	2026-09-09T08:11:26.3381835Z ##[endgroup]
lint	Run actions/checkout@v6	2026-09-09T08:11:26.3382386Z ##[group]Fetching the repository
lint	Run actions/checkout@v6	2026-09-09T08:11:26.3390883Z [command]/usr/bin/git -c protocol.version=2 fetch --no-tags --prune --no-recurse-submodules --depth=1 origin +c2562a1eb56bd4aef0f6d8b30c9cecafb407f03f:refs/remotes/origin/main
lint	Run actions/checkout@v6	2026-09-09T08:11:27.1576712Z From https://github.com/td72/vig
lint	Run actions/checkout@v6	2026-09-09T08:11:27.1577366Z  * [new ref]         c2562a1eb56bd4aef0f6d8b30c9cecafb407f03f -> origin/main
lint	Run actions/checkout@v6	2026-09-09T08:11:27.1588677Z [command]/usr/bin/git branch --list --remote origin/main
lint	Run actions/checkout@v6	2026-09-09T08:11:27.1619293Z   origin/main
lint	Run actions/checkout@v6	2026-09-09T08:11:27.1629822Z [command]/usr/bin/git rev-parse refs/remotes/origin/main
lint	Run actions/checkout@v6	2026-09-09T08:11:27.1661019Z c2562a1eb56bd4aef0f6d8b30c9cecafb407f03f
lint	Run actions/checkout@v6	2026-09-09T08:11:27.1672195Z ##[endgroup]
lint	Run actions/checkout@v6	2026-09-09T08:11:27.1672617Z ##[group]Determining the checkout info
lint	Run actions/checkout@v6	2026-09-09T08:11:27.1673036Z ##[endgroup]
lint	Run actions/checkout@v6	2026-09-09T08:11:27.1681770Z [command]/usr/bin/git sparse-checkout disable
lint	Run actions/checkout@v6	2026-09-09T08:11:27.1730300Z [command]/usr/bin/git config --local --unset-all extensions.worktreeConfig
lint	Run actions/checkout@v6	2026-09-09T08:11:27.1765319Z ##[group]Checking out the ref
lint	Run actions/checkout@v6	2026-09-09T08:11:27.1770350Z [command]/usr/bin/git checkout --progress --force -B main refs/remotes/origin/main
lint	Run actions/checkout@v6	2026-09-09T08:11:27.2658045Z Switched to a new branch 'main'
lint	Run actions/checkout@v6	2026-09-09T08:11:27.2663135Z branch 'main' set up to track 'origin/main'.
lint	Run actions/checkout@v6	2026-09-09T08:11:27.2961935Z ##[endgroup]
lint	Run actions/checkout@v6	2026-09-09T08:11:27.3011578Z [command]/usr/bin/git log -1 --format=%H
lint	Run actions/checkout@v6	2026-09-09T08:11:27.3041819Z c2562a1eb56bd4aef0f6d8b30c9cecafb407f03f
lint	Run actions-rust-lang/setup-rust-toolchain@v1	﻿2026-09-09T08:11:27.3418460Z ##[group]Run actions-rust-lang/setup-rust-toolchain@v1
lint	Run actions-rust-lang/setup-rust-toolchain@v1	2026-09-09T08:11:27.3418885Z with:
lint	Run actions-rust-lang/setup-rust-toolchain@v1	2026-09-09T08:11:27.3419101Z   components: clippy, rustfmt
lint	Run actions-rust-lang/setup-rust-toolchain@v1	2026-09-09T08:11:27.3419362Z   cache: true
lint	Run actions-rust-lang/setup-rust-toolchain@v1	2026-09-09T08:11:27.3419575Z   cache-on-failure: true
lint	Run actions-rust-lang/setup-rust-toolchain@v1	2026-09-09T08:11:27.3419804Z   cache-bin: true
lint	Run actions-rust-lang/setup-rust-toolchain@v1	2026-09-09T08:11:27.3420023Z   cache-provider: github
lint	Run actions-rust-lang/setup-rust-toolchain@v1	2026-09-09T08:11:27.3420271Z   cache-all-crates: false
lint	Run actions-rust-lang/setup-rust-toolchain@v1	2026-09-09T08:11:27.3420518Z   cache-workspace-crates: false
lint	Run actions-rust-lang/setup-rust-toolchain@v1	2026-09-09T08:11:27.3420772Z   cache-save-if: true
lint	Run actions-rust-lang/setup-rust-toolchain@v1	2026-09-09T08:11:27.3421003Z   cache-targets: true
lint	Run actions-rust-lang/setup-rust-toolchain@v1	2026-09-09T08:11:27.3421439Z   matcher: true
lint	Run actions-rust-lang/setup-rust-toolchain@v1	2026-09-09T08:11:27.3421657Z   rustflags: -D warnings
lint	Run actions-rust-lang/setup-rust-toolchain@v1	2026-09-09T08:11:27.3421885Z   override: true
lint	Run actions-rust-lang/setup-rust-toolchain@v1	2026-09-09T08:11:27.3422090Z ##[endgroup]
lint	Run actions-rust-lang/setup-rust-toolchain@v1	2026-09-09T08:11:27.3484367Z ##[start-action display=Unbork mac;id=__actions-rust-lang_setup-rust-toolchain.__run]
lint	Run actions-rust-lang/setup-rust-toolchain@v1	2026-09-09T08:11:27.3503967Z ##[end-action id=__actions-rust-lang_setup-rust-toolchain.__run;outcome=skipped;conclusion=skipped;duration_ms=0]
lint	Run actions-rust-lang/setup-rust-toolchain@v1	2026-09-09T08:11:27.3546288Z ##[start-action display=Run : construct rustup command line;id=__actions-rust-lang_setup-rust-toolchain.flags]
lint	Run actions-rust-lang/setup-rust-toolchain@v1	2026-09-09T08:11:27.3586190Z ##[group]Run : construct rustup command line
lint	Run actions-rust-lang/setup-rust-toolchain@v1	2026-09-09T08:11:27.3586654Z ^[[36;1m: construct rustup command line^[[0m
lint	Run actions-rust-lang/setup-rust-toolchain@v1	2026-09-09T08:11:27.3587164Z ^[[36;1mecho "targets=$(for t in ${_srt_targets//,/ }; do echo -n ' --target' $t; done)" >> $GITHUB_OUTPUT^[[0m
lint	Run actions-rust-lang/setup-rust-toolchain@v1	2026-09-09T08:11:27.3587856Z ^[[36;1mecho "components=$(for c in ${_srt_components//,/ }; do echo -n ' --component' $c; done)" >> $GITHUB_OUTPUT^[[0m
lint	Run actions-rust-lang/setup-rust-toolchain@v1	2026-09-09T08:11:27.3588407Z ^[[36;1mecho "downgrade=" >> $GITHUB_OUTPUT^[[0m
lint	Run actions-rust-lang/setup-rust-toolchain@v1	2026-09-09T08:11:27.3628457Z shell: /usr/bin/bash --noprofile --norc -e -o pipefail {0}
lint	Run actions-rust-lang/setup-rust-toolchain@v1	2026-09-09T08:11:27.3628874Z env:
lint	Run actions-rust-lang/setup-rust-toolchain@v1	2026-09-09T08:11:27.3629071Z   _srt_targets: 
lint	Run actions-rust-lang/setup-rust-toolchain@v1	2026-09-09T08:11:27.3629298Z   _srt_components: clippy, rustfmt
lint	Run actions-rust-lang/setup-rust-toolchain@v1	2026-09-09T08:11:27.3629555Z ##[endgroup]
lint	Run actions-rust-lang/setup-rust-toolchain@v1	2026-09-09T08:11:27.3791720Z ##[end-action id=__actions-rust-lang_setup-rust-toolchain.flags;outcome=success;conclusion=success;duration_ms=24]
lint	Run actions-rust-lang/setup-rust-toolchain@v1	2026-09-09T08:11:27.3798434Z ##[start-action display=Setting Environment Variables;id=__actions-rust-lang_setup-rust-toolchain.__run_2]
lint	Run actions-rust-lang/setup-rust-toolchain@v1	2026-09-09T08:11:27.3816996Z ##[group]Run if [[ ! -v CARGO_INCREMENTAL ]]; then
lint	Run actions-rust-lang/setup-rust-toolchain@v1	2026-09-09T08:11:27.3817413Z ^[[36;1mif [[ ! -v CARGO_INCREMENTAL ]]; then^[[0m
lint	Run actions-rust-lang/setup-rust-toolchain@v1	2026-09-09T08:11:27.3817763Z ^[[36;1m  echo "CARGO_INCREMENTAL=0" >> $GITHUB_ENV^[[0m
lint	Run actions-rust-lang/setup-rust-toolchain@v1	2026-09-09T08:11:27.3818067Z ^[[36;1mfi^[[0m
lint	Run actions-rust-lang/setup-rust-toolchain@v1	2026-09-09T08:11:27.3818307Z ^[[36;1mif [[ ! -v CARGO_PROFILE_DEV_DEBUG ]]; then^[[0m
lint	Run actions-rust-lang/setup-rust-toolchain@v1	2026-09-09T08:11:27.3818676Z ^[[36;1m  echo "CARGO_PROFILE_DEV_DEBUG=0" >> $GITHUB_ENV^[[0m
lint	Run actions-rust-lang/setup-rust-toolchain@v1	2026-09-09T08:11:27.3818999Z ^[[36;1mfi^[[0m
lint	Run actions-rust-lang/setup-rust-toolchain@v1	2026-09-09T08:11:27.3819222Z ^[[36;1mif [[ ! -v CARGO_TERM_COLOR ]]; then^[[0m
lint	Run actions-rust-lang/setup-rust-toolchain@v1	2026-09-09T08:11:27.3819560Z ^[[36;1m  echo "CARGO_TERM_COLOR=always" >> $GITHUB_ENV^[[0m
lint	Run actions-rust-lang/setup-rust-toolchain@v1	2026-09-09T08:11:27.3819874Z ^[[36;1mfi^[[0m
lint	Run actions-rust-lang/setup-rust-toolchain@v1	2026-09-09T08:11:27.3820085Z ^[[36;1mif [[ ! -v RUST_BACKTRACE ]]; then^[[0m
lint	Run actions-rust-lang/setup-rust-toolchain@v1	2026-09-09T08:11:27.3820409Z ^[[36;1m  echo "RUST_BACKTRACE=short" >> $GITHUB_ENV^[[0m
lint	Run actions-rust-lang/setup-rust-toolchain@v1	2026-09-09T08:11:27.3820728Z ^[[36;1mfi^[[0m
lint	Run actions-rust-lang/setup-rust-toolchain@v1	2026-09-09T08:11:27.3820995Z ^[[36;1mif [[ ( ! -v RUSTFLAGS ) && $_srt_NEW_RUSTFLAGS != "" ]]; then^[[0m
lint	Run actions-rust-lang/setup-rust-toolchain@v1	2026-09-09T08:11:27.3821657Z ^[[36;1m  echo "RUSTFLAGS=$_srt_NEW_RUSTFLAGS" >> $GITHUB_ENV^[[0m
lint	Run actions-rust-lang/setup-rust-toolchain@v1	2026-09-09T08:11:27.3821979Z ^[[36;1mfi^[[0m
lint	Run actions-rust-lang/setup-rust-toolchain@v1	2026-09-09T08:11:27.3822209Z ^[[36;1m# Enable faster sparse index on nightly^[[0m
lint	Run actions-rust-lang/setup-rust-toolchain@v1	2026-09-09T08:11:27.3822589Z ^[[36;1m# The value is ignored on stable and causes no problems^[[0m
lint	Run actions-rust-lang/setup-rust-toolchain@v1	2026-09-09T08:11:27.3823140Z ^[[36;1m# https://internals.rust-lang.org/t/call-for-testing-cargo-sparse-registry/16862^[[0m
lint	Run actions-rust-lang/setup-rust-toolchain@v1	2026-09-09T08:11:27.3823680Z ^[[36;1mif [[ ! -v CARGO_UNSTABLE_SPARSE_REGISTRY ]]; then^[[0m
lint	Run actions-rust-lang/setup-rust-toolchain@v1	2026-09-09T08:11:27.3824088Z ^[[36;1m  echo "CARGO_UNSTABLE_SPARSE_REGISTRY=true" >> $GITHUB_ENV^[[0m
lint	Run actions-rust-lang/setup-rust-toolchain@v1	2026-09-09T08:11:27.3824437Z ^[[36;1mfi^[[0m
lint	Run actions-rust-lang/setup-rust-toolchain@v1	2026-09-09T08:11:27.3824702Z ^[[36;1mif [[ ! -v CARGO_REGISTRIES_CRATES_IO_PROTOCOL ]]; then^[[0m
lint	Run actions-rust-lang/setup-rust-toolchain@v1	2026-09-09T08:11:27.3825139Z ^[[36;1m  echo "CARGO_REGISTRIES_CRATES_IO_PROTOCOL=sparse" >> $GITHUB_ENV^[[0m
lint	Run actions-rust-lang/setup-rust-toolchain@v1	2026-09-09T08:11:27.3825748Z ^[[36;1mfi^[[0m
lint	Run actions-rust-lang/setup-rust-toolchain@v1	2026-09-09T08:11:27.3861496Z shell: /usr/bin/bash --noprofile --norc -e -o pipefail {0}
lint	Run actions-rust-lang/setup-rust-toolchain@v1	2026-09-09T08:11:27.3861889Z env:
lint	Run actions-rust-lang/setup-rust-toolchain@v1	2026-09-09T08:11:27.3862107Z   _srt_NEW_RUSTFLAGS: -D warnings
lint	Run actions-rust-lang/setup-rust-toolchain@v1	2026-09-09T08:11:27.3862520Z ##[endgroup]
lint	Run actions-rust-lang/setup-rust-toolchain@v1	2026-09-09T08:11:27.3934194Z ##[end-action id=__actions-rust-lang_setup-rust-toolchain.__run_2;outcome=success;conclusion=success;duration_ms=13]
lint	Run actions-rust-lang/setup-rust-toolchain@v1	2026-09-09T08:11:27.3936947Z ##[start-action display=Install Rust Problem Matcher;id=__actions-rust-lang_setup-rust-toolchain.__run_3]
lint	Run actions-rust-lang/setup-rust-toolchain@v1	2026-09-09T08:11:27.3958573Z ##[group]Run echo "::add-matcher::/home/runner/work/_actions/actions-rust-lang/setup-rust-toolchain/v1/rust.json"
lint	Run actions-rust-lang/setup-rust-toolchain@v1	2026-09-09T08:11:27.3959396Z ^[[36;1mecho "::add-matcher::/home/runner/work/_actions/actions-rust-lang/setup-rust-toolchain/v1/rust.json"^[[0m
lint	Run actions-rust-lang/setup-rust-toolchain@v1	2026-09-09T08:11:27.3995002Z shell: /usr/bin/bash --noprofile --norc -e -o pipefail {0}
lint	Run actions-rust-lang/setup-rust-toolchain@v1	2026-09-09T08:11:27.3995402Z env:
lint	Run actions-rust-lang/setup-rust-toolchain@v1	2026-09-09T08:11:27.3995608Z   CARGO_INCREMENTAL: 0
lint	Run actions-rust-lang/setup-rust-toolchain@v1	2026-09-09T08:11:27.3995874Z   CARGO_PROFILE_DEV_DEBUG: 0
lint	Run actions-rust-lang/setup-rust-toolchain@v1	2026-09-09T08:11:27.3996130Z   CARGO_TERM_COLOR: always
lint	Run actions-rust-lang/setup-rust-toolchain@v1	2026-09-09T08:11:27.3996367Z   RUST_BACKTRACE: short
lint	Run actions-rust-lang/setup-rust-toolchain@v1	2026-09-09T08:11:27.3996594Z   RUSTFLAGS: -D warnings
lint	Run actions-rust-lang/setup-rust-toolchain@v1	2026-09-09T08:11:27.3996841Z   CARGO_UNSTABLE_SPARSE_REGISTRY: true
lint	Run actions-rust-lang/setup-rust-toolchain@v1	2026-09-09T08:11:27.3997143Z   CARGO_REGISTRIES_CRATES_IO_PROTOCOL: sparse
lint	Run actions-rust-lang/setup-rust-toolchain@v1	2026-09-09T08:11:27.3997431Z ##[endgroup]
lint	Run actions-rust-lang/setup-rust-toolchain@v1	2026-09-09T08:11:27.4085922Z ##[end-action id=__actions-rust-lang_setup-rust-toolchain.__run_3;outcome=success;conclusion=success;duration_ms=14]
lint	Run actions-rust-lang/setup-rust-toolchain@v1	2026-09-09T08:11:27.4089609Z ##[start-action display=Install rustup, if needed;id=__actions-rust-lang_setup-rust-toolchain.__run_4]
lint	Run actions-rust-lang/setup-rust-toolchain@v1	2026-09-09T08:11:27.4107116Z ##[group]Run if ! command -v rustup &> /dev/null ; then
lint	Run actions-rust-lang/setup-rust-toolchain@v1	2026-09-09T08:11:27.4107540Z ^[[36;1mif ! command -v rustup &> /dev/null ; then^[[0m
lint	Run actions-rust-lang/setup-rust-toolchain@v1	2026-09-09T08:11:27.4108214Z ^[[36;1m  curl --proto '=https' --tlsv1.2 --retry 10 --retry-connrefused -fsSL "https://sh.rustup.rs" | sh -s -- --default-toolchain none -y^[[0m
lint	Run actions-rust-lang/setup-rust-toolchain@v1	2026-09-09T08:11:27.4109021Z ^[[36;1m^[[0m
lint	Run actions-rust-lang/setup-rust-toolchain@v1	2026-09-09T08:11:27.4109302Z ^[[36;1m  # Resolve the correct CARGO_HOME path depending on OS^[[0m
lint	Run actions-rust-lang/setup-rust-toolchain@v1	2026-09-09T08:11:27.4109679Z ^[[36;1m  if [[ "$RUNNER_OS" == "Windows" ]]; then^[[0m
lint	Run actions-rust-lang/setup-rust-toolchain@v1	2026-09-09T08:11:27.4110141Z ^[[36;1m    echo "${CARGO_HOME:-$USERPROFILE/.cargo}/bin" | sed 's|/|\\|g' >> $GITHUB_PATH^[[0m
lint	Run actions-rust-lang/setup-rust-toolchain@v1	2026-09-09T08:11:27.4110570Z ^[[36;1m  else^[[0m
lint	Run actions-rust-lang/setup-rust-toolchain@v1	2026-09-09T08:11:27.4110847Z ^[[36;1m    echo "${CARGO_HOME:-$HOME/.cargo}/bin" >> $GITHUB_PATH^[[0m
lint	Run actions-rust-lang/setup-rust-toolchain@v1	2026-09-09T08:11:27.4111540Z ^[[36;1m  fi^[[0m
lint	Run actions-rust-lang/setup-rust-toolchain@v1	2026-09-09T08:11:27.4111760Z ^[[36;1mfi^[[0m
lint	Run actions-rust-lang/setup-rust-toolchain@v1	2026-09-09T08:11:27.4147239Z shell: /usr/bin/bash --noprofile --norc -e -o pipefail {0}
lint	Run actions-rust-lang/setup-rust-toolchain@v1	2026-09-09T08:11:27.4147631Z env:
lint	Run actions-rust-lang/setup-rust-toolchain@v1	2026-09-09T08:11:27.4147846Z   CARGO_INCREMENTAL: 0
lint	Run actions-rust-lang/setup-rust-toolchain@v1	2026-09-09T08:11:27.4148088Z   CARGO_PROFILE_DEV_DEBUG: 0
lint	Run actions-rust-lang/setup-rust-toolchain@v1	2026-09-09T08:11:27.4148335Z   CARGO_TERM_COLOR: always
lint	Run actions-rust-lang/setup-rust-toolchain@v1	2026-09-09T08:11:27.4148572Z   RUST_BACKTRACE: short
lint	Run actions-rust-lang/setup-rust-toolchain@v1	2026-09-09T08:11:27.4148802Z   RUSTFLAGS: -D warnings
lint	Run actions-rust-lang/setup-rust-toolchain@v1	2026-09-09T08:11:27.4149053Z   CARGO_UNSTABLE_SPARSE_REGISTRY: true
lint	Run actions-rust-lang/setup-rust-toolchain@v1	2026-09-09T08:11:27.4149387Z   CARGO_REGISTRIES_CRATES_IO_PROTOCOL: sparse
lint	Run actions-rust-lang/setup-rust-toolchain@v1	2026-09-09T08:11:27.4149684Z   RUNNER_OS: Linux
lint	Run actions-rust-lang/setup-rust-toolchain@v1	2026-09-09T08:11:27.4149892Z ##[endgroup]
lint	Run actions-rust-lang/setup-rust-toolchain@v1	2026-09-09T08:11:27.4220909Z ##[end-action id=__actions-rust-lang_setup-rust-toolchain.__run_4;outcome=success;conclusion=success;duration_ms=13]
lint	Run actions-rust-lang/setup-rust-toolchain@v1	2026-09-09T08:11:27.4227020Z ##[start-action display=rustup toolchain install stable;id=__actions-rust-lang_setup-rust-toolchain.__run_5]
lint	Run actions-rust-lang/setup-rust-toolchain@v1	2026-09-09T08:11:27.4246351Z ##[group]Run # Check if value is set
lint	Run actions-rust-lang/setup-rust-toolchain@v1	2026-09-09T08:11:27.4246733Z ^[[36;1m# Check if value is set^[[0m
lint	Run actions-rust-lang/setup-rust-toolchain@v1	2026-09-09T08:11:27.4247009Z ^[[36;1mif [[ -n "$_srt_rust_src_dir" ]]^[[0m
lint	Run actions-rust-lang/setup-rust-toolchain@v1	2026-09-09T08:11:27.4247289Z ^[[36;1mthen^[[0m
lint	Run actions-rust-lang/setup-rust-toolchain@v1	2026-09-09T08:11:27.4247535Z ^[[36;1m  # If value is set the directory must exist^[[0m
lint	Run actions-rust-lang/setup-rust-toolchain@v1	2026-09-09T08:11:27.4247863Z ^[[36;1m  if [[ -d "$_srt_rust_src_dir" ]]^[[0m
lint	Run actions-rust-lang/setup-rust-toolchain@v1	2026-09-09T08:11:27.4248141Z ^[[36;1m  then^[[0m
lint	Run actions-rust-lang/setup-rust-toolchain@v1	2026-09-09T08:11:27.4248355Z ^[[36;1m    cd "$_srt_rust_src_dir"^[[0m
lint	Run actions-rust-lang/setup-rust-toolchain@v1	2026-09-09T08:11:27.4248634Z ^[[36;1m  else^[[0m
lint	Run actions-rust-lang/setup-rust-toolchain@v1	2026-09-09T08:11:27.4249188Z ^[[36;1m    echo "'rust-src-dir' does not point to an existing directory" >&2^[[0m
lint	Run actions-rust-lang/setup-rust-toolchain@v1	2026-09-09T08:11:27.4249702Z ^[[36;1m    echo "The value of 'rust-src-dir' is: ${_srt_rust_src_dir}" >&2^[[0m
lint	Run actions-rust-lang/setup-rust-toolchain@v1	2026-09-09T08:11:27.4250081Z ^[[36;1m    exit 1^[[0m
lint	Run actions-rust-lang/setup-rust-toolchain@v1	2026-09-09T08:11:27.4250484Z ^[[36;1m  fi^[[0m
lint	Run actions-rust-lang/setup-rust-toolchain@v1	2026-09-09T08:11:27.4250789Z ^[[36;1mfi^[[0m
lint	Run actions-rust-lang/setup-rust-toolchain@v1	2026-09-09T08:11:27.4251566Z ^[[36;1mif [[ -z "$_srt_toolchain" && ( -f "rust-toolchain" || -f "rust-toolchain.toml") ]]^[[0m
lint	Run actions-rust-lang/setup-rust-toolchain@v1	2026-09-09T08:11:27.4252235Z ^[[36;1mthen^[[0m
lint	Run actions-rust-lang/setup-rust-toolchain@v1	2026-09-09T08:11:27.4252636Z ^[[36;1m  # Install the toolchain as specified in the file^[[0m
lint	Run actions-rust-lang/setup-rust-toolchain@v1	2026-09-09T08:11:27.4253326Z ^[[36;1m  # rustup show is the old way that implicitly installed a toolchain^[[0m
lint	Run actions-rust-lang/setup-rust-toolchain@v1	2026-09-09T08:11:27.4254093Z ^[[36;1m  # rustup toolchain install is the new explicit way^[[0m
lint	Run actions-rust-lang/setup-rust-toolchain@v1	2026-09-09T08:11:27.4254898Z ^[[36;1m  # https://github.com/rust-lang/rustup/issues/3635#issuecomment-2343511297^[[0m
lint	Run actions-rust-lang/setup-rust-toolchain@v1	2026-09-09T08:11:27.4255702Z ^[[36;1m  rustup show active-toolchain || rustup toolchain install^[[0m
lint	Run actions-rust-lang/setup-rust-toolchain@v1	2026-09-09T08:11:27.4256369Z ^[[36;1m  if [[ -n $_srt_components ]]; then^[[0m
lint	Run actions-rust-lang/setup-rust-toolchain@v1	2026-09-09T08:11:27.4257012Z ^[[36;1m    rustup component add ${_srt_components//,/ }^[[0m
lint	Run actions-rust-lang/setup-rust-toolchain@v1	2026-09-09T08:11:27.4257562Z ^[[36;1m  fi^[[0m
lint	Run actions-rust-lang/setup-rust-toolchain@v1	2026-09-09T08:11:27.4257923Z ^[[36;1m  if [[ -n $_srt_targets ]]; then^[[0m
lint	Run actions-rust-lang/setup-rust-toolchain@v1	2026-09-09T08:11:27.4258446Z ^[[36;1m    rustup target add ${_srt_targets//,/ }^[[0m
lint	Run actions-rust-lang/setup-rust-toolchain@v1	2026-09-09T08:11:27.4258982Z ^[[36;1m  fi^[[0m
lint	Run actions-rust-lang/setup-rust-toolchain@v1	2026-09-09T08:11:27.4259341Z ^[[36;1melse^[[0m
lint	Run actions-rust-lang/setup-rust-toolchain@v1	2026-09-09T08:11:27.4259740Z ^[[36;1m  if [[ -z "$_srt_toolchain" ]]^[[0m
lint	Run actions-rust-lang/setup-rust-toolchain@v1	2026-09-09T08:11:27.4260213Z ^[[36;1m  then^[[0m
lint	Run actions-rust-lang/setup-rust-toolchain@v1	2026-09-09T08:11:27.4260596Z ^[[36;1m    _srt_toolchain=stable^[[0m
lint	Run actions-rust-lang/setup-rust-toolchain@v1	2026-09-09T08:11:27.4261055Z ^[[36;1m  fi^[[0m
lint	Run actions-rust-lang/setup-rust-toolchain@v1	2026-09-09T08:11:27.4262206Z ^[[36;1m  rustup toolchain install ${_srt_toolchain//,/ }  --component clippy --component rustfmt --profile minimal --no-self-update^[[0m
lint	Run actions-rust-lang/setup-rust-toolchain@v1	2026-09-09T08:11:27.4263051Z ^[[36;1m  # Take the last element from the list^[[0m
lint	Run actions-rust-lang/setup-rust-toolchain@v1	2026-09-09T08:11:27.4263383Z ^[[36;1m  if [[ "$_srt_override" == "true" ]]^[[0m
lint	Run actions-rust-lang/setup-rust-toolchain@v1	2026-09-09T08:11:27.4263848Z ^[[36;1m  then^[[0m
lint	Run actions-rust-lang/setup-rust-toolchain@v1	2026-09-09T08:11:27.4264107Z ^[[36;1m    rustup override set ${_srt_toolchain//*,/ }^[[0m
lint	Run actions-rust-lang/setup-rust-toolchain@v1	2026-09-09T08:11:27.4264419Z ^[[36;1m  fi^[[0m
lint	Run actions-rust-lang/setup-rust-toolchain@v1	2026-09-09T08:11:27.4264615Z ^[[36;1mfi^[[0m
lint	Run actions-rust-lang/setup-rust-toolchain@v1	2026-09-09T08:11:27.4299810Z shell: /usr/bin/bash --noprofile --norc -e -o pipefail {0}
lint	Run actions-rust-lang/setup-rust-toolchain@v1	2026-09-09T08:11:27.4300193Z env:
lint	Run actions-rust-lang/setup-rust-toolchain@v1	2026-09-09T08:11:27.4300399Z   CARGO_INCREMENTAL: 0
lint	Run actions-rust-lang/setup-rust-toolchain@v1	2026-09-09T08:11:27.4300637Z   CARGO_PROFILE_DEV_DEBUG: 0
lint	Run actions-rust-lang/setup-rust-toolchain@v1	2026-09-09T08:11:27.4300886Z   CARGO_TERM_COLOR: always
lint	Run actions-rust-lang/setup-rust-toolchain@v1	2026-09-09T08:11:27.4301339Z   RUST_BACKTRACE: short
lint	Run actions-rust-lang/setup-rust-toolchain@v1	2026-09-09T08:11:27.4301577Z   RUSTFLAGS: -D warnings
lint	Run actions-rust-lang/setup-rust-toolchain@v1	2026-09-09T08:11:27.4301829Z   CARGO_UNSTABLE_SPARSE_REGISTRY: true
lint	Run actions-rust-lang/setup-rust-toolchain@v1	2026-09-09T08:11:27.4302143Z   CARGO_REGISTRIES_CRATES_IO_PROTOCOL: sparse
lint	Run actions-rust-lang/setup-rust-toolchain@v1	2026-09-09T08:11:27.4302434Z   _srt_toolchain: 
lint	Run actions-rust-lang/setup-rust-toolchain@v1	2026-09-09T08:11:27.4302643Z   _srt_targets: 
lint	Run actions-rust-lang/setup-rust-toolchain@v1	2026-09-09T08:11:27.4302858Z   _srt_components: clippy, rustfmt
lint	Run actions-rust-lang/setup-rust-toolchain@v1	2026-09-09T08:11:27.4303116Z   _srt_override: true
lint	Run actions-rust-lang/setup-rust-toolchain@v1	2026-09-09T08:11:27.4303330Z   _srt_rust_src_dir: 
lint	Run actions-rust-lang/setup-rust-toolchain@v1	2026-09-09T08:11:27.4303563Z ##[endgroup]
lint	Run actions-rust-lang/setup-rust-toolchain@v1	2026-09-09T08:11:27.7149814Z info: syncing channel updates for stable-x86_64-unknown-linux-gnu
lint	Run actions-rust-lang/setup-rust-toolchain@v1	2026-09-09T08:11:28.1598380Z info: latest update on 2026-09-03 for version 1.98.1 (48a229cea 2026-09-01)
lint	Run actions-rust-lang/setup-rust-toolchain@v1	2026-09-09T08:11:28.1839272Z info: removing previous version of component clippy
lint	Run actions-rust-lang/setup-rust-toolchain@v1	2026-09-09T08:11:28.1856046Z info: removing previous version of component rustfmt
lint	Run actions-rust-lang/setup-rust-toolchain@v1	2026-09-09T08:11:28.1866941Z info: removing previous version of component cargo
lint	Run actions-rust-lang/setup-rust-toolchain@v1	2026-09-09T08:11:28.1941577Z info: removing previous version of component rust-std
lint	Run actions-rust-lang/setup-rust-toolchain@v1	2026-09-09T08:11:28.1988264Z info: removing previous version of component rustc
lint	Run actions-rust-lang/setup-rust-toolchain@v1	2026-09-09T08:11:28.2040693Z info: downloading 5 components
lint	Run actions-rust-lang/setup-rust-toolchain@v1	2026-09-09T08:11:36.6729812Z 
lint	Run actions-rust-lang/setup-rust-toolchain@v1	2026-09-09T08:11:36.6821568Z   stable-x86_64-unknown-linux-gnu updated - rustc 1.98.1 (48a229cea 2026-09-01) (from rustc 1.98.0 (88d9e12ae 2026-08-18))
lint	Run actions-rust-lang/setup-rust-toolchain@v1	2026-09-09T08:11:36.6822209Z 
lint	Run actions-rust-lang/setup-rust-toolchain@v1	2026-09-09T08:11:36.6978584Z info: override toolchain for /home/runner/work/vig/vig set to stable-x86_64-unknown-linux-gnu
lint	Run actions-rust-lang/setup-rust-toolchain@v1	2026-09-09T08:11:36.7001571Z ##[end-action id=__actions-rust-lang_setup-rust-toolchain.__run_5;outcome=success;conclusion=success;duration_ms=9277]
lint	Run actions-rust-lang/setup-rust-toolchain@v1	2026-09-09T08:11:36.7004910Z ##[start-action display=Print installed versions;id=__actions-rust-lang_setup-rust-toolchain.versions]
lint	Run actions-rust-lang/setup-rust-toolchain@v1	2026-09-09T08:11:36.7027394Z ##[group]Run echo "rustc-version=$(rustc --version)" >> $GITHUB_OUTPUT
lint	Run actions-rust-lang/setup-rust-toolchain@v1	2026-09-09T08:11:36.7027937Z ^[[36;1mecho "rustc-version=$(rustc --version)" >> $GITHUB_OUTPUT^[[0m
lint	Run actions-rust-lang/setup-rust-toolchain@v1	2026-09-09T08:11:36.7028355Z ^[[36;1mrustc --version --verbose^[[0m
lint	Run actions-rust-lang/setup-rust-toolchain@v1	2026-09-09T08:11:36.7028691Z ^[[36;1mecho "cargo-version=$(cargo --version)" >> $GITHUB_OUTPUT^[[0m
lint	Run actions-rust-lang/setup-rust-toolchain@v1	2026-09-09T08:11:36.7029054Z ^[[36;1mcargo --version --verbose^[[0m
lint	Run actions-rust-lang/setup-rust-toolchain@v1	2026-09-09T08:11:36.7029399Z ^[[36;1mecho "rustup-version=$(rustup --version)" >> $GITHUB_OUTPUT^[[0m
lint	Run actions-rust-lang/setup-rust-toolchain@v1	2026-09-09T08:11:36.7029775Z ^[[36;1mrustup --version^[[0m
lint	Run actions-rust-lang/setup-rust-toolchain@v1	2026-09-09T08:11:36.7030010Z ^[[36;1m^[[0m
lint	Run actions-rust-lang/setup-rust-toolchain@v1	2026-09-09T08:11:36.7030478Z ^[[36;1m_srt_DATE=$(rustc --version --verbose | sed -ne 's/^commit-date: \(20[0-9][0-9]\)-\([01][0-9]\)-\([0-3][0-9]\)$/\1\2\3/p')^[[0m
lint	Run actions-rust-lang/setup-rust-toolchain@v1	2026-09-09T08:11:36.7031531Z ^[[36;1m_srt_HASH=$(rustc --version --verbose | sed -ne 's/^commit-hash: //p')^[[0m
lint	Run actions-rust-lang/setup-rust-toolchain@v1	2026-09-09T08:11:36.7032087Z ^[[36;1mecho "cachekey=$(echo $_srt_DATE$_srt_HASH | head -c12)" >> $GITHUB_OUTPUT^[[0m
lint	Run actions-rust-lang/setup-rust-toolchain@v1	2026-09-09T08:11:36.7067674Z shell: /usr/bin/bash --noprofile --norc -e -o pipefail {0}
lint	Run actions-rust-lang/setup-rust-toolchain@v1	2026-09-09T08:11:36.7068043Z env:
lint	Run actions-rust-lang/setup-rust-toolchain@v1	2026-09-09T08:11:36.7068247Z   CARGO_INCREMENTAL: 0
lint	Run actions-rust-lang/setup-rust-toolchain@v1	2026-09-09T08:11:36.7068486Z   CARGO_PROFILE_DEV_DEBUG: 0
lint	Run actions-rust-lang/setup-rust-toolchain@v1	2026-09-09T08:11:36.7068742Z   CARGO_TERM_COLOR: always
lint	Run actions-rust-lang/setup-rust-toolchain@v1	2026-09-09T08:11:36.7068997Z   RUST_BACKTRACE: short
lint	Run actions-rust-lang/setup-rust-toolchain@v1	2026-09-09T08:11:36.7069227Z   RUSTFLAGS: -D warnings
lint	Run actions-rust-lang/setup-rust-toolchain@v1	2026-09-09T08:11:36.7069474Z   CARGO_UNSTABLE_SPARSE_REGISTRY: true
lint	Run actions-rust-lang/setup-rust-toolchain@v1	2026-09-09T08:11:36.7069793Z   CARGO_REGISTRIES_CRATES_IO_PROTOCOL: sparse
lint	Run actions-rust-lang/setup-rust-toolchain@v1	2026-09-09T08:11:36.7070090Z ##[endgroup]
lint	Run actions-rust-lang/setup-rust-toolchain@v1	2026-09-09T08:11:36.7388329Z rustc 1.98.1 (48a229cea 2026-09-01)
lint	Run actions-rust-lang/setup-rust-toolchain@v1	2026-09-09T08:11:36.7389277Z binary: rustc
lint	Run actions-rust-lang/setup-rust-toolchain@v1	2026-09-09T08:11:36.7390462Z commit-hash: 48a229ceaefd4985c50990b14116b6d856af0985
lint	Run actions-rust-lang/setup-rust-toolchain@v1	2026-09-09T08:11:36.7391745Z commit-date: 2026-09-01
lint	Run actions-rust-lang/setup-rust-toolchain@v1	2026-09-09T08:11:36.7392065Z host: x86_64-unknown-linux-gnu
lint	Run actions-rust-lang/setup-rust-toolchain@v1	2026-09-09T08:11:36.7392378Z release: 1.98.1
lint	Run actions-rust-lang/setup-rust-toolchain@v1	2026-09-09T08:11:36.7392606Z LLVM version: 22.1.8
lint	Run actions-rust-lang/setup-rust-toolchain@v1	2026-09-09T08:11:36.7689481Z cargo 1.98.1 (797e8a9bc 2026-08-05)
lint	Run actions-rust-lang/setup-rust-toolchain@v1	2026-09-09T08:11:36.7689920Z release: 1.98.1
lint	Run actions-rust-lang/setup-rust-toolchain@v1	2026-09-09T08:11:36.7690215Z commit-hash: 797e8a9bca276c1c9f9f738d2a20f484fa4eea9d
lint	Run actions-rust-lang/setup-rust-toolchain@v1	2026-09-09T08:11:36.7690571Z commit-date: 2026-08-05
lint	Run actions-rust-lang/setup-rust-toolchain@v1	2026-09-09T08:11:36.7690909Z host: x86_64-unknown-linux-gnu
lint	Run actions-rust-lang/setup-rust-toolchain@v1	2026-09-09T08:11:36.7692232Z libgit2: 1.9.4 (sys:0.21.0 vendored)
lint	Run actions-rust-lang/setup-rust-toolchain@v1	2026-09-09T08:11:36.7692651Z libcurl: 8.21.0-DEV (sys:0.4.90+curl-8.21.0 vendored ssl:OpenSSL/3.6.3)
lint	Run actions-rust-lang/setup-rust-toolchain@v1	2026-09-09T08:11:36.7693058Z ssl: OpenSSL 3.6.3 9 Jun 2026
lint	Run actions-rust-lang/setup-rust-toolchain@v1	2026-09-09T08:11:36.7693334Z os: Ubuntu 24.4.0 (noble) [64-bit]
lint	Run actions-rust-lang/setup-rust-toolchain@v1	2026-09-09T08:11:36.7738606Z info: This is the version for the rustup toolchain manager, not the rustc compiler.
lint	Run actions-rust-lang/setup-rust-toolchain@v1	2026-09-09T08:11:36.7820493Z info: the currently active `rustc` version is `rustc 1.98.1 (48a229cea 2026-09-01)`
lint	Run actions-rust-lang/setup-rust-toolchain@v1	2026-09-09T08:11:36.7871859Z info: This is the version for the rustup toolchain manager, not the rustc compiler.
lint	Run actions-rust-lang/setup-rust-toolchain@v1	2026-09-09T08:11:36.7872412Z rustup 1.29.0 (28d1352db 2026-03-05)
lint	Run actions-rust-lang/setup-rust-toolchain@v1	2026-09-09T08:11:36.7953553Z info: the currently active `rustc` version is `rustc 1.98.1 (48a229cea 2026-09-01)`
lint	Run actions-rust-lang/setup-rust-toolchain@v1	2026-09-09T08:11:36.8263372Z ##[end-action id=__actions-rust-lang_setup-rust-toolchain.versions;outcome=success;conclusion=success;duration_ms=125]
lint	Run actions-rust-lang/setup-rust-toolchain@v1	2026-09-09T08:11:36.8266312Z ##[start-action display=Downgrade registry access protocol when needed;id=__actions-rust-lang_setup-rust-toolchain.__run_6]
lint	Run actions-rust-lang/setup-rust-toolchain@v1	2026-09-09T08:11:36.8285405Z ##[group]Run # Not all versions support setting CARGO_REGISTRIES_CRATES_IO_PROTOCOL
lint	Run actions-rust-lang/setup-rust-toolchain@v1	2026-09-09T08:11:36.8286037Z ^[[36;1m# Not all versions support setting CARGO_REGISTRIES_CRATES_IO_PROTOCOL^[[0m
lint	Run actions-rust-lang/setup-rust-toolchain@v1	2026-09-09T08:11:36.8286589Z ^[[36;1m# On versions 1.66, 1.67, and 1.68.0-nightly the value "sparse" is still unstable.^[[0m
lint	Run actions-rust-lang/setup-rust-toolchain@v1	2026-09-09T08:11:36.8287204Z ^[[36;1m# https://github.com/dtolnay/rust-toolchain/pull/69#discussion_r1107268108^[[0m
lint	Run actions-rust-lang/setup-rust-toolchain@v1	2026-09-09T08:11:36.8287970Z ^[[36;1m# If we detect an incompatible value, set it to "git" which is always supported.^[[0m
lint	Run actions-rust-lang/setup-rust-toolchain@v1	2026-09-09T08:11:36.8288738Z ^[[36;1mif [[ "rustc 1.98.1 (48a229cea 2026-09-01)" =~ ^rustc\ (1\.6[67]\.|1\.68\.0-nightly) && "${CARGO_REGISTRIES_CRATES_IO_PROTOCOL}" == "sparse" ]]; then^[[0m
lint	Run actions-rust-lang/setup-rust-toolchain@v1	2026-09-09T08:11:36.8289409Z ^[[36;1m  echo "Downgrade cargo registry protocol to git"^[[0m
lint	Run actions-rust-lang/setup-rust-toolchain@v1	2026-09-09T08:11:36.8289837Z ^[[36;1m  echo "CARGO_REGISTRIES_CRATES_IO_PROTOCOL=git" >> $GITHUB_ENV^[[0m
lint	Run actions-rust-lang/setup-rust-toolchain@v1	2026-09-09T08:11:36.8290207Z ^[[36;1mfi^[[0m
lint	Run actions-rust-lang/setup-rust-toolchain@v1	2026-09-09T08:11:36.8326385Z shell: /usr/bin/bash --noprofile --norc -e -o pipefail {0}
lint	Run actions-rust-lang/setup-rust-toolchain@v1	2026-09-09T08:11:36.8326770Z env:
lint	Run actions-rust-lang/setup-rust-toolchain@v1	2026-09-09T08:11:36.8326983Z   CARGO_INCREMENTAL: 0
lint	Run actions-rust-lang/setup-rust-toolchain@v1	2026-09-09T08:11:36.8327232Z   CARGO_PROFILE_DEV_DEBUG: 0
lint	Run actions-rust-lang/setup-rust-toolchain@v1	2026-09-09T08:11:36.8327490Z   CARGO_TERM_COLOR: always
lint	Run actions-rust-lang/setup-rust-toolchain@v1	2026-09-09T08:11:36.8327732Z   RUST_BACKTRACE: short
lint	Run actions-rust-lang/setup-rust-toolchain@v1	2026-09-09T08:11:36.8327964Z   RUSTFLAGS: -D warnings
lint	Run actions-rust-lang/setup-rust-toolchain@v1	2026-09-09T08:11:36.8328241Z   CARGO_UNSTABLE_SPARSE_REGISTRY: true
lint	Run actions-rust-lang/setup-rust-toolchain@v1	2026-09-09T08:11:36.8328550Z   CARGO_REGISTRIES_CRATES_IO_PROTOCOL: sparse
lint	Run actions-rust-lang/setup-rust-toolchain@v1	2026-09-09T08:11:36.8328854Z ##[endgroup]
lint	Run actions-rust-lang/setup-rust-toolchain@v1	2026-09-09T08:11:36.8397088Z ##[end-action id=__actions-rust-lang_setup-rust-toolchain.__run_6;outcome=success;conclusion=success;duration_ms=12]
lint	Run actions-rust-lang/setup-rust-toolchain@v1	2026-09-09T08:11:36.8399816Z ##[start-action display=Setup Rust Caching;id=__actions-rust-lang_setup-rust-toolchain.__Swatinem_rust-cache]
lint	Run actions-rust-lang/setup-rust-toolchain@v1	2026-09-09T08:11:36.8466189Z ##[group]Run Swatinem/rust-cache@c19371144df3bb44fab255c43d04cbc2ab54d1c4
lint	Run actions-rust-lang/setup-rust-toolchain@v1	2026-09-09T08:11:36.8466617Z with:
lint	Run actions-rust-lang/setup-rust-toolchain@v1	2026-09-09T08:11:36.8466831Z   cache-on-failure: true
lint	Run actions-rust-lang/setup-rust-toolchain@v1	2026-09-09T08:11:36.8467071Z   cache-bin: true
lint	Run actions-rust-lang/setup-rust-toolchain@v1	2026-09-09T08:11:36.8467286Z   cache-provider: github
lint	Run actions-rust-lang/setup-rust-toolchain@v1	2026-09-09T08:11:36.8467540Z   cache-all-crates: false
lint	Run actions-rust-lang/setup-rust-toolchain@v1	2026-09-09T08:11:36.8467796Z   cache-workspace-crates: false
lint	Run actions-rust-lang/setup-rust-toolchain@v1	2026-09-09T08:11:36.8468054Z   cache-targets: true
lint	Run actions-rust-lang/setup-rust-toolchain@v1	2026-09-09T08:11:36.8468271Z   save-if: true
lint	Run actions-rust-lang/setup-rust-toolchain@v1	2026-09-09T08:11:36.8468480Z   prefix-key: v0-rust
lint	Run actions-rust-lang/setup-rust-toolchain@v1	2026-09-09T08:11:36.8468887Z   add-job-id-key: true
lint	Run actions-rust-lang/setup-rust-toolchain@v1	2026-09-09T08:11:36.8469131Z   add-rust-environment-hash-key: true
lint	Run actions-rust-lang/setup-rust-toolchain@v1	2026-09-09T08:11:36.8469414Z   lookup-only: false
lint	Run actions-rust-lang/setup-rust-toolchain@v1	2026-09-09T08:11:36.8469630Z   cmd-format: {0}
lint	Run actions-rust-lang/setup-rust-toolchain@v1	2026-09-09T08:11:36.8469841Z env:
lint	Run actions-rust-lang/setup-rust-toolchain@v1	2026-09-09T08:11:36.8470034Z   CARGO_INCREMENTAL: 0
lint	Run actions-rust-lang/setup-rust-toolchain@v1	2026-09-09T08:11:36.8470262Z   CARGO_PROFILE_DEV_DEBUG: 0
lint	Run actions-rust-lang/setup-rust-toolchain@v1	2026-09-09T08:11:36.8470512Z   CARGO_TERM_COLOR: always
lint	Run actions-rust-lang/setup-rust-toolchain@v1	2026-09-09T08:11:36.8470753Z   RUST_BACKTRACE: short
lint	Run actions-rust-lang/setup-rust-toolchain@v1	2026-09-09T08:11:36.8470990Z   RUSTFLAGS: -D warnings
lint	Run actions-rust-lang/setup-rust-toolchain@v1	2026-09-09T08:11:36.8471653Z   CARGO_UNSTABLE_SPARSE_REGISTRY: true
lint	Run actions-rust-lang/setup-rust-toolchain@v1	2026-09-09T08:11:36.8472069Z   CARGO_REGISTRIES_CRATES_IO_PROTOCOL: sparse
lint	Run actions-rust-lang/setup-rust-toolchain@v1	2026-09-09T08:11:36.8472370Z ##[endgroup]
lint	Run actions-rust-lang/setup-rust-toolchain@v1	2026-09-09T08:11:37.1398172Z (node:2448) [DEP0040] DeprecationWarning: The `punycode` module is deprecated. Please use a userland alternative instead.
lint	Run actions-rust-lang/setup-rust-toolchain@v1	2026-09-09T08:11:37.1399910Z (Use `node --trace-deprecation ...` to show where the warning was created)
lint	Run actions-rust-lang/setup-rust-toolchain@v1	2026-09-09T08:11:37.3012540Z ##[group]Cache Configuration
lint	Run actions-rust-lang/setup-rust-toolchain@v1	2026-09-09T08:11:37.3013632Z Cache Provider:
lint	Run actions-rust-lang/setup-rust-toolchain@v1	2026-09-09T08:11:37.3014396Z     github
lint	Run actions-rust-lang/setup-rust-toolchain@v1	2026-09-09T08:11:37.3015074Z Workspaces:
lint	Run actions-rust-lang/setup-rust-toolchain@v1	2026-09-09T08:11:37.3015704Z     /home/runner/work/vig/vig
lint	Run actions-rust-lang/setup-rust-toolchain@v1	2026-09-09T08:11:37.3016375Z Cache Paths:
lint	Run actions-rust-lang/setup-rust-toolchain@v1	2026-09-09T08:11:37.3017020Z     /home/runner/.cargo/bin
lint	Run actions-rust-lang/setup-rust-toolchain@v1	2026-09-09T08:11:37.3017696Z     /home/runner/.cargo/.crates.toml
lint	Run actions-rust-lang/setup-rust-toolchain@v1	2026-09-09T08:11:37.3018361Z     /home/runner/.cargo/.crates2.json
lint	Run actions-rust-lang/setup-rust-toolchain@v1	2026-09-09T08:11:37.3019076Z     /home/runner/.cargo/registry
lint	Run actions-rust-lang/setup-rust-toolchain@v1	2026-09-09T08:11:37.3019783Z     /home/runner/.cargo/git
lint	Run actions-rust-lang/setup-rust-toolchain@v1	2026-09-09T08:11:37.3020503Z     /home/runner/work/vig/vig/target
lint	Run actions-rust-lang/setup-rust-toolchain@v1	2026-09-09T08:11:37.3021707Z Restore Key:
lint	Run actions-rust-lang/setup-rust-toolchain@v1	2026-09-09T08:11:37.3022357Z     v0-rust-lint-Linux-x64-09ed3713
lint	Run actions-rust-lang/setup-rust-toolchain@v1	2026-09-09T08:11:37.3023078Z Cache Key:
lint	Run actions-rust-lang/setup-rust-toolchain@v1	2026-09-09T08:11:37.3023710Z     v0-rust-lint-Linux-x64-09ed3713-eb78a9df
lint	Run actions-rust-lang/setup-rust-toolchain@v1	2026-09-09T08:11:37.3024482Z .. Prefix:
lint	Run actions-rust-lang/setup-rust-toolchain@v1	2026-09-09T08:11:37.3025085Z   - v0-rust-lint-Linux-x64
lint	Run actions-rust-lang/setup-rust-toolchain@v1	2026-09-09T08:11:37.3025734Z .. Environment considered:
lint	Run actions-rust-lang/setup-rust-toolchain@v1	2026-09-09T08:11:37.3026289Z   - Rust Versions:
lint	Run actions-rust-lang/setup-rust-toolchain@v1	2026-09-09T08:11:37.3027431Z     - 1.98.1 x86_64-unknown-linux-gnu 48a229ceaefd4985c50990b14116b6d856af0985
lint	Run actions-rust-lang/setup-rust-toolchain@v1	2026-09-09T08:11:37.3028658Z     - 1.98.1 x86_64-unknown-linux-gnu 48a229ceaefd4985c50990b14116b6d856af0985
lint	Run actions-rust-lang/setup-rust-toolchain@v1	2026-09-09T08:11:37.3029655Z   - CARGO_INCREMENTAL
lint	Run actions-rust-lang/setup-rust-toolchain@v1	2026-09-09T08:11:37.3030405Z   - CARGO_PROFILE_DEV_DEBUG
lint	Run actions-rust-lang/setup-rust-toolchain@v1	2026-09-09T08:11:37.3031397Z   - CARGO_REGISTRIES_CRATES_IO_PROTOCOL
lint	Run actions-rust-lang/setup-rust-toolchain@v1	2026-09-09T08:11:37.3032379Z   - CARGO_TERM_COLOR
lint	Run actions-rust-lang/setup-rust-toolchain@v1	2026-09-09T08:11:37.3033068Z   - CARGO_UNSTABLE_SPARSE_REGISTRY
lint	Run actions-rust-lang/setup-rust-toolchain@v1	2026-09-09T08:11:37.3033813Z   - RUST_BACKTRACE
lint	Run actions-rust-lang/setup-rust-toolchain@v1	2026-09-09T08:11:37.3034624Z   - RUSTFLAGS
lint	Run actions-rust-lang/setup-rust-toolchain@v1	2026-09-09T08:11:37.3035275Z .. Lockfiles considered:
lint	Run actions-rust-lang/setup-rust-toolchain@v1	2026-09-09T08:11:37.3035753Z   - /home/runner/work/vig/vig/Cargo.lock
lint	Run actions-rust-lang/setup-rust-toolchain@v1	2026-09-09T08:11:37.3036257Z   - /home/runner/work/vig/vig/Cargo.toml
lint	Run actions-rust-lang/setup-rust-toolchain@v1	2026-09-09T08:11:37.3037019Z ##[endgroup]
lint	Run actions-rust-lang/setup-rust-toolchain@v1	2026-09-09T08:11:37.3037149Z 
lint	Run actions-rust-lang/setup-rust-toolchain@v1	2026-09-09T08:11:37.3037250Z ... Restoring cache ...
lint	Run actions-rust-lang/setup-rust-toolchain@v1	2026-09-09T08:11:37.4908277Z Cache hit for: v0-rust-lint-Linux-x64-09ed3713-eb78a9df
lint	Run actions-rust-lang/setup-rust-toolchain@v1	2026-09-09T08:11:38.7120998Z Received 41943040 of 231199837 (18.1%), 39.8 MBs/sec
lint	Run actions-rust-lang/setup-rust-toolchain@v1	2026-09-09T08:11:39.7129980Z Received 184549376 of 231199837 (79.8%), 87.8 MBs/sec
lint	Run actions-rust-lang/setup-rust-toolchain@v1	2026-09-09T08:11:39.8937316Z Received 231199837 of 231199837 (100.0%), 100.9 MBs/sec
lint	Run actions-rust-lang/setup-rust-toolchain@v1	2026-09-09T08:11:39.8938739Z Cache Size: ~220 MB (231199837 B)
lint	Run actions-rust-lang/setup-rust-toolchain@v1	2026-09-09T08:11:39.9087974Z [command]/usr/bin/tar -xf /home/runner/work/_temp/3ee6eace-8023-4500-a636-b89a81cd619a/cache.tzst -P -C /home/runner/work/vig/vig --use-compress-program unzstd
lint	Run actions-rust-lang/setup-rust-toolchain@v1	2026-09-09T08:11:41.2152957Z Cache restored successfully
lint	Run actions-rust-lang/setup-rust-toolchain@v1	2026-09-09T08:11:41.2253279Z Restored from cache key "v0-rust-lint-Linux-x64-09ed3713-eb78a9df" full match: true.
lint	Run actions-rust-lang/setup-rust-toolchain@v1	2026-09-09T08:11:41.2383347Z ##[end-action id=__actions-rust-lang_setup-rust-toolchain.__Swatinem_rust-cache;outcome=success;conclusion=success;duration_ms=4398]
lint	Run awalsh128/cache-apt-pkgs-action@v1	﻿2026-09-09T08:11:41.2530689Z ##[group]Run awalsh128/cache-apt-pkgs-action@v1
lint	Run awalsh128/cache-apt-pkgs-action@v1	2026-09-09T08:11:41.2531387Z with:
lint	Run awalsh128/cache-apt-pkgs-action@v1	2026-09-09T08:11:41.2531673Z   packages: libgit2-dev libssl-dev pkg-config
lint	Run awalsh128/cache-apt-pkgs-action@v1	2026-09-09T08:11:41.2532214Z   execute_install_scripts: false
lint	Run awalsh128/cache-apt-pkgs-action@v1	2026-09-09T08:11:41.2532495Z   empty_packages_behavior: error
lint	Run awalsh128/cache-apt-pkgs-action@v1	2026-09-09T08:11:41.2532747Z   debug: false
lint	Run awalsh128/cache-apt-pkgs-action@v1	2026-09-09T08:11:41.2532947Z env:
lint	Run awalsh128/cache-apt-pkgs-action@v1	2026-09-09T08:11:41.2533144Z   CARGO_INCREMENTAL: 0
lint	Run awalsh128/cache-apt-pkgs-action@v1	2026-09-09T08:11:41.2533380Z   CARGO_PROFILE_DEV_DEBUG: 0
lint	Run awalsh128/cache-apt-pkgs-action@v1	2026-09-09T08:11:41.2533630Z   CARGO_TERM_COLOR: always
lint	Run awalsh128/cache-apt-pkgs-action@v1	2026-09-09T08:11:41.2533867Z   RUST_BACKTRACE: short
lint	Run awalsh128/cache-apt-pkgs-action@v1	2026-09-09T08:11:41.2534102Z   RUSTFLAGS: -D warnings
lint	Run awalsh128/cache-apt-pkgs-action@v1	2026-09-09T08:11:41.2534370Z   CARGO_UNSTABLE_SPARSE_REGISTRY: true
lint	Run awalsh128/cache-apt-pkgs-action@v1	2026-09-09T08:11:41.2534678Z   CARGO_REGISTRIES_CRATES_IO_PROTOCOL: sparse
lint	Run awalsh128/cache-apt-pkgs-action@v1	2026-09-09T08:11:41.2534977Z   CACHE_ON_FAILURE: true
lint	Run awalsh128/cache-apt-pkgs-action@v1	2026-09-09T08:11:41.2535206Z ##[endgroup]
lint	Run awalsh128/cache-apt-pkgs-action@v1	2026-09-09T08:11:41.2543186Z ##[start-action display=Run ${GITHUB_ACTION_PATH}/pre_cache_action.sh \;id=__awalsh128_cache-apt-pkgs-action.pre-cache]
lint	Run awalsh128/cache-apt-pkgs-action@v1	2026-09-09T08:11:41.2558073Z ##[group]Run ${GITHUB_ACTION_PATH}/pre_cache_action.sh \
lint	Run awalsh128/cache-apt-pkgs-action@v1	2026-09-09T08:11:41.2558498Z ^[[36;1m${GITHUB_ACTION_PATH}/pre_cache_action.sh \^[[0m
lint	Run awalsh128/cache-apt-pkgs-action@v1	2026-09-09T08:11:41.2558840Z ^[[36;1m  ~/cache-apt-pkgs \^[[0m
lint	Run awalsh128/cache-apt-pkgs-action@v1	2026-09-09T08:11:41.2559094Z ^[[36;1m  "$VERSION" \^[[0m
lint	Run awalsh128/cache-apt-pkgs-action@v1	2026-09-09T08:11:41.2559339Z ^[[36;1m  "$EXEC_INSTALL_SCRIPTS" \^[[0m
lint	Run awalsh128/cache-apt-pkgs-action@v1	2026-09-09T08:11:41.2559610Z ^[[36;1m  "$DEBUG" \^[[0m
lint	Run awalsh128/cache-apt-pkgs-action@v1	2026-09-09T08:11:41.2559836Z ^[[36;1m  "$ADD_REPOSITORY" \^[[0m
lint	Run awalsh128/cache-apt-pkgs-action@v1	2026-09-09T08:11:41.2560083Z ^[[36;1m  "$PACKAGES"^[[0m
lint	Run awalsh128/cache-apt-pkgs-action@v1	2026-09-09T08:11:41.2560366Z ^[[36;1mif [ -f ~/cache-apt-pkgs/cache_key.md5 ]; then^[[0m
lint	Run awalsh128/cache-apt-pkgs-action@v1	2026-09-09T08:11:41.2560815Z ^[[36;1m  echo "CACHE_KEY=$(cat ~/cache-apt-pkgs/cache_key.md5)" >> $GITHUB_ENV^[[0m
lint	Run awalsh128/cache-apt-pkgs-action@v1	2026-09-09T08:11:41.2561500Z ^[[36;1melse^[[0m
lint	Run awalsh128/cache-apt-pkgs-action@v1	2026-09-09T08:11:41.2561737Z ^[[36;1m  echo "CACHE_KEY=" >> $GITHUB_ENV^[[0m
lint	Run awalsh128/cache-apt-pkgs-action@v1	2026-09-09T08:11:41.2562020Z ^[[36;1mfi^[[0m
lint	Run awalsh128/cache-apt-pkgs-action@v1	2026-09-09T08:11:41.2597743Z shell: /usr/bin/bash --noprofile --norc -e -o pipefail {0}
lint	Run awalsh128/cache-apt-pkgs-action@v1	2026-09-09T08:11:41.2598115Z env:
lint	Run awalsh128/cache-apt-pkgs-action@v1	2026-09-09T08:11:41.2598331Z   CARGO_INCREMENTAL: 0
lint	Run awalsh128/cache-apt-pkgs-action@v1	2026-09-09T08:11:41.2598572Z   CARGO_PROFILE_DEV_DEBUG: 0
lint	Run awalsh128/cache-apt-pkgs-action@v1	2026-09-09T08:11:41.2598831Z   CARGO_TERM_COLOR: always
lint	Run awalsh128/cache-apt-pkgs-action@v1	2026-09-09T08:11:41.2599090Z   RUST_BACKTRACE: short
lint	Run awalsh128/cache-apt-pkgs-action@v1	2026-09-09T08:11:41.2599325Z   RUSTFLAGS: -D warnings
lint	Run awalsh128/cache-apt-pkgs-action@v1	2026-09-09T08:11:41.2599579Z   CARGO_UNSTABLE_SPARSE_REGISTRY: true
lint	Run awalsh128/cache-apt-pkgs-action@v1	2026-09-09T08:11:41.2599883Z   CARGO_REGISTRIES_CRATES_IO_PROTOCOL: sparse
lint	Run awalsh128/cache-apt-pkgs-action@v1	2026-09-09T08:11:41.2600184Z   CACHE_ON_FAILURE: true
lint	Run awalsh128/cache-apt-pkgs-action@v1	2026-09-09T08:11:41.2600404Z   VERSION: 
lint	Run awalsh128/cache-apt-pkgs-action@v1	2026-09-09T08:11:41.2600609Z   EXEC_INSTALL_SCRIPTS: false
lint	Run awalsh128/cache-apt-pkgs-action@v1	2026-09-09T08:11:41.2600864Z   EMPTY_PACKAGES_BEHAVIOR: error
lint	Run awalsh128/cache-apt-pkgs-action@v1	2026-09-09T08:11:41.2601373Z   DEBUG: false
lint	Run awalsh128/cache-apt-pkgs-action@v1	2026-09-09T08:11:41.2601593Z   ADD_REPOSITORY: 
lint	Run awalsh128/cache-apt-pkgs-action@v1	2026-09-09T08:11:41.2601854Z   PACKAGES: libgit2-dev libssl-dev pkg-config
lint	Run awalsh128/cache-apt-pkgs-action@v1	2026-09-09T08:11:41.2602150Z ##[endgroup]
lint	Run awalsh128/cache-apt-pkgs-action@v1	2026-09-09T08:11:41.2715646Z Normalizing package list...
lint	Run awalsh128/cache-apt-pkgs-action@v1	2026-09-09T08:11:42.4769437Z done
lint	Run awalsh128/cache-apt-pkgs-action@v1	2026-09-09T08:11:42.4786190Z Validating action arguments (version='', packages='libgit2-dev=1.7.2+ds-1ubuntu3.1 libssl-dev=3.0.13-0ubuntu3.15 pkg-config=1.8.1-2build1')...
lint	Run awalsh128/cache-apt-pkgs-action@v1	2026-09-09T08:11:42.4800801Z done
lint	Run awalsh128/cache-apt-pkgs-action@v1	2026-09-09T08:11:42.4801023Z 
lint	Run awalsh128/cache-apt-pkgs-action@v1	2026-09-09T08:11:42.4801386Z Creating cache key...
lint	Run awalsh128/cache-apt-pkgs-action@v1	2026-09-09T08:11:42.4866997Z - CPU architecture is 'x86_64'.
lint	Run awalsh128/cache-apt-pkgs-action@v1	2026-09-09T08:11:42.4867948Z - Value to hash is 'libgit2-dev=1.7.2+ds-1ubuntu3.1 libssl-dev=3.0.13-0ubuntu3.15 pkg-config=1.8.1-2build1 @  3'.
lint	Run awalsh128/cache-apt-pkgs-action@v1	2026-09-09T08:11:42.4937140Z - Value hashed as 'f383ff6fc98053745e76aa2f6d3abfb7'.
lint	Run awalsh128/cache-apt-pkgs-action@v1	2026-09-09T08:11:42.4937583Z done
lint	Run awalsh128/cache-apt-pkgs-action@v1	2026-09-09T08:11:42.4938084Z Hash value written to /home/runner/cache-apt-pkgs/cache_key.md5
lint	Run awalsh128/cache-apt-pkgs-action@v1	2026-09-09T08:11:42.4961367Z ##[end-action id=__awalsh128_cache-apt-pkgs-action.pre-cache;outcome=success;conclusion=success;duration_ms=1241]
lint	Run awalsh128/cache-apt-pkgs-action@v1	2026-09-09T08:11:42.4964523Z ##[start-action display=Run actions/cache/restore@55cc8345863c7cc4c66a329aec7e433d2d1c52a9;id=__awalsh128_cache-apt-pkgs-action.load-cache]
lint	Run awalsh128/cache-apt-pkgs-action@v1	2026-09-09T08:11:42.4999187Z ##[group]Run actions/cache/restore@55cc8345863c7cc4c66a329aec7e433d2d1c52a9
lint	Run awalsh128/cache-apt-pkgs-action@v1	2026-09-09T08:11:42.4999805Z with:
lint	Run awalsh128/cache-apt-pkgs-action@v1	2026-09-09T08:11:42.5000022Z   path: ~/cache-apt-pkgs
lint	Run awalsh128/cache-apt-pkgs-action@v1	2026-09-09T08:11:42.5000312Z   key: cache-apt-pkgs_f383ff6fc98053745e76aa2f6d3abfb7
lint	Run awalsh128/cache-apt-pkgs-action@v1	2026-09-09T08:11:42.5000838Z   enableCrossOsArchive: false
lint	Run awalsh128/cache-apt-pkgs-action@v1	2026-09-09T08:11:42.5001373Z   fail-on-cache-miss: false
lint	Run awalsh128/cache-apt-pkgs-action@v1	2026-09-09T08:11:42.5001728Z   lookup-only: false
lint	Run awalsh128/cache-apt-pkgs-action@v1	2026-09-09T08:11:42.5001950Z env:
lint	Run awalsh128/cache-apt-pkgs-action@v1	2026-09-09T08:11:42.5002151Z   CARGO_INCREMENTAL: 0
lint	Run awalsh128/cache-apt-pkgs-action@v1	2026-09-09T08:11:42.5002386Z   CARGO_PROFILE_DEV_DEBUG: 0
lint	Run awalsh128/cache-apt-pkgs-action@v1	2026-09-09T08:11:42.5002641Z   CARGO_TERM_COLOR: always
lint	Run awalsh128/cache-apt-pkgs-action@v1	2026-09-09T08:11:42.5002875Z   RUST_BACKTRACE: short
lint	Run awalsh128/cache-apt-pkgs-action@v1	2026-09-09T08:11:42.5003106Z   RUSTFLAGS: -D warnings
lint	Run awalsh128/cache-apt-pkgs-action@v1	2026-09-09T08:11:42.5003352Z   CARGO_UNSTABLE_SPARSE_REGISTRY: true
lint	Run awalsh128/cache-apt-pkgs-action@v1	2026-09-09T08:11:42.5003660Z   CARGO_REGISTRIES_CRATES_IO_PROTOCOL: sparse
lint	Run awalsh128/cache-apt-pkgs-action@v1	2026-09-09T08:11:42.5003957Z   CACHE_ON_FAILURE: true
lint	Run awalsh128/cache-apt-pkgs-action@v1	2026-09-09T08:11:42.5004208Z   CACHE_KEY: f383ff6fc98053745e76aa2f6d3abfb7
lint	Run awalsh128/cache-apt-pkgs-action@v1	2026-09-09T08:11:42.5004484Z ##[endgroup]
lint	Run awalsh128/cache-apt-pkgs-action@v1	2026-09-09T08:11:42.8412837Z Cache hit for: cache-apt-pkgs_f383ff6fc98053745e76aa2f6d3abfb7
lint	Run awalsh128/cache-apt-pkgs-action@v1	2026-09-09T08:11:43.8354411Z Received 2668034 of 2668034 (100.0%), 3.3 MBs/sec
lint	Run awalsh128/cache-apt-pkgs-action@v1	2026-09-09T08:11:43.8355137Z Cache Size: ~3 MB (2668034 B)
lint	Run awalsh128/cache-apt-pkgs-action@v1	2026-09-09T08:11:43.8383484Z [command]/usr/bin/tar -xf /home/runner/work/_temp/a0f4e1de-00df-46b8-8cd6-d2c3573c9a91/cache.tzst -P -C /home/runner/work/vig/vig --use-compress-program unzstd
lint	Run awalsh128/cache-apt-pkgs-action@v1	2026-09-09T08:11:43.8581434Z Cache restored successfully
lint	Run awalsh128/cache-apt-pkgs-action@v1	2026-09-09T08:11:43.8661186Z Cache restored from key: cache-apt-pkgs_f383ff6fc98053745e76aa2f6d3abfb7
lint	Run awalsh128/cache-apt-pkgs-action@v1	2026-09-09T08:11:43.8729370Z ##[end-action id=__awalsh128_cache-apt-pkgs-action.load-cache;outcome=success;conclusion=success;duration_ms=1376]
lint	Run awalsh128/cache-apt-pkgs-action@v1	2026-09-09T08:11:43.8735207Z ##[start-action display=Run ${GITHUB_ACTION_PATH}/post_cache_action.sh \;id=__awalsh128_cache-apt-pkgs-action.post-cache]
lint	Run awalsh128/cache-apt-pkgs-action@v1	2026-09-09T08:11:43.8753240Z ##[group]Run ${GITHUB_ACTION_PATH}/post_cache_action.sh \
lint	Run awalsh128/cache-apt-pkgs-action@v1	2026-09-09T08:11:43.8753703Z ^[[36;1m${GITHUB_ACTION_PATH}/post_cache_action.sh \^[[0m
lint	Run awalsh128/cache-apt-pkgs-action@v1	2026-09-09T08:11:43.8754053Z ^[[36;1m  ~/cache-apt-pkgs \^[[0m
lint	Run awalsh128/cache-apt-pkgs-action@v1	2026-09-09T08:11:43.8754322Z ^[[36;1m  / \^[[0m
lint	Run awalsh128/cache-apt-pkgs-action@v1	2026-09-09T08:11:43.8754545Z ^[[36;1m  "$CACHE_HIT" \^[[0m
lint	Run awalsh128/cache-apt-pkgs-action@v1	2026-09-09T08:11:43.8754812Z ^[[36;1m  "$EXEC_INSTALL_SCRIPTS" \^[[0m
lint	Run awalsh128/cache-apt-pkgs-action@v1	2026-09-09T08:11:43.8755099Z ^[[36;1m  "$DEBUG" \^[[0m
lint	Run awalsh128/cache-apt-pkgs-action@v1	2026-09-09T08:11:43.8755336Z ^[[36;1m  "$ADD_REPOSITORY" \^[[0m
lint	Run awalsh128/cache-apt-pkgs-action@v1	2026-09-09T08:11:43.8755604Z ^[[36;1m  "$PACKAGES"^[[0m
lint	Run awalsh128/cache-apt-pkgs-action@v1	2026-09-09T08:11:43.8756113Z ^[[36;1mfunction create_list { local list=$(cat ~/cache-apt-pkgs/manifest_${1}.log | tr '\n' ','); echo ${list:0:-1}; };^[[0m
lint	Run awalsh128/cache-apt-pkgs-action@v1	2026-09-09T08:11:43.8756791Z ^[[36;1mecho "package-version-list=$(create_list main)" >> $GITHUB_OUTPUT^[[0m
lint	Run awalsh128/cache-apt-pkgs-action@v1	2026-09-09T08:11:43.8757329Z ^[[36;1mecho "all-package-version-list=$(create_list all)" >> $GITHUB_OUTPUT^[[0m
lint	Run awalsh128/cache-apt-pkgs-action@v1	2026-09-09T08:11:43.8792730Z shell: /usr/bin/bash --noprofile --norc -e -o pipefail {0}
lint	Run awalsh128/cache-apt-pkgs-action@v1	2026-09-09T08:11:43.8793087Z env:
lint	Run awalsh128/cache-apt-pkgs-action@v1	2026-09-09T08:11:43.8793289Z   CARGO_INCREMENTAL: 0
lint	Run awalsh128/cache-apt-pkgs-action@v1	2026-09-09T08:11:43.8793536Z   CARGO_PROFILE_DEV_DEBUG: 0
lint	Run awalsh128/cache-apt-pkgs-action@v1	2026-09-09T08:11:43.8793791Z   CARGO_TERM_COLOR: always
lint	Run awalsh128/cache-apt-pkgs-action@v1	2026-09-09T08:11:43.8794056Z   RUST_BACKTRACE: short
lint	Run awalsh128/cache-apt-pkgs-action@v1	2026-09-09T08:11:43.8794300Z   RUSTFLAGS: -D warnings
lint	Run awalsh128/cache-apt-pkgs-action@v1	2026-09-09T08:11:43.8794554Z   CARGO_UNSTABLE_SPARSE_REGISTRY: true
lint	Run awalsh128/cache-apt-pkgs-action@v1	2026-09-09T08:11:43.8794878Z   CARGO_REGISTRIES_CRATES_IO_PROTOCOL: sparse
lint	Run awalsh128/cache-apt-pkgs-action@v1	2026-09-09T08:11:43.8795186Z   CACHE_ON_FAILURE: true
lint	Run awalsh128/cache-apt-pkgs-action@v1	2026-09-09T08:11:43.8795441Z   CACHE_KEY: f383ff6fc98053745e76aa2f6d3abfb7
lint	Run awalsh128/cache-apt-pkgs-action@v1	2026-09-09T08:11:43.8795731Z   CACHE_HIT: true
lint	Run awalsh128/cache-apt-pkgs-action@v1	2026-09-09T08:11:43.8795954Z   EXEC_INSTALL_SCRIPTS: false
lint	Run awalsh128/cache-apt-pkgs-action@v1	2026-09-09T08:11:43.8796199Z   DEBUG: false
lint	Run awalsh128/cache-apt-pkgs-action@v1	2026-09-09T08:11:43.8796410Z   ADD_REPOSITORY: 
lint	Run awalsh128/cache-apt-pkgs-action@v1	2026-09-09T08:11:43.8796663Z   PACKAGES: libgit2-dev libssl-dev pkg-config
lint	Run awalsh128/cache-apt-pkgs-action@v1	2026-09-09T08:11:43.8796964Z ##[endgroup]
lint	Run awalsh128/cache-apt-pkgs-action@v1	2026-09-09T08:11:43.8984297Z Found 9 files in the cache.
lint	Run awalsh128/cache-apt-pkgs-action@v1	2026-09-09T08:11:43.8996009Z - cache_key.md5
lint	Run awalsh128/cache-apt-pkgs-action@v1	2026-09-09T08:11:43.9008081Z - install.log
lint	Run awalsh128/cache-apt-pkgs-action@v1	2026-09-09T08:11:43.9019899Z - libgit2-1.7=1.7.2+ds-1ubuntu3.1.tar
lint	Run awalsh128/cache-apt-pkgs-action@v1	2026-09-09T08:11:43.9036350Z - libgit2-dev=1.7.2+ds-1ubuntu3.1.tar
lint	Run awalsh128/cache-apt-pkgs-action@v1	2026-09-09T08:11:43.9046694Z - libhttp-parser-dev=2.9.4-6build1.tar
lint	Run awalsh128/cache-apt-pkgs-action@v1	2026-09-09T08:11:43.9062643Z - libhttp-parser2.9=2.9.4-6build1.tar
lint	Run awalsh128/cache-apt-pkgs-action@v1	2026-09-09T08:11:43.9075368Z - libssh2-1-dev=1.11.0-4.1ubuntu0.24.04.3.tar
lint	Run awalsh128/cache-apt-pkgs-action@v1	2026-09-09T08:11:43.9088363Z - manifest_all.log
lint	Run awalsh128/cache-apt-pkgs-action@v1	2026-09-09T08:11:43.9100376Z - manifest_main.log
lint	Run awalsh128/cache-apt-pkgs-action@v1	2026-09-09T08:11:43.9100698Z 
lint	Run awalsh128/cache-apt-pkgs-action@v1	2026-09-09T08:11:43.9100888Z Reading from main requested packages manifest...
lint	Run awalsh128/cache-apt-pkgs-action@v1	2026-09-09T08:11:43.9135115Z - libgit2-dev=1.7.2+ds-1ubuntu3.1
lint	Run awalsh128/cache-apt-pkgs-action@v1	2026-09-09T08:11:43.9151380Z - libssl-dev=3.0.13-0ubuntu3.15
lint	Run awalsh128/cache-apt-pkgs-action@v1	2026-09-09T08:11:43.9167840Z - pkg-config=1.8.1-2build1
lint	Run awalsh128/cache-apt-pkgs-action@v1	2026-09-09T08:11:43.9168317Z done
lint	Run awalsh128/cache-apt-pkgs-action@v1	2026-09-09T08:11:43.9168554Z 
lint	Run awalsh128/cache-apt-pkgs-action@v1	2026-09-09T08:11:43.9208441Z Restoring 5 packages from cache...
lint	Run awalsh128/cache-apt-pkgs-action@v1	2026-09-09T08:11:43.9222047Z - libgit2-1.7=1.7.2+ds-1ubuntu3.1.tar restoring...
lint	Run awalsh128/cache-apt-pkgs-action@v1	2026-09-09T08:11:43.9318458Z   done
lint	Run awalsh128/cache-apt-pkgs-action@v1	2026-09-09T08:11:43.9331743Z - libgit2-dev=1.7.2+ds-1ubuntu3.1.tar restoring...
lint	Run awalsh128/cache-apt-pkgs-action@v1	2026-09-09T08:11:43.9520431Z   done
lint	Run awalsh128/cache-apt-pkgs-action@v1	2026-09-09T08:11:43.9536572Z - libhttp-parser-dev=2.9.4-6build1.tar restoring...
lint	Run awalsh128/cache-apt-pkgs-action@v1	2026-09-09T08:11:43.9629186Z   done
lint	Run awalsh128/cache-apt-pkgs-action@v1	2026-09-09T08:11:43.9642951Z - libhttp-parser2.9=2.9.4-6build1.tar restoring...
lint	Run awalsh128/cache-apt-pkgs-action@v1	2026-09-09T08:11:43.9724730Z   done
lint	Run awalsh128/cache-apt-pkgs-action@v1	2026-09-09T08:11:43.9738045Z - libssh2-1-dev=1.11.0-4.1ubuntu0.24.04.3.tar restoring...
lint	Run awalsh128/cache-apt-pkgs-action@v1	2026-09-09T08:11:44.0004187Z   done
lint	Run awalsh128/cache-apt-pkgs-action@v1	2026-09-09T08:11:44.0004537Z done
lint	Run awalsh128/cache-apt-pkgs-action@v1	2026-09-09T08:11:44.0007243Z 
lint	Run awalsh128/cache-apt-pkgs-action@v1	2026-09-09T08:11:44.0064123Z ##[end-action id=__awalsh128_cache-apt-pkgs-action.post-cache;outcome=success;conclusion=success;duration_ms=132]
lint	Run awalsh128/cache-apt-pkgs-action@v1	2026-09-09T08:11:44.0067267Z ##[start-action display=Run actions/upload-artifact@bbbca2ddaa5d8feaa63e36b76fdaad77386f024f;id=__awalsh128_cache-apt-pkgs-action.upload-logs]
lint	Run awalsh128/cache-apt-pkgs-action@v1	2026-09-09T08:11:44.0074324Z ##[end-action id=__awalsh128_cache-apt-pkgs-action.upload-logs;outcome=skipped;conclusion=skipped;duration_ms=0]
lint	Run awalsh128/cache-apt-pkgs-action@v1	2026-09-09T08:11:44.0076825Z ##[start-action display=Run actions/cache/save@55cc8345863c7cc4c66a329aec7e433d2d1c52a9;id=__awalsh128_cache-apt-pkgs-action.save-cache]
lint	Run awalsh128/cache-apt-pkgs-action@v1	2026-09-09T08:11:44.0086270Z ##[end-action id=__awalsh128_cache-apt-pkgs-action.save-cache;outcome=skipped;conclusion=skipped;duration_ms=0]
lint	Run awalsh128/cache-apt-pkgs-action@v1	2026-09-09T08:11:44.0088618Z ##[start-action display=Run rm -rf ~/cache-apt-pkgs;id=__awalsh128_cache-apt-pkgs-action.clean-cache]
lint	Run awalsh128/cache-apt-pkgs-action@v1	2026-09-09T08:11:44.0105265Z ##[group]Run rm -rf ~/cache-apt-pkgs
lint	Run awalsh128/cache-apt-pkgs-action@v1	2026-09-09T08:11:44.0105624Z ^[[36;1mrm -rf ~/cache-apt-pkgs^[[0m
lint	Run awalsh128/cache-apt-pkgs-action@v1	2026-09-09T08:11:44.0141313Z shell: /usr/bin/bash --noprofile --norc -e -o pipefail {0}
lint	Run awalsh128/cache-apt-pkgs-action@v1	2026-09-09T08:11:44.0141714Z env:
lint	Run awalsh128/cache-apt-pkgs-action@v1	2026-09-09T08:11:44.0141922Z   CARGO_INCREMENTAL: 0
lint	Run awalsh128/cache-apt-pkgs-action@v1	2026-09-09T08:11:44.0142174Z   CARGO_PROFILE_DEV_DEBUG: 0
lint	Run awalsh128/cache-apt-pkgs-action@v1	2026-09-09T08:11:44.0142434Z   CARGO_TERM_COLOR: always
lint	Run awalsh128/cache-apt-pkgs-action@v1	2026-09-09T08:11:44.0142678Z   RUST_BACKTRACE: short
lint	Run awalsh128/cache-apt-pkgs-action@v1	2026-09-09T08:11:44.0142916Z   RUSTFLAGS: -D warnings
lint	Run awalsh128/cache-apt-pkgs-action@v1	2026-09-09T08:11:44.0143170Z   CARGO_UNSTABLE_SPARSE_REGISTRY: true
lint	Run awalsh128/cache-apt-pkgs-action@v1	2026-09-09T08:11:44.0143476Z   CARGO_REGISTRIES_CRATES_IO_PROTOCOL: sparse
lint	Run awalsh128/cache-apt-pkgs-action@v1	2026-09-09T08:11:44.0143783Z   CACHE_ON_FAILURE: true
lint	Run awalsh128/cache-apt-pkgs-action@v1	2026-09-09T08:11:44.0144037Z   CACHE_KEY: f383ff6fc98053745e76aa2f6d3abfb7
lint	Run awalsh128/cache-apt-pkgs-action@v1	2026-09-09T08:11:44.0144330Z ##[endgroup]
lint	Run awalsh128/cache-apt-pkgs-action@v1	2026-09-09T08:11:44.0235768Z ##[end-action id=__awalsh128_cache-apt-pkgs-action.clean-cache;outcome=success;conclusion=success;duration_ms=14]
lint	Run j178/prek-action@v1	﻿2026-09-09T08:11:44.0371808Z ##[group]Run j178/prek-action@v1
lint	Run j178/prek-action@v1	2026-09-09T08:11:44.0372261Z with:
lint	Run j178/prek-action@v1	2026-09-09T08:11:44.0372664Z   extra-args: --all-files
lint	Run j178/prek-action@v1	2026-09-09T08:11:44.0373097Z   install-only: false
lint	Run j178/prek-action@v1	2026-09-09T08:11:44.0373465Z   prek-version: latest
lint	Run j178/prek-action@v1	2026-09-09T08:11:44.0373811Z   working-directory: .
lint	Run j178/prek-action@v1	2026-09-09T08:11:44.0376537Z   token: ***
lint	Run j178/prek-action@v1	2026-09-09T08:11:44.0376955Z env:
lint	Run j178/prek-action@v1	2026-09-09T08:11:44.0377283Z   CARGO_INCREMENTAL: 0
lint	Run j178/prek-action@v1	2026-09-09T08:11:44.0377671Z   CARGO_PROFILE_DEV_DEBUG: 0
lint	Run j178/prek-action@v1	2026-09-09T08:11:44.0378072Z   CARGO_TERM_COLOR: always
lint	Run j178/prek-action@v1	2026-09-09T08:11:44.0378447Z   RUST_BACKTRACE: short
lint	Run j178/prek-action@v1	2026-09-09T08:11:44.0378838Z   RUSTFLAGS: -D warnings
lint	Run j178/prek-action@v1	2026-09-09T08:11:44.0379215Z   CARGO_UNSTABLE_SPARSE_REGISTRY: true
lint	Run j178/prek-action@v1	2026-09-09T08:11:44.0379686Z   CARGO_REGISTRIES_CRATES_IO_PROTOCOL: sparse
lint	Run j178/prek-action@v1	2026-09-09T08:11:44.0380123Z   CACHE_ON_FAILURE: true
lint	Run j178/prek-action@v1	2026-09-09T08:11:44.0380524Z   CACHE_KEY: f383ff6fc98053745e76aa2f6d3abfb7
lint	Run j178/prek-action@v1	2026-09-09T08:11:44.0380938Z ##[endgroup]
lint	Run j178/prek-action@v1	2026-09-09T08:11:44.0392120Z ##[start-action display=Resolve version;id=__j178_prek-action.resolve]
lint	Run j178/prek-action@v1	2026-09-09T08:11:44.0408442Z ##[group]Run # Resolve prek version
lint	Run j178/prek-action@v1	2026-09-09T08:11:44.0408821Z ^[[36;1m# Resolve prek version^[[0m
lint	Run j178/prek-action@v1	2026-09-09T08:11:44.0409079Z ^[[36;1m^[[0m
lint	Run j178/prek-action@v1	2026-09-09T08:11:44.0409279Z ^[[36;1mimport os^[[0m
lint	Run j178/prek-action@v1	2026-09-09T08:11:44.0409506Z ^[[36;1mimport json^[[0m
lint	Run j178/prek-action@v1	2026-09-09T08:11:44.0409743Z ^[[36;1mfrom urllib import request^[[0m
lint	Run j178/prek-action@v1	2026-09-09T08:11:44.0410007Z ^[[36;1m^[[0m
lint	Run j178/prek-action@v1	2026-09-09T08:11:44.0410250Z ^[[36;1mprek_version = os.environ['PREK_VERSION']^[[0m
lint	Run j178/prek-action@v1	2026-09-09T08:11:44.0410611Z ^[[36;1mgh_token = os.environ.get('GH_TOKEN', '')^[[0m
lint	Run j178/prek-action@v1	2026-09-09T08:11:44.0410928Z ^[[36;1m^[[0m
lint	Run j178/prek-action@v1	2026-09-09T08:11:44.0411418Z ^[[36;1mif prek_version == 'latest':^[[0m
lint	Run j178/prek-action@v1	2026-09-09T08:11:44.0411840Z ^[[36;1m    url = 'https://api.github.com/repos/j178/prek/releases/latest'^[[0m
lint	Run j178/prek-action@v1	2026-09-09T08:11:44.0412329Z ^[[36;1m    headers = {'Accept': 'application/vnd.github+json'}^[[0m
lint	Run j178/prek-action@v1	2026-09-09T08:11:44.0412673Z ^[[36;1m^[[0m
lint	Run j178/prek-action@v1	2026-09-09T08:11:44.0412876Z ^[[36;1m    if gh_token:^[[0m
lint	Run j178/prek-action@v1	2026-09-09T08:11:44.0413287Z ^[[36;1m        headers['Authorization'] = f'***'^[[0m
lint	Run j178/prek-action@v1	2026-09-09T08:11:44.0413616Z ^[[36;1m^[[0m
lint	Run j178/prek-action@v1	2026-09-09T08:11:44.0413818Z ^[[36;1m    try:^[[0m
lint	Run j178/prek-action@v1	2026-09-09T08:11:44.0414091Z ^[[36;1m        req = request.Request(url, headers=headers)^[[0m
lint	Run j178/prek-action@v1	2026-09-09T08:11:44.0414472Z ^[[36;1m        with request.urlopen(req) as response:^[[0m
lint	Run j178/prek-action@v1	2026-09-09T08:11:44.0414829Z ^[[36;1m            data = json.loads(response.read())^[[0m
lint	Run j178/prek-action@v1	2026-09-09T08:11:44.0415168Z ^[[36;1m            prek_version = data['tag_name']^[[0m
lint	Run j178/prek-action@v1	2026-09-09T08:11:44.0415485Z ^[[36;1m    except Exception as e:^[[0m
lint	Run j178/prek-action@v1	2026-09-09T08:11:44.0415759Z ^[[36;1m        if gh_token:^[[0m
lint	Run j178/prek-action@v1	2026-09-09T08:11:44.0416252Z ^[[36;1m            print(f'::warning::Authenticated request failed: {e}, falling back to unauthenticated request')^[[0m
lint	Run j178/prek-action@v1	2026-09-09T08:11:44.0416809Z ^[[36;1m            headers.pop('Authorization', None)^[[0m
lint	Run j178/prek-action@v1	2026-09-09T08:11:44.0417174Z ^[[36;1m            req = request.Request(url, headers=headers)^[[0m
lint	Run j178/prek-action@v1	2026-09-09T08:11:44.0417564Z ^[[36;1m            with request.urlopen(req) as response:^[[0m
lint	Run j178/prek-action@v1	2026-09-09T08:11:44.0417927Z ^[[36;1m                data = json.loads(response.read())^[[0m
lint	Run j178/prek-action@v1	2026-09-09T08:11:44.0418284Z ^[[36;1m                prek_version = data['tag_name']^[[0m
lint	Run j178/prek-action@v1	2026-09-09T08:11:44.0418588Z ^[[36;1m        else:^[[0m
lint	Run j178/prek-action@v1	2026-09-09T08:11:44.0418818Z ^[[36;1m            raise^[[0m
lint	Run j178/prek-action@v1	2026-09-09T08:11:44.0419054Z ^[[36;1m^[[0m
lint	Run j178/prek-action@v1	2026-09-09T08:11:44.0419279Z ^[[36;1mversion = prek_version.lstrip('v')^[[0m
lint	Run j178/prek-action@v1	2026-09-09T08:11:44.0419591Z ^[[36;1mversion = f'v{version}'^[[0m
lint	Run j178/prek-action@v1	2026-09-09T08:11:44.0419845Z ^[[36;1m^[[0m
lint	Run j178/prek-action@v1	2026-09-09T08:11:44.0420098Z ^[[36;1mwith open(os.environ['GITHUB_OUTPUT'], 'a') as f:^[[0m
lint	Run j178/prek-action@v1	2026-09-09T08:11:44.0420457Z ^[[36;1m    f.write(f'version={version}\n')^[[0m
lint	Run j178/prek-action@v1	2026-09-09T08:11:44.0857611Z shell: /usr/bin/python {0}
lint	Run j178/prek-action@v1	2026-09-09T08:11:44.0858016Z env:
lint	Run j178/prek-action@v1	2026-09-09T08:11:44.0858301Z   CARGO_INCREMENTAL: 0
lint	Run j178/prek-action@v1	2026-09-09T08:11:44.0858642Z   CARGO_PROFILE_DEV_DEBUG: 0
lint	Run j178/prek-action@v1	2026-09-09T08:11:44.0859009Z   CARGO_TERM_COLOR: always
lint	Run j178/prek-action@v1	2026-09-09T08:11:44.0859348Z   RUST_BACKTRACE: short
lint	Run j178/prek-action@v1	2026-09-09T08:11:44.0859678Z   RUSTFLAGS: -D warnings
lint	Run j178/prek-action@v1	2026-09-09T08:11:44.0860435Z   CARGO_UNSTABLE_SPARSE_REGISTRY: true
lint	Run j178/prek-action@v1	2026-09-09T08:11:44.0860871Z   CARGO_REGISTRIES_CRATES_IO_PROTOCOL: sparse
lint	Run j178/prek-action@v1	2026-09-09T08:11:44.0861676Z   CACHE_ON_FAILURE: true
lint	Run j178/prek-action@v1	2026-09-09T08:11:44.0862050Z   CACHE_KEY: f383ff6fc98053745e76aa2f6d3abfb7
lint	Run j178/prek-action@v1	2026-09-09T08:11:44.0862464Z   PREK_VERSION: latest
lint	Run j178/prek-action@v1	2026-09-09T08:11:44.0866188Z   GH_TOKEN: ***
lint	Run j178/prek-action@v1	2026-09-09T08:11:44.0866457Z ##[endgroup]
lint	Run j178/prek-action@v1	2026-09-09T08:11:44.5720694Z ##[end-action id=__j178_prek-action.resolve;outcome=success;conclusion=success;duration_ms=532]
lint	Run j178/prek-action@v1	2026-09-09T08:11:44.5724510Z ##[start-action display=Install prek;id=__j178_prek-action.__run]
lint	Run j178/prek-action@v1	2026-09-09T08:11:44.5747808Z ##[group]Run # Installing prek
lint	Run j178/prek-action@v1	2026-09-09T08:11:44.5748117Z ^[[36;1m# Installing prek^[[0m
lint	Run j178/prek-action@v1	2026-09-09T08:11:44.5748362Z ^[[36;1m^[[0m
lint	Run j178/prek-action@v1	2026-09-09T08:11:44.5748623Z ^[[36;1mecho "::group::Installing prek ${PREK_VERSION}"^[[0m
lint	Run j178/prek-action@v1	2026-09-09T08:11:44.5748986Z ^[[36;1mexport PREK_UNMANAGED_INSTALL=1^[[0m
lint	Run j178/prek-action@v1	2026-09-09T08:11:44.5749426Z ^[[36;1mexport PREK_INSTALL_DIR="$RUNNER_TOOL_CACHE/prek/${PREK_VERSION}/$RUNNER_ARCH"^[[0m
lint	Run j178/prek-action@v1	2026-09-09T08:11:44.5750079Z ^[[36;1mmkdir -p "$PREK_INSTALL_DIR"^[[0m
lint	Run j178/prek-action@v1	2026-09-09T08:11:44.5750712Z ^[[36;1mcurl --proto '=https' --tlsv1.2 -LsSf https://github.com/j178/prek/releases/download/${PREK_VERSION}/prek-installer.sh | sh^[[0m
lint	Run j178/prek-action@v1	2026-09-09T08:11:44.5751567Z ^[[36;1mecho "$PREK_INSTALL_DIR" >> $GITHUB_PATH^[[0m
lint	Run j178/prek-action@v1	2026-09-09T08:11:44.5751893Z ^[[36;1mecho "::endgroup::"^[[0m
lint	Run j178/prek-action@v1	2026-09-09T08:11:44.5786739Z shell: /usr/bin/bash --noprofile --norc -e -o pipefail {0}
lint	Run j178/prek-action@v1	2026-09-09T08:11:44.5787109Z env:
lint	Run j178/prek-action@v1	2026-09-09T08:11:44.5787313Z   CARGO_INCREMENTAL: 0
lint	Run j178/prek-action@v1	2026-09-09T08:11:44.5787562Z   CARGO_PROFILE_DEV_DEBUG: 0
lint	Run j178/prek-action@v1	2026-09-09T08:11:44.5787823Z   CARGO_TERM_COLOR: always
lint	Run j178/prek-action@v1	2026-09-09T08:11:44.5788068Z   RUST_BACKTRACE: short
lint	Run j178/prek-action@v1	2026-09-09T08:11:44.5788308Z   RUSTFLAGS: -D warnings
lint	Run j178/prek-action@v1	2026-09-09T08:11:44.5788568Z   CARGO_UNSTABLE_SPARSE_REGISTRY: true
lint	Run j178/prek-action@v1	2026-09-09T08:11:44.5788880Z   CARGO_REGISTRIES_CRATES_IO_PROTOCOL: sparse
lint	Run j178/prek-action@v1	2026-09-09T08:11:44.5789185Z   CACHE_ON_FAILURE: true
lint	Run j178/prek-action@v1	2026-09-09T08:11:44.5789462Z   CACHE_KEY: f383ff6fc98053745e76aa2f6d3abfb7
lint	Run j178/prek-action@v1	2026-09-09T08:11:44.5789765Z   PREK_VERSION: v0.5.2
lint	Run j178/prek-action@v1	2026-09-09T08:11:44.5789996Z ##[endgroup]
lint	Run j178/prek-action@v1	2026-09-09T08:11:44.5846122Z ##[group]Installing prek v0.5.2
lint	Run j178/prek-action@v1	2026-09-09T08:11:44.8887107Z downloading prek 0.5.2 x86_64-unknown-linux-gnu
lint	Run j178/prek-action@v1	2026-09-09T08:11:45.3692391Z no checksums to verify
lint	Run j178/prek-action@v1	2026-09-09T08:11:45.4827808Z installing to /opt/hostedtoolcache/prek/v0.5.2/X64
lint	Run j178/prek-action@v1	2026-09-09T08:11:45.4889402Z   prek
lint	Run j178/prek-action@v1	2026-09-09T08:11:45.4913112Z everything's installed!
lint	Run j178/prek-action@v1	2026-09-09T08:11:45.4941321Z ##[endgroup]
lint	Run j178/prek-action@v1	2026-09-09T08:11:45.4949943Z ##[end-action id=__j178_prek-action.__run;outcome=success;conclusion=success;duration_ms=922]
lint	Run j178/prek-action@v1	2026-09-09T08:11:45.4953345Z ##[start-action display=Install prek (Windows);id=__j178_prek-action.__run_2]
lint	Run j178/prek-action@v1	2026-09-09T08:11:45.4956831Z ##[end-action id=__j178_prek-action.__run_2;outcome=skipped;conclusion=skipped;duration_ms=0]
lint	Run j178/prek-action@v1	2026-09-09T08:11:45.4958675Z ##[start-action display=Setup cache;id=__j178_prek-action.__actions_cache]
lint	Run j178/prek-action@v1	2026-09-09T08:11:45.9114057Z ##[group]Run actions/cache@8b402f58fbc84540c8b491a91e594a4576fec3d7
lint	Run j178/prek-action@v1	2026-09-09T08:11:45.9114474Z with:
lint	Run j178/prek-action@v1	2026-09-09T08:11:45.9114714Z   path: ~/.cache/prek
lint	Run j178/prek-action@v1	~\AppData\Local\prek
lint	Run j178/prek-action@v1	
lint	Run j178/prek-action@v1	2026-09-09T08:11:45.9115195Z   key: prek-v1|Linux|X64||3c8c476c57504604fc76efcc05c1852ee1d57fd29e2bcfc241b070cb2d3a49d4
lint	Run j178/prek-action@v1	2026-09-09T08:11:45.9115675Z   enableCrossOsArchive: false
lint	Run j178/prek-action@v1	2026-09-09T08:11:45.9115947Z   fail-on-cache-miss: false
lint	Run j178/prek-action@v1	2026-09-09T08:11:45.9116200Z   lookup-only: false
lint	Run j178/prek-action@v1	2026-09-09T08:11:45.9116434Z   save-always: false
lint	Run j178/prek-action@v1	2026-09-09T08:11:45.9116647Z env:
lint	Run j178/prek-action@v1	2026-09-09T08:11:45.9128997Z   CARGO_INCREMENTAL: 0
lint	Run j178/prek-action@v1	2026-09-09T08:11:45.9129288Z   CARGO_PROFILE_DEV_DEBUG: 0
lint	Run j178/prek-action@v1	2026-09-09T08:11:45.9129566Z   CARGO_TERM_COLOR: always
lint	Run j178/prek-action@v1	2026-09-09T08:11:45.9129868Z   RUST_BACKTRACE: short
lint	Run j178/prek-action@v1	2026-09-09T08:11:45.9130141Z   RUSTFLAGS: -D warnings
lint	Run j178/prek-action@v1	2026-09-09T08:11:45.9130413Z   CARGO_UNSTABLE_SPARSE_REGISTRY: true
lint	Run j178/prek-action@v1	2026-09-09T08:11:45.9130733Z   CARGO_REGISTRIES_CRATES_IO_PROTOCOL: sparse
lint	Run j178/prek-action@v1	2026-09-09T08:11:45.9131052Z   CACHE_ON_FAILURE: true
lint	Run j178/prek-action@v1	2026-09-09T08:11:45.9131853Z   CACHE_KEY: f383ff6fc98053745e76aa2f6d3abfb7
lint	Run j178/prek-action@v1	2026-09-09T08:11:45.9132151Z ##[endgroup]
lint	Run j178/prek-action@v1	2026-09-09T08:11:46.2086552Z Cache hit for: prek-v1|Linux|X64||3c8c476c57504604fc76efcc05c1852ee1d57fd29e2bcfc241b070cb2d3a49d4
lint	Run j178/prek-action@v1	2026-09-09T08:11:46.6461984Z Received 1080 of 1080 (100.0%), 0.0 MBs/sec
lint	Run j178/prek-action@v1	2026-09-09T08:11:46.6462686Z Cache Size: ~0 MB (1080 B)
lint	Run j178/prek-action@v1	2026-09-09T08:11:46.6496106Z [command]/usr/bin/tar -xf /home/runner/work/_temp/6da58239-312f-4a3b-a6a7-5c0c8cc64474/cache.tzst -P -C /home/runner/work/vig/vig --use-compress-program unzstd
lint	Run j178/prek-action@v1	2026-09-09T08:11:46.6562560Z Cache restored successfully
lint	Run j178/prek-action@v1	2026-09-09T08:11:46.6640310Z Cache restored from key: prek-v1|Linux|X64||3c8c476c57504604fc76efcc05c1852ee1d57fd29e2bcfc241b070cb2d3a49d4
lint	Run j178/prek-action@v1	2026-09-09T08:11:46.6712447Z ##[end-action id=__j178_prek-action.__actions_cache;outcome=success;conclusion=success;duration_ms=1175]
lint	Run j178/prek-action@v1	2026-09-09T08:11:46.6715948Z ##[start-action display=Run prek;id=__j178_prek-action.__run_3]
lint	Run j178/prek-action@v1	2026-09-09T08:11:46.6733765Z ##[group]Run # Running prek
lint	Run j178/prek-action@v1	2026-09-09T08:11:46.6734227Z ^[[36;1m# Running prek^[[0m
lint	Run j178/prek-action@v1	2026-09-09T08:11:46.6734469Z ^[[36;1m^[[0m
lint	Run j178/prek-action@v1	2026-09-09T08:11:46.6734679Z ^[[36;1mimport shlex^[[0m
lint	Run j178/prek-action@v1	2026-09-09T08:11:46.6734909Z ^[[36;1mimport sys^[[0m
lint	Run j178/prek-action@v1	2026-09-09T08:11:46.6735137Z ^[[36;1mimport os^[[0m
lint	Run j178/prek-action@v1	2026-09-09T08:11:46.6735351Z ^[[36;1m^[[0m
lint	Run j178/prek-action@v1	2026-09-09T08:11:46.6735667Z ^[[36;1mcmd = ['prek', 'run', '--show-diff-on-failure', '--color=always']^[[0m
lint	Run j178/prek-action@v1	2026-09-09T08:11:46.6736061Z ^[[36;1m^[[0m
lint	Run j178/prek-action@v1	2026-09-09T08:11:46.6736307Z ^[[36;1mextra_args = os.environ['EXTRA_ARGS']^[[0m
lint	Run j178/prek-action@v1	2026-09-09T08:11:46.6736628Z ^[[36;1mif extra_args:^[[0m
lint	Run j178/prek-action@v1	2026-09-09T08:11:46.6736876Z ^[[36;1m    try:^[[0m
lint	Run j178/prek-action@v1	2026-09-09T08:11:46.6737148Z ^[[36;1m        parsed_args = shlex.split(extra_args)^[[0m
lint	Run j178/prek-action@v1	2026-09-09T08:11:46.6737499Z ^[[36;1m        cmd.extend(parsed_args)^[[0m
lint	Run j178/prek-action@v1	2026-09-09T08:11:46.6737804Z ^[[36;1m    except ValueError as e:^[[0m
lint	Run j178/prek-action@v1	2026-09-09T08:11:46.6738181Z ^[[36;1m        print(f'Error parsing extra-args: {e}', file=sys.stderr)^[[0m
lint	Run j178/prek-action@v1	2026-09-09T08:11:46.6738571Z ^[[36;1m        sys.exit(1)^[[0m
lint	Run j178/prek-action@v1	2026-09-09T08:11:46.6738833Z ^[[36;1m^[[0m
lint	Run j178/prek-action@v1	2026-09-09T08:11:46.6739048Z ^[[36;1mos.execvp(cmd[0], cmd)^[[0m
lint	Run j178/prek-action@v1	2026-09-09T08:11:46.6802549Z shell: /usr/bin/python {0}
lint	Run j178/prek-action@v1	2026-09-09T08:11:46.6802836Z env:
lint	Run j178/prek-action@v1	2026-09-09T08:11:46.6803052Z   CARGO_INCREMENTAL: 0
lint	Run j178/prek-action@v1	2026-09-09T08:11:46.6803314Z   CARGO_PROFILE_DEV_DEBUG: 0
lint	Run j178/prek-action@v1	2026-09-09T08:11:46.6803588Z   CARGO_TERM_COLOR: always
lint	Run j178/prek-action@v1	2026-09-09T08:11:46.6803849Z   RUST_BACKTRACE: short
lint	Run j178/prek-action@v1	2026-09-09T08:11:46.6804108Z   RUSTFLAGS: -D warnings
lint	Run j178/prek-action@v1	2026-09-09T08:11:46.6804372Z   CARGO_UNSTABLE_SPARSE_REGISTRY: true
lint	Run j178/prek-action@v1	2026-09-09T08:11:46.6804708Z   CARGO_REGISTRIES_CRATES_IO_PROTOCOL: sparse
lint	Run j178/prek-action@v1	2026-09-09T08:11:46.6805020Z   CACHE_ON_FAILURE: true
lint	Run j178/prek-action@v1	2026-09-09T08:11:46.6805308Z   CACHE_KEY: f383ff6fc98053745e76aa2f6d3abfb7
lint	Run j178/prek-action@v1	2026-09-09T08:11:46.6805613Z   EXTRA_ARGS: --all-files
lint	Run j178/prek-action@v1	2026-09-09T08:11:46.6805866Z ##[endgroup]
lint	Run j178/prek-action@v1	2026-09-09T08:11:53.6937379Z trim trailing whitespace^[[32m.................................................^[[39m^[[32;7mPassed^[[0m
lint	Run j178/prek-action@v1	2026-09-09T08:11:53.6939023Z fix end of files^[[32m.........................................................^[[39m^[[32;7mPassed^[[0m
lint	Run j178/prek-action@v1	2026-09-09T08:11:53.6940240Z check toml^[[32m...............................................................^[[39m^[[32;7mPassed^[[0m
lint	Run j178/prek-action@v1	2026-09-09T08:11:53.6940919Z check yaml^[[32m...............................................................^[[39m^[[32;7mPassed^[[0m
lint	Run j178/prek-action@v1	2026-09-09T08:11:53.6941842Z check for merge conflicts^[[32m................................................^[[39m^[[32;7mPassed^[[0m
lint	Run j178/prek-action@v1	2026-09-09T08:11:53.6942504Z check for added large files^[[32m..............................................^[[39m^[[32;7mPassed^[[0m
lint	Run j178/prek-action@v1	2026-09-09T08:11:53.6943120Z cargo fmt^[[32m................................................................^[[39m^[[32;7mPassed^[[0m
lint	Run j178/prek-action@v1	2026-09-09T08:11:53.6943719Z cargo clippy^[[32m.............................................................^[[39m^[[32;7mPassed^[[0m
lint	Run j178/prek-action@v1	2026-09-09T08:11:53.6944339Z check gif freshness^[[32m......................................................^[[39m^[[32;7mPassed^[[0m
lint	Run j178/prek-action@v1	2026-09-09T08:11:53.6969232Z ##[end-action id=__j178_prek-action.__run_3;outcome=success;conclusion=success;duration_ms=7025]
lint	Run j178/prek-action@v1	2026-09-09T08:11:53.6973730Z ##[start-action display=Show verbose logs;id=__j178_prek-action.__run_4]
lint	Run j178/prek-action@v1	2026-09-09T08:11:53.6999041Z ##[group]Run # Prek verbose logs
lint	Run j178/prek-action@v1	2026-09-09T08:11:53.6999365Z ^[[36;1m# Prek verbose logs^[[0m
lint	Run j178/prek-action@v1	2026-09-09T08:11:53.6999622Z ^[[36;1m^[[0m
lint	Run j178/prek-action@v1	2026-09-09T08:11:53.6999854Z ^[[36;1mecho "::group::Prek verbose logs"^[[0m
lint	Run j178/prek-action@v1	2026-09-09T08:11:53.7000324Z ^[[36;1mcache_dir="$(prek cache dir --no-log-file 2>/dev/null || echo ~/.cache/prek)"^[[0m
lint	Run j178/prek-action@v1	2026-09-09T08:11:53.7000781Z ^[[36;1mlog="$cache_dir/prek.log"^[[0m
lint	Run j178/prek-action@v1	2026-09-09T08:11:53.7002037Z ^[[36;1mcat "$log" || echo "No prek log file found at $log"^[[0m
lint	Run j178/prek-action@v1	2026-09-09T08:11:53.7002444Z ^[[36;1mecho "::endgroup::"^[[0m
lint	Run j178/prek-action@v1	2026-09-09T08:11:53.7038872Z shell: /usr/bin/bash --noprofile --norc -e -o pipefail {0}
lint	Run j178/prek-action@v1	2026-09-09T08:11:53.7039256Z env:
lint	Run j178/prek-action@v1	2026-09-09T08:11:53.7039467Z   CARGO_INCREMENTAL: 0
lint	Run j178/prek-action@v1	2026-09-09T08:11:53.7039722Z   CARGO_PROFILE_DEV_DEBUG: 0
lint	Run j178/prek-action@v1	2026-09-09T08:11:53.7040006Z   CARGO_TERM_COLOR: always
lint	Run j178/prek-action@v1	2026-09-09T08:11:53.7040427Z   RUST_BACKTRACE: short
lint	Run j178/prek-action@v1	2026-09-09T08:11:53.7040678Z   RUSTFLAGS: -D warnings
lint	Run j178/prek-action@v1	2026-09-09T08:11:53.7040940Z   CARGO_UNSTABLE_SPARSE_REGISTRY: true
lint	Run j178/prek-action@v1	2026-09-09T08:11:53.7041604Z   CARGO_REGISTRIES_CRATES_IO_PROTOCOL: sparse
lint	Run j178/prek-action@v1	2026-09-09T08:11:53.7041920Z   CACHE_ON_FAILURE: true
lint	Run j178/prek-action@v1	2026-09-09T08:11:53.7042195Z   CACHE_KEY: f383ff6fc98053745e76aa2f6d3abfb7
lint	Run j178/prek-action@v1	2026-09-09T08:11:53.7042491Z ##[endgroup]
lint	Run j178/prek-action@v1	2026-09-09T08:11:53.7107277Z ##[group]Prek verbose logs
lint	Run j178/prek-action@v1	2026-09-09T08:11:53.7153581Z 2026-09-09T08:11:46.708339Z DEBUG prek: 0.5.2
lint	Run j178/prek-action@v1	2026-09-09T08:11:53.7154655Z 2026-09-09T08:11:46.708362Z DEBUG Args: ["prek", "run", "--show-diff-on-failure", "--color=always", "--all-files"]
lint	Run j178/prek-action@v1	2026-09-09T08:11:53.7156185Z 2026-09-09T08:11:46.709877Z TRACE root: close time.busy=1.49ms time.idle=2.60µs
lint	Run j178/prek-action@v1	2026-09-09T08:11:53.7157129Z 2026-09-09T08:11:46.709905Z DEBUG Git root: /home/runner/work/vig/vig
lint	Run j178/prek-action@v1	2026-09-09T08:11:53.7158040Z 2026-09-09T08:11:46.709926Z DEBUG Found workspace root at `/home/runner/work/vig/vig`
lint	Run j178/prek-action@v1	2026-09-09T08:11:53.7159009Z 2026-09-09T08:11:46.709930Z TRACE Include selectors: ``
lint	Run j178/prek-action@v1	2026-09-09T08:11:53.7159714Z 2026-09-09T08:11:46.709933Z TRACE Skip selectors: ``
lint	Run j178/prek-action@v1	2026-09-09T08:11:53.7161025Z 2026-09-09T08:11:46.709992Z DEBUG discover{root="/home/runner/work/vig/vig" config=None refresh=false}: Cache is too old (68853s > 3600s), invalidating
lint	Run j178/prek-action@v1	2026-09-09T08:11:53.7162795Z 2026-09-09T08:11:46.710033Z DEBUG discover{root="/home/runner/work/vig/vig" config=None refresh=false}: Performing fresh workspace discovery
lint	Run j178/prek-action@v1	2026-09-09T08:11:53.7164269Z 2026-09-09T08:11:46.710056Z TRACE discover{root="/home/runner/work/vig/vig" config=None refresh=false}:list_submodules{git_root="/home/runner/work/vig/vig"}: close time.busy=7.59µs time.idle=681ns
lint	Run j178/prek-action@v1	2026-09-09T08:11:53.7165242Z 2026-09-09T08:11:46.710977Z DEBUG Loading project configuration path=prek.toml
lint	Run j178/prek-action@v1	2026-09-09T08:11:53.7166013Z 2026-09-09T08:11:46.713357Z TRACE discover{root="/home/runner/work/vig/vig" config=None refresh=false}: close time.busy=3.41ms time.idle=762ns
lint	Run j178/prek-action@v1	2026-09-09T08:11:53.7166858Z 2026-09-09T08:11:46.713481Z TRACE Checking lock resource="store" path=/home/runner/.cache/prek/.lock
lint	Run j178/prek-action@v1	2026-09-09T08:11:53.7167434Z 2026-09-09T08:11:46.713493Z DEBUG Acquired lock resource="store"
lint	Run j178/prek-action@v1	2026-09-09T08:11:53.7167941Z 2026-09-09T08:11:46.713606Z TRACE Released lock path=/home/runner/.cache/prek/.lock
lint	Run j178/prek-action@v1	2026-09-09T08:11:53.7169023Z 2026-09-09T08:11:46.713617Z DEBUG Hooks going to run: ["trailing-whitespace", "end-of-file-fixer", "check-toml", "check-yaml", "check-merge-conflict", "check-added-large-files", "cargo-fmt", "cargo-clippy", "check-gif-freshness"]
lint	Run j178/prek-action@v1	2026-09-09T08:11:53.7170622Z 2026-09-09T08:11:46.713641Z TRACE ls_files{cwd="/home/runner/work/vig/vig"}: Executing `cd /home/runner/work/vig/vig && /usr/bin/git -c core.useBuiltinFSMonitor=false --literal-pathspecs ls-files -z -- /home/runner/work/vig/vig`
lint	Run j178/prek-action@v1	2026-09-09T08:11:53.7172535Z 2026-09-09T08:11:46.715278Z TRACE ls_files{cwd="/home/runner/work/vig/vig"}: close time.busy=302µs time.idle=1.34ms
lint	Run j178/prek-action@v1	2026-09-09T08:11:53.7173457Z 2026-09-09T08:11:46.715293Z DEBUG All files in the workspace: 250
lint	Run j178/prek-action@v1	2026-09-09T08:11:53.7173936Z 2026-09-09T08:11:46.716057Z TRACE Files for project `.` after filtered: 250
lint	Run j178/prek-action@v1	2026-09-09T08:11:53.7174519Z 2026-09-09T08:11:46.716063Z DEBUG Running priority group with priority 0: ["trailing-whitespace"]
lint	Run j178/prek-action@v1	2026-09-09T08:11:53.7175401Z 2026-09-09T08:11:46.716089Z TRACE matching_filenames{hook="trailing-whitespace"}: close time.busy=13.2µs time.idle=772ns
lint	Run j178/prek-action@v1	2026-09-09T08:11:53.7176196Z 2026-09-09T08:11:46.716098Z TRACE Files for hook `trailing-whitespace` after filtering matched=true filenames=202
lint	Run j178/prek-action@v1	2026-09-09T08:11:53.7177009Z 2026-09-09T08:11:46.721059Z  INFO run{hook_id=trailing-whitespace language=system}: close time.busy=3.86ms time.idle=1.07ms
lint	Run j178/prek-action@v1	2026-09-09T08:11:53.7177790Z 2026-09-09T08:11:46.721086Z DEBUG Running priority group with priority 1: ["end-of-file-fixer"]
lint	Run j178/prek-action@v1	2026-09-09T08:11:53.7178600Z 2026-09-09T08:11:46.721106Z TRACE matching_filenames{hook="end-of-file-fixer"}: close time.busy=13.0µs time.idle=391ns
lint	Run j178/prek-action@v1	2026-09-09T08:11:53.7179543Z 2026-09-09T08:11:46.721152Z TRACE Files for hook `end-of-file-fixer` after filtering matched=true filenames=202
lint	Run j178/prek-action@v1	2026-09-09T08:11:53.7180323Z 2026-09-09T08:11:46.723637Z  INFO run{hook_id=end-of-file-fixer language=system}: close time.busy=1.33ms time.idle=1.15ms
lint	Run j178/prek-action@v1	2026-09-09T08:11:53.7181026Z 2026-09-09T08:11:46.723668Z DEBUG Running priority group with priority 2: ["check-toml"]
lint	Run j178/prek-action@v1	2026-09-09T08:11:53.7181978Z 2026-09-09T08:11:46.723676Z TRACE matching_filenames{hook="check-toml"}: close time.busy=1.56µs time.idle=390ns
lint	Run j178/prek-action@v1	2026-09-09T08:11:53.7182688Z 2026-09-09T08:11:46.723684Z TRACE Files for hook `check-toml` after filtering matched=true filenames=6
lint	Run j178/prek-action@v1	2026-09-09T08:11:53.7183488Z 2026-09-09T08:11:46.725717Z  INFO run{hook_id=check-toml language=system}: close time.busy=1.97ms time.idle=56.7µs
lint	Run j178/prek-action@v1	2026-09-09T08:11:53.7184156Z 2026-09-09T08:11:46.725742Z DEBUG Running priority group with priority 3: ["check-yaml"]
lint	Run j178/prek-action@v1	2026-09-09T08:11:53.7184899Z 2026-09-09T08:11:46.725750Z TRACE matching_filenames{hook="check-yaml"}: close time.busy=1.33µs time.idle=360ns
lint	Run j178/prek-action@v1	2026-09-09T08:11:53.7185623Z 2026-09-09T08:11:46.725757Z TRACE Files for hook `check-yaml` after filtering matched=true filenames=4
lint	Run j178/prek-action@v1	2026-09-09T08:11:53.7186408Z 2026-09-09T08:11:46.726399Z  INFO run{hook_id=check-yaml language=system}: close time.busy=606µs time.idle=30.8µs
lint	Run j178/prek-action@v1	2026-09-09T08:11:53.7187117Z 2026-09-09T08:11:46.726423Z DEBUG Running priority group with priority 4: ["check-merge-conflict"]
lint	Run j178/prek-action@v1	2026-09-09T08:11:53.7187953Z 2026-09-09T08:11:46.726433Z TRACE matching_filenames{hook="check-merge-conflict"}: close time.busy=3.14µs time.idle=360ns
lint	Run j178/prek-action@v1	2026-09-09T08:11:53.7188748Z 2026-09-09T08:11:46.726449Z TRACE Files for hook `check-merge-conflict` after filtering matched=true filenames=234
lint	Run j178/prek-action@v1	2026-09-09T08:11:53.7189709Z 2026-09-09T08:11:46.726481Z TRACE run{hook_id=check-merge-conflict language=system}: Executing `/usr/bin/git -c core.useBuiltinFSMonitor=false rev-parse --git-dir`
lint	Run j178/prek-action@v1	2026-09-09T08:11:53.7190804Z 2026-09-09T08:11:46.727988Z  INFO run{hook_id=check-merge-conflict language=system}: close time.busy=330µs time.idle=1.20ms
lint	Run j178/prek-action@v1	2026-09-09T08:11:53.7191765Z 2026-09-09T08:11:46.728012Z DEBUG Running priority group with priority 5: ["check-added-large-files"]
lint	Run j178/prek-action@v1	2026-09-09T08:11:53.7192641Z 2026-09-09T08:11:46.728021Z TRACE matching_filenames{hook="check-added-large-files"}: close time.busy=2.79µs time.idle=351ns
lint	Run j178/prek-action@v1	2026-09-09T08:11:53.7193467Z 2026-09-09T08:11:46.728029Z TRACE Files for hook `check-added-large-files` after filtering matched=true filenames=250
lint	Run j178/prek-action@v1	2026-09-09T08:11:53.7194680Z 2026-09-09T08:11:46.728063Z TRACE run{hook_id=check-added-large-files language=system}: Executing `cd /home/runner/work/vig/vig && /usr/bin/git -c core.useBuiltinFSMonitor=false diff --staged --relative --name-only --diff-filter=A -z`
lint	Run j178/prek-action@v1	2026-09-09T08:11:53.7196021Z 2026-09-09T08:11:46.729846Z  INFO run{hook_id=check-added-large-files language=system}: close time.busy=311µs time.idle=1.50ms
lint	Run j178/prek-action@v1	2026-09-09T08:11:53.7197307Z 2026-09-09T08:11:46.729878Z TRACE diff_worktree{path="/home/runner/work/vig/vig"}: Executing `/usr/bin/git -c core.useBuiltinFSMonitor=false diff --full-index --no-ext-diff --no-textconv --ignore-submodules -- /home/runner/work/vig/vig`
lint	Run j178/prek-action@v1	2026-09-09T08:11:53.7198821Z 2026-09-09T08:11:46.762331Z TRACE diff_worktree{path="/home/runner/work/vig/vig"}: close time.busy=242µs time.idle=32.2ms
lint	Run j178/prek-action@v1	2026-09-09T08:11:53.7199533Z 2026-09-09T08:11:46.762359Z DEBUG Running priority group with priority 6: ["cargo-fmt"]
lint	Run j178/prek-action@v1	2026-09-09T08:11:53.7200163Z 2026-09-09T08:11:46.762377Z TRACE Files for hook `cargo-fmt` after filtering matched=true filenames=0
lint	Run j178/prek-action@v1	2026-09-09T08:11:53.7200903Z 2026-09-09T08:11:46.762553Z TRACE run{hook_id=cargo-fmt language=system}: Running cargo-fmt total_files=0 concurrency=4
lint	Run j178/prek-action@v1	2026-09-09T08:11:53.7202260Z 2026-09-09T08:11:46.762652Z TRACE run{hook_id=cargo-fmt language=system}: Executing `cd /home/runner/work/vig/vig && /home/runner/.cargo/bin/cargo fmt --check`
lint	Run j178/prek-action@v1	2026-09-09T08:11:53.7203259Z 2026-09-09T08:11:47.210159Z  INFO run{hook_id=cargo-fmt language=system}: close time.busy=598µs time.idle=447ms
lint	Run j178/prek-action@v1	2026-09-09T08:11:53.7204797Z 2026-09-09T08:11:47.210210Z TRACE diff_worktree{path="/home/runner/work/vig/vig"}: Executing `/usr/bin/git -c core.useBuiltinFSMonitor=false diff --full-index --no-ext-diff --no-textconv --ignore-submodules -- /home/runner/work/vig/vig`
lint	Run j178/prek-action@v1	2026-09-09T08:11:53.7206127Z 2026-09-09T08:11:47.244174Z TRACE diff_worktree{path="/home/runner/work/vig/vig"}: close time.busy=396µs time.idle=33.6ms
lint	Run j178/prek-action@v1	2026-09-09T08:11:53.7206845Z 2026-09-09T08:11:47.244218Z DEBUG Running priority group with priority 7: ["cargo-clippy"]
lint	Run j178/prek-action@v1	2026-09-09T08:11:53.7207509Z 2026-09-09T08:11:47.244235Z TRACE Files for hook `cargo-clippy` after filtering matched=true filenames=0
lint	Run j178/prek-action@v1	2026-09-09T08:11:53.7208288Z 2026-09-09T08:11:47.244317Z TRACE run{hook_id=cargo-clippy language=system}: Running cargo-clippy total_files=0 concurrency=4
lint	Run j178/prek-action@v1	2026-09-09T08:11:53.7209354Z 2026-09-09T08:11:47.244414Z TRACE run{hook_id=cargo-clippy language=system}: Executing `cd /home/runner/work/vig/vig && /home/runner/.cargo/bin/cargo clippy --all-targets -- -D warnings`
lint	Run j178/prek-action@v1	2026-09-09T08:11:53.7210459Z 2026-09-09T08:11:53.621093Z  INFO run{hook_id=cargo-clippy language=system}: close time.busy=600µs time.idle=6.38s
lint	Run j178/prek-action@v1	2026-09-09T08:11:53.7211816Z 2026-09-09T08:11:53.621174Z TRACE diff_worktree{path="/home/runner/work/vig/vig"}: Executing `/usr/bin/git -c core.useBuiltinFSMonitor=false diff --full-index --no-ext-diff --no-textconv --ignore-submodules -- /home/runner/work/vig/vig`
lint	Run j178/prek-action@v1	2026-09-09T08:11:53.7213125Z 2026-09-09T08:11:53.654327Z TRACE diff_worktree{path="/home/runner/work/vig/vig"}: close time.busy=344µs time.idle=32.8ms
lint	Run j178/prek-action@v1	2026-09-09T08:11:53.7213861Z 2026-09-09T08:11:53.654370Z DEBUG Running priority group with priority 8: ["check-gif-freshness"]
lint	Run j178/prek-action@v1	2026-09-09T08:11:53.7214575Z 2026-09-09T08:11:53.654382Z TRACE Files for hook `check-gif-freshness` after filtering matched=true filenames=0
lint	Run j178/prek-action@v1	2026-09-09T08:11:53.7215442Z 2026-09-09T08:11:53.654493Z TRACE run{hook_id=check-gif-freshness language=system}: Running check-gif-freshness total_files=0 concurrency=4
lint	Run j178/prek-action@v1	2026-09-09T08:11:53.7216592Z 2026-09-09T08:11:53.654593Z TRACE run{hook_id=check-gif-freshness language=system}: Executing `cd /home/runner/work/vig/vig && /usr/bin/bash -c staged=$(git diff --cached --name-only)
lint	Run j178/prek-action@v1	2026-09-09T08:11:53.7217399Z tapes=$(echo "$staged" | grep '\.tape$' || true)
lint	Run j178/prek-action@v1	2026-09-09T08:11:53.7217730Z if [ -z "$tapes" ]; then exit 0; fi
lint	Run j178/prek-action@v1	2026-09-09T08:11:53.7218020Z for tape in $tapes; do
lint	Run j178/prek-action@v1	2026-09-09T08:11:53.7218292Z   gif="assets/$(basename "${tape%.tape}").gif"
lint	Run j178/prek-action@v1	2026-09-09T08:11:53.7218637Z   if ! echo "$staged" | grep -qF "$gif"; then
lint	Run j178/prek-action@v1	2026-09-09T08:11:53.7219118Z     echo "$tape was modified but $gif is not staged — run: mise run demo:all"
lint	Run j178/prek-action@v1	2026-09-09T08:11:53.7219524Z     exit 1
lint	Run j178/prek-action@v1	2026-09-09T08:11:53.7219717Z   fi
lint	Run j178/prek-action@v1	2026-09-09T08:11:53.7219904Z done
lint	Run j178/prek-action@v1	2026-09-09T08:11:53.7220080Z `
lint	Run j178/prek-action@v1	2026-09-09T08:11:53.7220651Z 2026-09-09T08:11:53.660257Z  INFO run{hook_id=check-gif-freshness language=system}: close time.busy=540µs time.idle=5.33ms
lint	Run j178/prek-action@v1	2026-09-09T08:11:53.7222187Z 2026-09-09T08:11:53.660288Z TRACE diff_worktree{path="/home/runner/work/vig/vig"}: Executing `/usr/bin/git -c core.useBuiltinFSMonitor=false diff --full-index --no-ext-diff --no-textconv --ignore-submodules -- /home/runner/work/vig/vig`
lint	Run j178/prek-action@v1	2026-09-09T08:11:53.7223513Z 2026-09-09T08:11:53.693448Z TRACE diff_worktree{path="/home/runner/work/vig/vig"}: close time.busy=253µs time.idle=32.9ms
lint	Run j178/prek-action@v1	2026-09-09T08:11:53.7224299Z ##[endgroup]
lint	Run j178/prek-action@v1	2026-09-09T08:11:53.7229037Z ##[end-action id=__j178_prek-action.__run_4;outcome=success;conclusion=success;duration_ms=25]
lint	Run j178/prek-action@v1	2026-09-09T08:11:53.7231550Z ##[start-action display=Prune cache;id=__j178_prek-action.__run_5]
lint	Run j178/prek-action@v1	2026-09-09T08:11:53.7246844Z ##[group]Run # Prune prek cache
lint	Run j178/prek-action@v1	2026-09-09T08:11:53.7247168Z ^[[36;1m# Prune prek cache^[[0m
lint	Run j178/prek-action@v1	2026-09-09T08:11:53.7247425Z ^[[36;1m^[[0m
lint	Run j178/prek-action@v1	2026-09-09T08:11:53.7247660Z ^[[36;1mecho "::group::Pruning prek cache"^[[0m
lint	Run j178/prek-action@v1	2026-09-09T08:11:53.7248053Z ^[[36;1mprek cache gc -v || echo "Failed to prune prek cache"^[[0m
lint	Run j178/prek-action@v1	2026-09-09T08:11:53.7248431Z ^[[36;1mecho "::endgroup::"^[[0m
lint	Run j178/prek-action@v1	2026-09-09T08:11:53.7283762Z shell: /usr/bin/bash --noprofile --norc -e -o pipefail {0}
lint	Run j178/prek-action@v1	2026-09-09T08:11:53.7284135Z env:
lint	Run j178/prek-action@v1	2026-09-09T08:11:53.7284347Z   CARGO_INCREMENTAL: 0
lint	Run j178/prek-action@v1	2026-09-09T08:11:53.7284609Z   CARGO_PROFILE_DEV_DEBUG: 0
lint	Run j178/prek-action@v1	2026-09-09T08:11:53.7284871Z   CARGO_TERM_COLOR: always
lint	Run j178/prek-action@v1	2026-09-09T08:11:53.7285129Z   RUST_BACKTRACE: short
lint	Run j178/prek-action@v1	2026-09-09T08:11:53.7285368Z   RUSTFLAGS: -D warnings
lint	Run j178/prek-action@v1	2026-09-09T08:11:53.7285632Z   CARGO_UNSTABLE_SPARSE_REGISTRY: true
lint	Run j178/prek-action@v1	2026-09-09T08:11:53.7285949Z   CARGO_REGISTRIES_CRATES_IO_PROTOCOL: sparse
lint	Run j178/prek-action@v1	2026-09-09T08:11:53.7286266Z   CACHE_ON_FAILURE: true
lint	Run j178/prek-action@v1	2026-09-09T08:11:53.7286528Z   CACHE_KEY: f383ff6fc98053745e76aa2f6d3abfb7
lint	Run j178/prek-action@v1	2026-09-09T08:11:53.7286829Z ##[endgroup]
lint	Run j178/prek-action@v1	2026-09-09T08:11:53.7346011Z ##[group]Pruning prek cache
lint	Run j178/prek-action@v1	2026-09-09T08:11:53.7379749Z Nothing to clean
lint	Run j178/prek-action@v1	2026-09-09T08:11:53.7387647Z ##[endgroup]
lint	Run j178/prek-action@v1	2026-09-09T08:11:53.7394246Z ##[end-action id=__j178_prek-action.__run_5;outcome=success;conclusion=success;duration_ms=16]
lint	Post Run j178/prek-action@v1	﻿2026-09-09T08:11:53.7533805Z Post job cleanup.
lint	Post Run j178/prek-action@v1	2026-09-09T08:11:53.7537557Z ##[start-action display=Setup cache;id=__706f796e-f05f-4d48-af63-d4859d3b18b8.__actions_cache]
lint	Post Run j178/prek-action@v1	2026-09-09T08:11:54.1845302Z Post job cleanup.
lint	Post Run j178/prek-action@v1	2026-09-09T08:11:54.3269959Z Cache hit occurred on the primary key prek-v1|Linux|X64||3c8c476c57504604fc76efcc05c1852ee1d57fd29e2bcfc241b070cb2d3a49d4, not saving cache.
lint	Post Run j178/prek-action@v1	2026-09-09T08:11:54.3332203Z ##[end-action id=__706f796e-f05f-4d48-af63-d4859d3b18b8.__actions_cache;outcome=success;conclusion=success;duration_ms=579]
lint	Post Run actions-rust-lang/setup-rust-toolchain@v1	﻿2026-09-09T08:11:54.3513740Z Post job cleanup.
lint	Post Run actions-rust-lang/setup-rust-toolchain@v1	2026-09-09T08:11:54.3517425Z ##[start-action display=Setup Rust Caching;id=__b5daa6e1-21a6-4c8e-8fba-bcce6e9082a0.__Swatinem_rust-cache]
lint	Post Run actions-rust-lang/setup-rust-toolchain@v1	2026-09-09T08:11:54.3560944Z Post job cleanup.
lint	Post Run actions-rust-lang/setup-rust-toolchain@v1	2026-09-09T08:11:54.6455095Z Cache up-to-date.
lint	Post Run actions-rust-lang/setup-rust-toolchain@v1	2026-09-09T08:11:54.6457799Z (node:2908) [DEP0040] DeprecationWarning: The `punycode` module is deprecated. Please use a userland alternative instead.
lint	Post Run actions-rust-lang/setup-rust-toolchain@v1	2026-09-09T08:11:54.6458594Z (Use `node --trace-deprecation ...` to show where the warning was created)
lint	Post Run actions-rust-lang/setup-rust-toolchain@v1	2026-09-09T08:11:54.6608609Z ##[end-action id=__b5daa6e1-21a6-4c8e-8fba-bcce6e9082a0.__Swatinem_rust-cache;outcome=success;conclusion=success;duration_ms=309]
lint	Post Run actions/checkout@v6	﻿2026-09-09T08:11:54.6679732Z Post job cleanup.
lint	Post Run actions/checkout@v6	2026-09-09T08:11:54.7701548Z [command]/usr/bin/git version
lint	Post Run actions/checkout@v6	2026-09-09T08:11:54.7745827Z git version 2.55.0
lint	Post Run actions/checkout@v6	2026-09-09T08:11:54.7792402Z Temporarily overriding HOME='/home/runner/work/_temp/ce8941ee-1876-4481-a27f-1f91a60dd3ff' before making global git config changes
lint	Post Run actions/checkout@v6	2026-09-09T08:11:54.7794050Z Adding repository directory to the temporary git global config as a safe directory
lint	Post Run actions/checkout@v6	2026-09-09T08:11:54.7808442Z [command]/usr/bin/git config --global --add safe.directory /home/runner/work/vig/vig
lint	Post Run actions/checkout@v6	2026-09-09T08:11:54.7941892Z Removing SSH command configuration
lint	Post Run actions/checkout@v6	2026-09-09T08:11:54.7942783Z [command]/usr/bin/git config --local --name-only --get-regexp core\.sshCommand
lint	Post Run actions/checkout@v6	2026-09-09T08:11:54.7988098Z [command]/usr/bin/git submodule foreach --recursive sh -c "git config --local --name-only --get-regexp 'core\.sshCommand' && git config --local --unset-all 'core.sshCommand' || :"
lint	Post Run actions/checkout@v6	2026-09-09T08:11:54.8258191Z Removing HTTP extra header
lint	Post Run actions/checkout@v6	2026-09-09T08:11:54.8264254Z [command]/usr/bin/git config --local --name-only --get-regexp http\.https\:\/\/github\.com\/\.extraheader
lint	Post Run actions/checkout@v6	2026-09-09T08:11:54.8319378Z [command]/usr/bin/git submodule foreach --recursive sh -c "git config --local --name-only --get-regexp 'http\.https\:\/\/github\.com\/\.extraheader' && git config --local --unset-all 'http.https://github.com/.extraheader' || :"
lint	Post Run actions/checkout@v6	2026-09-09T08:11:54.8586051Z Removing includeIf entries pointing to credentials config files
lint	Post Run actions/checkout@v6	2026-09-09T08:11:54.8597235Z [command]/usr/bin/git config --local --name-only --get-regexp ^includeIf\.gitdir:
lint	Post Run actions/checkout@v6	2026-09-09T08:11:54.9368221Z includeif.gitdir:/home/runner/work/vig/vig/.git.path
lint	Post Run actions/checkout@v6	2026-09-09T08:11:54.9368958Z includeif.gitdir:/home/runner/work/vig/vig/.git/worktrees/*.path
lint	Post Run actions/checkout@v6	2026-09-09T08:11:54.9369587Z includeif.gitdir:/github/workspace/.git.path
lint	Post Run actions/checkout@v6	2026-09-09T08:11:54.9370132Z includeif.gitdir:/github/workspace/.git/worktrees/*.path
lint	Post Run actions/checkout@v6	2026-09-09T08:11:54.9393201Z [command]/usr/bin/git config --local --get-all includeif.gitdir:/home/runner/work/vig/vig/.git.path
lint	Post Run actions/checkout@v6	2026-09-09T08:11:54.9436707Z /home/runner/work/_temp/git-credentials-e29d1c9b-45af-455f-8802-e44a6a79082b.config
lint	Post Run actions/checkout@v6	2026-09-09T08:11:54.9449686Z [command]/usr/bin/git config --local --unset includeif.gitdir:/home/runner/work/vig/vig/.git.path /home/runner/work/_temp/git-credentials-e29d1c9b-45af-455f-8802-e44a6a79082b.config
lint	Post Run actions/checkout@v6	2026-09-09T08:11:54.9852145Z [command]/usr/bin/git config --local --get-all includeif.gitdir:/home/runner/work/vig/vig/.git/worktrees/*.path
lint	Post Run actions/checkout@v6	2026-09-09T08:11:54.9873049Z /home/runner/work/_temp/git-credentials-e29d1c9b-45af-455f-8802-e44a6a79082b.config
lint	Post Run actions/checkout@v6	2026-09-09T08:11:54.9884456Z [command]/usr/bin/git config --local --unset includeif.gitdir:/home/runner/work/vig/vig/.git/worktrees/*.path /home/runner/work/_temp/git-credentials-e29d1c9b-45af-455f-8802-e44a6a79082b.config
lint	Post Run actions/checkout@v6	2026-09-09T08:11:54.9928287Z [command]/usr/bin/git config --local --get-all includeif.gitdir:/github/workspace/.git.path
lint	Post Run actions/checkout@v6	2026-09-09T08:11:54.9956036Z /github/runner_temp/git-credentials-e29d1c9b-45af-455f-8802-e44a6a79082b.config
lint	Post Run actions/checkout@v6	2026-09-09T08:11:54.9964842Z [command]/usr/bin/git config --local --unset includeif.gitdir:/github/workspace/.git.path /github/runner_temp/git-credentials-e29d1c9b-45af-455f-8802-e44a6a79082b.config
lint	Post Run actions/checkout@v6	2026-09-09T08:11:55.0965081Z [command]/usr/bin/git config --local --get-all includeif.gitdir:/github/workspace/.git/worktrees/*.path
lint	Post Run actions/checkout@v6	2026-09-09T08:11:55.0996941Z /github/runner_temp/git-credentials-e29d1c9b-45af-455f-8802-e44a6a79082b.config
lint	Post Run actions/checkout@v6	2026-09-09T08:11:55.1007160Z [command]/usr/bin/git config --local --unset includeif.gitdir:/github/workspace/.git/worktrees/*.path /github/runner_temp/git-credentials-e29d1c9b-45af-455f-8802-e44a6a79082b.config
lint	Post Run actions/checkout@v6	2026-09-09T08:11:55.1440692Z [command]/usr/bin/git submodule foreach --recursive git config --local --show-origin --name-only --get-regexp remote.origin.url
lint	Post Run actions/checkout@v6	2026-09-09T08:11:55.1683457Z Removing credentials config '/home/runner/work/_temp/git-credentials-e29d1c9b-45af-455f-8802-e44a6a79082b.config'
lint	Complete job	﻿2026-09-09T08:11:55.1839362Z Cleaning up orphan processes
