test (x86_64-unknown-linux-gnu, ubuntu-latest)	Set up job	﻿2026-09-10T06:02:59.1211892Z Current runner version: '2.337.0'
test (x86_64-unknown-linux-gnu, ubuntu-latest)	Set up job	2026-09-10T06:02:59.1236570Z ##[group]Runner Image Provisioner
test (x86_64-unknown-linux-gnu, ubuntu-latest)	Set up job	2026-09-10T06:02:59.1237352Z Hosted Compute Agent
test (x86_64-unknown-linux-gnu, ubuntu-latest)	Set up job	2026-09-10T06:02:59.1237929Z Version: 20260828.587
test (x86_64-unknown-linux-gnu, ubuntu-latest)	Set up job	2026-09-10T06:02:59.1238501Z Commit: abac92662cab4cc7352de4f9f9d2e2419aad9c29
test (x86_64-unknown-linux-gnu, ubuntu-latest)	Set up job	2026-09-10T06:02:59.1239135Z Build Date: 2026-08-28T16:44:25Z
test (x86_64-unknown-linux-gnu, ubuntu-latest)	Set up job	2026-09-10T06:02:59.1239809Z Worker ID: {1bf9c6a7-f740-42b6-b051-eeb20ec3f9f7}
test (x86_64-unknown-linux-gnu, ubuntu-latest)	Set up job	2026-09-10T06:02:59.1240481Z Azure Region: westus3
test (x86_64-unknown-linux-gnu, ubuntu-latest)	Set up job	2026-09-10T06:02:59.1241010Z ##[endgroup]
test (x86_64-unknown-linux-gnu, ubuntu-latest)	Set up job	2026-09-10T06:02:59.1242369Z ##[group]Operating System
test (x86_64-unknown-linux-gnu, ubuntu-latest)	Set up job	2026-09-10T06:02:59.1242942Z Ubuntu
test (x86_64-unknown-linux-gnu, ubuntu-latest)	Set up job	2026-09-10T06:02:59.1243482Z 24.04.5
test (x86_64-unknown-linux-gnu, ubuntu-latest)	Set up job	2026-09-10T06:02:59.1243937Z LTS
test (x86_64-unknown-linux-gnu, ubuntu-latest)	Set up job	2026-09-10T06:02:59.1244398Z ##[endgroup]
test (x86_64-unknown-linux-gnu, ubuntu-latest)	Set up job	2026-09-10T06:02:59.1244893Z ##[group]Runner Image
test (x86_64-unknown-linux-gnu, ubuntu-latest)	Set up job	2026-09-10T06:02:59.1245851Z Image: ubuntu-24.04
test (x86_64-unknown-linux-gnu, ubuntu-latest)	Set up job	2026-09-10T06:02:59.1246488Z Version: 20260907.300.1
test (x86_64-unknown-linux-gnu, ubuntu-latest)	Set up job	2026-09-10T06:02:59.1247447Z Included Software: https://github.com/actions/runner-images/blob/ubuntu24/20260907.300/images/ubuntu/Ubuntu2404-Readme.md
test (x86_64-unknown-linux-gnu, ubuntu-latest)	Set up job	2026-09-10T06:02:59.1249023Z Image Release: https://github.com/actions/runner-images/releases/tag/ubuntu24%2F20260907.300
test (x86_64-unknown-linux-gnu, ubuntu-latest)	Set up job	2026-09-10T06:02:59.1249849Z ##[endgroup]
test (x86_64-unknown-linux-gnu, ubuntu-latest)	Set up job	2026-09-10T06:02:59.1250972Z ##[group]GITHUB_TOKEN Permissions
test (x86_64-unknown-linux-gnu, ubuntu-latest)	Set up job	2026-09-10T06:02:59.1252972Z Contents: read
test (x86_64-unknown-linux-gnu, ubuntu-latest)	Set up job	2026-09-10T06:02:59.1253538Z Metadata: read
test (x86_64-unknown-linux-gnu, ubuntu-latest)	Set up job	2026-09-10T06:02:59.1254086Z Packages: read
test (x86_64-unknown-linux-gnu, ubuntu-latest)	Set up job	2026-09-10T06:02:59.1254620Z ##[endgroup]
test (x86_64-unknown-linux-gnu, ubuntu-latest)	Set up job	2026-09-10T06:02:59.1256842Z Secret source: Actions
test (x86_64-unknown-linux-gnu, ubuntu-latest)	Set up job	2026-09-10T06:02:59.1257760Z Cache mode: write
test (x86_64-unknown-linux-gnu, ubuntu-latest)	Set up job	2026-09-10T06:02:59.1258373Z Prepare workflow directory
test (x86_64-unknown-linux-gnu, ubuntu-latest)	Set up job	2026-09-10T06:02:59.1591833Z Prepare all required actions
test (x86_64-unknown-linux-gnu, ubuntu-latest)	Set up job	2026-09-10T06:02:59.1643327Z Getting action download info
test (x86_64-unknown-linux-gnu, ubuntu-latest)	Set up job	2026-09-10T06:02:59.4826633Z Download action repository 'actions/checkout@v6' (SHA:d23441a48e516b6c34aea4fa41551a30e30af803)
test (x86_64-unknown-linux-gnu, ubuntu-latest)	Set up job	2026-09-10T06:02:59.5592002Z Download action repository 'actions-rust-lang/setup-rust-toolchain@v1' (SHA:166cdcfd11aee3cb47222f9ddb555ce30ddb9659)
test (x86_64-unknown-linux-gnu, ubuntu-latest)	Set up job	2026-09-10T06:02:59.7854085Z Download action repository 'awalsh128/cache-apt-pkgs-action@v1' (SHA:553a35bb8ebd9fcabcb1c9451aa4c98e1b4ca8a9)
test (x86_64-unknown-linux-gnu, ubuntu-latest)	Set up job	2026-09-10T06:03:00.8186731Z Getting action download info
test (x86_64-unknown-linux-gnu, ubuntu-latest)	Set up job	2026-09-10T06:03:00.9467156Z Download action repository 'Swatinem/rust-cache@c19371144df3bb44fab255c43d04cbc2ab54d1c4' (SHA:c19371144df3bb44fab255c43d04cbc2ab54d1c4)
test (x86_64-unknown-linux-gnu, ubuntu-latest)	Set up job	2026-09-10T06:03:01.9012397Z Getting action download info
test (x86_64-unknown-linux-gnu, ubuntu-latest)	Set up job	2026-09-10T06:03:02.0357004Z Download action repository 'actions/cache@55cc8345863c7cc4c66a329aec7e433d2d1c52a9' (SHA:55cc8345863c7cc4c66a329aec7e433d2d1c52a9)
test (x86_64-unknown-linux-gnu, ubuntu-latest)	Set up job	2026-09-10T06:03:02.1320176Z Download action repository 'actions/upload-artifact@bbbca2ddaa5d8feaa63e36b76fdaad77386f024f' (SHA:bbbca2ddaa5d8feaa63e36b76fdaad77386f024f)
test (x86_64-unknown-linux-gnu, ubuntu-latest)	Set up job	2026-09-10T06:03:02.3666547Z Complete job name: test (x86_64-unknown-linux-gnu, ubuntu-latest)
test (x86_64-unknown-linux-gnu, ubuntu-latest)	Run actions/checkout@v6	﻿2026-09-10T06:03:02.4288331Z ##[group]Run actions/checkout@v6
test (x86_64-unknown-linux-gnu, ubuntu-latest)	Run actions/checkout@v6	2026-09-10T06:03:02.4288889Z with:
test (x86_64-unknown-linux-gnu, ubuntu-latest)	Run actions/checkout@v6	2026-09-10T06:03:02.4289109Z   repository: td72/vig
test (x86_64-unknown-linux-gnu, ubuntu-latest)	Run actions/checkout@v6	2026-09-10T06:03:02.4291625Z   token: ***
test (x86_64-unknown-linux-gnu, ubuntu-latest)	Run actions/checkout@v6	2026-09-10T06:03:02.4291833Z   ssh-strict: true
test (x86_64-unknown-linux-gnu, ubuntu-latest)	Run actions/checkout@v6	2026-09-10T06:03:02.4292079Z   ssh-user: git
test (x86_64-unknown-linux-gnu, ubuntu-latest)	Run actions/checkout@v6	2026-09-10T06:03:02.4292297Z   persist-credentials: true
test (x86_64-unknown-linux-gnu, ubuntu-latest)	Run actions/checkout@v6	2026-09-10T06:03:02.4292537Z   clean: true
test (x86_64-unknown-linux-gnu, ubuntu-latest)	Run actions/checkout@v6	2026-09-10T06:03:02.4292752Z   sparse-checkout-cone-mode: true
test (x86_64-unknown-linux-gnu, ubuntu-latest)	Run actions/checkout@v6	2026-09-10T06:03:02.4293030Z   fetch-depth: 1
test (x86_64-unknown-linux-gnu, ubuntu-latest)	Run actions/checkout@v6	2026-09-10T06:03:02.4293240Z   fetch-tags: false
test (x86_64-unknown-linux-gnu, ubuntu-latest)	Run actions/checkout@v6	2026-09-10T06:03:02.4293450Z   show-progress: true
test (x86_64-unknown-linux-gnu, ubuntu-latest)	Run actions/checkout@v6	2026-09-10T06:03:02.4293664Z   lfs: false
test (x86_64-unknown-linux-gnu, ubuntu-latest)	Run actions/checkout@v6	2026-09-10T06:03:02.4293861Z   submodules: false
test (x86_64-unknown-linux-gnu, ubuntu-latest)	Run actions/checkout@v6	2026-09-10T06:03:02.4294084Z   set-safe-directory: true
test (x86_64-unknown-linux-gnu, ubuntu-latest)	Run actions/checkout@v6	2026-09-10T06:03:02.4294337Z   allow-unsafe-pr-checkout: false
test (x86_64-unknown-linux-gnu, ubuntu-latest)	Run actions/checkout@v6	2026-09-10T06:03:02.4294756Z ##[endgroup]
test (x86_64-unknown-linux-gnu, ubuntu-latest)	Run actions/checkout@v6	2026-09-10T06:03:02.5302645Z Syncing repository: td72/vig
test (x86_64-unknown-linux-gnu, ubuntu-latest)	Run actions/checkout@v6	2026-09-10T06:03:02.5305377Z ##[group]Getting Git version info
test (x86_64-unknown-linux-gnu, ubuntu-latest)	Run actions/checkout@v6	2026-09-10T06:03:02.5306217Z Working directory is '/home/runner/work/vig/vig'
test (x86_64-unknown-linux-gnu, ubuntu-latest)	Run actions/checkout@v6	2026-09-10T06:03:02.5307480Z [command]/usr/bin/git version
test (x86_64-unknown-linux-gnu, ubuntu-latest)	Run actions/checkout@v6	2026-09-10T06:03:02.5339749Z git version 2.55.0
test (x86_64-unknown-linux-gnu, ubuntu-latest)	Run actions/checkout@v6	2026-09-10T06:03:02.5361109Z ##[endgroup]
test (x86_64-unknown-linux-gnu, ubuntu-latest)	Run actions/checkout@v6	2026-09-10T06:03:02.5374569Z Temporarily overriding HOME='/home/runner/work/_temp/eb0ef74a-6eb6-416d-b9b1-ecddae1ca1c3' before making global git config changes
test (x86_64-unknown-linux-gnu, ubuntu-latest)	Run actions/checkout@v6	2026-09-10T06:03:02.5376710Z Adding repository directory to the temporary git global config as a safe directory
test (x86_64-unknown-linux-gnu, ubuntu-latest)	Run actions/checkout@v6	2026-09-10T06:03:02.5379930Z [command]/usr/bin/git config --global --add safe.directory /home/runner/work/vig/vig
test (x86_64-unknown-linux-gnu, ubuntu-latest)	Run actions/checkout@v6	2026-09-10T06:03:02.5453001Z Deleting the contents of '/home/runner/work/vig/vig'
test (x86_64-unknown-linux-gnu, ubuntu-latest)	Run actions/checkout@v6	2026-09-10T06:03:02.5454404Z ##[group]Determining repository object format
test (x86_64-unknown-linux-gnu, ubuntu-latest)	Run actions/checkout@v6	2026-09-10T06:03:02.5455359Z ##[endgroup]
test (x86_64-unknown-linux-gnu, ubuntu-latest)	Run actions/checkout@v6	2026-09-10T06:03:02.5456276Z ##[group]Initializing the repository
test (x86_64-unknown-linux-gnu, ubuntu-latest)	Run actions/checkout@v6	2026-09-10T06:03:02.5456755Z [command]/usr/bin/git init /home/runner/work/vig/vig
test (x86_64-unknown-linux-gnu, ubuntu-latest)	Run actions/checkout@v6	2026-09-10T06:03:02.5537303Z hint: Using 'master' as the name for the initial branch. This default branch name
test (x86_64-unknown-linux-gnu, ubuntu-latest)	Run actions/checkout@v6	2026-09-10T06:03:02.5538809Z hint: will change to "main" in Git 3.0. To configure the initial branch name
test (x86_64-unknown-linux-gnu, ubuntu-latest)	Run actions/checkout@v6	2026-09-10T06:03:02.5539997Z hint: to use in all of your new repositories, which will suppress this warning,
test (x86_64-unknown-linux-gnu, ubuntu-latest)	Run actions/checkout@v6	2026-09-10T06:03:02.5540946Z hint: call:
test (x86_64-unknown-linux-gnu, ubuntu-latest)	Run actions/checkout@v6	2026-09-10T06:03:02.5541490Z hint:
test (x86_64-unknown-linux-gnu, ubuntu-latest)	Run actions/checkout@v6	2026-09-10T06:03:02.5542166Z hint: 	git config --global init.defaultBranch <name>
test (x86_64-unknown-linux-gnu, ubuntu-latest)	Run actions/checkout@v6	2026-09-10T06:03:02.5543213Z hint:
test (x86_64-unknown-linux-gnu, ubuntu-latest)	Run actions/checkout@v6	2026-09-10T06:03:02.5543850Z hint: Names commonly chosen instead of 'master' are 'main', 'trunk' and
test (x86_64-unknown-linux-gnu, ubuntu-latest)	Run actions/checkout@v6	2026-09-10T06:03:02.5544660Z hint: 'development'. The just-created branch can be renamed via this command:
test (x86_64-unknown-linux-gnu, ubuntu-latest)	Run actions/checkout@v6	2026-09-10T06:03:02.5545341Z hint:
test (x86_64-unknown-linux-gnu, ubuntu-latest)	Run actions/checkout@v6	2026-09-10T06:03:02.5545890Z hint: 	git branch -m <name>
test (x86_64-unknown-linux-gnu, ubuntu-latest)	Run actions/checkout@v6	2026-09-10T06:03:02.5546278Z hint:
test (x86_64-unknown-linux-gnu, ubuntu-latest)	Run actions/checkout@v6	2026-09-10T06:03:02.5546861Z hint: Disable this message with "git config set advice.defaultBranchName false"
test (x86_64-unknown-linux-gnu, ubuntu-latest)	Run actions/checkout@v6	2026-09-10T06:03:02.5547768Z Initialized empty Git repository in /home/runner/work/vig/vig/.git/
test (x86_64-unknown-linux-gnu, ubuntu-latest)	Run actions/checkout@v6	2026-09-10T06:03:02.5552100Z [command]/usr/bin/git remote add origin https://github.com/td72/vig
test (x86_64-unknown-linux-gnu, ubuntu-latest)	Run actions/checkout@v6	2026-09-10T06:03:02.5591051Z ##[endgroup]
test (x86_64-unknown-linux-gnu, ubuntu-latest)	Run actions/checkout@v6	2026-09-10T06:03:02.5591808Z ##[group]Disabling automatic garbage collection
test (x86_64-unknown-linux-gnu, ubuntu-latest)	Run actions/checkout@v6	2026-09-10T06:03:02.5594752Z [command]/usr/bin/git config --local gc.auto 0
test (x86_64-unknown-linux-gnu, ubuntu-latest)	Run actions/checkout@v6	2026-09-10T06:03:02.5619219Z ##[endgroup]
test (x86_64-unknown-linux-gnu, ubuntu-latest)	Run actions/checkout@v6	2026-09-10T06:03:02.5620510Z ##[group]Setting up auth
test (x86_64-unknown-linux-gnu, ubuntu-latest)	Run actions/checkout@v6	2026-09-10T06:03:02.5621129Z Removing SSH command configuration
test (x86_64-unknown-linux-gnu, ubuntu-latest)	Run actions/checkout@v6	2026-09-10T06:03:02.5626899Z [command]/usr/bin/git config --local --name-only --get-regexp core\.sshCommand
test (x86_64-unknown-linux-gnu, ubuntu-latest)	Run actions/checkout@v6	2026-09-10T06:03:02.5653474Z [command]/usr/bin/git submodule foreach --recursive sh -c "git config --local --name-only --get-regexp 'core\.sshCommand' && git config --local --unset-all 'core.sshCommand' || :"
test (x86_64-unknown-linux-gnu, ubuntu-latest)	Run actions/checkout@v6	2026-09-10T06:03:02.5968268Z Removing HTTP extra header
test (x86_64-unknown-linux-gnu, ubuntu-latest)	Run actions/checkout@v6	2026-09-10T06:03:02.5975222Z [command]/usr/bin/git config --local --name-only --get-regexp http\.https\:\/\/github\.com\/\.extraheader
test (x86_64-unknown-linux-gnu, ubuntu-latest)	Run actions/checkout@v6	2026-09-10T06:03:02.6008731Z [command]/usr/bin/git submodule foreach --recursive sh -c "git config --local --name-only --get-regexp 'http\.https\:\/\/github\.com\/\.extraheader' && git config --local --unset-all 'http.https://github.com/.extraheader' || :"
test (x86_64-unknown-linux-gnu, ubuntu-latest)	Run actions/checkout@v6	2026-09-10T06:03:02.6196073Z Removing includeIf entries pointing to credentials config files
test (x86_64-unknown-linux-gnu, ubuntu-latest)	Run actions/checkout@v6	2026-09-10T06:03:02.6202294Z [command]/usr/bin/git config --local --name-only --get-regexp ^includeIf\.gitdir:
test (x86_64-unknown-linux-gnu, ubuntu-latest)	Run actions/checkout@v6	2026-09-10T06:03:02.6232975Z [command]/usr/bin/git submodule foreach --recursive git config --local --show-origin --name-only --get-regexp remote.origin.url
test (x86_64-unknown-linux-gnu, ubuntu-latest)	Run actions/checkout@v6	2026-09-10T06:03:02.6412810Z [command]/usr/bin/git config --file /home/runner/work/_temp/git-credentials-65bf2255-530f-4739-8edc-e6bb82a75c22.config http.https://github.com/.extraheader AUTHORIZATION: basic ***
test (x86_64-unknown-linux-gnu, ubuntu-latest)	Run actions/checkout@v6	2026-09-10T06:03:02.6446183Z [command]/usr/bin/git config --local includeIf.gitdir:/home/runner/work/vig/vig/.git.path /home/runner/work/_temp/git-credentials-65bf2255-530f-4739-8edc-e6bb82a75c22.config
test (x86_64-unknown-linux-gnu, ubuntu-latest)	Run actions/checkout@v6	2026-09-10T06:03:02.6480775Z [command]/usr/bin/git config --local includeIf.gitdir:/home/runner/work/vig/vig/.git/worktrees/*.path /home/runner/work/_temp/git-credentials-65bf2255-530f-4739-8edc-e6bb82a75c22.config
test (x86_64-unknown-linux-gnu, ubuntu-latest)	Run actions/checkout@v6	2026-09-10T06:03:02.6512537Z [command]/usr/bin/git config --local includeIf.gitdir:/github/workspace/.git.path /github/runner_temp/git-credentials-65bf2255-530f-4739-8edc-e6bb82a75c22.config
test (x86_64-unknown-linux-gnu, ubuntu-latest)	Run actions/checkout@v6	2026-09-10T06:03:02.6540384Z [command]/usr/bin/git config --local includeIf.gitdir:/github/workspace/.git/worktrees/*.path /github/runner_temp/git-credentials-65bf2255-530f-4739-8edc-e6bb82a75c22.config
test (x86_64-unknown-linux-gnu, ubuntu-latest)	Run actions/checkout@v6	2026-09-10T06:03:02.6570385Z ##[endgroup]
test (x86_64-unknown-linux-gnu, ubuntu-latest)	Run actions/checkout@v6	2026-09-10T06:03:02.6571019Z ##[group]Fetching the repository
test (x86_64-unknown-linux-gnu, ubuntu-latest)	Run actions/checkout@v6	2026-09-10T06:03:02.6579508Z [command]/usr/bin/git -c protocol.version=2 fetch --no-tags --prune --no-recurse-submodules --depth=1 origin +c1c06546dca5c7c103ec074896333d8f743fbf49:refs/remotes/origin/main
test (x86_64-unknown-linux-gnu, ubuntu-latest)	Run actions/checkout@v6	2026-09-10T06:03:03.5635157Z From https://github.com/td72/vig
test (x86_64-unknown-linux-gnu, ubuntu-latest)	Run actions/checkout@v6	2026-09-10T06:03:03.5636115Z  * [new ref]         c1c06546dca5c7c103ec074896333d8f743fbf49 -> origin/main
test (x86_64-unknown-linux-gnu, ubuntu-latest)	Run actions/checkout@v6	2026-09-10T06:03:03.5645352Z [command]/usr/bin/git branch --list --remote origin/main
test (x86_64-unknown-linux-gnu, ubuntu-latest)	Run actions/checkout@v6	2026-09-10T06:03:03.5667313Z   origin/main
test (x86_64-unknown-linux-gnu, ubuntu-latest)	Run actions/checkout@v6	2026-09-10T06:03:03.5674612Z [command]/usr/bin/git rev-parse refs/remotes/origin/main
test (x86_64-unknown-linux-gnu, ubuntu-latest)	Run actions/checkout@v6	2026-09-10T06:03:03.5694578Z c1c06546dca5c7c103ec074896333d8f743fbf49
test (x86_64-unknown-linux-gnu, ubuntu-latest)	Run actions/checkout@v6	2026-09-10T06:03:03.5697101Z ##[endgroup]
test (x86_64-unknown-linux-gnu, ubuntu-latest)	Run actions/checkout@v6	2026-09-10T06:03:03.5697556Z ##[group]Determining the checkout info
test (x86_64-unknown-linux-gnu, ubuntu-latest)	Run actions/checkout@v6	2026-09-10T06:03:03.5698125Z ##[endgroup]
test (x86_64-unknown-linux-gnu, ubuntu-latest)	Run actions/checkout@v6	2026-09-10T06:03:03.5702388Z [command]/usr/bin/git sparse-checkout disable
test (x86_64-unknown-linux-gnu, ubuntu-latest)	Run actions/checkout@v6	2026-09-10T06:03:03.5741647Z [command]/usr/bin/git config --local --unset-all extensions.worktreeConfig
test (x86_64-unknown-linux-gnu, ubuntu-latest)	Run actions/checkout@v6	2026-09-10T06:03:03.5763428Z ##[group]Checking out the ref
test (x86_64-unknown-linux-gnu, ubuntu-latest)	Run actions/checkout@v6	2026-09-10T06:03:03.5766818Z [command]/usr/bin/git checkout --progress --force -B main refs/remotes/origin/main
test (x86_64-unknown-linux-gnu, ubuntu-latest)	Run actions/checkout@v6	2026-09-10T06:03:03.6532285Z Switched to a new branch 'main'
test (x86_64-unknown-linux-gnu, ubuntu-latest)	Run actions/checkout@v6	2026-09-10T06:03:03.6536383Z branch 'main' set up to track 'origin/main'.
test (x86_64-unknown-linux-gnu, ubuntu-latest)	Run actions/checkout@v6	2026-09-10T06:03:03.6775828Z ##[endgroup]
test (x86_64-unknown-linux-gnu, ubuntu-latest)	Run actions/checkout@v6	2026-09-10T06:03:03.6812916Z [command]/usr/bin/git log -1 --format=%H
test (x86_64-unknown-linux-gnu, ubuntu-latest)	Run actions/checkout@v6	2026-09-10T06:03:03.6833322Z c1c06546dca5c7c103ec074896333d8f743fbf49
test (x86_64-unknown-linux-gnu, ubuntu-latest)	Run actions-rust-lang/setup-rust-toolchain@v1	﻿2026-09-10T06:03:03.7202602Z ##[group]Run actions-rust-lang/setup-rust-toolchain@v1
test (x86_64-unknown-linux-gnu, ubuntu-latest)	Run actions-rust-lang/setup-rust-toolchain@v1	2026-09-10T06:03:03.7202980Z with:
test (x86_64-unknown-linux-gnu, ubuntu-latest)	Run actions-rust-lang/setup-rust-toolchain@v1	2026-09-10T06:03:03.7203199Z   target: x86_64-unknown-linux-gnu
test (x86_64-unknown-linux-gnu, ubuntu-latest)	Run actions-rust-lang/setup-rust-toolchain@v1	2026-09-10T06:03:03.7203450Z   cache: true
test (x86_64-unknown-linux-gnu, ubuntu-latest)	Run actions-rust-lang/setup-rust-toolchain@v1	2026-09-10T06:03:03.7203661Z   cache-on-failure: true
test (x86_64-unknown-linux-gnu, ubuntu-latest)	Run actions-rust-lang/setup-rust-toolchain@v1	2026-09-10T06:03:03.7203907Z   cache-bin: true
test (x86_64-unknown-linux-gnu, ubuntu-latest)	Run actions-rust-lang/setup-rust-toolchain@v1	2026-09-10T06:03:03.7204126Z   cache-provider: github
test (x86_64-unknown-linux-gnu, ubuntu-latest)	Run actions-rust-lang/setup-rust-toolchain@v1	2026-09-10T06:03:03.7204354Z   cache-all-crates: false
test (x86_64-unknown-linux-gnu, ubuntu-latest)	Run actions-rust-lang/setup-rust-toolchain@v1	2026-09-10T06:03:03.7204594Z   cache-workspace-crates: false
test (x86_64-unknown-linux-gnu, ubuntu-latest)	Run actions-rust-lang/setup-rust-toolchain@v1	2026-09-10T06:03:03.7204839Z   cache-save-if: true
test (x86_64-unknown-linux-gnu, ubuntu-latest)	Run actions-rust-lang/setup-rust-toolchain@v1	2026-09-10T06:03:03.7205057Z   cache-targets: true
test (x86_64-unknown-linux-gnu, ubuntu-latest)	Run actions-rust-lang/setup-rust-toolchain@v1	2026-09-10T06:03:03.7205262Z   matcher: true
test (x86_64-unknown-linux-gnu, ubuntu-latest)	Run actions-rust-lang/setup-rust-toolchain@v1	2026-09-10T06:03:03.7205629Z   rustflags: -D warnings
test (x86_64-unknown-linux-gnu, ubuntu-latest)	Run actions-rust-lang/setup-rust-toolchain@v1	2026-09-10T06:03:03.7205854Z   override: true
test (x86_64-unknown-linux-gnu, ubuntu-latest)	Run actions-rust-lang/setup-rust-toolchain@v1	2026-09-10T06:03:03.7206059Z ##[endgroup]
test (x86_64-unknown-linux-gnu, ubuntu-latest)	Run actions-rust-lang/setup-rust-toolchain@v1	2026-09-10T06:03:03.7267204Z ##[start-action display=Unbork mac;id=__actions-rust-lang_setup-rust-toolchain.__run]
test (x86_64-unknown-linux-gnu, ubuntu-latest)	Run actions-rust-lang/setup-rust-toolchain@v1	2026-09-10T06:03:03.7285608Z ##[end-action id=__actions-rust-lang_setup-rust-toolchain.__run;outcome=skipped;conclusion=skipped;duration_ms=0]
test (x86_64-unknown-linux-gnu, ubuntu-latest)	Run actions-rust-lang/setup-rust-toolchain@v1	2026-09-10T06:03:03.7322586Z ##[start-action display=Run : construct rustup command line;id=__actions-rust-lang_setup-rust-toolchain.flags]
test (x86_64-unknown-linux-gnu, ubuntu-latest)	Run actions-rust-lang/setup-rust-toolchain@v1	2026-09-10T06:03:03.7361103Z ##[group]Run : construct rustup command line
test (x86_64-unknown-linux-gnu, ubuntu-latest)	Run actions-rust-lang/setup-rust-toolchain@v1	2026-09-10T06:03:03.7361626Z ^[[36;1m: construct rustup command line^[[0m
test (x86_64-unknown-linux-gnu, ubuntu-latest)	Run actions-rust-lang/setup-rust-toolchain@v1	2026-09-10T06:03:03.7362398Z ^[[36;1mecho "targets=$(for t in ${_srt_targets//,/ }; do echo -n ' --target' $t; done)" >> $GITHUB_OUTPUT^[[0m
test (x86_64-unknown-linux-gnu, ubuntu-latest)	Run actions-rust-lang/setup-rust-toolchain@v1	2026-09-10T06:03:03.7363249Z ^[[36;1mecho "components=$(for c in ${_srt_components//,/ }; do echo -n ' --component' $c; done)" >> $GITHUB_OUTPUT^[[0m
test (x86_64-unknown-linux-gnu, ubuntu-latest)	Run actions-rust-lang/setup-rust-toolchain@v1	2026-09-10T06:03:03.7363965Z ^[[36;1mecho "downgrade=" >> $GITHUB_OUTPUT^[[0m
test (x86_64-unknown-linux-gnu, ubuntu-latest)	Run actions-rust-lang/setup-rust-toolchain@v1	2026-09-10T06:03:03.7388901Z shell: /usr/bin/bash --noprofile --norc -e -o pipefail {0}
test (x86_64-unknown-linux-gnu, ubuntu-latest)	Run actions-rust-lang/setup-rust-toolchain@v1	2026-09-10T06:03:03.7389353Z env:
test (x86_64-unknown-linux-gnu, ubuntu-latest)	Run actions-rust-lang/setup-rust-toolchain@v1	2026-09-10T06:03:03.7389649Z   _srt_targets: x86_64-unknown-linux-gnu
test (x86_64-unknown-linux-gnu, ubuntu-latest)	Run actions-rust-lang/setup-rust-toolchain@v1	2026-09-10T06:03:03.7390012Z   _srt_components: 
test (x86_64-unknown-linux-gnu, ubuntu-latest)	Run actions-rust-lang/setup-rust-toolchain@v1	2026-09-10T06:03:03.7390298Z ##[endgroup]
test (x86_64-unknown-linux-gnu, ubuntu-latest)	Run actions-rust-lang/setup-rust-toolchain@v1	2026-09-10T06:03:03.7490744Z ##[end-action id=__actions-rust-lang_setup-rust-toolchain.flags;outcome=success;conclusion=success;duration_ms=16]
test (x86_64-unknown-linux-gnu, ubuntu-latest)	Run actions-rust-lang/setup-rust-toolchain@v1	2026-09-10T06:03:03.7496973Z ##[start-action display=Setting Environment Variables;id=__actions-rust-lang_setup-rust-toolchain.__run_2]
test (x86_64-unknown-linux-gnu, ubuntu-latest)	Run actions-rust-lang/setup-rust-toolchain@v1	2026-09-10T06:03:03.7514950Z ##[group]Run if [[ ! -v CARGO_INCREMENTAL ]]; then
test (x86_64-unknown-linux-gnu, ubuntu-latest)	Run actions-rust-lang/setup-rust-toolchain@v1	2026-09-10T06:03:03.7515963Z ^[[36;1mif [[ ! -v CARGO_INCREMENTAL ]]; then^[[0m
test (x86_64-unknown-linux-gnu, ubuntu-latest)	Run actions-rust-lang/setup-rust-toolchain@v1	2026-09-10T06:03:03.7516544Z ^[[36;1m  echo "CARGO_INCREMENTAL=0" >> $GITHUB_ENV^[[0m
test (x86_64-unknown-linux-gnu, ubuntu-latest)	Run actions-rust-lang/setup-rust-toolchain@v1	2026-09-10T06:03:03.7517188Z ^[[36;1mfi^[[0m
test (x86_64-unknown-linux-gnu, ubuntu-latest)	Run actions-rust-lang/setup-rust-toolchain@v1	2026-09-10T06:03:03.7517625Z ^[[36;1mif [[ ! -v CARGO_PROFILE_DEV_DEBUG ]]; then^[[0m
test (x86_64-unknown-linux-gnu, ubuntu-latest)	Run actions-rust-lang/setup-rust-toolchain@v1	2026-09-10T06:03:03.7518280Z ^[[36;1m  echo "CARGO_PROFILE_DEV_DEBUG=0" >> $GITHUB_ENV^[[0m
test (x86_64-unknown-linux-gnu, ubuntu-latest)	Run actions-rust-lang/setup-rust-toolchain@v1	2026-09-10T06:03:03.7518885Z ^[[36;1mfi^[[0m
test (x86_64-unknown-linux-gnu, ubuntu-latest)	Run actions-rust-lang/setup-rust-toolchain@v1	2026-09-10T06:03:03.7519337Z ^[[36;1mif [[ ! -v CARGO_TERM_COLOR ]]; then^[[0m
test (x86_64-unknown-linux-gnu, ubuntu-latest)	Run actions-rust-lang/setup-rust-toolchain@v1	2026-09-10T06:03:03.7520085Z ^[[36;1m  echo "CARGO_TERM_COLOR=always" >> $GITHUB_ENV^[[0m
test (x86_64-unknown-linux-gnu, ubuntu-latest)	Run actions-rust-lang/setup-rust-toolchain@v1	2026-09-10T06:03:03.7520683Z ^[[36;1mfi^[[0m
test (x86_64-unknown-linux-gnu, ubuntu-latest)	Run actions-rust-lang/setup-rust-toolchain@v1	2026-09-10T06:03:03.7521150Z ^[[36;1mif [[ ! -v RUST_BACKTRACE ]]; then^[[0m
test (x86_64-unknown-linux-gnu, ubuntu-latest)	Run actions-rust-lang/setup-rust-toolchain@v1	2026-09-10T06:03:03.7521790Z ^[[36;1m  echo "RUST_BACKTRACE=short" >> $GITHUB_ENV^[[0m
test (x86_64-unknown-linux-gnu, ubuntu-latest)	Run actions-rust-lang/setup-rust-toolchain@v1	2026-09-10T06:03:03.7522386Z ^[[36;1mfi^[[0m
test (x86_64-unknown-linux-gnu, ubuntu-latest)	Run actions-rust-lang/setup-rust-toolchain@v1	2026-09-10T06:03:03.7523021Z ^[[36;1mif [[ ( ! -v RUSTFLAGS ) && $_srt_NEW_RUSTFLAGS != "" ]]; then^[[0m
test (x86_64-unknown-linux-gnu, ubuntu-latest)	Run actions-rust-lang/setup-rust-toolchain@v1	2026-09-10T06:03:03.7523709Z ^[[36;1m  echo "RUSTFLAGS=$_srt_NEW_RUSTFLAGS" >> $GITHUB_ENV^[[0m
test (x86_64-unknown-linux-gnu, ubuntu-latest)	Run actions-rust-lang/setup-rust-toolchain@v1	2026-09-10T06:03:03.7524093Z ^[[36;1mfi^[[0m
test (x86_64-unknown-linux-gnu, ubuntu-latest)	Run actions-rust-lang/setup-rust-toolchain@v1	2026-09-10T06:03:03.7524472Z ^[[36;1m# Enable faster sparse index on nightly^[[0m
test (x86_64-unknown-linux-gnu, ubuntu-latest)	Run actions-rust-lang/setup-rust-toolchain@v1	2026-09-10T06:03:03.7524894Z ^[[36;1m# The value is ignored on stable and causes no problems^[[0m
test (x86_64-unknown-linux-gnu, ubuntu-latest)	Run actions-rust-lang/setup-rust-toolchain@v1	2026-09-10T06:03:03.7525740Z ^[[36;1m# https://internals.rust-lang.org/t/call-for-testing-cargo-sparse-registry/16862^[[0m
test (x86_64-unknown-linux-gnu, ubuntu-latest)	Run actions-rust-lang/setup-rust-toolchain@v1	2026-09-10T06:03:03.7526313Z ^[[36;1mif [[ ! -v CARGO_UNSTABLE_SPARSE_REGISTRY ]]; then^[[0m
test (x86_64-unknown-linux-gnu, ubuntu-latest)	Run actions-rust-lang/setup-rust-toolchain@v1	2026-09-10T06:03:03.7526762Z ^[[36;1m  echo "CARGO_UNSTABLE_SPARSE_REGISTRY=true" >> $GITHUB_ENV^[[0m
test (x86_64-unknown-linux-gnu, ubuntu-latest)	Run actions-rust-lang/setup-rust-toolchain@v1	2026-09-10T06:03:03.7527198Z ^[[36;1mfi^[[0m
test (x86_64-unknown-linux-gnu, ubuntu-latest)	Run actions-rust-lang/setup-rust-toolchain@v1	2026-09-10T06:03:03.7527529Z ^[[36;1mif [[ ! -v CARGO_REGISTRIES_CRATES_IO_PROTOCOL ]]; then^[[0m
test (x86_64-unknown-linux-gnu, ubuntu-latest)	Run actions-rust-lang/setup-rust-toolchain@v1	2026-09-10T06:03:03.7528091Z ^[[36;1m  echo "CARGO_REGISTRIES_CRATES_IO_PROTOCOL=sparse" >> $GITHUB_ENV^[[0m
test (x86_64-unknown-linux-gnu, ubuntu-latest)	Run actions-rust-lang/setup-rust-toolchain@v1	2026-09-10T06:03:03.7528675Z ^[[36;1mfi^[[0m
test (x86_64-unknown-linux-gnu, ubuntu-latest)	Run actions-rust-lang/setup-rust-toolchain@v1	2026-09-10T06:03:03.7549389Z shell: /usr/bin/bash --noprofile --norc -e -o pipefail {0}
test (x86_64-unknown-linux-gnu, ubuntu-latest)	Run actions-rust-lang/setup-rust-toolchain@v1	2026-09-10T06:03:03.7549837Z env:
test (x86_64-unknown-linux-gnu, ubuntu-latest)	Run actions-rust-lang/setup-rust-toolchain@v1	2026-09-10T06:03:03.7550145Z   _srt_NEW_RUSTFLAGS: -D warnings
test (x86_64-unknown-linux-gnu, ubuntu-latest)	Run actions-rust-lang/setup-rust-toolchain@v1	2026-09-10T06:03:03.7550473Z ##[endgroup]
test (x86_64-unknown-linux-gnu, ubuntu-latest)	Run actions-rust-lang/setup-rust-toolchain@v1	2026-09-10T06:03:03.7600644Z ##[end-action id=__actions-rust-lang_setup-rust-toolchain.__run_2;outcome=success;conclusion=success;duration_ms=10]
test (x86_64-unknown-linux-gnu, ubuntu-latest)	Run actions-rust-lang/setup-rust-toolchain@v1	2026-09-10T06:03:03.7603380Z ##[start-action display=Install Rust Problem Matcher;id=__actions-rust-lang_setup-rust-toolchain.__run_3]
test (x86_64-unknown-linux-gnu, ubuntu-latest)	Run actions-rust-lang/setup-rust-toolchain@v1	2026-09-10T06:03:03.7624064Z ##[group]Run echo "::add-matcher::/home/runner/work/_actions/actions-rust-lang/setup-rust-toolchain/v1/rust.json"
test (x86_64-unknown-linux-gnu, ubuntu-latest)	Run actions-rust-lang/setup-rust-toolchain@v1	2026-09-10T06:03:03.7624884Z ^[[36;1mecho "::add-matcher::/home/runner/work/_actions/actions-rust-lang/setup-rust-toolchain/v1/rust.json"^[[0m
test (x86_64-unknown-linux-gnu, ubuntu-latest)	Run actions-rust-lang/setup-rust-toolchain@v1	2026-09-10T06:03:03.7644271Z shell: /usr/bin/bash --noprofile --norc -e -o pipefail {0}
test (x86_64-unknown-linux-gnu, ubuntu-latest)	Run actions-rust-lang/setup-rust-toolchain@v1	2026-09-10T06:03:03.7644773Z env:
test (x86_64-unknown-linux-gnu, ubuntu-latest)	Run actions-rust-lang/setup-rust-toolchain@v1	2026-09-10T06:03:03.7645158Z   CARGO_INCREMENTAL: 0
test (x86_64-unknown-linux-gnu, ubuntu-latest)	Run actions-rust-lang/setup-rust-toolchain@v1	2026-09-10T06:03:03.7645742Z   CARGO_PROFILE_DEV_DEBUG: 0
test (x86_64-unknown-linux-gnu, ubuntu-latest)	Run actions-rust-lang/setup-rust-toolchain@v1	2026-09-10T06:03:03.7646085Z   CARGO_TERM_COLOR: always
test (x86_64-unknown-linux-gnu, ubuntu-latest)	Run actions-rust-lang/setup-rust-toolchain@v1	2026-09-10T06:03:03.7646419Z   RUST_BACKTRACE: short
test (x86_64-unknown-linux-gnu, ubuntu-latest)	Run actions-rust-lang/setup-rust-toolchain@v1	2026-09-10T06:03:03.7723928Z   RUSTFLAGS: -D warnings
test (x86_64-unknown-linux-gnu, ubuntu-latest)	Run actions-rust-lang/setup-rust-toolchain@v1	2026-09-10T06:03:03.7724297Z   CARGO_UNSTABLE_SPARSE_REGISTRY: true
test (x86_64-unknown-linux-gnu, ubuntu-latest)	Run actions-rust-lang/setup-rust-toolchain@v1	2026-09-10T06:03:03.7724609Z   CARGO_REGISTRIES_CRATES_IO_PROTOCOL: sparse
test (x86_64-unknown-linux-gnu, ubuntu-latest)	Run actions-rust-lang/setup-rust-toolchain@v1	2026-09-10T06:03:03.7724912Z ##[endgroup]
test (x86_64-unknown-linux-gnu, ubuntu-latest)	Run actions-rust-lang/setup-rust-toolchain@v1	2026-09-10T06:03:03.7794539Z ##[end-action id=__actions-rust-lang_setup-rust-toolchain.__run_3;outcome=success;conclusion=success;duration_ms=19]
test (x86_64-unknown-linux-gnu, ubuntu-latest)	Run actions-rust-lang/setup-rust-toolchain@v1	2026-09-10T06:03:03.7798375Z ##[start-action display=Install rustup, if needed;id=__actions-rust-lang_setup-rust-toolchain.__run_4]
test (x86_64-unknown-linux-gnu, ubuntu-latest)	Run actions-rust-lang/setup-rust-toolchain@v1	2026-09-10T06:03:03.7812953Z ##[group]Run if ! command -v rustup &> /dev/null ; then
test (x86_64-unknown-linux-gnu, ubuntu-latest)	Run actions-rust-lang/setup-rust-toolchain@v1	2026-09-10T06:03:03.7813352Z ^[[36;1mif ! command -v rustup &> /dev/null ; then^[[0m
test (x86_64-unknown-linux-gnu, ubuntu-latest)	Run actions-rust-lang/setup-rust-toolchain@v1	2026-09-10T06:03:03.7813962Z ^[[36;1m  curl --proto '=https' --tlsv1.2 --retry 10 --retry-connrefused -fsSL "https://sh.rustup.rs" | sh -s -- --default-toolchain none -y^[[0m
test (x86_64-unknown-linux-gnu, ubuntu-latest)	Run actions-rust-lang/setup-rust-toolchain@v1	2026-09-10T06:03:03.7814518Z ^[[36;1m^[[0m
test (x86_64-unknown-linux-gnu, ubuntu-latest)	Run actions-rust-lang/setup-rust-toolchain@v1	2026-09-10T06:03:03.7814779Z ^[[36;1m  # Resolve the correct CARGO_HOME path depending on OS^[[0m
test (x86_64-unknown-linux-gnu, ubuntu-latest)	Run actions-rust-lang/setup-rust-toolchain@v1	2026-09-10T06:03:03.7815122Z ^[[36;1m  if [[ "$RUNNER_OS" == "Windows" ]]; then^[[0m
test (x86_64-unknown-linux-gnu, ubuntu-latest)	Run actions-rust-lang/setup-rust-toolchain@v1	2026-09-10T06:03:03.7815952Z ^[[36;1m    echo "${CARGO_HOME:-$USERPROFILE/.cargo}/bin" | sed 's|/|\\|g' >> $GITHUB_PATH^[[0m
test (x86_64-unknown-linux-gnu, ubuntu-latest)	Run actions-rust-lang/setup-rust-toolchain@v1	2026-09-10T06:03:03.7816340Z ^[[36;1m  else^[[0m
test (x86_64-unknown-linux-gnu, ubuntu-latest)	Run actions-rust-lang/setup-rust-toolchain@v1	2026-09-10T06:03:03.7816606Z ^[[36;1m    echo "${CARGO_HOME:-$HOME/.cargo}/bin" >> $GITHUB_PATH^[[0m
test (x86_64-unknown-linux-gnu, ubuntu-latest)	Run actions-rust-lang/setup-rust-toolchain@v1	2026-09-10T06:03:03.7816927Z ^[[36;1m  fi^[[0m
test (x86_64-unknown-linux-gnu, ubuntu-latest)	Run actions-rust-lang/setup-rust-toolchain@v1	2026-09-10T06:03:03.7817118Z ^[[36;1mfi^[[0m
test (x86_64-unknown-linux-gnu, ubuntu-latest)	Run actions-rust-lang/setup-rust-toolchain@v1	2026-09-10T06:03:03.7837396Z shell: /usr/bin/bash --noprofile --norc -e -o pipefail {0}
test (x86_64-unknown-linux-gnu, ubuntu-latest)	Run actions-rust-lang/setup-rust-toolchain@v1	2026-09-10T06:03:03.7837740Z env:
test (x86_64-unknown-linux-gnu, ubuntu-latest)	Run actions-rust-lang/setup-rust-toolchain@v1	2026-09-10T06:03:03.7837938Z   CARGO_INCREMENTAL: 0
test (x86_64-unknown-linux-gnu, ubuntu-latest)	Run actions-rust-lang/setup-rust-toolchain@v1	2026-09-10T06:03:03.7838172Z   CARGO_PROFILE_DEV_DEBUG: 0
test (x86_64-unknown-linux-gnu, ubuntu-latest)	Run actions-rust-lang/setup-rust-toolchain@v1	2026-09-10T06:03:03.7838422Z   CARGO_TERM_COLOR: always
test (x86_64-unknown-linux-gnu, ubuntu-latest)	Run actions-rust-lang/setup-rust-toolchain@v1	2026-09-10T06:03:03.7838657Z   RUST_BACKTRACE: short
test (x86_64-unknown-linux-gnu, ubuntu-latest)	Run actions-rust-lang/setup-rust-toolchain@v1	2026-09-10T06:03:03.7838885Z   RUSTFLAGS: -D warnings
test (x86_64-unknown-linux-gnu, ubuntu-latest)	Run actions-rust-lang/setup-rust-toolchain@v1	2026-09-10T06:03:03.7839127Z   CARGO_UNSTABLE_SPARSE_REGISTRY: true
test (x86_64-unknown-linux-gnu, ubuntu-latest)	Run actions-rust-lang/setup-rust-toolchain@v1	2026-09-10T06:03:03.7839423Z   CARGO_REGISTRIES_CRATES_IO_PROTOCOL: sparse
test (x86_64-unknown-linux-gnu, ubuntu-latest)	Run actions-rust-lang/setup-rust-toolchain@v1	2026-09-10T06:03:03.7839702Z   RUNNER_OS: Linux
test (x86_64-unknown-linux-gnu, ubuntu-latest)	Run actions-rust-lang/setup-rust-toolchain@v1	2026-09-10T06:03:03.7839906Z ##[endgroup]
test (x86_64-unknown-linux-gnu, ubuntu-latest)	Run actions-rust-lang/setup-rust-toolchain@v1	2026-09-10T06:03:03.7887663Z ##[end-action id=__actions-rust-lang_setup-rust-toolchain.__run_4;outcome=success;conclusion=success;duration_ms=8]
test (x86_64-unknown-linux-gnu, ubuntu-latest)	Run actions-rust-lang/setup-rust-toolchain@v1	2026-09-10T06:03:03.7892717Z ##[start-action display=rustup toolchain install stable;id=__actions-rust-lang_setup-rust-toolchain.__run_5]
test (x86_64-unknown-linux-gnu, ubuntu-latest)	Run actions-rust-lang/setup-rust-toolchain@v1	2026-09-10T06:03:03.7909032Z ##[group]Run # Check if value is set
test (x86_64-unknown-linux-gnu, ubuntu-latest)	Run actions-rust-lang/setup-rust-toolchain@v1	2026-09-10T06:03:03.7909378Z ^[[36;1m# Check if value is set^[[0m
test (x86_64-unknown-linux-gnu, ubuntu-latest)	Run actions-rust-lang/setup-rust-toolchain@v1	2026-09-10T06:03:03.7909656Z ^[[36;1mif [[ -n "$_srt_rust_src_dir" ]]^[[0m
test (x86_64-unknown-linux-gnu, ubuntu-latest)	Run actions-rust-lang/setup-rust-toolchain@v1	2026-09-10T06:03:03.7909927Z ^[[36;1mthen^[[0m
test (x86_64-unknown-linux-gnu, ubuntu-latest)	Run actions-rust-lang/setup-rust-toolchain@v1	2026-09-10T06:03:03.7910182Z ^[[36;1m  # If value is set the directory must exist^[[0m
test (x86_64-unknown-linux-gnu, ubuntu-latest)	Run actions-rust-lang/setup-rust-toolchain@v1	2026-09-10T06:03:03.7910495Z ^[[36;1m  if [[ -d "$_srt_rust_src_dir" ]]^[[0m
test (x86_64-unknown-linux-gnu, ubuntu-latest)	Run actions-rust-lang/setup-rust-toolchain@v1	2026-09-10T06:03:03.7910755Z ^[[36;1m  then^[[0m
test (x86_64-unknown-linux-gnu, ubuntu-latest)	Run actions-rust-lang/setup-rust-toolchain@v1	2026-09-10T06:03:03.7910966Z ^[[36;1m    cd "$_srt_rust_src_dir"^[[0m
test (x86_64-unknown-linux-gnu, ubuntu-latest)	Run actions-rust-lang/setup-rust-toolchain@v1	2026-09-10T06:03:03.7911212Z ^[[36;1m  else^[[0m
test (x86_64-unknown-linux-gnu, ubuntu-latest)	Run actions-rust-lang/setup-rust-toolchain@v1	2026-09-10T06:03:03.7911641Z ^[[36;1m    echo "'rust-src-dir' does not point to an existing directory" >&2^[[0m
test (x86_64-unknown-linux-gnu, ubuntu-latest)	Run actions-rust-lang/setup-rust-toolchain@v1	2026-09-10T06:03:03.7912103Z ^[[36;1m    echo "The value of 'rust-src-dir' is: ${_srt_rust_src_dir}" >&2^[[0m
test (x86_64-unknown-linux-gnu, ubuntu-latest)	Run actions-rust-lang/setup-rust-toolchain@v1	2026-09-10T06:03:03.7912465Z ^[[36;1m    exit 1^[[0m
test (x86_64-unknown-linux-gnu, ubuntu-latest)	Run actions-rust-lang/setup-rust-toolchain@v1	2026-09-10T06:03:03.7912693Z ^[[36;1m  fi^[[0m
test (x86_64-unknown-linux-gnu, ubuntu-latest)	Run actions-rust-lang/setup-rust-toolchain@v1	2026-09-10T06:03:03.7912883Z ^[[36;1mfi^[[0m
test (x86_64-unknown-linux-gnu, ubuntu-latest)	Run actions-rust-lang/setup-rust-toolchain@v1	2026-09-10T06:03:03.7913218Z ^[[36;1mif [[ -z "$_srt_toolchain" && ( -f "rust-toolchain" || -f "rust-toolchain.toml") ]]^[[0m
test (x86_64-unknown-linux-gnu, ubuntu-latest)	Run actions-rust-lang/setup-rust-toolchain@v1	2026-09-10T06:03:03.7913599Z ^[[36;1mthen^[[0m
test (x86_64-unknown-linux-gnu, ubuntu-latest)	Run actions-rust-lang/setup-rust-toolchain@v1	2026-09-10T06:03:03.7913848Z ^[[36;1m  # Install the toolchain as specified in the file^[[0m
test (x86_64-unknown-linux-gnu, ubuntu-latest)	Run actions-rust-lang/setup-rust-toolchain@v1	2026-09-10T06:03:03.7914251Z ^[[36;1m  # rustup show is the old way that implicitly installed a toolchain^[[0m
test (x86_64-unknown-linux-gnu, ubuntu-latest)	Run actions-rust-lang/setup-rust-toolchain@v1	2026-09-10T06:03:03.7914659Z ^[[36;1m  # rustup toolchain install is the new explicit way^[[0m
test (x86_64-unknown-linux-gnu, ubuntu-latest)	Run actions-rust-lang/setup-rust-toolchain@v1	2026-09-10T06:03:03.7915110Z ^[[36;1m  # https://github.com/rust-lang/rustup/issues/3635#issuecomment-2343511297^[[0m
test (x86_64-unknown-linux-gnu, ubuntu-latest)	Run actions-rust-lang/setup-rust-toolchain@v1	2026-09-10T06:03:03.7915878Z ^[[36;1m  rustup show active-toolchain || rustup toolchain install^[[0m
test (x86_64-unknown-linux-gnu, ubuntu-latest)	Run actions-rust-lang/setup-rust-toolchain@v1	2026-09-10T06:03:03.7916270Z ^[[36;1m  if [[ -n $_srt_components ]]; then^[[0m
test (x86_64-unknown-linux-gnu, ubuntu-latest)	Run actions-rust-lang/setup-rust-toolchain@v1	2026-09-10T06:03:03.7916596Z ^[[36;1m    rustup component add ${_srt_components//,/ }^[[0m
test (x86_64-unknown-linux-gnu, ubuntu-latest)	Run actions-rust-lang/setup-rust-toolchain@v1	2026-09-10T06:03:03.7916889Z ^[[36;1m  fi^[[0m
test (x86_64-unknown-linux-gnu, ubuntu-latest)	Run actions-rust-lang/setup-rust-toolchain@v1	2026-09-10T06:03:03.7917121Z ^[[36;1m  if [[ -n $_srt_targets ]]; then^[[0m
test (x86_64-unknown-linux-gnu, ubuntu-latest)	Run actions-rust-lang/setup-rust-toolchain@v1	2026-09-10T06:03:03.7917418Z ^[[36;1m    rustup target add ${_srt_targets//,/ }^[[0m
test (x86_64-unknown-linux-gnu, ubuntu-latest)	Run actions-rust-lang/setup-rust-toolchain@v1	2026-09-10T06:03:03.7917692Z ^[[36;1m  fi^[[0m
test (x86_64-unknown-linux-gnu, ubuntu-latest)	Run actions-rust-lang/setup-rust-toolchain@v1	2026-09-10T06:03:03.7917878Z ^[[36;1melse^[[0m
test (x86_64-unknown-linux-gnu, ubuntu-latest)	Run actions-rust-lang/setup-rust-toolchain@v1	2026-09-10T06:03:03.7918082Z ^[[36;1m  if [[ -z "$_srt_toolchain" ]]^[[0m
test (x86_64-unknown-linux-gnu, ubuntu-latest)	Run actions-rust-lang/setup-rust-toolchain@v1	2026-09-10T06:03:03.7918331Z ^[[36;1m  then^[[0m
test (x86_64-unknown-linux-gnu, ubuntu-latest)	Run actions-rust-lang/setup-rust-toolchain@v1	2026-09-10T06:03:03.7918552Z ^[[36;1m    _srt_toolchain=stable^[[0m
test (x86_64-unknown-linux-gnu, ubuntu-latest)	Run actions-rust-lang/setup-rust-toolchain@v1	2026-09-10T06:03:03.7918790Z ^[[36;1m  fi^[[0m
test (x86_64-unknown-linux-gnu, ubuntu-latest)	Run actions-rust-lang/setup-rust-toolchain@v1	2026-09-10T06:03:03.7919240Z ^[[36;1m  rustup toolchain install ${_srt_toolchain//,/ }  --target x86_64-unknown-linux-gnu --profile minimal --no-self-update^[[0m
test (x86_64-unknown-linux-gnu, ubuntu-latest)	Run actions-rust-lang/setup-rust-toolchain@v1	2026-09-10T06:03:03.7919778Z ^[[36;1m  # Take the last element from the list^[[0m
test (x86_64-unknown-linux-gnu, ubuntu-latest)	Run actions-rust-lang/setup-rust-toolchain@v1	2026-09-10T06:03:03.7920079Z ^[[36;1m  if [[ "$_srt_override" == "true" ]]^[[0m
test (x86_64-unknown-linux-gnu, ubuntu-latest)	Run actions-rust-lang/setup-rust-toolchain@v1	2026-09-10T06:03:03.7920352Z ^[[36;1m  then^[[0m
test (x86_64-unknown-linux-gnu, ubuntu-latest)	Run actions-rust-lang/setup-rust-toolchain@v1	2026-09-10T06:03:03.7920596Z ^[[36;1m    rustup override set ${_srt_toolchain//*,/ }^[[0m
test (x86_64-unknown-linux-gnu, ubuntu-latest)	Run actions-rust-lang/setup-rust-toolchain@v1	2026-09-10T06:03:03.7920881Z ^[[36;1m  fi^[[0m
test (x86_64-unknown-linux-gnu, ubuntu-latest)	Run actions-rust-lang/setup-rust-toolchain@v1	2026-09-10T06:03:03.7921066Z ^[[36;1mfi^[[0m
test (x86_64-unknown-linux-gnu, ubuntu-latest)	Run actions-rust-lang/setup-rust-toolchain@v1	2026-09-10T06:03:03.7941401Z shell: /usr/bin/bash --noprofile --norc -e -o pipefail {0}
test (x86_64-unknown-linux-gnu, ubuntu-latest)	Run actions-rust-lang/setup-rust-toolchain@v1	2026-09-10T06:03:03.7941746Z env:
test (x86_64-unknown-linux-gnu, ubuntu-latest)	Run actions-rust-lang/setup-rust-toolchain@v1	2026-09-10T06:03:03.7941961Z   CARGO_INCREMENTAL: 0
test (x86_64-unknown-linux-gnu, ubuntu-latest)	Run actions-rust-lang/setup-rust-toolchain@v1	2026-09-10T06:03:03.7942196Z   CARGO_PROFILE_DEV_DEBUG: 0
test (x86_64-unknown-linux-gnu, ubuntu-latest)	Run actions-rust-lang/setup-rust-toolchain@v1	2026-09-10T06:03:03.7942439Z   CARGO_TERM_COLOR: always
test (x86_64-unknown-linux-gnu, ubuntu-latest)	Run actions-rust-lang/setup-rust-toolchain@v1	2026-09-10T06:03:03.7942670Z   RUST_BACKTRACE: short
test (x86_64-unknown-linux-gnu, ubuntu-latest)	Run actions-rust-lang/setup-rust-toolchain@v1	2026-09-10T06:03:03.7942900Z   RUSTFLAGS: -D warnings
test (x86_64-unknown-linux-gnu, ubuntu-latest)	Run actions-rust-lang/setup-rust-toolchain@v1	2026-09-10T06:03:03.7943139Z   CARGO_UNSTABLE_SPARSE_REGISTRY: true
test (x86_64-unknown-linux-gnu, ubuntu-latest)	Run actions-rust-lang/setup-rust-toolchain@v1	2026-09-10T06:03:03.7943426Z   CARGO_REGISTRIES_CRATES_IO_PROTOCOL: sparse
test (x86_64-unknown-linux-gnu, ubuntu-latest)	Run actions-rust-lang/setup-rust-toolchain@v1	2026-09-10T06:03:03.7943706Z   _srt_toolchain: 
test (x86_64-unknown-linux-gnu, ubuntu-latest)	Run actions-rust-lang/setup-rust-toolchain@v1	2026-09-10T06:03:03.7943931Z   _srt_targets: x86_64-unknown-linux-gnu
test (x86_64-unknown-linux-gnu, ubuntu-latest)	Run actions-rust-lang/setup-rust-toolchain@v1	2026-09-10T06:03:03.7944201Z   _srt_components: 
test (x86_64-unknown-linux-gnu, ubuntu-latest)	Run actions-rust-lang/setup-rust-toolchain@v1	2026-09-10T06:03:03.7944403Z   _srt_override: true
test (x86_64-unknown-linux-gnu, ubuntu-latest)	Run actions-rust-lang/setup-rust-toolchain@v1	2026-09-10T06:03:03.7944622Z   _srt_rust_src_dir: 
test (x86_64-unknown-linux-gnu, ubuntu-latest)	Run actions-rust-lang/setup-rust-toolchain@v1	2026-09-10T06:03:03.7944836Z ##[endgroup]
test (x86_64-unknown-linux-gnu, ubuntu-latest)	Run actions-rust-lang/setup-rust-toolchain@v1	2026-09-10T06:03:03.9426514Z info: syncing channel updates for stable-x86_64-unknown-linux-gnu
test (x86_64-unknown-linux-gnu, ubuntu-latest)	Run actions-rust-lang/setup-rust-toolchain@v1	2026-09-10T06:03:04.0343769Z info: latest update on 2026-09-03 for version 1.98.1 (48a229cea 2026-09-01)
test (x86_64-unknown-linux-gnu, ubuntu-latest)	Run actions-rust-lang/setup-rust-toolchain@v1	2026-09-10T06:03:04.0471055Z info: component rust-std is up to date
test (x86_64-unknown-linux-gnu, ubuntu-latest)	Run actions-rust-lang/setup-rust-toolchain@v1	2026-09-10T06:03:04.0483675Z 
test (x86_64-unknown-linux-gnu, ubuntu-latest)	Run actions-rust-lang/setup-rust-toolchain@v1	2026-09-10T06:03:04.0560078Z   stable-x86_64-unknown-linux-gnu unchanged - rustc 1.98.1 (48a229cea 2026-09-01)
test (x86_64-unknown-linux-gnu, ubuntu-latest)	Run actions-rust-lang/setup-rust-toolchain@v1	2026-09-10T06:03:04.0560543Z 
test (x86_64-unknown-linux-gnu, ubuntu-latest)	Run actions-rust-lang/setup-rust-toolchain@v1	2026-09-10T06:03:04.0639617Z info: override toolchain for /home/runner/work/vig/vig set to stable-x86_64-unknown-linux-gnu
test (x86_64-unknown-linux-gnu, ubuntu-latest)	Run actions-rust-lang/setup-rust-toolchain@v1	2026-09-10T06:03:04.0649964Z ##[end-action id=__actions-rust-lang_setup-rust-toolchain.__run_5;outcome=success;conclusion=success;duration_ms=275]
test (x86_64-unknown-linux-gnu, ubuntu-latest)	Run actions-rust-lang/setup-rust-toolchain@v1	2026-09-10T06:03:04.0652532Z ##[start-action display=Print installed versions;id=__actions-rust-lang_setup-rust-toolchain.versions]
test (x86_64-unknown-linux-gnu, ubuntu-latest)	Run actions-rust-lang/setup-rust-toolchain@v1	2026-09-10T06:03:04.0673148Z ##[group]Run echo "rustc-version=$(rustc --version)" >> $GITHUB_OUTPUT
test (x86_64-unknown-linux-gnu, ubuntu-latest)	Run actions-rust-lang/setup-rust-toolchain@v1	2026-09-10T06:03:04.0673665Z ^[[36;1mecho "rustc-version=$(rustc --version)" >> $GITHUB_OUTPUT^[[0m
test (x86_64-unknown-linux-gnu, ubuntu-latest)	Run actions-rust-lang/setup-rust-toolchain@v1	2026-09-10T06:03:04.0674173Z ^[[36;1mrustc --version --verbose^[[0m
test (x86_64-unknown-linux-gnu, ubuntu-latest)	Run actions-rust-lang/setup-rust-toolchain@v1	2026-09-10T06:03:04.0674495Z ^[[36;1mecho "cargo-version=$(cargo --version)" >> $GITHUB_OUTPUT^[[0m
test (x86_64-unknown-linux-gnu, ubuntu-latest)	Run actions-rust-lang/setup-rust-toolchain@v1	2026-09-10T06:03:04.0674843Z ^[[36;1mcargo --version --verbose^[[0m
test (x86_64-unknown-linux-gnu, ubuntu-latest)	Run actions-rust-lang/setup-rust-toolchain@v1	2026-09-10T06:03:04.0675173Z ^[[36;1mecho "rustup-version=$(rustup --version)" >> $GITHUB_OUTPUT^[[0m
test (x86_64-unknown-linux-gnu, ubuntu-latest)	Run actions-rust-lang/setup-rust-toolchain@v1	2026-09-10T06:03:04.0675720Z ^[[36;1mrustup --version^[[0m
test (x86_64-unknown-linux-gnu, ubuntu-latest)	Run actions-rust-lang/setup-rust-toolchain@v1	2026-09-10T06:03:04.0675991Z ^[[36;1m^[[0m
test (x86_64-unknown-linux-gnu, ubuntu-latest)	Run actions-rust-lang/setup-rust-toolchain@v1	2026-09-10T06:03:04.0676427Z ^[[36;1m_srt_DATE=$(rustc --version --verbose | sed -ne 's/^commit-date: \(20[0-9][0-9]\)-\([01][0-9]\)-\([0-3][0-9]\)$/\1\2\3/p')^[[0m
test (x86_64-unknown-linux-gnu, ubuntu-latest)	Run actions-rust-lang/setup-rust-toolchain@v1	2026-09-10T06:03:04.0677014Z ^[[36;1m_srt_HASH=$(rustc --version --verbose | sed -ne 's/^commit-hash: //p')^[[0m
test (x86_64-unknown-linux-gnu, ubuntu-latest)	Run actions-rust-lang/setup-rust-toolchain@v1	2026-09-10T06:03:04.0677487Z ^[[36;1mecho "cachekey=$(echo $_srt_DATE$_srt_HASH | head -c12)" >> $GITHUB_OUTPUT^[[0m
test (x86_64-unknown-linux-gnu, ubuntu-latest)	Run actions-rust-lang/setup-rust-toolchain@v1	2026-09-10T06:03:04.0698489Z shell: /usr/bin/bash --noprofile --norc -e -o pipefail {0}
test (x86_64-unknown-linux-gnu, ubuntu-latest)	Run actions-rust-lang/setup-rust-toolchain@v1	2026-09-10T06:03:04.0698836Z env:
test (x86_64-unknown-linux-gnu, ubuntu-latest)	Run actions-rust-lang/setup-rust-toolchain@v1	2026-09-10T06:03:04.0699051Z   CARGO_INCREMENTAL: 0
test (x86_64-unknown-linux-gnu, ubuntu-latest)	Run actions-rust-lang/setup-rust-toolchain@v1	2026-09-10T06:03:04.0699287Z   CARGO_PROFILE_DEV_DEBUG: 0
test (x86_64-unknown-linux-gnu, ubuntu-latest)	Run actions-rust-lang/setup-rust-toolchain@v1	2026-09-10T06:03:04.0699529Z   CARGO_TERM_COLOR: always
test (x86_64-unknown-linux-gnu, ubuntu-latest)	Run actions-rust-lang/setup-rust-toolchain@v1	2026-09-10T06:03:04.0699757Z   RUST_BACKTRACE: short
test (x86_64-unknown-linux-gnu, ubuntu-latest)	Run actions-rust-lang/setup-rust-toolchain@v1	2026-09-10T06:03:04.0699986Z   RUSTFLAGS: -D warnings
test (x86_64-unknown-linux-gnu, ubuntu-latest)	Run actions-rust-lang/setup-rust-toolchain@v1	2026-09-10T06:03:04.0700238Z   CARGO_UNSTABLE_SPARSE_REGISTRY: true
test (x86_64-unknown-linux-gnu, ubuntu-latest)	Run actions-rust-lang/setup-rust-toolchain@v1	2026-09-10T06:03:04.0700540Z   CARGO_REGISTRIES_CRATES_IO_PROTOCOL: sparse
test (x86_64-unknown-linux-gnu, ubuntu-latest)	Run actions-rust-lang/setup-rust-toolchain@v1	2026-09-10T06:03:04.0700812Z ##[endgroup]
test (x86_64-unknown-linux-gnu, ubuntu-latest)	Run actions-rust-lang/setup-rust-toolchain@v1	2026-09-10T06:03:04.0956265Z rustc 1.98.1 (48a229cea 2026-09-01)
test (x86_64-unknown-linux-gnu, ubuntu-latest)	Run actions-rust-lang/setup-rust-toolchain@v1	2026-09-10T06:03:04.0956944Z binary: rustc
test (x86_64-unknown-linux-gnu, ubuntu-latest)	Run actions-rust-lang/setup-rust-toolchain@v1	2026-09-10T06:03:04.0957224Z commit-hash: 48a229ceaefd4985c50990b14116b6d856af0985
test (x86_64-unknown-linux-gnu, ubuntu-latest)	Run actions-rust-lang/setup-rust-toolchain@v1	2026-09-10T06:03:04.0957550Z commit-date: 2026-09-01
test (x86_64-unknown-linux-gnu, ubuntu-latest)	Run actions-rust-lang/setup-rust-toolchain@v1	2026-09-10T06:03:04.0957803Z host: x86_64-unknown-linux-gnu
test (x86_64-unknown-linux-gnu, ubuntu-latest)	Run actions-rust-lang/setup-rust-toolchain@v1	2026-09-10T06:03:04.0958070Z release: 1.98.1
test (x86_64-unknown-linux-gnu, ubuntu-latest)	Run actions-rust-lang/setup-rust-toolchain@v1	2026-09-10T06:03:04.0982004Z LLVM version: 22.1.8
test (x86_64-unknown-linux-gnu, ubuntu-latest)	Run actions-rust-lang/setup-rust-toolchain@v1	2026-09-10T06:03:04.1548262Z cargo 1.98.1 (797e8a9bc 2026-08-05)
test (x86_64-unknown-linux-gnu, ubuntu-latest)	Run actions-rust-lang/setup-rust-toolchain@v1	2026-09-10T06:03:04.1548655Z release: 1.98.1
test (x86_64-unknown-linux-gnu, ubuntu-latest)	Run actions-rust-lang/setup-rust-toolchain@v1	2026-09-10T06:03:04.1548955Z commit-hash: 797e8a9bca276c1c9f9f738d2a20f484fa4eea9d
test (x86_64-unknown-linux-gnu, ubuntu-latest)	Run actions-rust-lang/setup-rust-toolchain@v1	2026-09-10T06:03:04.1549301Z commit-date: 2026-08-05
test (x86_64-unknown-linux-gnu, ubuntu-latest)	Run actions-rust-lang/setup-rust-toolchain@v1	2026-09-10T06:03:04.1549543Z host: x86_64-unknown-linux-gnu
test (x86_64-unknown-linux-gnu, ubuntu-latest)	Run actions-rust-lang/setup-rust-toolchain@v1	2026-09-10T06:03:04.1549804Z libgit2: 1.9.4 (sys:0.21.0 vendored)
test (x86_64-unknown-linux-gnu, ubuntu-latest)	Run actions-rust-lang/setup-rust-toolchain@v1	2026-09-10T06:03:04.1550150Z libcurl: 8.21.0-DEV (sys:0.4.90+curl-8.21.0 vendored ssl:OpenSSL/3.6.3)
test (x86_64-unknown-linux-gnu, ubuntu-latest)	Run actions-rust-lang/setup-rust-toolchain@v1	2026-09-10T06:03:04.1550720Z ssl: OpenSSL 3.6.3 9 Jun 2026
test (x86_64-unknown-linux-gnu, ubuntu-latest)	Run actions-rust-lang/setup-rust-toolchain@v1	2026-09-10T06:03:04.1550975Z os: Ubuntu 24.4.0 (noble) [64-bit]
test (x86_64-unknown-linux-gnu, ubuntu-latest)	Run actions-rust-lang/setup-rust-toolchain@v1	2026-09-10T06:03:04.1580546Z info: This is the version for the rustup toolchain manager, not the rustc compiler.
test (x86_64-unknown-linux-gnu, ubuntu-latest)	Run actions-rust-lang/setup-rust-toolchain@v1	2026-09-10T06:03:04.1665032Z info: the currently active `rustc` version is `rustc 1.98.1 (48a229cea 2026-09-01)`
test (x86_64-unknown-linux-gnu, ubuntu-latest)	Run actions-rust-lang/setup-rust-toolchain@v1	2026-09-10T06:03:04.1696810Z info: This is the version for the rustup toolchain manager, not the rustc compiler.
test (x86_64-unknown-linux-gnu, ubuntu-latest)	Run actions-rust-lang/setup-rust-toolchain@v1	2026-09-10T06:03:04.1697312Z rustup 1.29.1 (d95a37b6a 2026-08-13)
test (x86_64-unknown-linux-gnu, ubuntu-latest)	Run actions-rust-lang/setup-rust-toolchain@v1	2026-09-10T06:03:04.1780483Z info: the currently active `rustc` version is `rustc 1.98.1 (48a229cea 2026-09-01)`
test (x86_64-unknown-linux-gnu, ubuntu-latest)	Run actions-rust-lang/setup-rust-toolchain@v1	2026-09-10T06:03:04.2038101Z ##[end-action id=__actions-rust-lang_setup-rust-toolchain.versions;outcome=success;conclusion=success;duration_ms=138]
test (x86_64-unknown-linux-gnu, ubuntu-latest)	Run actions-rust-lang/setup-rust-toolchain@v1	2026-09-10T06:03:04.2040691Z ##[start-action display=Downgrade registry access protocol when needed;id=__actions-rust-lang_setup-rust-toolchain.__run_6]
test (x86_64-unknown-linux-gnu, ubuntu-latest)	Run actions-rust-lang/setup-rust-toolchain@v1	2026-09-10T06:03:04.2057481Z ##[group]Run # Not all versions support setting CARGO_REGISTRIES_CRATES_IO_PROTOCOL
test (x86_64-unknown-linux-gnu, ubuntu-latest)	Run actions-rust-lang/setup-rust-toolchain@v1	2026-09-10T06:03:04.2058056Z ^[[36;1m# Not all versions support setting CARGO_REGISTRIES_CRATES_IO_PROTOCOL^[[0m
test (x86_64-unknown-linux-gnu, ubuntu-latest)	Run actions-rust-lang/setup-rust-toolchain@v1	2026-09-10T06:03:04.2058565Z ^[[36;1m# On versions 1.66, 1.67, and 1.68.0-nightly the value "sparse" is still unstable.^[[0m
test (x86_64-unknown-linux-gnu, ubuntu-latest)	Run actions-rust-lang/setup-rust-toolchain@v1	2026-09-10T06:03:04.2059107Z ^[[36;1m# https://github.com/dtolnay/rust-toolchain/pull/69#discussion_r1107268108^[[0m
test (x86_64-unknown-linux-gnu, ubuntu-latest)	Run actions-rust-lang/setup-rust-toolchain@v1	2026-09-10T06:03:04.2059634Z ^[[36;1m# If we detect an incompatible value, set it to "git" which is always supported.^[[0m
test (x86_64-unknown-linux-gnu, ubuntu-latest)	Run actions-rust-lang/setup-rust-toolchain@v1	2026-09-10T06:03:04.2060498Z ^[[36;1mif [[ "rustc 1.98.1 (48a229cea 2026-09-01)" =~ ^rustc\ (1\.6[67]\.|1\.68\.0-nightly) && "${CARGO_REGISTRIES_CRATES_IO_PROTOCOL}" == "sparse" ]]; then^[[0m
test (x86_64-unknown-linux-gnu, ubuntu-latest)	Run actions-rust-lang/setup-rust-toolchain@v1	2026-09-10T06:03:04.2061128Z ^[[36;1m  echo "Downgrade cargo registry protocol to git"^[[0m
test (x86_64-unknown-linux-gnu, ubuntu-latest)	Run actions-rust-lang/setup-rust-toolchain@v1	2026-09-10T06:03:04.2061653Z ^[[36;1m  echo "CARGO_REGISTRIES_CRATES_IO_PROTOCOL=git" >> $GITHUB_ENV^[[0m
test (x86_64-unknown-linux-gnu, ubuntu-latest)	Run actions-rust-lang/setup-rust-toolchain@v1	2026-09-10T06:03:04.2061998Z ^[[36;1mfi^[[0m
test (x86_64-unknown-linux-gnu, ubuntu-latest)	Run actions-rust-lang/setup-rust-toolchain@v1	2026-09-10T06:03:04.2083253Z shell: /usr/bin/bash --noprofile --norc -e -o pipefail {0}
test (x86_64-unknown-linux-gnu, ubuntu-latest)	Run actions-rust-lang/setup-rust-toolchain@v1	2026-09-10T06:03:04.2083628Z env:
test (x86_64-unknown-linux-gnu, ubuntu-latest)	Run actions-rust-lang/setup-rust-toolchain@v1	2026-09-10T06:03:04.2083833Z   CARGO_INCREMENTAL: 0
test (x86_64-unknown-linux-gnu, ubuntu-latest)	Run actions-rust-lang/setup-rust-toolchain@v1	2026-09-10T06:03:04.2084074Z   CARGO_PROFILE_DEV_DEBUG: 0
test (x86_64-unknown-linux-gnu, ubuntu-latest)	Run actions-rust-lang/setup-rust-toolchain@v1	2026-09-10T06:03:04.2084316Z   CARGO_TERM_COLOR: always
test (x86_64-unknown-linux-gnu, ubuntu-latest)	Run actions-rust-lang/setup-rust-toolchain@v1	2026-09-10T06:03:04.2084548Z   RUST_BACKTRACE: short
test (x86_64-unknown-linux-gnu, ubuntu-latest)	Run actions-rust-lang/setup-rust-toolchain@v1	2026-09-10T06:03:04.2084773Z   RUSTFLAGS: -D warnings
test (x86_64-unknown-linux-gnu, ubuntu-latest)	Run actions-rust-lang/setup-rust-toolchain@v1	2026-09-10T06:03:04.2085016Z   CARGO_UNSTABLE_SPARSE_REGISTRY: true
test (x86_64-unknown-linux-gnu, ubuntu-latest)	Run actions-rust-lang/setup-rust-toolchain@v1	2026-09-10T06:03:04.2085305Z   CARGO_REGISTRIES_CRATES_IO_PROTOCOL: sparse
test (x86_64-unknown-linux-gnu, ubuntu-latest)	Run actions-rust-lang/setup-rust-toolchain@v1	2026-09-10T06:03:04.2085773Z ##[endgroup]
test (x86_64-unknown-linux-gnu, ubuntu-latest)	Run actions-rust-lang/setup-rust-toolchain@v1	2026-09-10T06:03:04.2131906Z ##[end-action id=__actions-rust-lang_setup-rust-toolchain.__run_6;outcome=success;conclusion=success;duration_ms=9]
test (x86_64-unknown-linux-gnu, ubuntu-latest)	Run actions-rust-lang/setup-rust-toolchain@v1	2026-09-10T06:03:04.2134601Z ##[start-action display=Setup Rust Caching;id=__actions-rust-lang_setup-rust-toolchain.__Swatinem_rust-cache]
test (x86_64-unknown-linux-gnu, ubuntu-latest)	Run actions-rust-lang/setup-rust-toolchain@v1	2026-09-10T06:03:04.2196088Z ##[group]Run Swatinem/rust-cache@c19371144df3bb44fab255c43d04cbc2ab54d1c4
test (x86_64-unknown-linux-gnu, ubuntu-latest)	Run actions-rust-lang/setup-rust-toolchain@v1	2026-09-10T06:03:04.2196486Z with:
test (x86_64-unknown-linux-gnu, ubuntu-latest)	Run actions-rust-lang/setup-rust-toolchain@v1	2026-09-10T06:03:04.2196691Z   cache-on-failure: true
test (x86_64-unknown-linux-gnu, ubuntu-latest)	Run actions-rust-lang/setup-rust-toolchain@v1	2026-09-10T06:03:04.2196937Z   cache-bin: true
test (x86_64-unknown-linux-gnu, ubuntu-latest)	Run actions-rust-lang/setup-rust-toolchain@v1	2026-09-10T06:03:04.2197147Z   cache-provider: github
test (x86_64-unknown-linux-gnu, ubuntu-latest)	Run actions-rust-lang/setup-rust-toolchain@v1	2026-09-10T06:03:04.2197379Z   cache-all-crates: false
test (x86_64-unknown-linux-gnu, ubuntu-latest)	Run actions-rust-lang/setup-rust-toolchain@v1	2026-09-10T06:03:04.2197624Z   cache-workspace-crates: false
test (x86_64-unknown-linux-gnu, ubuntu-latest)	Run actions-rust-lang/setup-rust-toolchain@v1	2026-09-10T06:03:04.2197874Z   cache-targets: true
test (x86_64-unknown-linux-gnu, ubuntu-latest)	Run actions-rust-lang/setup-rust-toolchain@v1	2026-09-10T06:03:04.2198084Z   save-if: true
test (x86_64-unknown-linux-gnu, ubuntu-latest)	Run actions-rust-lang/setup-rust-toolchain@v1	2026-09-10T06:03:04.2198292Z   prefix-key: v0-rust
test (x86_64-unknown-linux-gnu, ubuntu-latest)	Run actions-rust-lang/setup-rust-toolchain@v1	2026-09-10T06:03:04.2198503Z   add-job-id-key: true
test (x86_64-unknown-linux-gnu, ubuntu-latest)	Run actions-rust-lang/setup-rust-toolchain@v1	2026-09-10T06:03:04.2198741Z   add-rust-environment-hash-key: true
test (x86_64-unknown-linux-gnu, ubuntu-latest)	Run actions-rust-lang/setup-rust-toolchain@v1	2026-09-10T06:03:04.2199010Z   lookup-only: false
test (x86_64-unknown-linux-gnu, ubuntu-latest)	Run actions-rust-lang/setup-rust-toolchain@v1	2026-09-10T06:03:04.2199215Z   cmd-format: {0}
test (x86_64-unknown-linux-gnu, ubuntu-latest)	Run actions-rust-lang/setup-rust-toolchain@v1	2026-09-10T06:03:04.2199409Z env:
test (x86_64-unknown-linux-gnu, ubuntu-latest)	Run actions-rust-lang/setup-rust-toolchain@v1	2026-09-10T06:03:04.2199593Z   CARGO_INCREMENTAL: 0
test (x86_64-unknown-linux-gnu, ubuntu-latest)	Run actions-rust-lang/setup-rust-toolchain@v1	2026-09-10T06:03:04.2199811Z   CARGO_PROFILE_DEV_DEBUG: 0
test (x86_64-unknown-linux-gnu, ubuntu-latest)	Run actions-rust-lang/setup-rust-toolchain@v1	2026-09-10T06:03:04.2200043Z   CARGO_TERM_COLOR: always
test (x86_64-unknown-linux-gnu, ubuntu-latest)	Run actions-rust-lang/setup-rust-toolchain@v1	2026-09-10T06:03:04.2200283Z   RUST_BACKTRACE: short
test (x86_64-unknown-linux-gnu, ubuntu-latest)	Run actions-rust-lang/setup-rust-toolchain@v1	2026-09-10T06:03:04.2200514Z   RUSTFLAGS: -D warnings
test (x86_64-unknown-linux-gnu, ubuntu-latest)	Run actions-rust-lang/setup-rust-toolchain@v1	2026-09-10T06:03:04.2200750Z   CARGO_UNSTABLE_SPARSE_REGISTRY: true
test (x86_64-unknown-linux-gnu, ubuntu-latest)	Run actions-rust-lang/setup-rust-toolchain@v1	2026-09-10T06:03:04.2201033Z   CARGO_REGISTRIES_CRATES_IO_PROTOCOL: sparse
test (x86_64-unknown-linux-gnu, ubuntu-latest)	Run actions-rust-lang/setup-rust-toolchain@v1	2026-09-10T06:03:04.2201461Z ##[endgroup]
test (x86_64-unknown-linux-gnu, ubuntu-latest)	Run actions-rust-lang/setup-rust-toolchain@v1	2026-09-10T06:03:04.5067329Z (node:2330) [DEP0040] DeprecationWarning: The `punycode` module is deprecated. Please use a userland alternative instead.
test (x86_64-unknown-linux-gnu, ubuntu-latest)	Run actions-rust-lang/setup-rust-toolchain@v1	2026-09-10T06:03:04.5068190Z (Use `node --trace-deprecation ...` to show where the warning was created)
test (x86_64-unknown-linux-gnu, ubuntu-latest)	Run actions-rust-lang/setup-rust-toolchain@v1	2026-09-10T06:03:04.6776328Z ##[group]Cache Configuration
test (x86_64-unknown-linux-gnu, ubuntu-latest)	Run actions-rust-lang/setup-rust-toolchain@v1	2026-09-10T06:03:04.6777559Z Cache Provider:
test (x86_64-unknown-linux-gnu, ubuntu-latest)	Run actions-rust-lang/setup-rust-toolchain@v1	2026-09-10T06:03:04.6778237Z     github
test (x86_64-unknown-linux-gnu, ubuntu-latest)	Run actions-rust-lang/setup-rust-toolchain@v1	2026-09-10T06:03:04.6778803Z Workspaces:
test (x86_64-unknown-linux-gnu, ubuntu-latest)	Run actions-rust-lang/setup-rust-toolchain@v1	2026-09-10T06:03:04.6779334Z     /home/runner/work/vig/vig
test (x86_64-unknown-linux-gnu, ubuntu-latest)	Run actions-rust-lang/setup-rust-toolchain@v1	2026-09-10T06:03:04.6779971Z Cache Paths:
test (x86_64-unknown-linux-gnu, ubuntu-latest)	Run actions-rust-lang/setup-rust-toolchain@v1	2026-09-10T06:03:04.6780609Z     /home/runner/.cargo/bin
test (x86_64-unknown-linux-gnu, ubuntu-latest)	Run actions-rust-lang/setup-rust-toolchain@v1	2026-09-10T06:03:04.6781284Z     /home/runner/.cargo/.crates.toml
test (x86_64-unknown-linux-gnu, ubuntu-latest)	Run actions-rust-lang/setup-rust-toolchain@v1	2026-09-10T06:03:04.6781937Z     /home/runner/.cargo/.crates2.json
test (x86_64-unknown-linux-gnu, ubuntu-latest)	Run actions-rust-lang/setup-rust-toolchain@v1	2026-09-10T06:03:04.6782633Z     /home/runner/.cargo/registry
test (x86_64-unknown-linux-gnu, ubuntu-latest)	Run actions-rust-lang/setup-rust-toolchain@v1	2026-09-10T06:03:04.6783260Z     /home/runner/.cargo/git
test (x86_64-unknown-linux-gnu, ubuntu-latest)	Run actions-rust-lang/setup-rust-toolchain@v1	2026-09-10T06:03:04.6784017Z     /home/runner/work/vig/vig/target
test (x86_64-unknown-linux-gnu, ubuntu-latest)	Run actions-rust-lang/setup-rust-toolchain@v1	2026-09-10T06:03:04.6784673Z Restore Key:
test (x86_64-unknown-linux-gnu, ubuntu-latest)	Run actions-rust-lang/setup-rust-toolchain@v1	2026-09-10T06:03:04.6785262Z     v0-rust-test-Linux-x64-09ed3713
test (x86_64-unknown-linux-gnu, ubuntu-latest)	Run actions-rust-lang/setup-rust-toolchain@v1	2026-09-10T06:03:04.6786099Z Cache Key:
test (x86_64-unknown-linux-gnu, ubuntu-latest)	Run actions-rust-lang/setup-rust-toolchain@v1	2026-09-10T06:03:04.6786722Z     v0-rust-test-Linux-x64-09ed3713-eb78a9df
test (x86_64-unknown-linux-gnu, ubuntu-latest)	Run actions-rust-lang/setup-rust-toolchain@v1	2026-09-10T06:03:04.6787432Z .. Prefix:
test (x86_64-unknown-linux-gnu, ubuntu-latest)	Run actions-rust-lang/setup-rust-toolchain@v1	2026-09-10T06:03:04.6787944Z   - v0-rust-test-Linux-x64
test (x86_64-unknown-linux-gnu, ubuntu-latest)	Run actions-rust-lang/setup-rust-toolchain@v1	2026-09-10T06:03:04.6788565Z .. Environment considered:
test (x86_64-unknown-linux-gnu, ubuntu-latest)	Run actions-rust-lang/setup-rust-toolchain@v1	2026-09-10T06:03:04.6789179Z   - Rust Versions:
test (x86_64-unknown-linux-gnu, ubuntu-latest)	Run actions-rust-lang/setup-rust-toolchain@v1	2026-09-10T06:03:04.6789932Z     - 1.98.1 x86_64-unknown-linux-gnu 48a229ceaefd4985c50990b14116b6d856af0985
test (x86_64-unknown-linux-gnu, ubuntu-latest)	Run actions-rust-lang/setup-rust-toolchain@v1	2026-09-10T06:03:04.6791074Z     - 1.98.1 x86_64-unknown-linux-gnu 48a229ceaefd4985c50990b14116b6d856af0985
test (x86_64-unknown-linux-gnu, ubuntu-latest)	Run actions-rust-lang/setup-rust-toolchain@v1	2026-09-10T06:03:04.6791946Z   - CARGO_INCREMENTAL
test (x86_64-unknown-linux-gnu, ubuntu-latest)	Run actions-rust-lang/setup-rust-toolchain@v1	2026-09-10T06:03:04.6792632Z   - CARGO_PROFILE_DEV_DEBUG
test (x86_64-unknown-linux-gnu, ubuntu-latest)	Run actions-rust-lang/setup-rust-toolchain@v1	2026-09-10T06:03:04.6793235Z   - CARGO_REGISTRIES_CRATES_IO_PROTOCOL
test (x86_64-unknown-linux-gnu, ubuntu-latest)	Run actions-rust-lang/setup-rust-toolchain@v1	2026-09-10T06:03:04.6793872Z   - CARGO_TERM_COLOR
test (x86_64-unknown-linux-gnu, ubuntu-latest)	Run actions-rust-lang/setup-rust-toolchain@v1	2026-09-10T06:03:04.6794903Z   - CARGO_UNSTABLE_SPARSE_REGISTRY
test (x86_64-unknown-linux-gnu, ubuntu-latest)	Run actions-rust-lang/setup-rust-toolchain@v1	2026-09-10T06:03:04.6795727Z   - RUST_BACKTRACE
test (x86_64-unknown-linux-gnu, ubuntu-latest)	Run actions-rust-lang/setup-rust-toolchain@v1	2026-09-10T06:03:04.6796422Z   - RUSTFLAGS
test (x86_64-unknown-linux-gnu, ubuntu-latest)	Run actions-rust-lang/setup-rust-toolchain@v1	2026-09-10T06:03:04.6797020Z .. Lockfiles considered:
test (x86_64-unknown-linux-gnu, ubuntu-latest)	Run actions-rust-lang/setup-rust-toolchain@v1	2026-09-10T06:03:04.6797685Z   - /home/runner/work/vig/vig/Cargo.lock
test (x86_64-unknown-linux-gnu, ubuntu-latest)	Run actions-rust-lang/setup-rust-toolchain@v1	2026-09-10T06:03:04.6798424Z   - /home/runner/work/vig/vig/Cargo.toml
test (x86_64-unknown-linux-gnu, ubuntu-latest)	Run actions-rust-lang/setup-rust-toolchain@v1	2026-09-10T06:03:04.6799447Z ##[endgroup]
test (x86_64-unknown-linux-gnu, ubuntu-latest)	Run actions-rust-lang/setup-rust-toolchain@v1	2026-09-10T06:03:04.6799987Z 
test (x86_64-unknown-linux-gnu, ubuntu-latest)	Run actions-rust-lang/setup-rust-toolchain@v1	2026-09-10T06:03:04.6800400Z ... Restoring cache ...
test (x86_64-unknown-linux-gnu, ubuntu-latest)	Run actions-rust-lang/setup-rust-toolchain@v1	2026-09-10T06:03:04.8833964Z Cache hit for: v0-rust-test-Linux-x64-09ed3713-eb78a9df
test (x86_64-unknown-linux-gnu, ubuntu-latest)	Run actions-rust-lang/setup-rust-toolchain@v1	2026-09-10T06:03:06.1093091Z Received 25165824 of 356787076 (7.1%), 23.9 MBs/sec
test (x86_64-unknown-linux-gnu, ubuntu-latest)	Run actions-rust-lang/setup-rust-toolchain@v1	2026-09-10T06:03:07.1129605Z Received 171966464 of 356787076 (48.2%), 81.8 MBs/sec
test (x86_64-unknown-linux-gnu, ubuntu-latest)	Run actions-rust-lang/setup-rust-toolchain@v1	2026-09-10T06:03:08.0871964Z Received 356787076 of 356787076 (100.0%), 114.2 MBs/sec
test (x86_64-unknown-linux-gnu, ubuntu-latest)	Run actions-rust-lang/setup-rust-toolchain@v1	2026-09-10T06:03:08.0872820Z Cache Size: ~340 MB (356787076 B)
test (x86_64-unknown-linux-gnu, ubuntu-latest)	Run actions-rust-lang/setup-rust-toolchain@v1	2026-09-10T06:03:08.0949028Z [command]/usr/bin/tar -xf /home/runner/work/_temp/43243755-55da-49bf-aee3-30993baa23f7/cache.tzst -P -C /home/runner/work/vig/vig --use-compress-program unzstd
test (x86_64-unknown-linux-gnu, ubuntu-latest)	Run actions-rust-lang/setup-rust-toolchain@v1	2026-09-10T06:03:09.4283988Z Cache restored successfully
test (x86_64-unknown-linux-gnu, ubuntu-latest)	Run actions-rust-lang/setup-rust-toolchain@v1	2026-09-10T06:03:09.4408106Z Restored from cache key "v0-rust-test-Linux-x64-09ed3713-eb78a9df" full match: true.
test (x86_64-unknown-linux-gnu, ubuntu-latest)	Run actions-rust-lang/setup-rust-toolchain@v1	2026-09-10T06:03:09.4490745Z ##[end-action id=__actions-rust-lang_setup-rust-toolchain.__Swatinem_rust-cache;outcome=success;conclusion=success;duration_ms=5235]
test (x86_64-unknown-linux-gnu, ubuntu-latest)	Install dependencies (Linux)	﻿2026-09-10T06:03:09.4627026Z ##[group]Run awalsh128/cache-apt-pkgs-action@v1
test (x86_64-unknown-linux-gnu, ubuntu-latest)	Install dependencies (Linux)	2026-09-10T06:03:09.4627369Z with:
test (x86_64-unknown-linux-gnu, ubuntu-latest)	Install dependencies (Linux)	2026-09-10T06:03:09.4627609Z   packages: libgit2-dev libssl-dev pkg-config
test (x86_64-unknown-linux-gnu, ubuntu-latest)	Install dependencies (Linux)	2026-09-10T06:03:09.4627921Z   execute_install_scripts: false
test (x86_64-unknown-linux-gnu, ubuntu-latest)	Install dependencies (Linux)	2026-09-10T06:03:09.4628187Z   empty_packages_behavior: error
test (x86_64-unknown-linux-gnu, ubuntu-latest)	Install dependencies (Linux)	2026-09-10T06:03:09.4628436Z   debug: false
test (x86_64-unknown-linux-gnu, ubuntu-latest)	Install dependencies (Linux)	2026-09-10T06:03:09.4628635Z env:
test (x86_64-unknown-linux-gnu, ubuntu-latest)	Install dependencies (Linux)	2026-09-10T06:03:09.4628864Z   CARGO_INCREMENTAL: 0
test (x86_64-unknown-linux-gnu, ubuntu-latest)	Install dependencies (Linux)	2026-09-10T06:03:09.4629110Z   CARGO_PROFILE_DEV_DEBUG: 0
test (x86_64-unknown-linux-gnu, ubuntu-latest)	Install dependencies (Linux)	2026-09-10T06:03:09.4629352Z   CARGO_TERM_COLOR: always
test (x86_64-unknown-linux-gnu, ubuntu-latest)	Install dependencies (Linux)	2026-09-10T06:03:09.4629585Z   RUST_BACKTRACE: short
test (x86_64-unknown-linux-gnu, ubuntu-latest)	Install dependencies (Linux)	2026-09-10T06:03:09.4629824Z   RUSTFLAGS: -D warnings
test (x86_64-unknown-linux-gnu, ubuntu-latest)	Install dependencies (Linux)	2026-09-10T06:03:09.4630073Z   CARGO_UNSTABLE_SPARSE_REGISTRY: true
test (x86_64-unknown-linux-gnu, ubuntu-latest)	Install dependencies (Linux)	2026-09-10T06:03:09.4630367Z   CARGO_REGISTRIES_CRATES_IO_PROTOCOL: sparse
test (x86_64-unknown-linux-gnu, ubuntu-latest)	Install dependencies (Linux)	2026-09-10T06:03:09.4630650Z   CACHE_ON_FAILURE: true
test (x86_64-unknown-linux-gnu, ubuntu-latest)	Install dependencies (Linux)	2026-09-10T06:03:09.4630986Z ##[endgroup]
test (x86_64-unknown-linux-gnu, ubuntu-latest)	Install dependencies (Linux)	2026-09-10T06:03:09.4639133Z ##[start-action display=Run ${GITHUB_ACTION_PATH}/pre_cache_action.sh \;id=__awalsh128_cache-apt-pkgs-action.pre-cache]
test (x86_64-unknown-linux-gnu, ubuntu-latest)	Install dependencies (Linux)	2026-09-10T06:03:09.4651830Z ##[group]Run ${GITHUB_ACTION_PATH}/pre_cache_action.sh \
test (x86_64-unknown-linux-gnu, ubuntu-latest)	Install dependencies (Linux)	2026-09-10T06:03:09.4652240Z ^[[36;1m${GITHUB_ACTION_PATH}/pre_cache_action.sh \^[[0m
test (x86_64-unknown-linux-gnu, ubuntu-latest)	Install dependencies (Linux)	2026-09-10T06:03:09.4652564Z ^[[36;1m  ~/cache-apt-pkgs \^[[0m
test (x86_64-unknown-linux-gnu, ubuntu-latest)	Install dependencies (Linux)	2026-09-10T06:03:09.4652826Z ^[[36;1m  "$VERSION" \^[[0m
test (x86_64-unknown-linux-gnu, ubuntu-latest)	Install dependencies (Linux)	2026-09-10T06:03:09.4653086Z ^[[36;1m  "$EXEC_INSTALL_SCRIPTS" \^[[0m
test (x86_64-unknown-linux-gnu, ubuntu-latest)	Install dependencies (Linux)	2026-09-10T06:03:09.4653372Z ^[[36;1m  "$DEBUG" \^[[0m
test (x86_64-unknown-linux-gnu, ubuntu-latest)	Install dependencies (Linux)	2026-09-10T06:03:09.4653606Z ^[[36;1m  "$ADD_REPOSITORY" \^[[0m
test (x86_64-unknown-linux-gnu, ubuntu-latest)	Install dependencies (Linux)	2026-09-10T06:03:09.4653852Z ^[[36;1m  "$PACKAGES"^[[0m
test (x86_64-unknown-linux-gnu, ubuntu-latest)	Install dependencies (Linux)	2026-09-10T06:03:09.4654124Z ^[[36;1mif [ -f ~/cache-apt-pkgs/cache_key.md5 ]; then^[[0m
test (x86_64-unknown-linux-gnu, ubuntu-latest)	Install dependencies (Linux)	2026-09-10T06:03:09.4654534Z ^[[36;1m  echo "CACHE_KEY=$(cat ~/cache-apt-pkgs/cache_key.md5)" >> $GITHUB_ENV^[[0m
test (x86_64-unknown-linux-gnu, ubuntu-latest)	Install dependencies (Linux)	2026-09-10T06:03:09.4654905Z ^[[36;1melse^[[0m
test (x86_64-unknown-linux-gnu, ubuntu-latest)	Install dependencies (Linux)	2026-09-10T06:03:09.4655129Z ^[[36;1m  echo "CACHE_KEY=" >> $GITHUB_ENV^[[0m
test (x86_64-unknown-linux-gnu, ubuntu-latest)	Install dependencies (Linux)	2026-09-10T06:03:09.4655409Z ^[[36;1mfi^[[0m
test (x86_64-unknown-linux-gnu, ubuntu-latest)	Install dependencies (Linux)	2026-09-10T06:03:09.4678755Z shell: /usr/bin/bash --noprofile --norc -e -o pipefail {0}
test (x86_64-unknown-linux-gnu, ubuntu-latest)	Install dependencies (Linux)	2026-09-10T06:03:09.4679114Z env:
test (x86_64-unknown-linux-gnu, ubuntu-latest)	Install dependencies (Linux)	2026-09-10T06:03:09.4679328Z   CARGO_INCREMENTAL: 0
test (x86_64-unknown-linux-gnu, ubuntu-latest)	Install dependencies (Linux)	2026-09-10T06:03:09.4679568Z   CARGO_PROFILE_DEV_DEBUG: 0
test (x86_64-unknown-linux-gnu, ubuntu-latest)	Install dependencies (Linux)	2026-09-10T06:03:09.4679811Z   CARGO_TERM_COLOR: always
test (x86_64-unknown-linux-gnu, ubuntu-latest)	Install dependencies (Linux)	2026-09-10T06:03:09.4680048Z   RUST_BACKTRACE: short
test (x86_64-unknown-linux-gnu, ubuntu-latest)	Install dependencies (Linux)	2026-09-10T06:03:09.4680284Z   RUSTFLAGS: -D warnings
test (x86_64-unknown-linux-gnu, ubuntu-latest)	Install dependencies (Linux)	2026-09-10T06:03:09.4680538Z   CARGO_UNSTABLE_SPARSE_REGISTRY: true
test (x86_64-unknown-linux-gnu, ubuntu-latest)	Install dependencies (Linux)	2026-09-10T06:03:09.4680851Z   CARGO_REGISTRIES_CRATES_IO_PROTOCOL: sparse
test (x86_64-unknown-linux-gnu, ubuntu-latest)	Install dependencies (Linux)	2026-09-10T06:03:09.4681290Z   CACHE_ON_FAILURE: true
test (x86_64-unknown-linux-gnu, ubuntu-latest)	Install dependencies (Linux)	2026-09-10T06:03:09.4681672Z   VERSION: 
test (x86_64-unknown-linux-gnu, ubuntu-latest)	Install dependencies (Linux)	2026-09-10T06:03:09.4682004Z   EXEC_INSTALL_SCRIPTS: false
test (x86_64-unknown-linux-gnu, ubuntu-latest)	Install dependencies (Linux)	2026-09-10T06:03:09.4682261Z   EMPTY_PACKAGES_BEHAVIOR: error
test (x86_64-unknown-linux-gnu, ubuntu-latest)	Install dependencies (Linux)	2026-09-10T06:03:09.4682511Z   DEBUG: false
test (x86_64-unknown-linux-gnu, ubuntu-latest)	Install dependencies (Linux)	2026-09-10T06:03:09.4682721Z   ADD_REPOSITORY: 
test (x86_64-unknown-linux-gnu, ubuntu-latest)	Install dependencies (Linux)	2026-09-10T06:03:09.4682966Z   PACKAGES: libgit2-dev libssl-dev pkg-config
test (x86_64-unknown-linux-gnu, ubuntu-latest)	Install dependencies (Linux)	2026-09-10T06:03:09.4683249Z ##[endgroup]
test (x86_64-unknown-linux-gnu, ubuntu-latest)	Install dependencies (Linux)	2026-09-10T06:03:09.4796712Z Normalizing package list...
test (x86_64-unknown-linux-gnu, ubuntu-latest)	Install dependencies (Linux)	2026-09-10T06:03:10.6028407Z done
test (x86_64-unknown-linux-gnu, ubuntu-latest)	Install dependencies (Linux)	2026-09-10T06:03:10.6044627Z Validating action arguments (version='', packages='libgit2-dev=1.7.2+ds-1ubuntu3.1 libssl-dev=3.0.13-0ubuntu3.15 pkg-config=1.8.1-2build1')...
test (x86_64-unknown-linux-gnu, ubuntu-latest)	Install dependencies (Linux)	2026-09-10T06:03:10.6056879Z done
test (x86_64-unknown-linux-gnu, ubuntu-latest)	Install dependencies (Linux)	2026-09-10T06:03:10.6057269Z 
test (x86_64-unknown-linux-gnu, ubuntu-latest)	Install dependencies (Linux)	2026-09-10T06:03:10.6057498Z Creating cache key...
test (x86_64-unknown-linux-gnu, ubuntu-latest)	Install dependencies (Linux)	2026-09-10T06:03:10.6075150Z - CPU architecture is 'x86_64'.
test (x86_64-unknown-linux-gnu, ubuntu-latest)	Install dependencies (Linux)	2026-09-10T06:03:10.6076736Z - Value to hash is 'libgit2-dev=1.7.2+ds-1ubuntu3.1 libssl-dev=3.0.13-0ubuntu3.15 pkg-config=1.8.1-2build1 @  3'.
test (x86_64-unknown-linux-gnu, ubuntu-latest)	Install dependencies (Linux)	2026-09-10T06:03:10.6105042Z - Value hashed as 'f383ff6fc98053745e76aa2f6d3abfb7'.
test (x86_64-unknown-linux-gnu, ubuntu-latest)	Install dependencies (Linux)	2026-09-10T06:03:10.6106401Z done
test (x86_64-unknown-linux-gnu, ubuntu-latest)	Install dependencies (Linux)	2026-09-10T06:03:10.6107016Z Hash value written to /home/runner/cache-apt-pkgs/cache_key.md5
test (x86_64-unknown-linux-gnu, ubuntu-latest)	Install dependencies (Linux)	2026-09-10T06:03:10.6125325Z ##[end-action id=__awalsh128_cache-apt-pkgs-action.pre-cache;outcome=success;conclusion=success;duration_ms=1148]
test (x86_64-unknown-linux-gnu, ubuntu-latest)	Install dependencies (Linux)	2026-09-10T06:03:10.6129429Z ##[start-action display=Run actions/cache/restore@55cc8345863c7cc4c66a329aec7e433d2d1c52a9;id=__awalsh128_cache-apt-pkgs-action.load-cache]
test (x86_64-unknown-linux-gnu, ubuntu-latest)	Install dependencies (Linux)	2026-09-10T06:03:10.6163158Z ##[group]Run actions/cache/restore@55cc8345863c7cc4c66a329aec7e433d2d1c52a9
test (x86_64-unknown-linux-gnu, ubuntu-latest)	Install dependencies (Linux)	2026-09-10T06:03:10.6163661Z with:
test (x86_64-unknown-linux-gnu, ubuntu-latest)	Install dependencies (Linux)	2026-09-10T06:03:10.6163870Z   path: ~/cache-apt-pkgs
test (x86_64-unknown-linux-gnu, ubuntu-latest)	Install dependencies (Linux)	2026-09-10T06:03:10.6164150Z   key: cache-apt-pkgs_f383ff6fc98053745e76aa2f6d3abfb7
test (x86_64-unknown-linux-gnu, ubuntu-latest)	Install dependencies (Linux)	2026-09-10T06:03:10.6164472Z   enableCrossOsArchive: false
test (x86_64-unknown-linux-gnu, ubuntu-latest)	Install dependencies (Linux)	2026-09-10T06:03:10.6164735Z   fail-on-cache-miss: false
test (x86_64-unknown-linux-gnu, ubuntu-latest)	Install dependencies (Linux)	2026-09-10T06:03:10.6189377Z   lookup-only: false
test (x86_64-unknown-linux-gnu, ubuntu-latest)	Install dependencies (Linux)	2026-09-10T06:03:10.6189657Z env:
test (x86_64-unknown-linux-gnu, ubuntu-latest)	Install dependencies (Linux)	2026-09-10T06:03:10.6189861Z   CARGO_INCREMENTAL: 0
test (x86_64-unknown-linux-gnu, ubuntu-latest)	Install dependencies (Linux)	2026-09-10T06:03:10.6190108Z   CARGO_PROFILE_DEV_DEBUG: 0
test (x86_64-unknown-linux-gnu, ubuntu-latest)	Install dependencies (Linux)	2026-09-10T06:03:10.6190359Z   CARGO_TERM_COLOR: always
test (x86_64-unknown-linux-gnu, ubuntu-latest)	Install dependencies (Linux)	2026-09-10T06:03:10.6190607Z   RUST_BACKTRACE: short
test (x86_64-unknown-linux-gnu, ubuntu-latest)	Install dependencies (Linux)	2026-09-10T06:03:10.6190840Z   RUSTFLAGS: -D warnings
test (x86_64-unknown-linux-gnu, ubuntu-latest)	Install dependencies (Linux)	2026-09-10T06:03:10.6191087Z   CARGO_UNSTABLE_SPARSE_REGISTRY: true
test (x86_64-unknown-linux-gnu, ubuntu-latest)	Install dependencies (Linux)	2026-09-10T06:03:10.6191378Z   CARGO_REGISTRIES_CRATES_IO_PROTOCOL: sparse
test (x86_64-unknown-linux-gnu, ubuntu-latest)	Install dependencies (Linux)	2026-09-10T06:03:10.6191666Z   CACHE_ON_FAILURE: true
test (x86_64-unknown-linux-gnu, ubuntu-latest)	Install dependencies (Linux)	2026-09-10T06:03:10.6191916Z   CACHE_KEY: f383ff6fc98053745e76aa2f6d3abfb7
test (x86_64-unknown-linux-gnu, ubuntu-latest)	Install dependencies (Linux)	2026-09-10T06:03:10.6192371Z ##[endgroup]
test (x86_64-unknown-linux-gnu, ubuntu-latest)	Install dependencies (Linux)	2026-09-10T06:03:10.9231521Z Cache hit for: cache-apt-pkgs_f383ff6fc98053745e76aa2f6d3abfb7
test (x86_64-unknown-linux-gnu, ubuntu-latest)	Install dependencies (Linux)	2026-09-10T06:03:12.0679755Z Received 2668034 of 2668034 (100.0%), 2.8 MBs/sec
test (x86_64-unknown-linux-gnu, ubuntu-latest)	Install dependencies (Linux)	2026-09-10T06:03:12.0680481Z Cache Size: ~3 MB (2668034 B)
test (x86_64-unknown-linux-gnu, ubuntu-latest)	Install dependencies (Linux)	2026-09-10T06:03:12.0708736Z [command]/usr/bin/tar -xf /home/runner/work/_temp/c4c74e55-c2db-4267-91b4-aadcdfc509e2/cache.tzst -P -C /home/runner/work/vig/vig --use-compress-program unzstd
test (x86_64-unknown-linux-gnu, ubuntu-latest)	Install dependencies (Linux)	2026-09-10T06:03:12.0873854Z Cache restored successfully
test (x86_64-unknown-linux-gnu, ubuntu-latest)	Install dependencies (Linux)	2026-09-10T06:03:12.0949342Z Cache restored from key: cache-apt-pkgs_f383ff6fc98053745e76aa2f6d3abfb7
test (x86_64-unknown-linux-gnu, ubuntu-latest)	Install dependencies (Linux)	2026-09-10T06:03:12.0998615Z ##[end-action id=__awalsh128_cache-apt-pkgs-action.load-cache;outcome=success;conclusion=success;duration_ms=1486]
test (x86_64-unknown-linux-gnu, ubuntu-latest)	Install dependencies (Linux)	2026-09-10T06:03:12.1004913Z ##[start-action display=Run ${GITHUB_ACTION_PATH}/post_cache_action.sh \;id=__awalsh128_cache-apt-pkgs-action.post-cache]
test (x86_64-unknown-linux-gnu, ubuntu-latest)	Install dependencies (Linux)	2026-09-10T06:03:12.1029793Z ##[group]Run ${GITHUB_ACTION_PATH}/post_cache_action.sh \
test (x86_64-unknown-linux-gnu, ubuntu-latest)	Install dependencies (Linux)	2026-09-10T06:03:12.1030539Z ^[[36;1m${GITHUB_ACTION_PATH}/post_cache_action.sh \^[[0m
test (x86_64-unknown-linux-gnu, ubuntu-latest)	Install dependencies (Linux)	2026-09-10T06:03:12.1031136Z ^[[36;1m  ~/cache-apt-pkgs \^[[0m
test (x86_64-unknown-linux-gnu, ubuntu-latest)	Install dependencies (Linux)	2026-09-10T06:03:12.1031592Z ^[[36;1m  / \^[[0m
test (x86_64-unknown-linux-gnu, ubuntu-latest)	Install dependencies (Linux)	2026-09-10T06:03:12.1031937Z ^[[36;1m  "$CACHE_HIT" \^[[0m
test (x86_64-unknown-linux-gnu, ubuntu-latest)	Install dependencies (Linux)	2026-09-10T06:03:12.1032354Z ^[[36;1m  "$EXEC_INSTALL_SCRIPTS" \^[[0m
test (x86_64-unknown-linux-gnu, ubuntu-latest)	Install dependencies (Linux)	2026-09-10T06:03:12.1032814Z ^[[36;1m  "$DEBUG" \^[[0m
test (x86_64-unknown-linux-gnu, ubuntu-latest)	Install dependencies (Linux)	2026-09-10T06:03:12.1033219Z ^[[36;1m  "$ADD_REPOSITORY" \^[[0m
test (x86_64-unknown-linux-gnu, ubuntu-latest)	Install dependencies (Linux)	2026-09-10T06:03:12.1033605Z ^[[36;1m  "$PACKAGES"^[[0m
test (x86_64-unknown-linux-gnu, ubuntu-latest)	Install dependencies (Linux)	2026-09-10T06:03:12.1034366Z ^[[36;1mfunction create_list { local list=$(cat ~/cache-apt-pkgs/manifest_${1}.log | tr '\n' ','); echo ${list:0:-1}; };^[[0m
test (x86_64-unknown-linux-gnu, ubuntu-latest)	Install dependencies (Linux)	2026-09-10T06:03:12.1035599Z ^[[36;1mecho "package-version-list=$(create_list main)" >> $GITHUB_OUTPUT^[[0m
test (x86_64-unknown-linux-gnu, ubuntu-latest)	Install dependencies (Linux)	2026-09-10T06:03:12.1036465Z ^[[36;1mecho "all-package-version-list=$(create_list all)" >> $GITHUB_OUTPUT^[[0m
test (x86_64-unknown-linux-gnu, ubuntu-latest)	Install dependencies (Linux)	2026-09-10T06:03:12.1061807Z shell: /usr/bin/bash --noprofile --norc -e -o pipefail {0}
test (x86_64-unknown-linux-gnu, ubuntu-latest)	Install dependencies (Linux)	2026-09-10T06:03:12.1062155Z env:
test (x86_64-unknown-linux-gnu, ubuntu-latest)	Install dependencies (Linux)	2026-09-10T06:03:12.1062382Z   CARGO_INCREMENTAL: 0
test (x86_64-unknown-linux-gnu, ubuntu-latest)	Install dependencies (Linux)	2026-09-10T06:03:12.1062632Z   CARGO_PROFILE_DEV_DEBUG: 0
test (x86_64-unknown-linux-gnu, ubuntu-latest)	Install dependencies (Linux)	2026-09-10T06:03:12.1062885Z   CARGO_TERM_COLOR: always
test (x86_64-unknown-linux-gnu, ubuntu-latest)	Install dependencies (Linux)	2026-09-10T06:03:12.1063141Z   RUST_BACKTRACE: short
test (x86_64-unknown-linux-gnu, ubuntu-latest)	Install dependencies (Linux)	2026-09-10T06:03:12.1063371Z   RUSTFLAGS: -D warnings
test (x86_64-unknown-linux-gnu, ubuntu-latest)	Install dependencies (Linux)	2026-09-10T06:03:12.1063619Z   CARGO_UNSTABLE_SPARSE_REGISTRY: true
test (x86_64-unknown-linux-gnu, ubuntu-latest)	Install dependencies (Linux)	2026-09-10T06:03:12.1063920Z   CARGO_REGISTRIES_CRATES_IO_PROTOCOL: sparse
test (x86_64-unknown-linux-gnu, ubuntu-latest)	Install dependencies (Linux)	2026-09-10T06:03:12.1064209Z   CACHE_ON_FAILURE: true
test (x86_64-unknown-linux-gnu, ubuntu-latest)	Install dependencies (Linux)	2026-09-10T06:03:12.1064461Z   CACHE_KEY: f383ff6fc98053745e76aa2f6d3abfb7
test (x86_64-unknown-linux-gnu, ubuntu-latest)	Install dependencies (Linux)	2026-09-10T06:03:12.1064738Z   CACHE_HIT: true
test (x86_64-unknown-linux-gnu, ubuntu-latest)	Install dependencies (Linux)	2026-09-10T06:03:12.1064959Z   EXEC_INSTALL_SCRIPTS: false
test (x86_64-unknown-linux-gnu, ubuntu-latest)	Install dependencies (Linux)	2026-09-10T06:03:12.1065207Z   DEBUG: false
test (x86_64-unknown-linux-gnu, ubuntu-latest)	Install dependencies (Linux)	2026-09-10T06:03:12.1065414Z   ADD_REPOSITORY: 
test (x86_64-unknown-linux-gnu, ubuntu-latest)	Install dependencies (Linux)	2026-09-10T06:03:12.1065876Z   PACKAGES: libgit2-dev libssl-dev pkg-config
test (x86_64-unknown-linux-gnu, ubuntu-latest)	Install dependencies (Linux)	2026-09-10T06:03:12.1066173Z ##[endgroup]
test (x86_64-unknown-linux-gnu, ubuntu-latest)	Install dependencies (Linux)	2026-09-10T06:03:12.1214611Z Found 9 files in the cache.
test (x86_64-unknown-linux-gnu, ubuntu-latest)	Install dependencies (Linux)	2026-09-10T06:03:12.1224512Z - cache_key.md5
test (x86_64-unknown-linux-gnu, ubuntu-latest)	Install dependencies (Linux)	2026-09-10T06:03:12.1233674Z - install.log
test (x86_64-unknown-linux-gnu, ubuntu-latest)	Install dependencies (Linux)	2026-09-10T06:03:12.1243450Z - libgit2-1.7=1.7.2+ds-1ubuntu3.1.tar
test (x86_64-unknown-linux-gnu, ubuntu-latest)	Install dependencies (Linux)	2026-09-10T06:03:12.1252735Z - libgit2-dev=1.7.2+ds-1ubuntu3.1.tar
test (x86_64-unknown-linux-gnu, ubuntu-latest)	Install dependencies (Linux)	2026-09-10T06:03:12.1262252Z - libhttp-parser-dev=2.9.4-6build1.tar
test (x86_64-unknown-linux-gnu, ubuntu-latest)	Install dependencies (Linux)	2026-09-10T06:03:12.1271773Z - libhttp-parser2.9=2.9.4-6build1.tar
test (x86_64-unknown-linux-gnu, ubuntu-latest)	Install dependencies (Linux)	2026-09-10T06:03:12.1281461Z - libssh2-1-dev=1.11.0-4.1ubuntu0.24.04.3.tar
test (x86_64-unknown-linux-gnu, ubuntu-latest)	Install dependencies (Linux)	2026-09-10T06:03:12.1290970Z - manifest_all.log
test (x86_64-unknown-linux-gnu, ubuntu-latest)	Install dependencies (Linux)	2026-09-10T06:03:12.1300330Z - manifest_main.log
test (x86_64-unknown-linux-gnu, ubuntu-latest)	Install dependencies (Linux)	2026-09-10T06:03:12.1300558Z 
test (x86_64-unknown-linux-gnu, ubuntu-latest)	Install dependencies (Linux)	2026-09-10T06:03:12.1300970Z Reading from main requested packages manifest...
test (x86_64-unknown-linux-gnu, ubuntu-latest)	Install dependencies (Linux)	2026-09-10T06:03:12.1327659Z - libgit2-dev=1.7.2+ds-1ubuntu3.1
test (x86_64-unknown-linux-gnu, ubuntu-latest)	Install dependencies (Linux)	2026-09-10T06:03:12.1340942Z - libssl-dev=3.0.13-0ubuntu3.15
test (x86_64-unknown-linux-gnu, ubuntu-latest)	Install dependencies (Linux)	2026-09-10T06:03:12.1353544Z - pkg-config=1.8.1-2build1
test (x86_64-unknown-linux-gnu, ubuntu-latest)	Install dependencies (Linux)	2026-09-10T06:03:12.1353997Z done
test (x86_64-unknown-linux-gnu, ubuntu-latest)	Install dependencies (Linux)	2026-09-10T06:03:12.1354181Z 
test (x86_64-unknown-linux-gnu, ubuntu-latest)	Install dependencies (Linux)	2026-09-10T06:03:12.1387458Z Restoring 5 packages from cache...
test (x86_64-unknown-linux-gnu, ubuntu-latest)	Install dependencies (Linux)	2026-09-10T06:03:12.1397969Z - libgit2-1.7=1.7.2+ds-1ubuntu3.1.tar restoring...
test (x86_64-unknown-linux-gnu, ubuntu-latest)	Install dependencies (Linux)	2026-09-10T06:03:12.1464887Z   done
test (x86_64-unknown-linux-gnu, ubuntu-latest)	Install dependencies (Linux)	2026-09-10T06:03:12.1475140Z - libgit2-dev=1.7.2+ds-1ubuntu3.1.tar restoring...
test (x86_64-unknown-linux-gnu, ubuntu-latest)	Install dependencies (Linux)	2026-09-10T06:03:12.1591303Z   done
test (x86_64-unknown-linux-gnu, ubuntu-latest)	Install dependencies (Linux)	2026-09-10T06:03:12.1601675Z - libhttp-parser-dev=2.9.4-6build1.tar restoring...
test (x86_64-unknown-linux-gnu, ubuntu-latest)	Install dependencies (Linux)	2026-09-10T06:03:12.1667417Z   done
test (x86_64-unknown-linux-gnu, ubuntu-latest)	Install dependencies (Linux)	2026-09-10T06:03:12.1677338Z - libhttp-parser2.9=2.9.4-6build1.tar restoring...
test (x86_64-unknown-linux-gnu, ubuntu-latest)	Install dependencies (Linux)	2026-09-10T06:03:12.1736093Z   done
test (x86_64-unknown-linux-gnu, ubuntu-latest)	Install dependencies (Linux)	2026-09-10T06:03:12.1745395Z - libssh2-1-dev=1.11.0-4.1ubuntu0.24.04.3.tar restoring...
test (x86_64-unknown-linux-gnu, ubuntu-latest)	Install dependencies (Linux)	2026-09-10T06:03:12.1938836Z   done
test (x86_64-unknown-linux-gnu, ubuntu-latest)	Install dependencies (Linux)	2026-09-10T06:03:12.1940843Z done
test (x86_64-unknown-linux-gnu, ubuntu-latest)	Install dependencies (Linux)	2026-09-10T06:03:12.1941030Z 
test (x86_64-unknown-linux-gnu, ubuntu-latest)	Install dependencies (Linux)	2026-09-10T06:03:12.1984919Z ##[end-action id=__awalsh128_cache-apt-pkgs-action.post-cache;outcome=success;conclusion=success;duration_ms=97]
test (x86_64-unknown-linux-gnu, ubuntu-latest)	Install dependencies (Linux)	2026-09-10T06:03:12.1987928Z ##[start-action display=Run actions/upload-artifact@bbbca2ddaa5d8feaa63e36b76fdaad77386f024f;id=__awalsh128_cache-apt-pkgs-action.upload-logs]
test (x86_64-unknown-linux-gnu, ubuntu-latest)	Install dependencies (Linux)	2026-09-10T06:03:12.1993266Z ##[end-action id=__awalsh128_cache-apt-pkgs-action.upload-logs;outcome=skipped;conclusion=skipped;duration_ms=0]
test (x86_64-unknown-linux-gnu, ubuntu-latest)	Install dependencies (Linux)	2026-09-10T06:03:12.1995775Z ##[start-action display=Run actions/cache/save@55cc8345863c7cc4c66a329aec7e433d2d1c52a9;id=__awalsh128_cache-apt-pkgs-action.save-cache]
test (x86_64-unknown-linux-gnu, ubuntu-latest)	Install dependencies (Linux)	2026-09-10T06:03:12.2005136Z ##[end-action id=__awalsh128_cache-apt-pkgs-action.save-cache;outcome=skipped;conclusion=skipped;duration_ms=0]
test (x86_64-unknown-linux-gnu, ubuntu-latest)	Install dependencies (Linux)	2026-09-10T06:03:12.2007863Z ##[start-action display=Run rm -rf ~/cache-apt-pkgs;id=__awalsh128_cache-apt-pkgs-action.clean-cache]
test (x86_64-unknown-linux-gnu, ubuntu-latest)	Install dependencies (Linux)	2026-09-10T06:03:12.2020640Z ##[group]Run rm -rf ~/cache-apt-pkgs
test (x86_64-unknown-linux-gnu, ubuntu-latest)	Install dependencies (Linux)	2026-09-10T06:03:12.2020967Z ^[[36;1mrm -rf ~/cache-apt-pkgs^[[0m
test (x86_64-unknown-linux-gnu, ubuntu-latest)	Install dependencies (Linux)	2026-09-10T06:03:12.2041542Z shell: /usr/bin/bash --noprofile --norc -e -o pipefail {0}
test (x86_64-unknown-linux-gnu, ubuntu-latest)	Install dependencies (Linux)	2026-09-10T06:03:12.2041891Z env:
test (x86_64-unknown-linux-gnu, ubuntu-latest)	Install dependencies (Linux)	2026-09-10T06:03:12.2042095Z   CARGO_INCREMENTAL: 0
test (x86_64-unknown-linux-gnu, ubuntu-latest)	Install dependencies (Linux)	2026-09-10T06:03:12.2042333Z   CARGO_PROFILE_DEV_DEBUG: 0
test (x86_64-unknown-linux-gnu, ubuntu-latest)	Install dependencies (Linux)	2026-09-10T06:03:12.2042590Z   CARGO_TERM_COLOR: always
test (x86_64-unknown-linux-gnu, ubuntu-latest)	Install dependencies (Linux)	2026-09-10T06:03:12.2042828Z   RUST_BACKTRACE: short
test (x86_64-unknown-linux-gnu, ubuntu-latest)	Install dependencies (Linux)	2026-09-10T06:03:12.2043065Z   RUSTFLAGS: -D warnings
test (x86_64-unknown-linux-gnu, ubuntu-latest)	Install dependencies (Linux)	2026-09-10T06:03:12.2043314Z   CARGO_UNSTABLE_SPARSE_REGISTRY: true
test (x86_64-unknown-linux-gnu, ubuntu-latest)	Install dependencies (Linux)	2026-09-10T06:03:12.2043612Z   CARGO_REGISTRIES_CRATES_IO_PROTOCOL: sparse
test (x86_64-unknown-linux-gnu, ubuntu-latest)	Install dependencies (Linux)	2026-09-10T06:03:12.2043904Z   CACHE_ON_FAILURE: true
test (x86_64-unknown-linux-gnu, ubuntu-latest)	Install dependencies (Linux)	2026-09-10T06:03:12.2044179Z   CACHE_KEY: f383ff6fc98053745e76aa2f6d3abfb7
test (x86_64-unknown-linux-gnu, ubuntu-latest)	Install dependencies (Linux)	2026-09-10T06:03:12.2044460Z ##[endgroup]
test (x86_64-unknown-linux-gnu, ubuntu-latest)	Install dependencies (Linux)	2026-09-10T06:03:12.2104713Z ##[end-action id=__awalsh128_cache-apt-pkgs-action.clean-cache;outcome=success;conclusion=success;duration_ms=9]
test (x86_64-unknown-linux-gnu, ubuntu-latest)	cargo test	﻿2026-09-10T06:03:12.2129875Z ##[group]Run cargo test --target x86_64-unknown-linux-gnu
test (x86_64-unknown-linux-gnu, ubuntu-latest)	cargo test	2026-09-10T06:03:12.2130287Z ^[[36;1mcargo test --target x86_64-unknown-linux-gnu^[[0m
test (x86_64-unknown-linux-gnu, ubuntu-latest)	cargo test	2026-09-10T06:03:12.2150841Z shell: /usr/bin/bash -e {0}
test (x86_64-unknown-linux-gnu, ubuntu-latest)	cargo test	2026-09-10T06:03:12.2151115Z env:
test (x86_64-unknown-linux-gnu, ubuntu-latest)	cargo test	2026-09-10T06:03:12.2151323Z   CARGO_INCREMENTAL: 0
test (x86_64-unknown-linux-gnu, ubuntu-latest)	cargo test	2026-09-10T06:03:12.2151568Z   CARGO_PROFILE_DEV_DEBUG: 0
test (x86_64-unknown-linux-gnu, ubuntu-latest)	cargo test	2026-09-10T06:03:12.2151811Z   CARGO_TERM_COLOR: always
test (x86_64-unknown-linux-gnu, ubuntu-latest)	cargo test	2026-09-10T06:03:12.2152049Z   RUST_BACKTRACE: short
test (x86_64-unknown-linux-gnu, ubuntu-latest)	cargo test	2026-09-10T06:03:12.2152283Z   RUSTFLAGS: -D warnings
test (x86_64-unknown-linux-gnu, ubuntu-latest)	cargo test	2026-09-10T06:03:12.2152536Z   CARGO_UNSTABLE_SPARSE_REGISTRY: true
test (x86_64-unknown-linux-gnu, ubuntu-latest)	cargo test	2026-09-10T06:03:12.2152841Z   CARGO_REGISTRIES_CRATES_IO_PROTOCOL: sparse
test (x86_64-unknown-linux-gnu, ubuntu-latest)	cargo test	2026-09-10T06:03:12.2153130Z   CACHE_ON_FAILURE: true
test (x86_64-unknown-linux-gnu, ubuntu-latest)	cargo test	2026-09-10T06:03:12.2153401Z   CACHE_KEY: f383ff6fc98053745e76aa2f6d3abfb7
test (x86_64-unknown-linux-gnu, ubuntu-latest)	cargo test	2026-09-10T06:03:12.2153685Z ##[endgroup]
test (x86_64-unknown-linux-gnu, ubuntu-latest)	cargo test	2026-09-10T06:03:12.2889379Z ^[[1m^[[92m    Updating^[[0m crates.io index
test (x86_64-unknown-linux-gnu, ubuntu-latest)	cargo test	2026-09-10T06:03:13.3021775Z ^[[1m^[[92m   Compiling^[[0m vig v0.15.0 (/home/runner/work/vig/vig)
test (x86_64-unknown-linux-gnu, ubuntu-latest)	cargo test	2026-09-10T06:03:23.0714847Z ^[[1m^[[92m    Finished^[[0m `test` profile [unoptimized] target(s) in 10.84s
test (x86_64-unknown-linux-gnu, ubuntu-latest)	cargo test	2026-09-10T06:03:23.0891169Z ^[[1m^[[92m     Running^[[0m unittests src/main.rs (target/x86_64-unknown-linux-gnu/debug/deps/vig-6b09a382e9981070)
test (x86_64-unknown-linux-gnu, ubuntu-latest)	cargo test	2026-09-10T06:03:23.0919089Z 
test (x86_64-unknown-linux-gnu, ubuntu-latest)	cargo test	2026-09-10T06:03:23.0919561Z running 409 tests
test (x86_64-unknown-linux-gnu, ubuntu-latest)	cargo test	2026-09-10T06:03:23.0942376Z test core::api_budget::tests::thresholds ... ok
test (x86_64-unknown-linux-gnu, ubuntu-latest)	cargo test	2026-09-10T06:03:23.0966166Z test core::app::tests::page_keys_helper_groups_by_page_in_insertion_order ... ok
test (x86_64-unknown-linux-gnu, ubuntu-latest)	cargo test	2026-09-10T06:03:23.0967075Z test core::app::tests::refresh_notice_reports_idle_and_off ... ok
test (x86_64-unknown-linux-gnu, ubuntu-latest)	cargo test	2026-09-10T06:03:23.0967893Z test core::app::tests::refresh_scale_compounds_idle_and_quota_and_stops ... ok
test (x86_64-unknown-linux-gnu, ubuntu-latest)	cargo test	2026-09-10T06:03:29.2436472Z test core::app::tests::user_pages_disable_pages ... ok
test (x86_64-unknown-linux-gnu, ubuntu-latest)	cargo test	2026-09-10T06:03:29.3296787Z test core::app::tests::app_keymap_resolves_page_switch_bindings ... ok
test (x86_64-unknown-linux-gnu, ubuntu-latest)	cargo test	2026-09-10T06:03:29.3326672Z test core::browser::tests::unix_launcher_uses_xdg_open_or_the_app ... ok
test (x86_64-unknown-linux-gnu, ubuntu-latest)	cargo test	2026-09-10T06:03:29.3355964Z test core::config::constraint::tests::errors ... ok
test (x86_64-unknown-linux-gnu, ubuntu-latest)	cargo test	2026-09-10T06:03:29.3386080Z test core::config::constraint::tests::length ... ok
test (x86_64-unknown-linux-gnu, ubuntu-latest)	cargo test	2026-09-10T06:03:29.3445956Z test core::config::constraint::tests::min ... ok
test (x86_64-unknown-linux-gnu, ubuntu-latest)	cargo test	2026-09-10T06:03:29.3496265Z test core::config::constraint::tests::percentage ... ok
test (x86_64-unknown-linux-gnu, ubuntu-latest)	cargo test	2026-09-10T06:03:29.5287831Z test core::app::tests::page_keys_follow_the_builtin_app_block ... ok
test (x86_64-unknown-linux-gnu, ubuntu-latest)	cargo test	2026-09-10T06:03:29.5316748Z test core::config::guide_examples::extractor_tests::extracts_blocks_with_info_and_line_numbers ... ok
test (x86_64-unknown-linux-gnu, ubuntu-latest)	cargo test	2026-09-10T06:03:29.5346524Z test core::config::guide_examples::extractor_tests::finds_the_guide_chapters ... ok
test (x86_64-unknown-linux-gnu, ubuntu-latest)	cargo test	2026-09-10T06:03:29.5376653Z test core::config::guide_examples::extractor_tests::ignore_annotation_is_a_distinct_info_string ... ok
test (x86_64-unknown-linux-gnu, ubuntu-latest)	cargo test	2026-09-10T06:03:29.5406320Z test core::config::guide_examples::extractor_tests::indented_fences_and_unclosed_blocks ... ok
test (x86_64-unknown-linux-gnu, ubuntu-latest)	cargo test	2026-09-10T06:03:29.5436253Z test core::config::guide_examples::extractor_tests::text_between_blocks_is_not_captured ... ok
test (x86_64-unknown-linux-gnu, ubuntu-latest)	cargo test	2026-09-10T06:03:29.5457044Z test core::config::keymap_builder::tests::explicit_overrides_preset ... ok
test (x86_64-unknown-linux-gnu, ubuntu-latest)	cargo test	2026-09-10T06:03:29.5486108Z test core::config::keymap_builder::tests::invalid_action_fails ... ok
test (x86_64-unknown-linux-gnu, ubuntu-latest)	cargo test	2026-09-10T06:03:29.5487031Z test core::config::keymap_builder::tests::invalid_key_fails ... ok
test (x86_64-unknown-linux-gnu, ubuntu-latest)	cargo test	2026-09-10T06:03:29.5487806Z test core::config::keymap_builder::tests::none_unbinds_key ... ok
test (x86_64-unknown-linux-gnu, ubuntu-latest)	cargo test	2026-09-10T06:03:29.5488577Z test core::config::keymap_builder::tests::preset_nav_expands ... ok
test (x86_64-unknown-linux-gnu, ubuntu-latest)	cargo test	2026-09-10T06:03:29.5489383Z test core::config::keymap_builder::tests::preset_search_expands ... ok
test (x86_64-unknown-linux-gnu, ubuntu-latest)	cargo test	2026-09-10T06:03:29.5490202Z test core::config::keymap_builder::tests::unknown_preset_fails ... ok
test (x86_64-unknown-linux-gnu, ubuntu-latest)	cargo test	2026-09-10T06:03:29.6557361Z test core::config::loader::tests::app_entries_populated ... ok
test (x86_64-unknown-linux-gnu, ubuntu-latest)	cargo test	2026-09-10T06:03:29.9003302Z test core::config::loader::tests::builtin_pages_list_every_page_in_declaration_order ... ok
test (x86_64-unknown-linux-gnu, ubuntu-latest)	cargo test	2026-09-10T06:03:30.1486759Z test core::config::loader::tests::docker_page_ids_keys_and_bindings ... ok
test (x86_64-unknown-linux-gnu, ubuntu-latest)	cargo test	2026-09-10T06:03:30.5316769Z test core::config::loader::tests::empty_user_config_equals_builtin ... ok
test (x86_64-unknown-linux-gnu, ubuntu-latest)	cargo test	2026-09-10T06:03:30.7716530Z test core::config::loader::tests::files_page_ids_keys_and_bindings ... ok
test (x86_64-unknown-linux-gnu, ubuntu-latest)	cargo test	2026-09-10T06:03:30.8886665Z test core::config::loader::tests::git_bindings_correct ... ok
test (x86_64-unknown-linux-gnu, ubuntu-latest)	cargo test	2026-09-10T06:03:31.0086148Z test core::config::loader::tests::git_pane_ids_correct ... ok
test (x86_64-unknown-linux-gnu, ubuntu-latest)	cargo test	2026-09-10T06:03:31.1266517Z test core::config::loader::tests::git_pane_keys_present ... ok
test (x86_64-unknown-linux-gnu, ubuntu-latest)	cargo test	2026-09-10T06:03:31.5115804Z test core::config::loader::tests::github_auto_refresh_default_override_and_validation ... ok
test (x86_64-unknown-linux-gnu, ubuntu-latest)	cargo test	2026-09-10T06:03:31.6314832Z test core::config::loader::tests::github_bindings_correct ... ok
test (x86_64-unknown-linux-gnu, ubuntu-latest)	cargo test	2026-09-10T06:03:31.7566745Z test core::config::loader::tests::github_bindings_distinct_instances ... ok
test (x86_64-unknown-linux-gnu, ubuntu-latest)	cargo test	2026-09-10T06:03:32.1136869Z test core::config::loader::tests::github_page_runs_column_ids_keys_and_bindings ... ok
test (x86_64-unknown-linux-gnu, ubuntu-latest)	cargo test	2026-09-10T06:03:32.2316517Z test core::config::loader::tests::github_pane_ids_correct ... ok
test (x86_64-unknown-linux-gnu, ubuntu-latest)	cargo test	2026-09-10T06:03:32.3566519Z test core::config::loader::tests::github_pane_keys_present ... ok
test (x86_64-unknown-linux-gnu, ubuntu-latest)	cargo test	2026-09-10T06:03:33.2633173Z test core::config::loader::tests::github_poll_interval_default_override_and_validation ... ok
test (x86_64-unknown-linux-gnu, ubuntu-latest)	cargo test	2026-09-10T06:03:33.6486751Z test core::config::loader::tests::icons_default_override_and_validation ... ok
test (x86_64-unknown-linux-gnu, ubuntu-latest)	cargo test	2026-09-10T06:03:34.0246841Z test core::config::loader::tests::image_preview_default_override_and_validation ... ok
test (x86_64-unknown-linux-gnu, ubuntu-latest)	cargo test	2026-09-10T06:03:34.1446561Z test core::config::loader::tests::load_git_page ... ok
test (x86_64-unknown-linux-gnu, ubuntu-latest)	cargo test	2026-09-10T06:03:34.2635716Z test core::config::loader::tests::load_github_page ... ok
test (x86_64-unknown-linux-gnu, ubuntu-latest)	cargo test	2026-09-10T06:03:34.6417051Z test core::config::loader::tests::markdown_preview_default_override_and_validation ... ok
test (x86_64-unknown-linux-gnu, ubuntu-latest)	cargo test	2026-09-10T06:03:34.8616827Z test core::app::tests::page_keys_follow_user_rebindings ... ok
test (x86_64-unknown-linux-gnu, ubuntu-latest)	cargo test	2026-09-10T06:03:35.1046636Z test core::config::loader::tests::procs_page_ids_keys_and_bindings ... ok
test (x86_64-unknown-linux-gnu, ubuntu-latest)	cargo test	2026-09-10T06:03:35.7294501Z test core::config::loader::tests::procs_refresh_interval_default_override_and_validation ... ok
test (x86_64-unknown-linux-gnu, ubuntu-latest)	cargo test	2026-09-10T06:03:35.8126800Z test core::config::loader::tests::procs_history_default_override_and_validation ... ok
test (x86_64-unknown-linux-gnu, ubuntu-latest)	cargo test	2026-09-10T06:03:36.4237969Z test core::app::tests::user_pages_reorder_slots_and_keep_keys_by_name ... ok
test (x86_64-unknown-linux-gnu, ubuntu-latest)	cargo test	2026-09-10T06:03:36.6608086Z test core::config::loader::tests::projects_page_ids_keys_and_bindings ... ok
test (x86_64-unknown-linux-gnu, ubuntu-latest)	cargo test	2026-09-10T06:03:36.9639582Z test core::config::loader::tests::projects_filter_and_hide_closed_default_override_and_validation ... ok
test (x86_64-unknown-linux-gnu, ubuntu-latest)	cargo test	2026-09-10T06:03:37.1166802Z test core::config::loader::tests::projects_board_default_override_and_validation ... ok
test (x86_64-unknown-linux-gnu, ubuntu-latest)	cargo test	2026-09-10T06:03:37.3082930Z test core::config::loader::tests::projects_poll_interval_default_override_and_validation ... ok
test (x86_64-unknown-linux-gnu, ubuntu-latest)	cargo test	2026-09-10T06:03:37.5996839Z test core::config::loader::tests::removed_actions_page_fails_fast_with_a_hint ... ok
test (x86_64-unknown-linux-gnu, ubuntu-latest)	cargo test	2026-09-10T06:03:37.7577021Z test core::config::loader::tests::repo_layer_error_names_the_repo_file_and_leaves_base_usable ... ok
test (x86_64-unknown-linux-gnu, ubuntu-latest)	cargo test	2026-09-10T06:03:37.8286768Z test core::config::loader::tests::repo_config_kill_switch_parses_and_validates ... ok
test (x86_64-unknown-linux-gnu, ubuntu-latest)	cargo test	2026-09-10T06:03:37.9096720Z test core::config::loader::tests::repo_layer_overrides_user ... ok
test (x86_64-unknown-linux-gnu, ubuntu-latest)	cargo test	2026-09-10T06:03:38.1056716Z test core::config::loader::tests::repo_layer_rejects_repo_config_node ... ok
test (x86_64-unknown-linux-gnu, ubuntu-latest)	cargo test	2026-09-10T06:03:38.2446608Z test core::config::loader::tests::user_app_keys_merge ... ok
test (x86_64-unknown-linux-gnu, ubuntu-latest)	cargo test	2026-09-10T06:03:38.4170018Z test core::config::loader::tests::theme_default_override_and_validation ... ok
test (x86_64-unknown-linux-gnu, ubuntu-latest)	cargo test	2026-09-10T06:03:38.5516845Z test core::config::loader::tests::user_invalid_action_mentions_file_page_and_pane ... ok
test (x86_64-unknown-linux-gnu, ubuntu-latest)	cargo test	2026-09-10T06:03:38.6167476Z test core::config::loader::tests::user_binding_to_disabled_or_unknown_page_fails ... ok
test (x86_64-unknown-linux-gnu, ubuntu-latest)	cargo test	2026-09-10T06:03:38.6986771Z test core::config::loader::tests::user_layer_survives_where_repo_is_silent ... ok
test (x86_64-unknown-linux-gnu, ubuntu-latest)	cargo test	2026-09-10T06:03:38.7876787Z test core::config::loader::tests::projects_views_parse_and_validate ... ok
test (x86_64-unknown-linux-gnu, ubuntu-latest)	cargo test	2026-09-10T06:03:38.8696867Z test core::config::loader::tests::user_layout_can_place_the_projects_list_pane ... ok
test (x86_64-unknown-linux-gnu, ubuntu-latest)	cargo test	2026-09-10T06:03:39.0866881Z test core::config::loader::tests::user_layout_may_leave_panes_unplaced ... ok
test (x86_64-unknown-linux-gnu, ubuntu-latest)	cargo test	2026-09-10T06:03:39.1256719Z test core::config::loader::tests::user_layout_replaces_without_renumbering_panes ... ok
test (x86_64-unknown-linux-gnu, ubuntu-latest)	cargo test	2026-09-10T06:03:39.3406810Z test core::config::loader::tests::user_overrides_and_unbinds_pane_keys ... ok
test (x86_64-unknown-linux-gnu, ubuntu-latest)	cargo test	2026-09-10T06:03:39.4696744Z test core::config::loader::tests::user_pages_reorder_and_disable ... ok
test (x86_64-unknown-linux-gnu, ubuntu-latest)	cargo test	2026-09-10T06:03:39.6206775Z test core::config::loader::tests::user_pages_errors_mention_file_and_page ... ok
test (x86_64-unknown-linux-gnu, ubuntu-latest)	cargo test	2026-09-10T06:03:39.6556806Z test core::config::loader::tests::user_layout_rejects_unknown_repeated_or_no_panes ... ok
test (x86_64-unknown-linux-gnu, ubuntu-latest)	cargo test	2026-09-10T06:03:39.8966623Z test core::config::loader::tests::worktrees_page_ids_keys_and_bindings ... ok
test (x86_64-unknown-linux-gnu, ubuntu-latest)	cargo test	2026-09-10T06:03:39.9026395Z test core::config::merge::tests::app_keys_merge_per_key ... ok
test (x86_64-unknown-linux-gnu, ubuntu-latest)	cargo test	2026-09-10T06:03:39.9057375Z test core::config::merge::tests::github_poll_interval_replaced ... ok
test (x86_64-unknown-linux-gnu, ubuntu-latest)	cargo test	2026-09-10T06:03:39.9146458Z test core::config::merge::tests::layout_tabs_bind_replaced_wholesale ... ok
test (x86_64-unknown-linux-gnu, ubuntu-latest)	cargo test	2026-09-10T06:03:39.9196325Z test core::config::merge::tests::pages_replaced_wholesale ... ok
test (x86_64-unknown-linux-gnu, ubuntu-latest)	cargo test	2026-09-10T06:03:39.9246474Z test core::config::merge::tests::pane_keys_override_add_and_keep_presets ... ok
test (x86_64-unknown-linux-gnu, ubuntu-latest)	cargo test	2026-09-10T06:03:39.9306208Z test core::config::merge::tests::projects_board_replaced_wholesale ... ok
test (x86_64-unknown-linux-gnu, ubuntu-latest)	cargo test	2026-09-10T06:03:39.9346201Z test core::config::merge::tests::projects_poll_interval_replaced ... ok
test (x86_64-unknown-linux-gnu, ubuntu-latest)	cargo test	2026-09-10T06:03:39.9426393Z test core::config::merge::tests::projects_views_replace_by_name_else_append ... ok
test (x86_64-unknown-linux-gnu, ubuntu-latest)	cargo test	2026-09-10T06:03:39.9466127Z test core::config::merge::tests::theme_replaced ... ok
test (x86_64-unknown-linux-gnu, ubuntu-latest)	cargo test	2026-09-10T06:03:39.9696333Z test core::config::merge::tests::unknown_page_pane_and_blocks_fail ... ok
test (x86_64-unknown-linux-gnu, ubuntu-latest)	cargo test	2026-09-10T06:03:40.1181389Z test core::config::repo::tests::apply_error_degrades_and_names_the_file ... ok
test (x86_64-unknown-linux-gnu, ubuntu-latest)	cargo test	2026-09-10T06:03:40.1222819Z test core::config::repo::tests::classify_absent_disabled_untracked ... ok
test (x86_64-unknown-linux-gnu, ubuntu-latest)	cargo test	2026-09-10T06:03:40.1223985Z test core::config::repo::tests::classify_tracked_consults_trust_store ... ok
test (x86_64-unknown-linux-gnu, ubuntu-latest)	cargo test	2026-09-10T06:03:40.1224953Z test core::config::repo::tests::content_hash_is_sha256_hex ... ok
test (x86_64-unknown-linux-gnu, ubuntu-latest)	cargo test	2026-09-10T06:03:40.1228226Z test core::config::repo::tests::interpret_ls_files_distinguishes_untracked_from_failure ... ok
test (x86_64-unknown-linux-gnu, ubuntu-latest)	cargo test	2026-09-10T06:03:40.1229691Z test core::config::repo::tests::spawn_failure_is_undeterminable ... ok
test (x86_64-unknown-linux-gnu, ubuntu-latest)	cargo test	2026-09-10T06:03:40.1230931Z test core::config::repo::tests::status_text_covers_every_outcome ... ok
test (x86_64-unknown-linux-gnu, ubuntu-latest)	cargo test	2026-09-10T06:03:40.1231966Z test core::config::repo::tests::undeterminable_tracking_fails_closed ... ok
test (x86_64-unknown-linux-gnu, ubuntu-latest)	cargo test	2026-09-10T06:03:40.1232943Z test core::config::source::tests::explicit_path_wins ... ok
test (x86_64-unknown-linux-gnu, ubuntu-latest)	cargo test	2026-09-10T06:03:40.1233800Z test core::config::source::tests::line_col_basic ... ok
test (x86_64-unknown-linux-gnu, ubuntu-latest)	cargo test	2026-09-10T06:03:40.1234739Z test core::config::source::tests::parse_error_mentions_path_and_line ... ok
test (x86_64-unknown-linux-gnu, ubuntu-latest)	cargo test	2026-09-10T06:03:40.1235842Z test core::config::trust::tests::changed_hash_invalidates_decision ... ok
test (x86_64-unknown-linux-gnu, ubuntu-latest)	cargo test	2026-09-10T06:03:40.1236755Z test core::config::trust::tests::corrupt_or_missing_store_is_empty ... ok
test (x86_64-unknown-linux-gnu, ubuntu-latest)	cargo test	2026-09-10T06:03:40.1238460Z test core::config::trust::tests::forget_by_normalized_listing_output_always_matches ... ok
test (x86_64-unknown-linux-gnu, ubuntu-latest)	cargo test	2026-09-10T06:03:40.1239594Z test core::config::trust::tests::forget_removes_one_entry ... ok
test (x86_64-unknown-linux-gnu, ubuntu-latest)	cargo test	2026-09-10T06:03:40.1240507Z test core::config::trust::tests::format_unix_is_utc_civil ... ok
test (x86_64-unknown-linux-gnu, ubuntu-latest)	cargo test	2026-09-10T06:03:40.1241343Z test core::config::trust::tests::roundtrip ... ok
test (x86_64-unknown-linux-gnu, ubuntu-latest)	cargo test	2026-09-10T06:03:40.1242300Z test core::config::trust::tests::trailing_slash_and_plain_paths_share_one_key ... ok
test (x86_64-unknown-linux-gnu, ubuntu-latest)	cargo test	2026-09-10T06:03:40.1243427Z test core::gh_fixture::tests::names_are_deterministic_and_filesystem_safe ... ok
test (x86_64-unknown-linux-gnu, ubuntu-latest)	cargo test	2026-09-10T06:03:40.1244564Z test core::gh_fixture::tests::replay_reads_recordings_and_flags_missing_files ... ok
test (x86_64-unknown-linux-gnu, ubuntu-latest)	cargo test	2026-09-10T06:03:40.1245657Z test core::keymap::tests::parse_ctrl_modifier ... ok
test (x86_64-unknown-linux-gnu, ubuntu-latest)	cargo test	2026-09-10T06:03:40.1246464Z test core::keymap::tests::parse_invalid ... ok
test (x86_64-unknown-linux-gnu, ubuntu-latest)	cargo test	2026-09-10T06:03:40.1247234Z test core::keymap::tests::parse_nav_action ... ok
test (x86_64-unknown-linux-gnu, ubuntu-latest)	cargo test	2026-09-10T06:03:40.1247987Z test core::keymap::tests::parse_plain_char ... ok
test (x86_64-unknown-linux-gnu, ubuntu-latest)	cargo test	2026-09-10T06:03:40.1248981Z test core::keymap::tests::parse_roundtrip ... ok
test (x86_64-unknown-linux-gnu, ubuntu-latest)	cargo test	2026-09-10T06:03:40.1249748Z test core::keymap::tests::parse_search_action ... ok
test (x86_64-unknown-linux-gnu, ubuntu-latest)	cargo test	2026-09-10T06:03:40.1250531Z test core::keymap::tests::parse_special_keys ... ok
test (x86_64-unknown-linux-gnu, ubuntu-latest)	cargo test	2026-09-10T06:03:40.1251312Z test core::keymap::tests::parse_uppercase_char ... ok
test (x86_64-unknown-linux-gnu, ubuntu-latest)	cargo test	2026-09-10T06:03:40.1252087Z test core::keymap::tests::parse_view_action ... ok
test (x86_64-unknown-linux-gnu, ubuntu-latest)	cargo test	2026-09-10T06:03:40.1252849Z test core::layout::tests::horizontal_split ... ok
test (x86_64-unknown-linux-gnu, ubuntu-latest)	cargo test	2026-09-10T06:03:40.1253817Z test core::layout::tests::multi_case_slot_rule_takes_the_first_matching_case ... ok
test (x86_64-unknown-linux-gnu, ubuntu-latest)	cargo test	2026-09-10T06:03:40.1266458Z test core::layout::tests::multiple_slot_rules ... ok
test (x86_64-unknown-linux-gnu, ubuntu-latest)	cargo test	2026-09-10T06:03:40.1281804Z test core::layout::tests::nested_split ... ok
test (x86_64-unknown-linux-gnu, ubuntu-latest)	cargo test	2026-09-10T06:03:40.1317414Z test core::layout::tests::page_frame_splits_correctly ... ok
test (x86_64-unknown-linux-gnu, ubuntu-latest)	cargo test	2026-09-10T06:03:40.1327642Z test core::layout::tests::single_pane_fills_area ... ok
test (x86_64-unknown-linux-gnu, ubuntu-latest)	cargo test	2026-09-10T06:03:40.1347335Z test core::layout::tests::slot_resolution ... ok
test (x86_64-unknown-linux-gnu, ubuntu-latest)	cargo test	2026-09-10T06:03:40.1366358Z test core::layout::tests::slot_rule_trigger ... ok
test (x86_64-unknown-linux-gnu, ubuntu-latest)	cargo test	2026-09-10T06:03:40.1369761Z test core::pane::focus_tests::unplaced_focus_falls_back_to_the_first_placed_tab_pane ... ok
test (x86_64-unknown-linux-gnu, ubuntu-latest)	cargo test	2026-09-10T06:03:40.1370744Z test core::tree::tests::children_follow_their_parent_with_guides ... ok
test (x86_64-unknown-linux-gnu, ubuntu-latest)	cargo test	2026-09-10T06:03:40.1397564Z test core::tree::tests::cycles_do_not_drop_items ... ok
test (x86_64-unknown-linux-gnu, ubuntu-latest)	cargo test	2026-09-10T06:03:40.1426391Z test core::tree::tests::flat_list_keeps_order ... ok
test (x86_64-unknown-linux-gnu, ubuntu-latest)	cargo test	2026-09-10T06:03:40.1427531Z test core::tree::tests::guides_continue_past_siblings_with_children ... ok
test (x86_64-unknown-linux-gnu, ubuntu-latest)	cargo test	2026-09-10T06:03:40.1437412Z test core::tree::tests::orphans_and_self_parent_are_top_level ... ok
test (x86_64-unknown-linux-gnu, ubuntu-latest)	cargo test	2026-09-10T06:03:40.1438531Z test core::ui::markdown::tests::fit_widths_lowers_widest_columns_evenly ... ok
test (x86_64-unknown-linux-gnu, ubuntu-latest)	cargo test	2026-09-10T06:03:40.1440573Z test core::ui::markdown::tests::narrowing_accounts_for_padding_and_wide_chars ... ok
test (x86_64-unknown-linux-gnu, ubuntu-latest)	cargo test	2026-09-10T06:03:40.1443586Z test core::ui::markdown::tests::padding_is_prepended_to_table_lines ... ok
test (x86_64-unknown-linux-gnu, ubuntu-latest)	cargo test	2026-09-10T06:03:40.1445307Z test core::ui::markdown::tests::table_between_paragraphs_keeps_surrounding_text ... ok
test (x86_64-unknown-linux-gnu, ubuntu-latest)	cargo test	2026-09-10T06:03:40.1447204Z test core::ui::markdown::tests::table_header_is_bold_and_inline_code_keeps_style ... ok
test (x86_64-unknown-linux-gnu, ubuntu-latest)	cargo test	2026-09-10T06:03:40.1458640Z test core::ui::markdown::tests::table_honours_column_alignment ... ok
test (x86_64-unknown-linux-gnu, ubuntu-latest)	cargo test	2026-09-10T06:03:40.1488169Z test core::ui::markdown::tests::table_renders_aligned_columns_with_header_rule ... ok
test (x86_64-unknown-linux-gnu, ubuntu-latest)	cargo test	2026-09-10T06:03:40.1517935Z test core::ui::markdown::tests::table_with_too_many_columns_keeps_min_width ... ok
test (x86_64-unknown-linux-gnu, ubuntu-latest)	cargo test	2026-09-10T06:03:40.1549585Z test core::ui::markdown::tests::wide_table_is_narrowed_to_fit_and_cells_truncated ... ok
test (x86_64-unknown-linux-gnu, ubuntu-latest)	cargo test	2026-09-10T06:03:40.1576504Z test core::ui::tail_pane::tests::cap_evicts_oldest_and_keeps_paused_view_stable ... ok
test (x86_64-unknown-linux-gnu, ubuntu-latest)	cargo test	2026-09-10T06:03:40.1606949Z test core::ui::tail_pane::tests::clear_and_set_lines_reset_state ... ok
test (x86_64-unknown-linux-gnu, ubuntu-latest)	cargo test	2026-09-10T06:03:40.1637134Z test core::ui::tail_pane::tests::follows_the_end_as_lines_arrive ... ok
test (x86_64-unknown-linux-gnu, ubuntu-latest)	cargo test	2026-09-10T06:03:40.1638133Z test core::ui::tail_pane::tests::half_page_and_top_navigation_clamp ... ok
test (x86_64-unknown-linux-gnu, ubuntu-latest)	cargo test	2026-09-10T06:03:40.1667345Z test core::ui::tail_pane::tests::last_lines_returns_tail_in_order ... ok
test (x86_64-unknown-linux-gnu, ubuntu-latest)	cargo test	2026-09-10T06:03:40.1687109Z test core::ui::tail_pane::tests::manual_scroll_pauses_and_g_resumes ... ok
test (x86_64-unknown-linux-gnu, ubuntu-latest)	cargo test	2026-09-10T06:03:40.1688200Z test core::ui::tail_pane::tests::search_matches_are_case_insensitive_line_entries ... ok
test (x86_64-unknown-linux-gnu, ubuntu-latest)	cargo test	2026-09-10T06:03:40.1697010Z test core::ui::tail_pane::tests::short_buffers_never_scroll ... ok
test (x86_64-unknown-linux-gnu, ubuntu-latest)	cargo test	2026-09-10T06:03:40.1709836Z test docker::domain::client::tests::merges_streams_by_timestamp_and_strips_ansi ... ok
test (x86_64-unknown-linux-gnu, ubuntu-latest)	cargo test	2026-09-10T06:03:40.1726419Z test docker::domain::client::tests::parses_container_inspect_without_env ... ok
test (x86_64-unknown-linux-gnu, ubuntu-latest)	cargo test	2026-09-10T06:03:40.1756314Z test docker::domain::client::tests::parses_docker_images_json_lines ... ok
test (x86_64-unknown-linux-gnu, ubuntu-latest)	cargo test	2026-09-10T06:03:40.1786316Z test docker::domain::client::tests::parses_docker_ps_json_lines ... ok
test (x86_64-unknown-linux-gnu, ubuntu-latest)	cargo test	2026-09-10T06:03:40.1816388Z test docker::domain::client::tests::parses_image_inspect_without_env ... ok
test (x86_64-unknown-linux-gnu, ubuntu-latest)	cargo test	2026-09-10T06:03:40.1817638Z test docker::domain::client::tests::split_timestamp_recognises_rfc3339_prefix ... ok
test (x86_64-unknown-linux-gnu, ubuntu-latest)	cargo test	2026-09-10T06:03:40.1846300Z test docker::domain::client::tests::strip_ansi_handles_csi_osc_and_bare_escapes ... ok
test (x86_64-unknown-linux-gnu, ubuntu-latest)	cargo test	2026-09-10T06:03:40.1876227Z test docker::domain::types::tests::container_state_parses_and_ranks ... ok
test (x86_64-unknown-linux-gnu, ubuntu-latest)	cargo test	2026-09-10T06:03:40.1906190Z test docker::domain::types::tests::image_dangling_and_name ... ok
test (x86_64-unknown-linux-gnu, ubuntu-latest)	cargo test	2026-09-10T06:03:40.1907618Z test docker::domain::types::tests::label_string_keeps_commas_inside_values ... ok
test (x86_64-unknown-linux-gnu, ubuntu-latest)	cargo test	2026-09-10T06:03:40.1966517Z test docker::panes::containers::tests::groups_compose_members_under_a_project_row_running_first ... ok
test (x86_64-unknown-linux-gnu, ubuntu-latest)	cargo test	2026-09-10T06:03:40.1967950Z test docker::panes::containers::tests::set_containers_keeps_selection_by_id ... ok
test (x86_64-unknown-linux-gnu, ubuntu-latest)	cargo test	2026-09-10T06:03:40.1996275Z test docker::panes::detail::tests::container_lines_render_sections_and_never_env ... ok
test (x86_64-unknown-linux-gnu, ubuntu-latest)	cargo test	2026-09-10T06:03:40.1997589Z test docker::panes::detail::tests::detail_pane_load_uses_cache_and_ignores_stale_results ... ok
test (x86_64-unknown-linux-gnu, ubuntu-latest)	cargo test	2026-09-10T06:03:40.2026295Z test docker::panes::detail::tests::fmt_time_trims_nanos_and_hides_zero_time ... ok
test (x86_64-unknown-linux-gnu, ubuntu-latest)	cargo test	2026-09-10T06:03:40.2052525Z test docker::panes::detail::tests::short_id_strips_sha_prefix ... ok
test (x86_64-unknown-linux-gnu, ubuntu-latest)	cargo test	2026-09-10T06:03:40.2077168Z test docker::panes::images::tests::dangling_images_sort_last ... ok
test (x86_64-unknown-linux-gnu, ubuntu-latest)	cargo test	2026-09-10T06:03:40.2096870Z test docker::panes::images::tests::set_images_keeps_selection ... ok
test (x86_64-unknown-linux-gnu, ubuntu-latest)	cargo test	2026-09-10T06:03:40.2120312Z test docker::panes::logs::tests::apply_tracks_last_timestamp_and_ignores_stale_requests ... ok
test (x86_64-unknown-linux-gnu, ubuntu-latest)	cargo test	2026-09-10T06:03:40.2156248Z test docker::panes::logs::tests::since_filter_drops_old_and_duplicate_lines ... ok
test (x86_64-unknown-linux-gnu, ubuntu-latest)	cargo test	2026-09-10T06:03:40.2260409Z test core::config::loader::tests::user_slot_accepts_single_and_multi_case_forms ... ok
test (x86_64-unknown-linux-gnu, ubuntu-latest)	cargo test	2026-09-10T06:03:40.2286308Z test files::domain::fs::tests::git_file_hidden_and_symlinks_marked ... ok
test (x86_64-unknown-linux-gnu, ubuntu-latest)	cargo test	2026-09-10T06:03:40.2316096Z test files::domain::fs::tests::human_size_formats ... ok
test (x86_64-unknown-linux-gnu, ubuntu-latest)	cargo test	2026-09-10T06:03:40.2317175Z test files::domain::fs::tests::list_dir_sorts_dirs_first_and_hides_git ... ok
test (x86_64-unknown-linux-gnu, ubuntu-latest)	cargo test	2026-09-10T06:03:40.2346396Z test files::domain::fs::tests::preview_exactly_at_limit_is_not_truncated ... ok
test (x86_64-unknown-linux-gnu, ubuntu-latest)	cargo test	2026-09-10T06:03:40.2372342Z test files::domain::fs::tests::preview_kinds ... ok
test (x86_64-unknown-linux-gnu, ubuntu-latest)	cargo test	2026-09-10T06:03:40.2396198Z test files::domain::icons::tests::glyphs_are_single_column ... ok
test (x86_64-unknown-linux-gnu, ubuntu-latest)	cargo test	2026-09-10T06:03:40.2417016Z test files::domain::icons::tests::picks_dir_name_extension_and_fallbacks ... ok
test (x86_64-unknown-linux-gnu, ubuntu-latest)	cargo test	2026-09-10T06:03:40.2426491Z test files::domain::image::tests::image_paths_by_extension ... ok
test (x86_64-unknown-linux-gnu, ubuntu-latest)	cargo test	2026-09-10T06:03:40.2456264Z test files::domain::image::tests::mode_parsing_matches_the_listed_modes ... ok
test (x86_64-unknown-linux-gnu, ubuntu-latest)	cargo test	2026-09-10T06:03:40.2486378Z test files::domain::image::tests::probe_reads_dimensions_and_rejects_non_images ... ok
test (x86_64-unknown-linux-gnu, ubuntu-latest)	cargo test	2026-09-10T06:03:40.3577653Z test core::config::loader::tests::user_structural_errors_mention_file ... ok
test (x86_64-unknown-linux-gnu, ubuntu-latest)	cargo test	2026-09-10T06:03:40.3601941Z test docker::state::tests::docker_page_builds_from_builtin_config ... ok
test (x86_64-unknown-linux-gnu, ubuntu-latest)	cargo test	2026-09-10T06:03:42.1552229Z test files::panes::preview::tests::front_matter_is_kept_verbatim_and_body_rendered ... ok
test (x86_64-unknown-linux-gnu, ubuntu-latest)	cargo test	2026-09-10T06:03:42.2092733Z test files::panes::preview::tests::horizontal_scroll_clamps_to_the_longest_line ... ok
test (x86_64-unknown-linux-gnu, ubuntu-latest)	cargo test	2026-09-10T06:03:42.3958712Z test core::config::guide_examples::every_guide_kdl_example_loads_as_a_user_config ... ok
test (x86_64-unknown-linux-gnu, ubuntu-latest)	cargo test	2026-09-10T06:03:44.0473480Z test files::panes::preview::tests::jump_scrolls_the_match_into_view_both_ways ... ok
test (x86_64-unknown-linux-gnu, ubuntu-latest)	cargo test	2026-09-10T06:03:44.2691661Z test files::panes::preview::tests::markdown_lines_reflow_on_width_change ... ok
test (x86_64-unknown-linux-gnu, ubuntu-latest)	cargo test	2026-09-10T06:03:44.2692708Z test files::panes::preview::tests::shift_and_highlight_drops_scrolled_chars_and_marks_matches ... ok
test (x86_64-unknown-linux-gnu, ubuntu-latest)	cargo test	2026-09-10T06:03:45.7688281Z test files::panes::preview::tests::content_search_finds_char_ranges_in_raw_and_rendered_text ... ok
test (x86_64-unknown-linux-gnu, ubuntu-latest)	cargo test	2026-09-10T06:03:45.7706763Z test files::state::tests::open_with_prompt_confirms_trimmed_name_and_remembers_it ... ok
test (x86_64-unknown-linux-gnu, ubuntu-latest)	cargo test	2026-09-10T06:03:45.7726237Z test files::state::tests::open_with_prompt_esc_and_empty_enter_cancel ... ok
test (x86_64-unknown-linux-gnu, ubuntu-latest)	cargo test	2026-09-10T06:03:45.8916703Z test git::state::kdl_regression::bindings_match_expected_pairs ... ok
test (x86_64-unknown-linux-gnu, ubuntu-latest)	cargo test	2026-09-10T06:03:45.9066835Z test files::panes::preview::tests::raw_default_needs_toggle_to_render ... ok
test (x86_64-unknown-linux-gnu, ubuntu-latest)	cargo test	2026-09-10T06:03:46.0096667Z test git::state::kdl_regression::branch_list_keymap_matches ... ok
test (x86_64-unknown-linux-gnu, ubuntu-latest)	cargo test	2026-09-10T06:03:46.0266735Z test git::state::kdl_regression::diff_view_keymap_matches ... ok
test (x86_64-unknown-linux-gnu, ubuntu-latest)	cargo test	2026-09-10T06:03:46.0906795Z test files::panes::preview::tests::toggle_flips_markdown_and_resets_scroll ... ok
test (x86_64-unknown-linux-gnu, ubuntu-latest)	cargo test	2026-09-10T06:03:46.1346607Z test git::state::kdl_regression::file_tree_keymap_matches ... ok
test (x86_64-unknown-linux-gnu, ubuntu-latest)	cargo test	2026-09-10T06:03:46.1516629Z test git::state::kdl_regression::git_log_keymap_matches ... ok
test (x86_64-unknown-linux-gnu, ubuntu-latest)	cargo test	2026-09-10T06:03:46.2147278Z test git::state::kdl_regression::layout_tree_structure_matches ... ok
test (x86_64-unknown-linux-gnu, ubuntu-latest)	cargo test	2026-09-10T06:03:46.2596652Z test git::state::kdl_regression::reflog_keymap_matches ... ok
test (x86_64-unknown-linux-gnu, ubuntu-latest)	cargo test	2026-09-10T06:03:46.2746806Z test git::state::kdl_regression::select_bindings_drive_sync_dispatch ... ok
test (x86_64-unknown-linux-gnu, ubuntu-latest)	cargo test	2026-09-10T06:03:46.3366510Z test git::state::kdl_regression::slot_rules_match ... ok
test (x86_64-unknown-linux-gnu, ubuntu-latest)	cargo test	2026-09-10T06:03:46.3396318Z test github::domain::actions::client::tests::parses_jobs_json ... ok
test (x86_64-unknown-linux-gnu, ubuntu-latest)	cargo test	2026-09-10T06:03:46.3403831Z test github::domain::actions::client::tests::parses_run_list_json ... ok
test (x86_64-unknown-linux-gnu, ubuntu-latest)	cargo test	2026-09-10T06:03:46.3405188Z test github::domain::actions::log::tests::finds_failed_and_named_steps ... ok
test (x86_64-unknown-linux-gnu, ubuntu-latest)	cargo test	2026-09-10T06:03:46.3408044Z test github::domain::actions::log::tests::new_tail_extends_or_replaces ... ok
test (x86_64-unknown-linux-gnu, ubuntu-latest)	cargo test	2026-09-10T06:03:46.3409463Z test github::domain::actions::log::tests::parses_gh_columns_into_sections_and_text ... ok
test (x86_64-unknown-linux-gnu, ubuntu-latest)	cargo test	2026-09-10T06:03:46.3411725Z test github::domain::actions::log::tests::parses_rest_output_without_columns ... ok
test (x86_64-unknown-linux-gnu, ubuntu-latest)	cargo test	2026-09-10T06:03:46.3412948Z test github::domain::actions::log::tests::strips_ansi_and_marker_bytes ... ok
test (x86_64-unknown-linux-gnu, ubuntu-latest)	cargo test	2026-09-10T06:03:46.3414544Z test github::domain::actions::time::tests::clock_of_extracts_hh_mm_ss ... ok
test (x86_64-unknown-linux-gnu, ubuntu-latest)	cargo test	2026-09-10T06:03:46.3416252Z test github::domain::actions::time::tests::duration_between_uses_now_for_running_objects ... ok
test (x86_64-unknown-linux-gnu, ubuntu-latest)	cargo test	2026-09-10T06:03:46.3419813Z test github::domain::actions::time::tests::formats_durations ... ok
test (x86_64-unknown-linux-gnu, ubuntu-latest)	cargo test	2026-09-10T06:03:46.3421595Z test github::domain::actions::time::tests::formats_relative_times ... ok
test (x86_64-unknown-linux-gnu, ubuntu-latest)	cargo test	2026-09-10T06:03:46.3422604Z test github::domain::actions::time::tests::parse_iso8601_rejects_impossible_dates ... ok
test (x86_64-unknown-linux-gnu, ubuntu-latest)	cargo test	2026-09-10T06:03:46.3423701Z test github::domain::actions::time::tests::parses_iso8601_utc ... ok
test (x86_64-unknown-linux-gnu, ubuntu-latest)	cargo test	2026-09-10T06:03:46.3424617Z test github::domain::actions::types::tests::state_from_status_and_conclusion ... ok
test (x86_64-unknown-linux-gnu, ubuntu-latest)	cargo test	2026-09-10T06:03:46.3425892Z test github::domain::client::tests::change_check_parses_304_and_200 ... ok
test (x86_64-unknown-linux-gnu, ubuntu-latest)	cargo test	2026-09-10T06:03:46.3428366Z test github::domain::client::tests::recognises_rate_limit_messages ... ok
test (x86_64-unknown-linux-gnu, ubuntu-latest)	cargo test	2026-09-10T06:03:46.3429471Z test github::domain::disk_cache::tests::test_cache_dir_resolves ... ok
test (x86_64-unknown-linux-gnu, ubuntu-latest)	cargo test	2026-09-10T06:03:46.3430528Z test github::domain::disk_cache::tests::test_parse_github_nwo_https_with_git_suffix ... ok
test (x86_64-unknown-linux-gnu, ubuntu-latest)	cargo test	2026-09-10T06:03:46.3431930Z test github::domain::disk_cache::tests::test_parse_github_nwo_https_without_git_suffix ... ok
test (x86_64-unknown-linux-gnu, ubuntu-latest)	cargo test	2026-09-10T06:03:46.3433485Z test github::domain::disk_cache::tests::test_parse_github_nwo_invalid_url ... ok
test (x86_64-unknown-linux-gnu, ubuntu-latest)	cargo test	2026-09-10T06:03:46.3434543Z test github::domain::disk_cache::tests::test_parse_github_nwo_no_repo ... ok
test (x86_64-unknown-linux-gnu, ubuntu-latest)	cargo test	2026-09-10T06:03:46.3436324Z test github::domain::disk_cache::tests::test_parse_github_nwo_ssh_with_git_suffix ... ok
test (x86_64-unknown-linux-gnu, ubuntu-latest)	cargo test	2026-09-10T06:03:46.3437507Z test github::domain::disk_cache::tests::test_parse_github_nwo_ssh_without_git_suffix ... ok
test (x86_64-unknown-linux-gnu, ubuntu-latest)	cargo test	2026-09-10T06:03:46.3438601Z test github::domain::disk_cache::tests::test_repo_nwo_resolves ... ok
test (x86_64-unknown-linux-gnu, ubuntu-latest)	cargo test	2026-09-10T06:03:46.3439703Z test github::domain::disk_cache::tests::test_save_and_load_json_roundtrip ... ok
test (x86_64-unknown-linux-gnu, ubuntu-latest)	cargo test	2026-09-10T06:03:46.3440783Z test github::domain::remote::tests::parses_the_common_github_remote_forms ... ok
test (x86_64-unknown-linux-gnu, ubuntu-latest)	cargo test	2026-09-10T06:03:46.3441891Z test github::domain::remote::tests::rejects_non_github_or_malformed_urls ... ok
test (x86_64-unknown-linux-gnu, ubuntu-latest)	cargo test	2026-09-10T06:03:46.3442953Z test github::panes::detail_view::jobs::tests::nav_and_search_over_rows ... ok
test (x86_64-unknown-linux-gnu, ubuntu-latest)	cargo test	2026-09-10T06:03:46.3444043Z test github::panes::detail_view::jobs::tests::polls_only_while_the_run_is_active ... ok
test (x86_64-unknown-linux-gnu, ubuntu-latest)	cargo test	2026-09-10T06:03:46.3445644Z test github::panes::detail_view::jobs::tests::selected_target_resolves_steps_to_their_job ... ok
test (x86_64-unknown-linux-gnu, ubuntu-latest)	cargo test	2026-09-10T06:03:46.3446862Z test github::panes::detail_view::jobs::tests::steps_nest_under_their_job ... ok
test (x86_64-unknown-linux-gnu, ubuntu-latest)	cargo test	2026-09-10T06:03:46.3447924Z test github::panes::detail_view::log::tests::failed_step_jumps_wrap_around ... ok
test (x86_64-unknown-linux-gnu, ubuntu-latest)	cargo test	2026-09-10T06:03:46.3448999Z test github::panes::detail_view::log::tests::load_apply_and_stale_requests ... ok
test (x86_64-unknown-linux-gnu, ubuntu-latest)	cargo test	2026-09-10T06:03:46.3459419Z test github::panes::detail_view::log::tests::running_jobs_append_and_finish_with_a_final_fetch ... ok
test (x86_64-unknown-linux-gnu, ubuntu-latest)	cargo test	2026-09-10T06:03:46.3464462Z test github::panes::detail_view::log::tests::search_matches_are_line_entries ... ok
test (x86_64-unknown-linux-gnu, ubuntu-latest)	cargo test	2026-09-10T06:03:46.3519398Z test github::panes::detail_view::log::tests::step_jump_waits_for_the_log ... ok
test (x86_64-unknown-linux-gnu, ubuntu-latest)	cargo test	2026-09-10T06:03:46.3568087Z test github::panes::detail_view::tests::enter_loads_the_selected_jobs_log_and_focuses_it ... ok
test (x86_64-unknown-linux-gnu, ubuntu-latest)	cargo test	2026-09-10T06:03:46.3629193Z test github::panes::detail_view::tests::failed_step_jumps_report_when_there_is_no_log ... ok
test (x86_64-unknown-linux-gnu, ubuntu-latest)	cargo test	2026-09-10T06:03:46.3690922Z test github::panes::detail_view::tests::loading_a_run_shows_jobs_first_and_keeps_the_same_run ... ok
test (x86_64-unknown-linux-gnu, ubuntu-latest)	cargo test	2026-09-10T06:03:46.3742596Z test github::panes::detail_view::tests::open_item_falls_back_to_the_run_url ... ok
test (x86_64-unknown-linux-gnu, ubuntu-latest)	cargo test	2026-09-10T06:03:46.3745165Z test github::panes::detail_view::tests::run_actions_are_no_ops_for_issue_and_pr_content ... ok
test (x86_64-unknown-linux-gnu, ubuntu-latest)	cargo test	2026-09-10T06:03:46.3798123Z test github::panes::detail_view::tests::run_sub_panes_switch_with_h_l_and_tab ... ok
test (x86_64-unknown-linux-gnu, ubuntu-latest)	cargo test	2026-09-10T06:03:46.3829404Z test github::panes::detail_view::tests::search_targets_the_active_sub_pane ... ok
test (x86_64-unknown-linux-gnu, ubuntu-latest)	cargo test	2026-09-10T06:03:46.3867992Z test github::panes::detail_view::view::tests::run_header_shows_title_state_branch_event_duration_and_age ... ok
test (x86_64-unknown-linux-gnu, ubuntu-latest)	cargo test	2026-09-10T06:03:46.3880260Z test github::panes::gh_list::tests::copy_url_event_copies_or_explains ... ok
test (x86_64-unknown-linux-gnu, ubuntu-latest)	cargo test	2026-09-10T06:03:46.3896452Z test github::panes::pr_list::tests::stack_entries_nest_under_the_closest_lower_position ... ok
test (x86_64-unknown-linux-gnu, ubuntu-latest)	cargo test	2026-09-10T06:03:46.3926468Z test github::panes::run_list::tests::active_runs_are_counted ... ok
test (x86_64-unknown-linux-gnu, ubuntu-latest)	cargo test	2026-09-10T06:03:46.3959466Z test github::panes::run_list::tests::identity_is_the_database_id_not_the_run_number ... ok
test (x86_64-unknown-linux-gnu, ubuntu-latest)	cargo test	2026-09-10T06:03:46.3991119Z test github::panes::run_list::tests::refresh_keeps_the_selection_on_the_same_run ... ok
test (x86_64-unknown-linux-gnu, ubuntu-latest)	cargo test	2026-09-10T06:03:46.4016628Z test github::panes::run_list::tests::row_shows_icon_workflow_number_branch_event_duration_and_age ... ok
test (x86_64-unknown-linux-gnu, ubuntu-latest)	cargo test	2026-09-10T06:03:46.4038258Z test github::panes::run_list::tests::search_covers_workflow_branch_and_event ... ok
test (x86_64-unknown-linux-gnu, ubuntu-latest)	cargo test	2026-09-10T06:03:46.4150524Z test git::state::kdl_regression::tab_panes_match ... ok
test (x86_64-unknown-linux-gnu, ubuntu-latest)	cargo test	2026-09-10T06:03:46.6326641Z test git::state::kdl_regression::view_keymap_matches ... ok
test (x86_64-unknown-linux-gnu, ubuntu-latest)	cargo test	2026-09-10T06:03:47.1303760Z test github::state::kdl_regression::active_tab_follows_focus_through_the_bindings ... ok
test (x86_64-unknown-linux-gnu, ubuntu-latest)	cargo test	2026-09-10T06:03:47.1616702Z test github::state::kdl_regression::bindings_match_expected_pairs ... ok
test (x86_64-unknown-linux-gnu, ubuntu-latest)	cargo test	2026-09-10T06:03:47.1907839Z test github::state::kdl_regression::change_check_baseline_then_change_refetches_lists ... ok
test (x86_64-unknown-linux-gnu, ubuntu-latest)	cargo test	2026-09-10T06:03:47.2638797Z test github::state::kdl_regression::detail_keymap_matches ... ok
test (x86_64-unknown-linux-gnu, ubuntu-latest)	cargo test	2026-09-10T06:03:47.3636899Z test github::state::kdl_regression::gh_select_bindings_drive_sync_dispatch ... ok
test (x86_64-unknown-linux-gnu, ubuntu-latest)	cargo test	2026-09-10T06:03:47.3818321Z test github::state::kdl_regression::issue_list_keymap_matches ... ok
test (x86_64-unknown-linux-gnu, ubuntu-latest)	cargo test	2026-09-10T06:03:47.3847359Z test github::state::kdl_regression::page_loads_lists_from_recorded_fixtures_isolated ... ignored, run through page_loads_lists_from_recorded_fixtures (own process)
test (x86_64-unknown-linux-gnu, ubuntu-latest)	cargo test	2026-09-10T06:03:47.4446948Z test github::state::kdl_regression::layout_tree_structure_matches ... ok
test (x86_64-unknown-linux-gnu, ubuntu-latest)	cargo test	2026-09-10T06:03:47.5079179Z test github::state::kdl_regression::pane_ids_from_config ... ok
test (x86_64-unknown-linux-gnu, ubuntu-latest)	cargo test	2026-09-10T06:03:47.5378523Z test github::state::kdl_regression::page_loads_lists_from_recorded_fixtures ... ok
test (x86_64-unknown-linux-gnu, ubuntu-latest)	cargo test	2026-09-10T06:03:47.5526604Z test github::state::kdl_regression::pr_list_keymap_matches ... ok
test (x86_64-unknown-linux-gnu, ubuntu-latest)	cargo test	2026-09-10T06:03:47.6346608Z test github::state::kdl_regression::run_detail_keymap_has_log_keys_and_search ... ok
test (x86_64-unknown-linux-gnu, ubuntu-latest)	cargo test	2026-09-10T06:03:47.6506622Z test github::state::kdl_regression::run_list_keymap_matches ... ok
test (x86_64-unknown-linux-gnu, ubuntu-latest)	cargo test	2026-09-10T06:03:47.6756872Z test github::state::kdl_regression::selecting_a_run_loads_its_jobs_into_the_run_detail ... ok
test (x86_64-unknown-linux-gnu, ubuntu-latest)	cargo test	2026-09-10T06:03:47.7576449Z test github::state::kdl_regression::slot_rules_match ... ok
test (x86_64-unknown-linux-gnu, ubuntu-latest)	cargo test	2026-09-10T06:03:47.7987327Z test github::state::kdl_regression::tab_in_a_detail_pane_cycles_its_sub_panes ... ok
test (x86_64-unknown-linux-gnu, ubuntu-latest)	cargo test	2026-09-10T06:03:47.8206969Z test github::state::kdl_regression::tab_cycles_the_three_list_columns ... ok
test (x86_64-unknown-linux-gnu, ubuntu-latest)	cargo test	2026-09-10T06:03:47.8843815Z test github::state::kdl_regression::tab_panes_match ... ok
test (x86_64-unknown-linux-gnu, ubuntu-latest)	cargo test	2026-09-10T06:03:47.8845009Z test github::state::rate_limit::backoff_progression_doubles_to_the_cap ... ok
test (x86_64-unknown-linux-gnu, ubuntu-latest)	cargo test	2026-09-10T06:03:47.9846920Z test github::state::rate_limit::a_rate_limited_fetch_starts_the_backoff_not_the_error_line ... ok
test (x86_64-unknown-linux-gnu, ubuntu-latest)	cargo test	2026-09-10T06:03:47.9906121Z test github::state::rate_limit::reset_time_formatting ... ok
test (x86_64-unknown-linux-gnu, ubuntu-latest)	cargo test	2026-09-10T06:03:47.9936696Z test github::state::rate_limit::a_failed_retry_doubles_the_delay_and_success_clears_it ... ok
test (x86_64-unknown-linux-gnu, ubuntu-latest)	cargo test	2026-09-10T06:03:47.9966443Z test procs::domain::history::tests::proc_history_new_pid_starts_fresh ... ok
test (x86_64-unknown-linux-gnu, ubuntu-latest)	cargo test	2026-09-10T06:03:47.9967643Z test procs::domain::history::tests::proc_history_tracks_caps_and_prunes ... ok
test (x86_64-unknown-linux-gnu, ubuntu-latest)	cargo test	2026-09-10T06:03:47.9996333Z test procs::domain::history::tests::ring_capacity_is_at_least_one ... ok
test (x86_64-unknown-linux-gnu, ubuntu-latest)	cargo test	2026-09-10T06:03:48.0026206Z test procs::domain::history::tests::ring_pushes_and_evicts_oldest ... ok
test (x86_64-unknown-linux-gnu, ubuntu-latest)	cargo test	2026-09-10T06:03:48.0056137Z test procs::domain::ports::tests::host_port_split ... ok
test (x86_64-unknown-linux-gnu, ubuntu-latest)	cargo test	2026-09-10T06:03:48.0057165Z test procs::domain::ports::tests::lsof_parses_listening_sockets_and_skips_the_rest ... ok
test (x86_64-unknown-linux-gnu, ubuntu-latest)	cargo test	2026-09-10T06:03:48.0086301Z test procs::domain::ports::tests::lsof_row_without_numeric_pid_is_kept_as_no_access ... ok
test (x86_64-unknown-linux-gnu, ubuntu-latest)	cargo test	2026-09-10T06:03:48.0116340Z test procs::domain::ports::tests::ss_parses_rows_and_marks_hidden_owners ... ok
test (x86_64-unknown-linux-gnu, ubuntu-latest)	cargo test	2026-09-10T06:03:48.0146124Z test procs::domain::ports::tests::ss_process_field ... ok
test (x86_64-unknown-linux-gnu, ubuntu-latest)	cargo test	2026-09-10T06:03:48.0147331Z test procs::domain::snapshot::tests::snapshot_contains_this_process_with_its_parent ... ok
test (x86_64-unknown-linux-gnu, ubuntu-latest)	cargo test	2026-09-10T06:03:48.0176339Z test procs::domain::snapshot::tests::subtree_ignores_a_process_that_claims_to_be_its_own_parent ... ok
test (x86_64-unknown-linux-gnu, ubuntu-latest)	cargo test	2026-09-10T06:03:48.0206394Z test procs::domain::snapshot::tests::subtree_keeps_root_and_transitive_children_only ... ok
test (x86_64-unknown-linux-gnu, ubuntu-latest)	cargo test	2026-09-10T06:03:48.0236270Z test procs::domain::snapshot::tests::subtree_of_unknown_root_is_empty ... ok
test (x86_64-unknown-linux-gnu, ubuntu-latest)	cargo test	2026-09-10T06:03:48.0237193Z test procs::domain::types::tests::elapsed_formats ... ok
test (x86_64-unknown-linux-gnu, ubuntu-latest)	cargo test	2026-09-10T06:03:48.0266130Z test procs::domain::types::tests::port_entry_address ... ok
test (x86_64-unknown-linux-gnu, ubuntu-latest)	cargo test	2026-09-10T06:03:48.0296106Z test procs::domain::types::tests::sort_key_cycles_cpu_mem_pid ... ok
test (x86_64-unknown-linux-gnu, ubuntu-latest)	cargo test	2026-09-10T06:03:48.0297248Z test procs::domain::types::tests::sort_orders_by_key_with_pid_tie_break ... ok
test (x86_64-unknown-linux-gnu, ubuntu-latest)	cargo test	2026-09-10T06:03:48.0326491Z test procs::panes::detail::tests::history_charts_sit_under_cpu_and_mem ... ok
test (x86_64-unknown-linux-gnu, ubuntu-latest)	cargo test	2026-09-10T06:03:48.0356234Z test procs::panes::detail::tests::lines_cover_every_field_and_mark_no_access ... ok
test (x86_64-unknown-linux-gnu, ubuntu-latest)	cargo test	2026-09-10T06:03:48.0357290Z test procs::panes::detail::tests::load_resets_scroll_only_on_a_different_pid ... ok
test (x86_64-unknown-linux-gnu, ubuntu-latest)	cargo test	2026-09-10T06:03:48.0358137Z test procs::panes::detail::tests::wrap_splits_at_width ... ok
test (x86_64-unknown-linux-gnu, ubuntu-latest)	cargo test	2026-09-10T06:03:48.0358951Z test procs::panes::graphs::tests::core_grid_lays_cores_out_in_columns ... ok
test (x86_64-unknown-linux-gnu, ubuntu-latest)	cargo test	2026-09-10T06:03:48.0359831Z test procs::panes::graphs::tests::labels_format_ratios_and_percentages ... ok
test (x86_64-unknown-linux-gnu, ubuntu-latest)	cargo test	2026-09-10T06:03:48.0360713Z test procs::panes::graphs::tests::record_caps_history_and_tracks_peak ... ok
test (x86_64-unknown-linux-gnu, ubuntu-latest)	cargo test	2026-09-10T06:03:48.0361671Z test procs::panes::graphs::tests::toggle_emits_event_and_esc_returns_to_processes ... ok
test (x86_64-unknown-linux-gnu, ubuntu-latest)	cargo test	2026-09-10T06:03:48.0362674Z test procs::panes::ports::tests::apply_keeps_selection_and_reports_notice ... ok
test (x86_64-unknown-linux-gnu, ubuntu-latest)	cargo test	2026-09-10T06:03:48.0363540Z test procs::panes::ports::tests::jump_needs_a_visible_owner ... ok
test (x86_64-unknown-linux-gnu, ubuntu-latest)	cargo test	2026-09-10T06:03:48.0364295Z test procs::panes::processes::tests::children_and_names ... ok
test (x86_64-unknown-linux-gnu, ubuntu-latest)	cargo test	2026-09-10T06:03:48.0365790Z test procs::panes::processes::tests::rows_nest_children_under_parent_in_sorted_order ... ok
test (x86_64-unknown-linux-gnu, ubuntu-latest)	cargo test	2026-09-10T06:03:48.0366817Z test procs::panes::processes::tests::selection_follows_pid_across_refresh_and_sort ... ok
test (x86_64-unknown-linux-gnu, ubuntu-latest)	cargo test	2026-09-10T06:03:48.0367725Z test procs::panes::tests::area_chart_colors_columns_by_load ... ok
test (x86_64-unknown-linux-gnu, ubuntu-latest)	cargo test	2026-09-10T06:03:48.0368502Z test procs::panes::tests::area_chart_fills_columns_bottom_up ... ok
test (x86_64-unknown-linux-gnu, ubuntu-latest)	cargo test	2026-09-10T06:03:48.0369283Z test procs::panes::tests::area_chart_plain_uses_one_style ... ok
test (x86_64-unknown-linux-gnu, ubuntu-latest)	cargo test	2026-09-10T06:03:48.0370088Z test procs::panes::tests::area_chart_right_aligns_and_keeps_newest ... ok
test (x86_64-unknown-linux-gnu, ubuntu-latest)	cargo test	2026-09-10T06:03:48.0370960Z test procs::panes::tests::area_chart_rounds_eighths_and_shows_tiny_loads ... ok
test (x86_64-unknown-linux-gnu, ubuntu-latest)	cargo test	2026-09-10T06:03:48.0371921Z test procs::panes::tests::area_chart_scales_to_max_and_handles_degenerate_sizes ... ok
test (x86_64-unknown-linux-gnu, ubuntu-latest)	cargo test	2026-09-10T06:03:48.0386308Z test procs::panes::tests::truncate_marks_the_cut ... ok
test (x86_64-unknown-linux-gnu, ubuntu-latest)	cargo test	2026-09-10T06:03:48.0556781Z test github::state::rate_limit::other_errors_still_reach_the_error_line ... ok
test (x86_64-unknown-linux-gnu, ubuntu-latest)	cargo test	2026-09-10T06:03:48.1065851Z test github::state::rate_limit::the_backoff_suspends_the_runs_watch ... ok
test (x86_64-unknown-linux-gnu, ubuntu-latest)	cargo test	2026-09-10T06:03:48.1376972Z test procs::state::tests::c_toggles_per_core_from_the_list_and_the_graphs_pane ... ok
test (x86_64-unknown-linux-gnu, ubuntu-latest)	cargo test	2026-09-10T06:03:48.2366798Z test procs::state::tests::detail_gets_the_selected_pid_history ... ok
test (x86_64-unknown-linux-gnu, ubuntu-latest)	cargo test	2026-09-10T06:03:48.2776684Z test procs::state::tests::help_lists_every_pane ... ok
test (x86_64-unknown-linux-gnu, ubuntu-latest)	cargo test	2026-09-10T06:03:48.3042886Z test procs::state::tests::enter_on_port_jumps_to_owner_and_focuses_processes ... ok
test (x86_64-unknown-linux-gnu, ubuntu-latest)	cargo test	2026-09-10T06:03:48.4096816Z test procs::state::tests::pane_ids_tabs_and_bindings_from_default_kdl ... ok
test (x86_64-unknown-linux-gnu, ubuntu-latest)	cargo test	2026-09-10T06:03:48.4186546Z test procs::state::tests::keys_from_default_kdl_match_hardcoded_defaults ... ok
test (x86_64-unknown-linux-gnu, ubuntu-latest)	cargo test	2026-09-10T06:03:48.4188078Z test projects::domain::client::tests::bigger_fetch_only_when_the_first_page_was_full ... ok
test (x86_64-unknown-linux-gnu, ubuntu-latest)	cargo test	2026-09-10T06:03:48.4216241Z test projects::domain::client::tests::missing_cli_is_recognised ... ok
test (x86_64-unknown-linux-gnu, ubuntu-latest)	cargo test	2026-09-10T06:03:48.4246329Z test projects::domain::client::tests::scope_errors_are_recognised ... ok
test (x86_64-unknown-linux-gnu, ubuntu-latest)	cargo test	2026-09-10T06:03:48.4247675Z test projects::domain::disk_cache::tests::board_roundtrips_through_json_with_custom_fields ... ok
test (x86_64-unknown-linux-gnu, ubuntu-latest)	cargo test	2026-09-10T06:03:48.4276326Z test projects::domain::filter::tests::field_values_lists_and_negation ... ok
test (x86_64-unknown-linux-gnu, ubuntu-latest)	cargo test	2026-09-10T06:03:48.4296197Z test projects::domain::filter::tests::is_no_has_label_assignee_repo_text ... ok
test (x86_64-unknown-linux-gnu, ubuntu-latest)	cargo test	2026-09-10T06:03:48.4326425Z test projects::domain::filter::tests::state_terms_follow_the_content_state ... ok
test (x86_64-unknown-linux-gnu, ubuntu-latest)	cargo test	2026-09-10T06:03:48.4366330Z test projects::domain::filter::tests::tokenizer_keeps_quoted_values_together ... ok
test (x86_64-unknown-linux-gnu, ubuntu-latest)	cargo test	2026-09-10T06:03:48.4386643Z test projects::domain::filter::tests::unsupported_tokens_are_reported_not_applied ... ok
test (x86_64-unknown-linux-gnu, ubuntu-latest)	cargo test	2026-09-10T06:03:48.4396332Z test projects::domain::graphql::tests::fields_take_the_field_list_shape ... ok
test (x86_64-unknown-linux-gnu, ubuntu-latest)	cargo test	2026-09-10T06:03:48.4426250Z test projects::domain::graphql::tests::items_take_the_item_list_shape ... ok
test (x86_64-unknown-linux-gnu, ubuntu-latest)	cargo test	2026-09-10T06:03:48.4432399Z test projects::domain::graphql::tests::queries_mention_every_value_type_and_page_by_cursor ... ok
test (x86_64-unknown-linux-gnu, ubuntu-latest)	cargo test	2026-09-10T06:03:48.4471912Z test procs::state::tests::selection_drives_detail_with_children_and_ports ... ok
test (x86_64-unknown-linux-gnu, ubuntu-latest)	cargo test	2026-09-10T06:03:48.4486375Z test projects::domain::graphql::tests::views_parse_and_skip_unknown_layouts ... ok
test (x86_64-unknown-linux-gnu, ubuntu-latest)	cargo test	2026-09-10T06:03:48.4516251Z test projects::domain::roadmap::tests::civil_round_trip_and_parse ... ok
test (x86_64-unknown-linux-gnu, ubuntu-latest)	cargo test	2026-09-10T06:03:48.4561475Z test projects::domain::roadmap::tests::iterations_are_distinct_and_sorted ... ok
test (x86_64-unknown-linux-gnu, ubuntu-latest)	cargo test	2026-09-10T06:03:48.4586207Z test projects::domain::roadmap::tests::item_spans_from_dates_and_iterations ... ok
test (x86_64-unknown-linux-gnu, ubuntu-latest)	cargo test	2026-09-10T06:03:48.4595742Z test projects::domain::roadmap::tests::span_spec_finds_start_and_iteration_fields ... ok
test (x86_64-unknown-linux-gnu, ubuntu-latest)	cargo test	2026-09-10T06:03:48.4628887Z test projects::domain::roadmap::tests::zoom_scales_and_cycles ... ok
test (x86_64-unknown-linux-gnu, ubuntu-latest)	cargo test	2026-09-10T06:03:48.4654911Z test projects::domain::types::tests::board_without_views_deserializes_from_old_cache ... ok
test (x86_64-unknown-linux-gnu, ubuntu-latest)	cargo test	2026-09-10T06:03:48.4658713Z test projects::domain::types::tests::columns_follow_option_order_then_unknown_then_no_status ... ok
test (x86_64-unknown-linux-gnu, ubuntu-latest)	cargo test	2026-09-10T06:03:48.4661013Z test projects::domain::types::tests::field_values_follow_field_order_with_status_first ... ok
test (x86_64-unknown-linux-gnu, ubuntu-latest)	cargo test	2026-09-10T06:03:48.4662482Z test projects::domain::types::tests::group_rows_use_option_order_and_no_group_last ... ok
test (x86_64-unknown-linux-gnu, ubuntu-latest)	cargo test	2026-09-10T06:03:48.4663892Z test projects::domain::types::tests::parses_field_list_and_derives_item_keys ... ok
test (x86_64-unknown-linux-gnu, ubuntu-latest)	cargo test	2026-09-10T06:03:48.4665120Z test projects::domain::types::tests::parses_item_list_with_issue_pr_draft_and_redacted_items ... ok
test (x86_64-unknown-linux-gnu, ubuntu-latest)	cargo test	2026-09-10T06:03:48.4666654Z test projects::domain::types::tests::parses_repo_info_into_the_linked_projects ... ok
test (x86_64-unknown-linux-gnu, ubuntu-latest)	cargo test	2026-09-10T06:03:48.4668088Z test projects::domain::types::tests::sort_items_dir_desc_keeps_empty_cells_last ... ok
test (x86_64-unknown-linux-gnu, ubuntu-latest)	cargo test	2026-09-10T06:03:48.4669510Z test projects::domain::types::tests::table_columns_and_sorting ... ok
test (x86_64-unknown-linux-gnu, ubuntu-latest)	cargo test	2026-09-10T06:03:48.4670722Z test projects::domain::types::tests::value_text_covers_every_gh_shape ... ok
test (x86_64-unknown-linux-gnu, ubuntu-latest)	cargo test	2026-09-10T06:03:48.4671929Z test projects::domain::types::tests::view_table_columns_follow_the_view ... ok
test (x86_64-unknown-linux-gnu, ubuntu-latest)	cargo test	2026-09-10T06:03:48.4673263Z test projects::domain::types::tests::view_layout_parses_graphql_enum ... ok
test (x86_64-unknown-linux-gnu, ubuntu-latest)	cargo test	2026-09-10T06:03:48.4674815Z test projects::panes::board::tests::a_local_default_view_opens_first_and_missing_fields_are_noticed ... ok
test (x86_64-unknown-linux-gnu, ubuntu-latest)	cargo test	2026-09-10T06:03:48.4676506Z test projects::panes::board::tests::a_notice_replaces_the_missing_board ... ok
test (x86_64-unknown-linux-gnu, ubuntu-latest)	cargo test	2026-09-10T06:03:48.4677811Z test projects::panes::board::roadmap_render_tests::selected_roadmap_row_keeps_its_bar ... ok
test (x86_64-unknown-linux-gnu, ubuntu-latest)	cargo test	2026-09-10T06:03:48.4679260Z test projects::panes::board::tests::board_view_columns_come_from_vertical_group_by ... ok
test (x86_64-unknown-linux-gnu, ubuntu-latest)	cargo test	2026-09-10T06:03:48.4680745Z test projects::panes::board::tests::board_view_group_by_builds_swimlanes_and_j_crosses_them ... ok
test (x86_64-unknown-linux-gnu, ubuntu-latest)	cargo test	2026-09-10T06:03:48.4682420Z test projects::panes::board::tests::board_view_sort_orders_cards_inside_columns ... ok
test (x86_64-unknown-linux-gnu, ubuntu-latest)	cargo test	2026-09-10T06:03:48.4683725Z test projects::panes::board::tests::cards_truncate_and_pad_to_the_column_width ... ok
test (x86_64-unknown-linux-gnu, ubuntu-latest)	cargo test	2026-09-10T06:03:48.4684899Z test projects::panes::board::tests::columns_and_cards_navigate_with_hjkl ... ok
test (x86_64-unknown-linux-gnu, ubuntu-latest)	cargo test	2026-09-10T06:03:48.4686359Z test projects::panes::board::tests::cards_of_other_repositories_carry_a_dimmed_prefix ... ok
test (x86_64-unknown-linux-gnu, ubuntu-latest)	cargo test	2026-09-10T06:03:48.4687646Z test projects::panes::board::tests::open_browser_uses_the_item_url_or_the_project_url ... ok
test (x86_64-unknown-linux-gnu, ubuntu-latest)	cargo test	2026-09-10T06:03:48.4688794Z test projects::panes::board::tests::refresh_keeps_the_selection_by_item_id ... ok
test (x86_64-unknown-linux-gnu, ubuntu-latest)	cargo test	2026-09-10T06:03:48.4690078Z test projects::panes::board::tests::group_headers_offset_the_visual_selection ... ok
test (x86_64-unknown-linux-gnu, ubuntu-latest)	cargo test	2026-09-10T06:03:48.4691286Z test projects::panes::board::tests::search_matches_titles_and_numbers_across_columns ... ok
test (x86_64-unknown-linux-gnu, ubuntu-latest)	cargo test	2026-09-10T06:03:48.4692501Z test projects::panes::board::tests::roadmap_view_drives_mode_zoom_and_scroll ... ok
test (x86_64-unknown-linux-gnu, ubuntu-latest)	cargo test	2026-09-10T06:03:48.4693709Z test projects::panes::board::tests::table_view_drives_mode_columns_sort_and_groups ... ok
test (x86_64-unknown-linux-gnu, ubuntu-latest)	cargo test	2026-09-10T06:03:48.4694861Z test projects::panes::board::tests::v_cycles_saved_views_and_survives_refresh ... ok
test (x86_64-unknown-linux-gnu, ubuntu-latest)	cargo test	2026-09-10T06:03:48.4696124Z test projects::panes::board::tests::table_mode_keeps_the_selected_item_and_sorts ... ok
test (x86_64-unknown-linux-gnu, ubuntu-latest)	cargo test	2026-09-10T06:03:48.4697662Z test projects::panes::board::tests::view_filter_hides_items_in_every_layout_and_reports_unsupported ... ok
test (x86_64-unknown-linux-gnu, ubuntu-latest)	cargo test	2026-09-10T06:03:48.4699110Z test projects::panes::board::tests::x_hides_closed_items_and_the_global_filter_stacks_on_the_view ... ok
test (x86_64-unknown-linux-gnu, ubuntu-latest)	cargo test	2026-09-10T06:03:48.4700421Z test projects::panes::detail::tests::drafts_show_fields_and_body_without_a_fetch ... ok
test (x86_64-unknown-linux-gnu, ubuntu-latest)	cargo test	2026-09-10T06:03:48.4701661Z test projects::panes::detail::tests::a_failed_fetch_keeps_the_fields_and_shows_the_error ... ok
test (x86_64-unknown-linux-gnu, ubuntu-latest)	cargo test	2026-09-10T06:03:48.4702953Z test projects::panes::projects::tests::enter_focuses_the_board_and_o_opens_the_project ... ok
test (x86_64-unknown-linux-gnu, ubuntu-latest)	cargo test	2026-09-10T06:03:48.4704185Z test projects::panes::projects::tests::rows_show_number_title_owner_and_count ... ok
test (x86_64-unknown-linux-gnu, ubuntu-latest)	cargo test	2026-09-10T06:03:48.4705595Z test projects::panes::detail::tests::issues_list_every_field_then_the_fetched_body_and_comments ... ok
test (x86_64-unknown-linux-gnu, ubuntu-latest)	cargo test	2026-09-10T06:03:48.4707289Z test projects::panes::projects::tests::selection_survives_refresh_and_counts_come_from_boards ... ok
test (x86_64-unknown-linux-gnu, ubuntu-latest)	cargo test	2026-09-10T06:03:48.5586559Z test procs::state::tests::sort_cycles_and_keeps_selection ... ok
test (x86_64-unknown-linux-gnu, ubuntu-latest)	cargo test	2026-09-10T06:03:48.5976792Z test projects::state::tests::a_failed_fetch_does_not_suppress_the_retry ... ok
test (x86_64-unknown-linux-gnu, ubuntu-latest)	cargo test	2026-09-10T06:03:48.7889221Z test projects::state::tests::a_placed_list_pane_takes_focus_and_drives_the_board ... ok
test (x86_64-unknown-linux-gnu, ubuntu-latest)	cargo test	2026-09-10T06:03:48.8186909Z test projects::state::tests::a_probe_refetches_the_board_only_when_updated_at_moved ... ok
test (x86_64-unknown-linux-gnu, ubuntu-latest)	cargo test	2026-09-10T06:03:48.8354031Z test projects::state::tests::a_probe_refetches_a_board_without_a_known_updated_at_once ... ok
test (x86_64-unknown-linux-gnu, ubuntu-latest)	cargo test	2026-09-10T06:03:49.1309396Z test projects::state::tests::a_repository_without_linked_projects_shows_the_notice ... ok
test (x86_64-unknown-linux-gnu, ubuntu-latest)	cargo test	2026-09-10T06:03:49.3176867Z test projects::state::tests::a_stale_board_is_refetched_on_activation_and_a_fresh_one_is_not ... ok
test (x86_64-unknown-linux-gnu, ubuntu-latest)	cargo test	2026-09-10T06:03:49.4036874Z test projects::state::tests::an_unmatched_projects_board_pin_names_itself_in_the_notice ... ok
test (x86_64-unknown-linux-gnu, ubuntu-latest)	cargo test	2026-09-10T06:03:49.6076717Z test projects::state::tests::enter_and_esc_walk_board_and_detail_without_the_list ... ok
test (x86_64-unknown-linux-gnu, ubuntu-latest)	cargo test	2026-09-10T06:03:49.6929632Z test projects::state::tests::linked_projects_drive_the_board_and_p_cycles_them ... ok
test (x86_64-unknown-linux-gnu, ubuntu-latest)	cargo test	2026-09-10T06:03:49.6988777Z test projects::state::tests::page_loads_a_board_from_recorded_fixtures_isolated ... ignored, run through page_loads_a_board_from_recorded_fixtures (own process)
test (x86_64-unknown-linux-gnu, ubuntu-latest)	cargo test	2026-09-10T06:03:49.7216928Z test projects::state::tests::local_views_join_the_saved_ones_and_a_default_one_opens_first ... ok
test (x86_64-unknown-linux-gnu, ubuntu-latest)	cargo test	2026-09-10T06:03:50.0197102Z test projects::state::tests::projects_board_pins_the_board_by_title_case_insensitively ... ok
test (x86_64-unknown-linux-gnu, ubuntu-latest)	cargo test	2026-09-10T06:03:50.0739924Z test projects::state::tests::projects_board_pins_the_board_by_number ... ok
test (x86_64-unknown-linux-gnu, ubuntu-latest)	cargo test	2026-09-10T06:03:50.1526791Z test projects::state::tests::projects_page_builds_from_builtin_config ... ok
test (x86_64-unknown-linux-gnu, ubuntu-latest)	cargo test	2026-09-10T06:03:50.1544987Z test projects::state::tests::page_loads_a_board_from_recorded_fixtures ... ok
test (x86_64-unknown-linux-gnu, ubuntu-latest)	cargo test	2026-09-10T06:03:50.1557452Z test worktrees::domain::stash::tests::falls_back_only_when_include_untracked_is_unknown ... ok
test (x86_64-unknown-linux-gnu, ubuntu-latest)	cargo test	2026-09-10T06:03:50.1606047Z test worktrees::domain::stash::tests::parses_stash_list ... ok
test (x86_64-unknown-linux-gnu, ubuntu-latest)	cargo test	2026-09-10T06:03:50.1616320Z test worktrees::domain::stash::tests::patch_buffer_becomes_side_by_side_files ... ok
test (x86_64-unknown-linux-gnu, ubuntu-latest)	cargo test	2026-09-10T06:03:50.1636169Z test worktrees::domain::stash::tests::splits_subject_variants ... ok
test (x86_64-unknown-linux-gnu, ubuntu-latest)	cargo test	2026-09-10T06:03:50.1665993Z test worktrees::domain::worktree::tests::current_worktree_is_detected ... ok
test (x86_64-unknown-linux-gnu, ubuntu-latest)	cargo test	2026-09-10T06:03:50.1676276Z test worktrees::domain::worktree::tests::current_worktree_survives_symlinked_root ... ok
test (x86_64-unknown-linux-gnu, ubuntu-latest)	cargo test	2026-09-10T06:03:50.1706286Z test worktrees::domain::worktree::tests::display_path_sibling_and_unrelated ... ok
test (x86_64-unknown-linux-gnu, ubuntu-latest)	cargo test	2026-09-10T06:03:50.1711818Z test worktrees::domain::worktree::tests::display_paths_are_relative_to_main ... ok
test (x86_64-unknown-linux-gnu, ubuntu-latest)	cargo test	2026-09-10T06:03:50.1744529Z test worktrees::domain::worktree::tests::parses_porcelain_entries ... ok
test (x86_64-unknown-linux-gnu, ubuntu-latest)	cargo test	2026-09-10T06:03:50.1766231Z test worktrees::domain::worktree::tests::parses_show_output ... ok
test (x86_64-unknown-linux-gnu, ubuntu-latest)	cargo test	2026-09-10T06:03:50.1796161Z test worktrees::domain::worktree::tests::unquotes_git_style_paths ... ok
test (x86_64-unknown-linux-gnu, ubuntu-latest)	cargo test	2026-09-10T06:03:50.2740617Z test projects::state::tests::the_status_bar_shows_the_board_age ... ok
test (x86_64-unknown-linux-gnu, ubuntu-latest)	cargo test	2026-09-10T06:03:50.7767890Z test projects::state::tests::scope_errors_replace_the_panes_with_the_notice ... ok
test (x86_64-unknown-linux-gnu, ubuntu-latest)	cargo test	2026-09-10T06:03:50.7816203Z test worktrees::panes::preview::tests::summary_lines_layout ... ok
test (x86_64-unknown-linux-gnu, ubuntu-latest)	cargo test	2026-09-10T06:03:50.7817320Z test worktrees::panes::stashes::tests::right_column_degrades_gracefully ... ok
test (x86_64-unknown-linux-gnu, ubuntu-latest)	cargo test	2026-09-10T06:03:50.7832038Z test worktrees::panes::tests::fit_head_truncates ... ok
test (x86_64-unknown-linux-gnu, ubuntu-latest)	cargo test	2026-09-10T06:03:50.7866026Z test worktrees::panes::tests::fit_tail_pads_and_truncates ... ok
test (x86_64-unknown-linux-gnu, ubuntu-latest)	cargo test	2026-09-10T06:03:50.8980705Z test worktrees::state::tests::default_kdl_wires_panes_bindings_and_keys ... ok
test (x86_64-unknown-linux-gnu, ubuntu-latest)	cargo test	2026-09-10T06:03:52.2874639Z test worktrees::panes::preview::tests::normal_and_visual_mode_keys_reach_the_diff_widget ... ok
test (x86_64-unknown-linux-gnu, ubuntu-latest)	cargo test	2026-09-10T06:03:52.3066660Z test worktrees::panes::preview::tests::scroll_mode_uses_the_pane_keymap_only ... ok
test (x86_64-unknown-linux-gnu, ubuntu-latest)	cargo test	2026-09-10T06:03:52.8316717Z test worktrees::state::tests::page_loads_for_this_repository ... ok
test (x86_64-unknown-linux-gnu, ubuntu-latest)	cargo test	2026-09-10T06:03:52.8774451Z test files::panes::preview::tests::markdown_detection_is_by_extension ... ok
test (x86_64-unknown-linux-gnu, ubuntu-latest)	cargo test	2026-09-10T06:03:52.8775079Z 
test (x86_64-unknown-linux-gnu, ubuntu-latest)	cargo test	2026-09-10T06:03:52.8775806Z test result: ok. 407 passed; 0 failed; 2 ignored; 0 measured; 0 filtered out; finished in 29.79s
test (x86_64-unknown-linux-gnu, ubuntu-latest)	cargo test	2026-09-10T06:03:52.8776266Z 
test (x86_64-unknown-linux-gnu, ubuntu-latest)	cargo build	﻿2026-09-10T06:03:52.8913351Z ##[group]Run cargo build --target x86_64-unknown-linux-gnu
test (x86_64-unknown-linux-gnu, ubuntu-latest)	cargo build	2026-09-10T06:03:52.8913875Z ^[[36;1mcargo build --target x86_64-unknown-linux-gnu^[[0m
test (x86_64-unknown-linux-gnu, ubuntu-latest)	cargo build	2026-09-10T06:03:52.8935282Z shell: /usr/bin/bash -e {0}
test (x86_64-unknown-linux-gnu, ubuntu-latest)	cargo build	2026-09-10T06:03:52.8935774Z env:
test (x86_64-unknown-linux-gnu, ubuntu-latest)	cargo build	2026-09-10T06:03:52.8935999Z   CARGO_INCREMENTAL: 0
test (x86_64-unknown-linux-gnu, ubuntu-latest)	cargo build	2026-09-10T06:03:52.8936245Z   CARGO_PROFILE_DEV_DEBUG: 0
test (x86_64-unknown-linux-gnu, ubuntu-latest)	cargo build	2026-09-10T06:03:52.8936503Z   CARGO_TERM_COLOR: always
test (x86_64-unknown-linux-gnu, ubuntu-latest)	cargo build	2026-09-10T06:03:52.8936744Z   RUST_BACKTRACE: short
test (x86_64-unknown-linux-gnu, ubuntu-latest)	cargo build	2026-09-10T06:03:52.8936983Z   RUSTFLAGS: -D warnings
test (x86_64-unknown-linux-gnu, ubuntu-latest)	cargo build	2026-09-10T06:03:52.8937235Z   CARGO_UNSTABLE_SPARSE_REGISTRY: true
test (x86_64-unknown-linux-gnu, ubuntu-latest)	cargo build	2026-09-10T06:03:52.8937532Z   CARGO_REGISTRIES_CRATES_IO_PROTOCOL: sparse
test (x86_64-unknown-linux-gnu, ubuntu-latest)	cargo build	2026-09-10T06:03:52.8937826Z   CACHE_ON_FAILURE: true
test (x86_64-unknown-linux-gnu, ubuntu-latest)	cargo build	2026-09-10T06:03:52.8938082Z   CACHE_KEY: f383ff6fc98053745e76aa2f6d3abfb7
test (x86_64-unknown-linux-gnu, ubuntu-latest)	cargo build	2026-09-10T06:03:52.8938363Z ##[endgroup]
test (x86_64-unknown-linux-gnu, ubuntu-latest)	cargo build	2026-09-10T06:03:53.1079428Z ^[[1m^[[92m   Compiling^[[0m vig v0.15.0 (/home/runner/work/vig/vig)
test (x86_64-unknown-linux-gnu, ubuntu-latest)	cargo build	2026-09-10T06:03:58.8800159Z ^[[1m^[[92m    Finished^[[0m `dev` profile [unoptimized] target(s) in 5.97s
test (x86_64-unknown-linux-gnu, ubuntu-latest)	Post Run actions-rust-lang/setup-rust-toolchain@v1	﻿2026-09-10T06:03:58.9206323Z Post job cleanup.
test (x86_64-unknown-linux-gnu, ubuntu-latest)	Post Run actions-rust-lang/setup-rust-toolchain@v1	2026-09-10T06:03:58.9209783Z ##[start-action display=Setup Rust Caching;id=__2493d0ae-243d-42a2-9f1c-63dafa66bb7a.__Swatinem_rust-cache]
test (x86_64-unknown-linux-gnu, ubuntu-latest)	Post Run actions-rust-lang/setup-rust-toolchain@v1	2026-09-10T06:03:58.9247311Z Post job cleanup.
test (x86_64-unknown-linux-gnu, ubuntu-latest)	Post Run actions-rust-lang/setup-rust-toolchain@v1	2026-09-10T06:03:59.1956448Z Cache up-to-date.
test (x86_64-unknown-linux-gnu, ubuntu-latest)	Post Run actions-rust-lang/setup-rust-toolchain@v1	2026-09-10T06:03:59.1959053Z (node:3551) [DEP0040] DeprecationWarning: The `punycode` module is deprecated. Please use a userland alternative instead.
test (x86_64-unknown-linux-gnu, ubuntu-latest)	Post Run actions-rust-lang/setup-rust-toolchain@v1	2026-09-10T06:03:59.1959715Z (Use `node --trace-deprecation ...` to show where the warning was created)
test (x86_64-unknown-linux-gnu, ubuntu-latest)	Post Run actions-rust-lang/setup-rust-toolchain@v1	2026-09-10T06:03:59.2088779Z ##[end-action id=__2493d0ae-243d-42a2-9f1c-63dafa66bb7a.__Swatinem_rust-cache;outcome=success;conclusion=success;duration_ms=287]
test (x86_64-unknown-linux-gnu, ubuntu-latest)	Post Run actions/checkout@v6	﻿2026-09-10T06:03:59.2196860Z Post job cleanup.
test (x86_64-unknown-linux-gnu, ubuntu-latest)	Post Run actions/checkout@v6	2026-09-10T06:03:59.3082090Z [command]/usr/bin/git version
test (x86_64-unknown-linux-gnu, ubuntu-latest)	Post Run actions/checkout@v6	2026-09-10T06:03:59.3107430Z git version 2.55.0
test (x86_64-unknown-linux-gnu, ubuntu-latest)	Post Run actions/checkout@v6	2026-09-10T06:03:59.3160005Z Temporarily overriding HOME='/home/runner/work/_temp/6c1d0dea-4e07-46f4-9af2-ae0dae0ab557' before making global git config changes
test (x86_64-unknown-linux-gnu, ubuntu-latest)	Post Run actions/checkout@v6	2026-09-10T06:03:59.3161757Z Adding repository directory to the temporary git global config as a safe directory
test (x86_64-unknown-linux-gnu, ubuntu-latest)	Post Run actions/checkout@v6	2026-09-10T06:03:59.3168011Z [command]/usr/bin/git config --global --add safe.directory /home/runner/work/vig/vig
test (x86_64-unknown-linux-gnu, ubuntu-latest)	Post Run actions/checkout@v6	2026-09-10T06:03:59.3216250Z Removing SSH command configuration
test (x86_64-unknown-linux-gnu, ubuntu-latest)	Post Run actions/checkout@v6	2026-09-10T06:03:59.3226944Z [command]/usr/bin/git config --local --name-only --get-regexp core\.sshCommand
test (x86_64-unknown-linux-gnu, ubuntu-latest)	Post Run actions/checkout@v6	2026-09-10T06:03:59.3284474Z [command]/usr/bin/git submodule foreach --recursive sh -c "git config --local --name-only --get-regexp 'core\.sshCommand' && git config --local --unset-all 'core.sshCommand' || :"
test (x86_64-unknown-linux-gnu, ubuntu-latest)	Post Run actions/checkout@v6	2026-09-10T06:03:59.3568392Z Removing HTTP extra header
test (x86_64-unknown-linux-gnu, ubuntu-latest)	Post Run actions/checkout@v6	2026-09-10T06:03:59.3569590Z [command]/usr/bin/git config --local --name-only --get-regexp http\.https\:\/\/github\.com\/\.extraheader
test (x86_64-unknown-linux-gnu, ubuntu-latest)	Post Run actions/checkout@v6	2026-09-10T06:03:59.3599040Z [command]/usr/bin/git submodule foreach --recursive sh -c "git config --local --name-only --get-regexp 'http\.https\:\/\/github\.com\/\.extraheader' && git config --local --unset-all 'http.https://github.com/.extraheader' || :"
test (x86_64-unknown-linux-gnu, ubuntu-latest)	Post Run actions/checkout@v6	2026-09-10T06:03:59.3819849Z Removing includeIf entries pointing to credentials config files
test (x86_64-unknown-linux-gnu, ubuntu-latest)	Post Run actions/checkout@v6	2026-09-10T06:03:59.3836639Z [command]/usr/bin/git config --local --name-only --get-regexp ^includeIf\.gitdir:
test (x86_64-unknown-linux-gnu, ubuntu-latest)	Post Run actions/checkout@v6	2026-09-10T06:03:59.3860185Z includeif.gitdir:/home/runner/work/vig/vig/.git.path
test (x86_64-unknown-linux-gnu, ubuntu-latest)	Post Run actions/checkout@v6	2026-09-10T06:03:59.3861256Z includeif.gitdir:/home/runner/work/vig/vig/.git/worktrees/*.path
test (x86_64-unknown-linux-gnu, ubuntu-latest)	Post Run actions/checkout@v6	2026-09-10T06:03:59.3862193Z includeif.gitdir:/github/workspace/.git.path
test (x86_64-unknown-linux-gnu, ubuntu-latest)	Post Run actions/checkout@v6	2026-09-10T06:03:59.3863054Z includeif.gitdir:/github/workspace/.git/worktrees/*.path
test (x86_64-unknown-linux-gnu, ubuntu-latest)	Post Run actions/checkout@v6	2026-09-10T06:03:59.3869582Z [command]/usr/bin/git config --local --get-all includeif.gitdir:/home/runner/work/vig/vig/.git.path
test (x86_64-unknown-linux-gnu, ubuntu-latest)	Post Run actions/checkout@v6	2026-09-10T06:03:59.3889185Z /home/runner/work/_temp/git-credentials-65bf2255-530f-4739-8edc-e6bb82a75c22.config
test (x86_64-unknown-linux-gnu, ubuntu-latest)	Post Run actions/checkout@v6	2026-09-10T06:03:59.3899357Z [command]/usr/bin/git config --local --unset includeif.gitdir:/home/runner/work/vig/vig/.git.path /home/runner/work/_temp/git-credentials-65bf2255-530f-4739-8edc-e6bb82a75c22.config
test (x86_64-unknown-linux-gnu, ubuntu-latest)	Post Run actions/checkout@v6	2026-09-10T06:03:59.3931393Z [command]/usr/bin/git config --local --get-all includeif.gitdir:/home/runner/work/vig/vig/.git/worktrees/*.path
test (x86_64-unknown-linux-gnu, ubuntu-latest)	Post Run actions/checkout@v6	2026-09-10T06:03:59.3951363Z /home/runner/work/_temp/git-credentials-65bf2255-530f-4739-8edc-e6bb82a75c22.config
test (x86_64-unknown-linux-gnu, ubuntu-latest)	Post Run actions/checkout@v6	2026-09-10T06:03:59.3963478Z [command]/usr/bin/git config --local --unset includeif.gitdir:/home/runner/work/vig/vig/.git/worktrees/*.path /home/runner/work/_temp/git-credentials-65bf2255-530f-4739-8edc-e6bb82a75c22.config
test (x86_64-unknown-linux-gnu, ubuntu-latest)	Post Run actions/checkout@v6	2026-09-10T06:03:59.3989180Z [command]/usr/bin/git config --local --get-all includeif.gitdir:/github/workspace/.git.path
test (x86_64-unknown-linux-gnu, ubuntu-latest)	Post Run actions/checkout@v6	2026-09-10T06:03:59.4008215Z /github/runner_temp/git-credentials-65bf2255-530f-4739-8edc-e6bb82a75c22.config
test (x86_64-unknown-linux-gnu, ubuntu-latest)	Post Run actions/checkout@v6	2026-09-10T06:03:59.4016434Z [command]/usr/bin/git config --local --unset includeif.gitdir:/github/workspace/.git.path /github/runner_temp/git-credentials-65bf2255-530f-4739-8edc-e6bb82a75c22.config
test (x86_64-unknown-linux-gnu, ubuntu-latest)	Post Run actions/checkout@v6	2026-09-10T06:03:59.4044507Z [command]/usr/bin/git config --local --get-all includeif.gitdir:/github/workspace/.git/worktrees/*.path
test (x86_64-unknown-linux-gnu, ubuntu-latest)	Post Run actions/checkout@v6	2026-09-10T06:03:59.4065334Z /github/runner_temp/git-credentials-65bf2255-530f-4739-8edc-e6bb82a75c22.config
test (x86_64-unknown-linux-gnu, ubuntu-latest)	Post Run actions/checkout@v6	2026-09-10T06:03:59.4074180Z [command]/usr/bin/git config --local --unset includeif.gitdir:/github/workspace/.git/worktrees/*.path /github/runner_temp/git-credentials-65bf2255-530f-4739-8edc-e6bb82a75c22.config
test (x86_64-unknown-linux-gnu, ubuntu-latest)	Post Run actions/checkout@v6	2026-09-10T06:03:59.4104019Z [command]/usr/bin/git submodule foreach --recursive git config --local --show-origin --name-only --get-regexp remote.origin.url
test (x86_64-unknown-linux-gnu, ubuntu-latest)	Post Run actions/checkout@v6	2026-09-10T06:03:59.4311692Z Removing credentials config '/home/runner/work/_temp/git-credentials-65bf2255-530f-4739-8edc-e6bb82a75c22.config'
test (x86_64-unknown-linux-gnu, ubuntu-latest)	Complete job	﻿2026-09-10T06:03:59.4438314Z Cleaning up orphan processes
