lint	Set up job	﻿2026-09-09T07:02:58.0797478Z Current runner version: '2.337.0'
lint	Set up job	2026-09-09T07:02:58.0829782Z ##[group]Runner Image Provisioner
lint	Set up job	2026-09-09T07:02:58.0830683Z Hosted Compute Agent
lint	Set up job	2026-09-09T07:02:58.0831418Z Version: 20260828.587
lint	Set up job	2026-09-09T07:02:58.0832054Z Commit: abac92662cab4cc7352de4f9f9d2e2419aad9c29
lint	Set up job	2026-09-09T07:02:58.0832814Z Build Date: 2026-08-28T16:44:25Z
lint	Set up job	2026-09-09T07:02:58.0833510Z Worker ID: {97cec252-6a38-42d2-a148-e047cc2ae63e}
lint	Set up job	2026-09-09T07:02:58.0834224Z Azure Region: northcentralus
lint	Set up job	2026-09-09T07:02:58.0834915Z ##[endgroup]
lint	Set up job	2026-09-09T07:02:58.0836411Z ##[group]Operating System
lint	Set up job	2026-09-09T07:02:58.0837122Z Ubuntu
lint	Set up job	2026-09-09T07:02:58.0837663Z 24.04.4
lint	Set up job	2026-09-09T07:02:58.0838171Z LTS
lint	Set up job	2026-09-09T07:02:58.0838759Z ##[endgroup]
lint	Set up job	2026-09-09T07:02:58.0839318Z ##[group]Runner Image
lint	Set up job	2026-09-09T07:02:58.0840210Z Image: ubuntu-24.04
lint	Set up job	2026-09-09T07:02:58.0840865Z Version: 20260831.293.1
lint	Set up job	2026-09-09T07:02:58.0841932Z Included Software: https://github.com/actions/runner-images/blob/ubuntu24/20260831.293/images/ubuntu/Ubuntu2404-Readme.md
lint	Set up job	2026-09-09T07:02:58.0843756Z Image Release: https://github.com/actions/runner-images/releases/tag/ubuntu24%2F20260831.293
lint	Set up job	2026-09-09T07:02:58.0845045Z ##[endgroup]
lint	Set up job	2026-09-09T07:02:58.0846384Z ##[group]GITHUB_TOKEN Permissions
lint	Set up job	2026-09-09T07:02:58.0848462Z Contents: read
lint	Set up job	2026-09-09T07:02:58.0849185Z Metadata: read
lint	Set up job	2026-09-09T07:02:58.0850063Z Packages: read
lint	Set up job	2026-09-09T07:02:58.0850706Z ##[endgroup]
lint	Set up job	2026-09-09T07:02:58.0852720Z Secret source: Actions
lint	Set up job	2026-09-09T07:02:58.0854190Z Prepare workflow directory
lint	Set up job	2026-09-09T07:02:58.1256190Z Prepare all required actions
lint	Set up job	2026-09-09T07:02:58.1327276Z Getting action download info
lint	Set up job	2026-09-09T07:02:58.4088680Z Download action repository 'actions/checkout@v6' (SHA:d23441a48e516b6c34aea4fa41551a30e30af803)
lint	Set up job	2026-09-09T07:02:58.5199986Z Download action repository 'actions-rust-lang/setup-rust-toolchain@v1' (SHA:166cdcfd11aee3cb47222f9ddb555ce30ddb9659)
lint	Set up job	2026-09-09T07:02:58.6612542Z Download action repository 'awalsh128/cache-apt-pkgs-action@v1' (SHA:553a35bb8ebd9fcabcb1c9451aa4c98e1b4ca8a9)
lint	Set up job	2026-09-09T07:02:59.0588092Z Download action repository 'j178/prek-action@v1' (SHA:0bb87d7f00b0c99306c8bcb8b8beba1eb581c037)
lint	Set up job	2026-09-09T07:02:59.3200599Z Getting action download info
lint	Set up job	2026-09-09T07:02:59.4795843Z Download action repository 'Swatinem/rust-cache@c19371144df3bb44fab255c43d04cbc2ab54d1c4' (SHA:c19371144df3bb44fab255c43d04cbc2ab54d1c4)
lint	Set up job	2026-09-09T07:03:00.0014514Z Getting action download info
lint	Set up job	2026-09-09T07:03:00.1097407Z Download action repository 'actions/cache@55cc8345863c7cc4c66a329aec7e433d2d1c52a9' (SHA:55cc8345863c7cc4c66a329aec7e433d2d1c52a9)
lint	Set up job	2026-09-09T07:03:00.2234508Z Download action repository 'actions/upload-artifact@bbbca2ddaa5d8feaa63e36b76fdaad77386f024f' (SHA:bbbca2ddaa5d8feaa63e36b76fdaad77386f024f)
lint	Set up job	2026-09-09T07:03:00.3628391Z Getting action download info
lint	Set up job	2026-09-09T07:03:00.4565879Z Download action repository 'actions/cache@8b402f58fbc84540c8b491a91e594a4576fec3d7' (SHA:8b402f58fbc84540c8b491a91e594a4576fec3d7)
lint	Set up job	2026-09-09T07:03:00.6576166Z Complete job name: lint
lint	Run actions/checkout@v6	﻿2026-09-09T07:03:00.7491402Z ##[group]Run actions/checkout@v6
lint	Run actions/checkout@v6	2026-09-09T07:03:00.7492740Z with:
lint	Run actions/checkout@v6	2026-09-09T07:03:00.7493530Z   repository: td72/vig
lint	Run actions/checkout@v6	2026-09-09T07:03:00.7501624Z   token: ***
lint	Run actions/checkout@v6	2026-09-09T07:03:00.7502443Z   ssh-strict: true
lint	Run actions/checkout@v6	2026-09-09T07:03:00.7503271Z   ssh-user: git
lint	Run actions/checkout@v6	2026-09-09T07:03:00.7504125Z   persist-credentials: true
lint	Run actions/checkout@v6	2026-09-09T07:03:00.7505048Z   clean: true
lint	Run actions/checkout@v6	2026-09-09T07:03:00.7505895Z   sparse-checkout-cone-mode: true
lint	Run actions/checkout@v6	2026-09-09T07:03:00.7506873Z   fetch-depth: 1
lint	Run actions/checkout@v6	2026-09-09T07:03:00.7507750Z   fetch-tags: false
lint	Run actions/checkout@v6	2026-09-09T07:03:00.7508590Z   show-progress: true
lint	Run actions/checkout@v6	2026-09-09T07:03:00.7509559Z   lfs: false
lint	Run actions/checkout@v6	2026-09-09T07:03:00.7510354Z   submodules: false
lint	Run actions/checkout@v6	2026-09-09T07:03:00.7511205Z   set-safe-directory: true
lint	Run actions/checkout@v6	2026-09-09T07:03:00.7512155Z   allow-unsafe-pr-checkout: false
lint	Run actions/checkout@v6	2026-09-09T07:03:00.7513412Z ##[endgroup]
lint	Run actions/checkout@v6	2026-09-09T07:03:00.8593597Z Syncing repository: td72/vig
lint	Run actions/checkout@v6	2026-09-09T07:03:00.8597207Z ##[group]Getting Git version info
lint	Run actions/checkout@v6	2026-09-09T07:03:00.8599139Z Working directory is '/home/runner/work/vig/vig'
lint	Run actions/checkout@v6	2026-09-09T07:03:00.8602794Z [command]/usr/bin/git version
lint	Run actions/checkout@v6	2026-09-09T07:03:00.8613581Z git version 2.55.0
lint	Run actions/checkout@v6	2026-09-09T07:03:00.8636968Z ##[endgroup]
lint	Run actions/checkout@v6	2026-09-09T07:03:00.8652295Z Temporarily overriding HOME='/home/runner/work/_temp/3bbcd2dd-f9b6-4e41-b462-a385e8f11e7f' before making global git config changes
lint	Run actions/checkout@v6	2026-09-09T07:03:00.8656987Z Adding repository directory to the temporary git global config as a safe directory
lint	Run actions/checkout@v6	2026-09-09T07:03:00.8659434Z [command]/usr/bin/git config --global --add safe.directory /home/runner/work/vig/vig
lint	Run actions/checkout@v6	2026-09-09T07:03:00.8722147Z Deleting the contents of '/home/runner/work/vig/vig'
lint	Run actions/checkout@v6	2026-09-09T07:03:00.8728601Z ##[group]Determining repository object format
lint	Run actions/checkout@v6	2026-09-09T07:03:00.8731866Z ##[endgroup]
lint	Run actions/checkout@v6	2026-09-09T07:03:00.8734390Z ##[group]Initializing the repository
lint	Run actions/checkout@v6	2026-09-09T07:03:00.8736998Z [command]/usr/bin/git init /home/runner/work/vig/vig
lint	Run actions/checkout@v6	2026-09-09T07:03:00.8842703Z hint: Using 'master' as the name for the initial branch. This default branch name
lint	Run actions/checkout@v6	2026-09-09T07:03:00.8845151Z hint: will change to "main" in Git 3.0. To configure the initial branch name
lint	Run actions/checkout@v6	2026-09-09T07:03:00.8846988Z hint: to use in all of your new repositories, which will suppress this warning,
lint	Run actions/checkout@v6	2026-09-09T07:03:00.8848405Z hint: call:
lint	Run actions/checkout@v6	2026-09-09T07:03:00.8849177Z hint:
lint	Run actions/checkout@v6	2026-09-09T07:03:00.8850853Z hint: 	git config --global init.defaultBranch <name>
lint	Run actions/checkout@v6	2026-09-09T07:03:00.8852888Z hint:
lint	Run actions/checkout@v6	2026-09-09T07:03:00.8854629Z hint: Names commonly chosen instead of 'master' are 'main', 'trunk' and
lint	Run actions/checkout@v6	2026-09-09T07:03:00.8857440Z hint: 'development'. The just-created branch can be renamed via this command:
lint	Run actions/checkout@v6	2026-09-09T07:03:00.8859374Z hint:
lint	Run actions/checkout@v6	2026-09-09T07:03:00.8860936Z hint: 	git branch -m <name>
lint	Run actions/checkout@v6	2026-09-09T07:03:00.8861886Z hint:
lint	Run actions/checkout@v6	2026-09-09T07:03:00.8863113Z hint: Disable this message with "git config set advice.defaultBranchName false"
lint	Run actions/checkout@v6	2026-09-09T07:03:00.8865792Z Initialized empty Git repository in /home/runner/work/vig/vig/.git/
lint	Run actions/checkout@v6	2026-09-09T07:03:00.8868620Z [command]/usr/bin/git remote add origin https://github.com/td72/vig
lint	Run actions/checkout@v6	2026-09-09T07:03:00.8911869Z ##[endgroup]
lint	Run actions/checkout@v6	2026-09-09T07:03:00.8913371Z ##[group]Disabling automatic garbage collection
lint	Run actions/checkout@v6	2026-09-09T07:03:00.8915609Z [command]/usr/bin/git config --local gc.auto 0
lint	Run actions/checkout@v6	2026-09-09T07:03:00.8947338Z ##[endgroup]
lint	Run actions/checkout@v6	2026-09-09T07:03:00.8950040Z ##[group]Setting up auth
lint	Run actions/checkout@v6	2026-09-09T07:03:00.8951483Z Removing SSH command configuration
lint	Run actions/checkout@v6	2026-09-09T07:03:00.8955947Z [command]/usr/bin/git config --local --name-only --get-regexp core\.sshCommand
lint	Run actions/checkout@v6	2026-09-09T07:03:00.8990023Z [command]/usr/bin/git submodule foreach --recursive sh -c "git config --local --name-only --get-regexp 'core\.sshCommand' && git config --local --unset-all 'core.sshCommand' || :"
lint	Run actions/checkout@v6	2026-09-09T07:03:00.9333401Z Removing HTTP extra header
lint	Run actions/checkout@v6	2026-09-09T07:03:00.9341693Z [command]/usr/bin/git config --local --name-only --get-regexp http\.https\:\/\/github\.com\/\.extraheader
lint	Run actions/checkout@v6	2026-09-09T07:03:00.9394306Z [command]/usr/bin/git submodule foreach --recursive sh -c "git config --local --name-only --get-regexp 'http\.https\:\/\/github\.com\/\.extraheader' && git config --local --unset-all 'http.https://github.com/.extraheader' || :"
lint	Run actions/checkout@v6	2026-09-09T07:03:00.9612241Z Removing includeIf entries pointing to credentials config files
lint	Run actions/checkout@v6	2026-09-09T07:03:00.9619060Z [command]/usr/bin/git config --local --name-only --get-regexp ^includeIf\.gitdir:
lint	Run actions/checkout@v6	2026-09-09T07:03:00.9655673Z [command]/usr/bin/git submodule foreach --recursive git config --local --show-origin --name-only --get-regexp remote.origin.url
lint	Run actions/checkout@v6	2026-09-09T07:03:00.9878891Z [command]/usr/bin/git config --file /home/runner/work/_temp/git-credentials-a1651631-e13d-4641-91ce-74b55865f29f.config http.https://github.com/.extraheader AUTHORIZATION: basic ***
lint	Run actions/checkout@v6	2026-09-09T07:03:00.9920680Z [command]/usr/bin/git config --local includeIf.gitdir:/home/runner/work/vig/vig/.git.path /home/runner/work/_temp/git-credentials-a1651631-e13d-4641-91ce-74b55865f29f.config
lint	Run actions/checkout@v6	2026-09-09T07:03:00.9953927Z [command]/usr/bin/git config --local includeIf.gitdir:/home/runner/work/vig/vig/.git/worktrees/*.path /home/runner/work/_temp/git-credentials-a1651631-e13d-4641-91ce-74b55865f29f.config
lint	Run actions/checkout@v6	2026-09-09T07:03:00.9996055Z [command]/usr/bin/git config --local includeIf.gitdir:/github/workspace/.git.path /github/runner_temp/git-credentials-a1651631-e13d-4641-91ce-74b55865f29f.config
lint	Run actions/checkout@v6	2026-09-09T07:03:01.0032329Z [command]/usr/bin/git config --local includeIf.gitdir:/github/workspace/.git/worktrees/*.path /github/runner_temp/git-credentials-a1651631-e13d-4641-91ce-74b55865f29f.config
lint	Run actions/checkout@v6	2026-09-09T07:03:01.0070408Z ##[endgroup]
lint	Run actions/checkout@v6	2026-09-09T07:03:01.0071911Z ##[group]Fetching the repository
lint	Run actions/checkout@v6	2026-09-09T07:03:01.0078102Z [command]/usr/bin/git -c protocol.version=2 fetch --no-tags --prune --no-recurse-submodules --depth=1 origin +074bbad486d5e36c3d911ead96587dcb29057716:refs/remotes/origin/main
lint	Run actions/checkout@v6	2026-09-09T07:03:01.6019226Z From https://github.com/td72/vig
lint	Run actions/checkout@v6	2026-09-09T07:03:01.6022848Z  * [new ref]         074bbad486d5e36c3d911ead96587dcb29057716 -> origin/main
lint	Run actions/checkout@v6	2026-09-09T07:03:01.6033771Z [command]/usr/bin/git branch --list --remote origin/main
lint	Run actions/checkout@v6	2026-09-09T07:03:01.6061067Z   origin/main
lint	Run actions/checkout@v6	2026-09-09T07:03:01.6071134Z [command]/usr/bin/git rev-parse refs/remotes/origin/main
lint	Run actions/checkout@v6	2026-09-09T07:03:01.6096773Z 074bbad486d5e36c3d911ead96587dcb29057716
lint	Run actions/checkout@v6	2026-09-09T07:03:01.6102717Z ##[endgroup]
lint	Run actions/checkout@v6	2026-09-09T07:03:01.6105145Z ##[group]Determining the checkout info
lint	Run actions/checkout@v6	2026-09-09T07:03:01.6107773Z ##[endgroup]
lint	Run actions/checkout@v6	2026-09-09T07:03:01.6109118Z [command]/usr/bin/git sparse-checkout disable
lint	Run actions/checkout@v6	2026-09-09T07:03:01.6158780Z [command]/usr/bin/git config --local --unset-all extensions.worktreeConfig
lint	Run actions/checkout@v6	2026-09-09T07:03:01.6192594Z ##[group]Checking out the ref
lint	Run actions/checkout@v6	2026-09-09T07:03:01.6195476Z [command]/usr/bin/git checkout --progress --force -B main refs/remotes/origin/main
lint	Run actions/checkout@v6	2026-09-09T07:03:01.7241080Z Switched to a new branch 'main'
lint	Run actions/checkout@v6	2026-09-09T07:03:01.7246446Z branch 'main' set up to track 'origin/main'.
lint	Run actions/checkout@v6	2026-09-09T07:03:01.7514050Z ##[endgroup]
lint	Run actions/checkout@v6	2026-09-09T07:03:01.7556620Z [command]/usr/bin/git log -1 --format=%H
lint	Run actions/checkout@v6	2026-09-09T07:03:01.7583770Z 074bbad486d5e36c3d911ead96587dcb29057716
lint	Run actions-rust-lang/setup-rust-toolchain@v1	﻿2026-09-09T07:03:01.8311255Z ##[group]Run actions-rust-lang/setup-rust-toolchain@v1
lint	Run actions-rust-lang/setup-rust-toolchain@v1	2026-09-09T07:03:01.8312480Z with:
lint	Run actions-rust-lang/setup-rust-toolchain@v1	2026-09-09T07:03:01.8313302Z   components: clippy, rustfmt
lint	Run actions-rust-lang/setup-rust-toolchain@v1	2026-09-09T07:03:01.8314254Z   cache: true
lint	Run actions-rust-lang/setup-rust-toolchain@v1	2026-09-09T07:03:01.8315083Z   cache-on-failure: true
lint	Run actions-rust-lang/setup-rust-toolchain@v1	2026-09-09T07:03:01.8315984Z   cache-bin: true
lint	Run actions-rust-lang/setup-rust-toolchain@v1	2026-09-09T07:03:01.8316835Z   cache-provider: github
lint	Run actions-rust-lang/setup-rust-toolchain@v1	2026-09-09T07:03:01.8317762Z   cache-all-crates: false
lint	Run actions-rust-lang/setup-rust-toolchain@v1	2026-09-09T07:03:01.8318714Z   cache-workspace-crates: false
lint	Run actions-rust-lang/setup-rust-toolchain@v1	2026-09-09T07:03:01.8320079Z   cache-save-if: true
lint	Run actions-rust-lang/setup-rust-toolchain@v1	2026-09-09T07:03:01.8320994Z   cache-targets: true
lint	Run actions-rust-lang/setup-rust-toolchain@v1	2026-09-09T07:03:01.8321860Z   matcher: true
lint	Run actions-rust-lang/setup-rust-toolchain@v1	2026-09-09T07:03:01.8322706Z   rustflags: -D warnings
lint	Run actions-rust-lang/setup-rust-toolchain@v1	2026-09-09T07:03:01.8323604Z   override: true
lint	Run actions-rust-lang/setup-rust-toolchain@v1	2026-09-09T07:03:01.8324432Z ##[endgroup]
lint	Run actions-rust-lang/setup-rust-toolchain@v1	2026-09-09T07:03:01.8400034Z ##[start-action display=Unbork mac;id=__actions-rust-lang_setup-rust-toolchain.__run]
lint	Run actions-rust-lang/setup-rust-toolchain@v1	2026-09-09T07:03:01.8426552Z ##[end-action id=__actions-rust-lang_setup-rust-toolchain.__run;outcome=skipped;conclusion=skipped;duration_ms=0]
lint	Run actions-rust-lang/setup-rust-toolchain@v1	2026-09-09T07:03:01.8471279Z ##[start-action display=Run : construct rustup command line;id=__actions-rust-lang_setup-rust-toolchain.flags]
lint	Run actions-rust-lang/setup-rust-toolchain@v1	2026-09-09T07:03:01.8530637Z ##[group]Run : construct rustup command line
lint	Run actions-rust-lang/setup-rust-toolchain@v1	2026-09-09T07:03:01.8531868Z ^[[36;1m: construct rustup command line^[[0m
lint	Run actions-rust-lang/setup-rust-toolchain@v1	2026-09-09T07:03:01.8533506Z ^[[36;1mecho "targets=$(for t in ${_srt_targets//,/ }; do echo -n ' --target' $t; done)" >> $GITHUB_OUTPUT^[[0m
lint	Run actions-rust-lang/setup-rust-toolchain@v1	2026-09-09T07:03:01.8536085Z ^[[36;1mecho "components=$(for c in ${_srt_components//,/ }; do echo -n ' --component' $c; done)" >> $GITHUB_OUTPUT^[[0m
lint	Run actions-rust-lang/setup-rust-toolchain@v1	2026-09-09T07:03:01.8537868Z ^[[36;1mecho "downgrade=" >> $GITHUB_OUTPUT^[[0m
lint	Run actions-rust-lang/setup-rust-toolchain@v1	2026-09-09T07:03:01.8582039Z shell: /usr/bin/bash --noprofile --norc -e -o pipefail {0}
lint	Run actions-rust-lang/setup-rust-toolchain@v1	2026-09-09T07:03:01.8583281Z env:
lint	Run actions-rust-lang/setup-rust-toolchain@v1	2026-09-09T07:03:01.8584012Z   _srt_targets: 
lint	Run actions-rust-lang/setup-rust-toolchain@v1	2026-09-09T07:03:01.8584870Z   _srt_components: clippy, rustfmt
lint	Run actions-rust-lang/setup-rust-toolchain@v1	2026-09-09T07:03:01.8585837Z ##[endgroup]
lint	Run actions-rust-lang/setup-rust-toolchain@v1	2026-09-09T07:03:01.8752432Z ##[end-action id=__actions-rust-lang_setup-rust-toolchain.flags;outcome=success;conclusion=success;duration_ms=27]
lint	Run actions-rust-lang/setup-rust-toolchain@v1	2026-09-09T07:03:01.8762924Z ##[start-action display=Setting Environment Variables;id=__actions-rust-lang_setup-rust-toolchain.__run_2]
lint	Run actions-rust-lang/setup-rust-toolchain@v1	2026-09-09T07:03:01.8801818Z ##[group]Run if [[ ! -v CARGO_INCREMENTAL ]]; then
lint	Run actions-rust-lang/setup-rust-toolchain@v1	2026-09-09T07:03:01.8803072Z ^[[36;1mif [[ ! -v CARGO_INCREMENTAL ]]; then^[[0m
lint	Run actions-rust-lang/setup-rust-toolchain@v1	2026-09-09T07:03:01.8804267Z ^[[36;1m  echo "CARGO_INCREMENTAL=0" >> $GITHUB_ENV^[[0m
lint	Run actions-rust-lang/setup-rust-toolchain@v1	2026-09-09T07:03:01.8805362Z ^[[36;1mfi^[[0m
lint	Run actions-rust-lang/setup-rust-toolchain@v1	2026-09-09T07:03:01.8806236Z ^[[36;1mif [[ ! -v CARGO_PROFILE_DEV_DEBUG ]]; then^[[0m
lint	Run actions-rust-lang/setup-rust-toolchain@v1	2026-09-09T07:03:01.8807545Z ^[[36;1m  echo "CARGO_PROFILE_DEV_DEBUG=0" >> $GITHUB_ENV^[[0m
lint	Run actions-rust-lang/setup-rust-toolchain@v1	2026-09-09T07:03:01.8808668Z ^[[36;1mfi^[[0m
lint	Run actions-rust-lang/setup-rust-toolchain@v1	2026-09-09T07:03:01.8809826Z ^[[36;1mif [[ ! -v CARGO_TERM_COLOR ]]; then^[[0m
lint	Run actions-rust-lang/setup-rust-toolchain@v1	2026-09-09T07:03:01.8811065Z ^[[36;1m  echo "CARGO_TERM_COLOR=always" >> $GITHUB_ENV^[[0m
lint	Run actions-rust-lang/setup-rust-toolchain@v1	2026-09-09T07:03:01.8812176Z ^[[36;1mfi^[[0m
lint	Run actions-rust-lang/setup-rust-toolchain@v1	2026-09-09T07:03:01.8813015Z ^[[36;1mif [[ ! -v RUST_BACKTRACE ]]; then^[[0m
lint	Run actions-rust-lang/setup-rust-toolchain@v1	2026-09-09T07:03:01.8814176Z ^[[36;1m  echo "RUST_BACKTRACE=short" >> $GITHUB_ENV^[[0m
lint	Run actions-rust-lang/setup-rust-toolchain@v1	2026-09-09T07:03:01.8815288Z ^[[36;1mfi^[[0m
lint	Run actions-rust-lang/setup-rust-toolchain@v1	2026-09-09T07:03:01.8816283Z ^[[36;1mif [[ ( ! -v RUSTFLAGS ) && $_srt_NEW_RUSTFLAGS != "" ]]; then^[[0m
lint	Run actions-rust-lang/setup-rust-toolchain@v1	2026-09-09T07:03:01.8817720Z ^[[36;1m  echo "RUSTFLAGS=$_srt_NEW_RUSTFLAGS" >> $GITHUB_ENV^[[0m
lint	Run actions-rust-lang/setup-rust-toolchain@v1	2026-09-09T07:03:01.8818888Z ^[[36;1mfi^[[0m
lint	Run actions-rust-lang/setup-rust-toolchain@v1	2026-09-09T07:03:01.8820008Z ^[[36;1m# Enable faster sparse index on nightly^[[0m
lint	Run actions-rust-lang/setup-rust-toolchain@v1	2026-09-09T07:03:01.8821353Z ^[[36;1m# The value is ignored on stable and causes no problems^[[0m
lint	Run actions-rust-lang/setup-rust-toolchain@v1	2026-09-09T07:03:01.8823129Z ^[[36;1m# https://internals.rust-lang.org/t/call-for-testing-cargo-sparse-registry/16862^[[0m
lint	Run actions-rust-lang/setup-rust-toolchain@v1	2026-09-09T07:03:01.8824866Z ^[[36;1mif [[ ! -v CARGO_UNSTABLE_SPARSE_REGISTRY ]]; then^[[0m
lint	Run actions-rust-lang/setup-rust-toolchain@v1	2026-09-09T07:03:01.8826285Z ^[[36;1m  echo "CARGO_UNSTABLE_SPARSE_REGISTRY=true" >> $GITHUB_ENV^[[0m
lint	Run actions-rust-lang/setup-rust-toolchain@v1	2026-09-09T07:03:01.8827529Z ^[[36;1mfi^[[0m
lint	Run actions-rust-lang/setup-rust-toolchain@v1	2026-09-09T07:03:01.8828497Z ^[[36;1mif [[ ! -v CARGO_REGISTRIES_CRATES_IO_PROTOCOL ]]; then^[[0m
lint	Run actions-rust-lang/setup-rust-toolchain@v1	2026-09-09T07:03:01.8830176Z ^[[36;1m  echo "CARGO_REGISTRIES_CRATES_IO_PROTOCOL=sparse" >> $GITHUB_ENV^[[0m
lint	Run actions-rust-lang/setup-rust-toolchain@v1	2026-09-09T07:03:01.8831746Z ^[[36;1mfi^[[0m
lint	Run actions-rust-lang/setup-rust-toolchain@v1	2026-09-09T07:03:01.8868763Z shell: /usr/bin/bash --noprofile --norc -e -o pipefail {0}
lint	Run actions-rust-lang/setup-rust-toolchain@v1	2026-09-09T07:03:01.8870107Z env:
lint	Run actions-rust-lang/setup-rust-toolchain@v1	2026-09-09T07:03:01.8870891Z   _srt_NEW_RUSTFLAGS: -D warnings
lint	Run actions-rust-lang/setup-rust-toolchain@v1	2026-09-09T07:03:01.8871826Z ##[endgroup]
lint	Run actions-rust-lang/setup-rust-toolchain@v1	2026-09-09T07:03:01.8954560Z ##[end-action id=__actions-rust-lang_setup-rust-toolchain.__run_2;outcome=success;conclusion=success;duration_ms=18]
lint	Run actions-rust-lang/setup-rust-toolchain@v1	2026-09-09T07:03:01.8961366Z ##[start-action display=Install Rust Problem Matcher;id=__actions-rust-lang_setup-rust-toolchain.__run_3]
lint	Run actions-rust-lang/setup-rust-toolchain@v1	2026-09-09T07:03:01.9007079Z ##[group]Run echo "::add-matcher::/home/runner/work/_actions/actions-rust-lang/setup-rust-toolchain/v1/rust.json"
lint	Run actions-rust-lang/setup-rust-toolchain@v1	2026-09-09T07:03:01.9009923Z ^[[36;1mecho "::add-matcher::/home/runner/work/_actions/actions-rust-lang/setup-rust-toolchain/v1/rust.json"^[[0m
lint	Run actions-rust-lang/setup-rust-toolchain@v1	2026-09-09T07:03:01.9049122Z shell: /usr/bin/bash --noprofile --norc -e -o pipefail {0}
lint	Run actions-rust-lang/setup-rust-toolchain@v1	2026-09-09T07:03:01.9050568Z env:
lint	Run actions-rust-lang/setup-rust-toolchain@v1	2026-09-09T07:03:01.9051393Z   CARGO_INCREMENTAL: 0
lint	Run actions-rust-lang/setup-rust-toolchain@v1	2026-09-09T07:03:01.9052298Z   CARGO_PROFILE_DEV_DEBUG: 0
lint	Run actions-rust-lang/setup-rust-toolchain@v1	2026-09-09T07:03:01.9053227Z   CARGO_TERM_COLOR: always
lint	Run actions-rust-lang/setup-rust-toolchain@v1	2026-09-09T07:03:01.9054125Z   RUST_BACKTRACE: short
lint	Run actions-rust-lang/setup-rust-toolchain@v1	2026-09-09T07:03:01.9054995Z   RUSTFLAGS: -D warnings
lint	Run actions-rust-lang/setup-rust-toolchain@v1	2026-09-09T07:03:01.9055929Z   CARGO_UNSTABLE_SPARSE_REGISTRY: true
lint	Run actions-rust-lang/setup-rust-toolchain@v1	2026-09-09T07:03:01.9057034Z   CARGO_REGISTRIES_CRATES_IO_PROTOCOL: sparse
lint	Run actions-rust-lang/setup-rust-toolchain@v1	2026-09-09T07:03:01.9058088Z ##[endgroup]
lint	Run actions-rust-lang/setup-rust-toolchain@v1	2026-09-09T07:03:01.9156841Z ##[end-action id=__actions-rust-lang_setup-rust-toolchain.__run_3;outcome=success;conclusion=success;duration_ms=19]
lint	Run actions-rust-lang/setup-rust-toolchain@v1	2026-09-09T07:03:01.9164524Z ##[start-action display=Install rustup, if needed;id=__actions-rust-lang_setup-rust-toolchain.__run_4]
lint	Run actions-rust-lang/setup-rust-toolchain@v1	2026-09-09T07:03:01.9202593Z ##[group]Run if ! command -v rustup &> /dev/null ; then
lint	Run actions-rust-lang/setup-rust-toolchain@v1	2026-09-09T07:03:01.9203866Z ^[[36;1mif ! command -v rustup &> /dev/null ; then^[[0m
lint	Run actions-rust-lang/setup-rust-toolchain@v1	2026-09-09T07:03:01.9205968Z ^[[36;1m  curl --proto '=https' --tlsv1.2 --retry 10 --retry-connrefused -fsSL "https://sh.rustup.rs" | sh -s -- --default-toolchain none -y^[[0m
lint	Run actions-rust-lang/setup-rust-toolchain@v1	2026-09-09T07:03:01.9208210Z ^[[36;1m^[[0m
lint	Run actions-rust-lang/setup-rust-toolchain@v1	2026-09-09T07:03:01.9209194Z ^[[36;1m  # Resolve the correct CARGO_HOME path depending on OS^[[0m
lint	Run actions-rust-lang/setup-rust-toolchain@v1	2026-09-09T07:03:01.9210691Z ^[[36;1m  if [[ "$RUNNER_OS" == "Windows" ]]; then^[[0m
lint	Run actions-rust-lang/setup-rust-toolchain@v1	2026-09-09T07:03:01.9212205Z ^[[36;1m    echo "${CARGO_HOME:-$USERPROFILE/.cargo}/bin" | sed 's|/|\\|g' >> $GITHUB_PATH^[[0m
lint	Run actions-rust-lang/setup-rust-toolchain@v1	2026-09-09T07:03:01.9213640Z ^[[36;1m  else^[[0m
lint	Run actions-rust-lang/setup-rust-toolchain@v1	2026-09-09T07:03:01.9214635Z ^[[36;1m    echo "${CARGO_HOME:-$HOME/.cargo}/bin" >> $GITHUB_PATH^[[0m
lint	Run actions-rust-lang/setup-rust-toolchain@v1	2026-09-09T07:03:01.9215824Z ^[[36;1m  fi^[[0m
lint	Run actions-rust-lang/setup-rust-toolchain@v1	2026-09-09T07:03:01.9216581Z ^[[36;1mfi^[[0m
lint	Run actions-rust-lang/setup-rust-toolchain@v1	2026-09-09T07:03:01.9255388Z shell: /usr/bin/bash --noprofile --norc -e -o pipefail {0}
lint	Run actions-rust-lang/setup-rust-toolchain@v1	2026-09-09T07:03:01.9256575Z env:
lint	Run actions-rust-lang/setup-rust-toolchain@v1	2026-09-09T07:03:01.9257326Z   CARGO_INCREMENTAL: 0
lint	Run actions-rust-lang/setup-rust-toolchain@v1	2026-09-09T07:03:01.9258211Z   CARGO_PROFILE_DEV_DEBUG: 0
lint	Run actions-rust-lang/setup-rust-toolchain@v1	2026-09-09T07:03:01.9259136Z   CARGO_TERM_COLOR: always
lint	Run actions-rust-lang/setup-rust-toolchain@v1	2026-09-09T07:03:01.9260170Z   RUST_BACKTRACE: short
lint	Run actions-rust-lang/setup-rust-toolchain@v1	2026-09-09T07:03:01.9261028Z   RUSTFLAGS: -D warnings
lint	Run actions-rust-lang/setup-rust-toolchain@v1	2026-09-09T07:03:01.9261948Z   CARGO_UNSTABLE_SPARSE_REGISTRY: true
lint	Run actions-rust-lang/setup-rust-toolchain@v1	2026-09-09T07:03:01.9263047Z   CARGO_REGISTRIES_CRATES_IO_PROTOCOL: sparse
lint	Run actions-rust-lang/setup-rust-toolchain@v1	2026-09-09T07:03:01.9264107Z   RUNNER_OS: Linux
lint	Run actions-rust-lang/setup-rust-toolchain@v1	2026-09-09T07:03:01.9264889Z ##[endgroup]
lint	Run actions-rust-lang/setup-rust-toolchain@v1	2026-09-09T07:03:01.9345371Z ##[end-action id=__actions-rust-lang_setup-rust-toolchain.__run_4;outcome=success;conclusion=success;duration_ms=17]
lint	Run actions-rust-lang/setup-rust-toolchain@v1	2026-09-09T07:03:01.9355351Z ##[start-action display=rustup toolchain install stable;id=__actions-rust-lang_setup-rust-toolchain.__run_5]
lint	Run actions-rust-lang/setup-rust-toolchain@v1	2026-09-09T07:03:01.9395122Z ##[group]Run # Check if value is set
lint	Run actions-rust-lang/setup-rust-toolchain@v1	2026-09-09T07:03:01.9396192Z ^[[36;1m# Check if value is set^[[0m
lint	Run actions-rust-lang/setup-rust-toolchain@v1	2026-09-09T07:03:01.9397197Z ^[[36;1mif [[ -n "$_srt_rust_src_dir" ]]^[[0m
lint	Run actions-rust-lang/setup-rust-toolchain@v1	2026-09-09T07:03:01.9398190Z ^[[36;1mthen^[[0m
lint	Run actions-rust-lang/setup-rust-toolchain@v1	2026-09-09T07:03:01.9399098Z ^[[36;1m  # If value is set the directory must exist^[[0m
lint	Run actions-rust-lang/setup-rust-toolchain@v1	2026-09-09T07:03:01.9400498Z ^[[36;1m  if [[ -d "$_srt_rust_src_dir" ]]^[[0m
lint	Run actions-rust-lang/setup-rust-toolchain@v1	2026-09-09T07:03:01.9401524Z ^[[36;1m  then^[[0m
lint	Run actions-rust-lang/setup-rust-toolchain@v1	2026-09-09T07:03:01.9402339Z ^[[36;1m    cd "$_srt_rust_src_dir"^[[0m
lint	Run actions-rust-lang/setup-rust-toolchain@v1	2026-09-09T07:03:01.9403307Z ^[[36;1m  else^[[0m
lint	Run actions-rust-lang/setup-rust-toolchain@v1	2026-09-09T07:03:01.9404605Z ^[[36;1m    echo "'rust-src-dir' does not point to an existing directory" >&2^[[0m
lint	Run actions-rust-lang/setup-rust-toolchain@v1	2026-09-09T07:03:01.9406254Z ^[[36;1m    echo "The value of 'rust-src-dir' is: ${_srt_rust_src_dir}" >&2^[[0m
lint	Run actions-rust-lang/setup-rust-toolchain@v1	2026-09-09T07:03:01.9407543Z ^[[36;1m    exit 1^[[0m
lint	Run actions-rust-lang/setup-rust-toolchain@v1	2026-09-09T07:03:01.9408353Z ^[[36;1m  fi^[[0m
lint	Run actions-rust-lang/setup-rust-toolchain@v1	2026-09-09T07:03:01.9409110Z ^[[36;1mfi^[[0m
lint	Run actions-rust-lang/setup-rust-toolchain@v1	2026-09-09T07:03:01.9410630Z ^[[36;1mif [[ -z "$_srt_toolchain" && ( -f "rust-toolchain" || -f "rust-toolchain.toml") ]]^[[0m
lint	Run actions-rust-lang/setup-rust-toolchain@v1	2026-09-09T07:03:01.9412073Z ^[[36;1mthen^[[0m
lint	Run actions-rust-lang/setup-rust-toolchain@v1	2026-09-09T07:03:01.9413030Z ^[[36;1m  # Install the toolchain as specified in the file^[[0m
lint	Run actions-rust-lang/setup-rust-toolchain@v1	2026-09-09T07:03:01.9414534Z ^[[36;1m  # rustup show is the old way that implicitly installed a toolchain^[[0m
lint	Run actions-rust-lang/setup-rust-toolchain@v1	2026-09-09T07:03:01.9416092Z ^[[36;1m  # rustup toolchain install is the new explicit way^[[0m
lint	Run actions-rust-lang/setup-rust-toolchain@v1	2026-09-09T07:03:01.9417679Z ^[[36;1m  # https://github.com/rust-lang/rustup/issues/3635#issuecomment-2343511297^[[0m
lint	Run actions-rust-lang/setup-rust-toolchain@v1	2026-09-09T07:03:01.9419356Z ^[[36;1m  rustup show active-toolchain || rustup toolchain install^[[0m
lint	Run actions-rust-lang/setup-rust-toolchain@v1	2026-09-09T07:03:01.9420846Z ^[[36;1m  if [[ -n $_srt_components ]]; then^[[0m
lint	Run actions-rust-lang/setup-rust-toolchain@v1	2026-09-09T07:03:01.9422048Z ^[[36;1m    rustup component add ${_srt_components//,/ }^[[0m
lint	Run actions-rust-lang/setup-rust-toolchain@v1	2026-09-09T07:03:01.9423169Z ^[[36;1m  fi^[[0m
lint	Run actions-rust-lang/setup-rust-toolchain@v1	2026-09-09T07:03:01.9424000Z ^[[36;1m  if [[ -n $_srt_targets ]]; then^[[0m
lint	Run actions-rust-lang/setup-rust-toolchain@v1	2026-09-09T07:03:01.9425129Z ^[[36;1m    rustup target add ${_srt_targets//,/ }^[[0m
lint	Run actions-rust-lang/setup-rust-toolchain@v1	2026-09-09T07:03:01.9426193Z ^[[36;1m  fi^[[0m
lint	Run actions-rust-lang/setup-rust-toolchain@v1	2026-09-09T07:03:01.9426954Z ^[[36;1melse^[[0m
lint	Run actions-rust-lang/setup-rust-toolchain@v1	2026-09-09T07:03:01.9427772Z ^[[36;1m  if [[ -z "$_srt_toolchain" ]]^[[0m
lint	Run actions-rust-lang/setup-rust-toolchain@v1	2026-09-09T07:03:01.9428756Z ^[[36;1m  then^[[0m
lint	Run actions-rust-lang/setup-rust-toolchain@v1	2026-09-09T07:03:01.9429681Z ^[[36;1m    _srt_toolchain=stable^[[0m
lint	Run actions-rust-lang/setup-rust-toolchain@v1	2026-09-09T07:03:01.9430632Z ^[[36;1m  fi^[[0m
lint	Run actions-rust-lang/setup-rust-toolchain@v1	2026-09-09T07:03:01.9432347Z ^[[36;1m  rustup toolchain install ${_srt_toolchain//,/ }  --component clippy --component rustfmt --profile minimal --no-self-update^[[0m
lint	Run actions-rust-lang/setup-rust-toolchain@v1	2026-09-09T07:03:01.9434383Z ^[[36;1m  # Take the last element from the list^[[0m
lint	Run actions-rust-lang/setup-rust-toolchain@v1	2026-09-09T07:03:01.9435519Z ^[[36;1m  if [[ "$_srt_override" == "true" ]]^[[0m
lint	Run actions-rust-lang/setup-rust-toolchain@v1	2026-09-09T07:03:01.9436725Z ^[[36;1m  then^[[0m
lint	Run actions-rust-lang/setup-rust-toolchain@v1	2026-09-09T07:03:01.9437665Z ^[[36;1m    rustup override set ${_srt_toolchain//*,/ }^[[0m
lint	Run actions-rust-lang/setup-rust-toolchain@v1	2026-09-09T07:03:01.9438772Z ^[[36;1m  fi^[[0m
lint	Run actions-rust-lang/setup-rust-toolchain@v1	2026-09-09T07:03:01.9439638Z ^[[36;1mfi^[[0m
lint	Run actions-rust-lang/setup-rust-toolchain@v1	2026-09-09T07:03:01.9477845Z shell: /usr/bin/bash --noprofile --norc -e -o pipefail {0}
lint	Run actions-rust-lang/setup-rust-toolchain@v1	2026-09-09T07:03:01.9479022Z env:
lint	Run actions-rust-lang/setup-rust-toolchain@v1	2026-09-09T07:03:01.9479919Z   CARGO_INCREMENTAL: 0
lint	Run actions-rust-lang/setup-rust-toolchain@v1	2026-09-09T07:03:01.9480786Z   CARGO_PROFILE_DEV_DEBUG: 0
lint	Run actions-rust-lang/setup-rust-toolchain@v1	2026-09-09T07:03:01.9481701Z   CARGO_TERM_COLOR: always
lint	Run actions-rust-lang/setup-rust-toolchain@v1	2026-09-09T07:03:01.9482590Z   RUST_BACKTRACE: short
lint	Run actions-rust-lang/setup-rust-toolchain@v1	2026-09-09T07:03:01.9483461Z   RUSTFLAGS: -D warnings
lint	Run actions-rust-lang/setup-rust-toolchain@v1	2026-09-09T07:03:01.9484383Z   CARGO_UNSTABLE_SPARSE_REGISTRY: true
lint	Run actions-rust-lang/setup-rust-toolchain@v1	2026-09-09T07:03:01.9485458Z   CARGO_REGISTRIES_CRATES_IO_PROTOCOL: sparse
lint	Run actions-rust-lang/setup-rust-toolchain@v1	2026-09-09T07:03:01.9486519Z   _srt_toolchain: 
lint	Run actions-rust-lang/setup-rust-toolchain@v1	2026-09-09T07:03:01.9487293Z   _srt_targets: 
lint	Run actions-rust-lang/setup-rust-toolchain@v1	2026-09-09T07:03:01.9488125Z   _srt_components: clippy, rustfmt
lint	Run actions-rust-lang/setup-rust-toolchain@v1	2026-09-09T07:03:01.9489065Z   _srt_override: true
lint	Run actions-rust-lang/setup-rust-toolchain@v1	2026-09-09T07:03:01.9490022Z   _srt_rust_src_dir: 
lint	Run actions-rust-lang/setup-rust-toolchain@v1	2026-09-09T07:03:01.9490856Z ##[endgroup]
lint	Run actions-rust-lang/setup-rust-toolchain@v1	2026-09-09T07:03:02.1028248Z info: syncing channel updates for stable-x86_64-unknown-linux-gnu
lint	Run actions-rust-lang/setup-rust-toolchain@v1	2026-09-09T07:03:02.1984938Z info: latest update on 2026-09-03 for version 1.98.1 (48a229cea 2026-09-01)
lint	Run actions-rust-lang/setup-rust-toolchain@v1	2026-09-09T07:03:02.2125400Z info: removing previous version of component clippy
lint	Run actions-rust-lang/setup-rust-toolchain@v1	2026-09-09T07:03:02.2141716Z info: removing previous version of component rustfmt
lint	Run actions-rust-lang/setup-rust-toolchain@v1	2026-09-09T07:03:02.2153096Z info: removing previous version of component cargo
lint	Run actions-rust-lang/setup-rust-toolchain@v1	2026-09-09T07:03:02.2197603Z info: removing previous version of component rust-std
lint	Run actions-rust-lang/setup-rust-toolchain@v1	2026-09-09T07:03:02.2242543Z info: removing previous version of component rustc
lint	Run actions-rust-lang/setup-rust-toolchain@v1	2026-09-09T07:03:02.2290350Z info: downloading 5 components
lint	Run actions-rust-lang/setup-rust-toolchain@v1	2026-09-09T07:03:10.0457203Z 
lint	Run actions-rust-lang/setup-rust-toolchain@v1	2026-09-09T07:03:10.0537497Z   stable-x86_64-unknown-linux-gnu updated - rustc 1.98.1 (48a229cea 2026-09-01) (from rustc 1.98.0 (88d9e12ae 2026-08-18))
lint	Run actions-rust-lang/setup-rust-toolchain@v1	2026-09-09T07:03:10.0643334Z info: override toolchain for /home/runner/work/vig/vig set to stable-x86_64-unknown-linux-gnu
lint	Run actions-rust-lang/setup-rust-toolchain@v1	2026-09-09T07:03:10.0644069Z 
lint	Run actions-rust-lang/setup-rust-toolchain@v1	2026-09-09T07:03:10.0667641Z ##[end-action id=__actions-rust-lang_setup-rust-toolchain.__run_5;outcome=success;conclusion=success;duration_ms=8131]
lint	Run actions-rust-lang/setup-rust-toolchain@v1	2026-09-09T07:03:10.0671851Z ##[start-action display=Print installed versions;id=__actions-rust-lang_setup-rust-toolchain.versions]
lint	Run actions-rust-lang/setup-rust-toolchain@v1	2026-09-09T07:03:10.0693624Z ##[group]Run echo "rustc-version=$(rustc --version)" >> $GITHUB_OUTPUT
lint	Run actions-rust-lang/setup-rust-toolchain@v1	2026-09-09T07:03:10.0694127Z ^[[36;1mecho "rustc-version=$(rustc --version)" >> $GITHUB_OUTPUT^[[0m
lint	Run actions-rust-lang/setup-rust-toolchain@v1	2026-09-09T07:03:10.0694487Z ^[[36;1mrustc --version --verbose^[[0m
lint	Run actions-rust-lang/setup-rust-toolchain@v1	2026-09-09T07:03:10.0694810Z ^[[36;1mecho "cargo-version=$(cargo --version)" >> $GITHUB_OUTPUT^[[0m
lint	Run actions-rust-lang/setup-rust-toolchain@v1	2026-09-09T07:03:10.0695152Z ^[[36;1mcargo --version --verbose^[[0m
lint	Run actions-rust-lang/setup-rust-toolchain@v1	2026-09-09T07:03:10.0695481Z ^[[36;1mecho "rustup-version=$(rustup --version)" >> $GITHUB_OUTPUT^[[0m
lint	Run actions-rust-lang/setup-rust-toolchain@v1	2026-09-09T07:03:10.0695831Z ^[[36;1mrustup --version^[[0m
lint	Run actions-rust-lang/setup-rust-toolchain@v1	2026-09-09T07:03:10.0696060Z ^[[36;1m^[[0m
lint	Run actions-rust-lang/setup-rust-toolchain@v1	2026-09-09T07:03:10.0696510Z ^[[36;1m_srt_DATE=$(rustc --version --verbose | sed -ne 's/^commit-date: \(20[0-9][0-9]\)-\([01][0-9]\)-\([0-3][0-9]\)$/\1\2\3/p')^[[0m
lint	Run actions-rust-lang/setup-rust-toolchain@v1	2026-09-09T07:03:10.0697190Z ^[[36;1m_srt_HASH=$(rustc --version --verbose | sed -ne 's/^commit-hash: //p')^[[0m
lint	Run actions-rust-lang/setup-rust-toolchain@v1	2026-09-09T07:03:10.0697706Z ^[[36;1mecho "cachekey=$(echo $_srt_DATE$_srt_HASH | head -c12)" >> $GITHUB_OUTPUT^[[0m
lint	Run actions-rust-lang/setup-rust-toolchain@v1	2026-09-09T07:03:10.0733358Z shell: /usr/bin/bash --noprofile --norc -e -o pipefail {0}
lint	Run actions-rust-lang/setup-rust-toolchain@v1	2026-09-09T07:03:10.0733706Z env:
lint	Run actions-rust-lang/setup-rust-toolchain@v1	2026-09-09T07:03:10.0733899Z   CARGO_INCREMENTAL: 0
lint	Run actions-rust-lang/setup-rust-toolchain@v1	2026-09-09T07:03:10.0734130Z   CARGO_PROFILE_DEV_DEBUG: 0
lint	Run actions-rust-lang/setup-rust-toolchain@v1	2026-09-09T07:03:10.0734371Z   CARGO_TERM_COLOR: always
lint	Run actions-rust-lang/setup-rust-toolchain@v1	2026-09-09T07:03:10.0734601Z   RUST_BACKTRACE: short
lint	Run actions-rust-lang/setup-rust-toolchain@v1	2026-09-09T07:03:10.0734822Z   RUSTFLAGS: -D warnings
lint	Run actions-rust-lang/setup-rust-toolchain@v1	2026-09-09T07:03:10.0735063Z   CARGO_UNSTABLE_SPARSE_REGISTRY: true
lint	Run actions-rust-lang/setup-rust-toolchain@v1	2026-09-09T07:03:10.0735356Z   CARGO_REGISTRIES_CRATES_IO_PROTOCOL: sparse
lint	Run actions-rust-lang/setup-rust-toolchain@v1	2026-09-09T07:03:10.0735642Z ##[endgroup]
lint	Run actions-rust-lang/setup-rust-toolchain@v1	2026-09-09T07:03:10.1019840Z rustc 1.98.1 (48a229cea 2026-09-01)
lint	Run actions-rust-lang/setup-rust-toolchain@v1	2026-09-09T07:03:10.1020582Z binary: rustc
lint	Run actions-rust-lang/setup-rust-toolchain@v1	2026-09-09T07:03:10.1021438Z commit-hash: 48a229ceaefd4985c50990b14116b6d856af0985
lint	Run actions-rust-lang/setup-rust-toolchain@v1	2026-09-09T07:03:10.1022230Z commit-date: 2026-09-01
lint	Run actions-rust-lang/setup-rust-toolchain@v1	2026-09-09T07:03:10.1022757Z host: x86_64-unknown-linux-gnu
lint	Run actions-rust-lang/setup-rust-toolchain@v1	2026-09-09T07:03:10.1023336Z release: 1.98.1
lint	Run actions-rust-lang/setup-rust-toolchain@v1	2026-09-09T07:03:10.1023784Z LLVM version: 22.1.8
lint	Run actions-rust-lang/setup-rust-toolchain@v1	2026-09-09T07:03:10.1302007Z cargo 1.98.1 (797e8a9bc 2026-08-05)
lint	Run actions-rust-lang/setup-rust-toolchain@v1	2026-09-09T07:03:10.1302713Z release: 1.98.1
lint	Run actions-rust-lang/setup-rust-toolchain@v1	2026-09-09T07:03:10.1303168Z commit-hash: 797e8a9bca276c1c9f9f738d2a20f484fa4eea9d
lint	Run actions-rust-lang/setup-rust-toolchain@v1	2026-09-09T07:03:10.1303732Z commit-date: 2026-08-05
lint	Run actions-rust-lang/setup-rust-toolchain@v1	2026-09-09T07:03:10.1304185Z host: x86_64-unknown-linux-gnu
lint	Run actions-rust-lang/setup-rust-toolchain@v1	2026-09-09T07:03:10.1304625Z libgit2: 1.9.4 (sys:0.21.0 vendored)
lint	Run actions-rust-lang/setup-rust-toolchain@v1	2026-09-09T07:03:10.1305224Z libcurl: 8.21.0-DEV (sys:0.4.90+curl-8.21.0 vendored ssl:OpenSSL/3.6.3)
lint	Run actions-rust-lang/setup-rust-toolchain@v1	2026-09-09T07:03:10.1305764Z ssl: OpenSSL 3.6.3 9 Jun 2026
lint	Run actions-rust-lang/setup-rust-toolchain@v1	2026-09-09T07:03:10.1306028Z os: Ubuntu 24.4.0 (noble) [64-bit]
lint	Run actions-rust-lang/setup-rust-toolchain@v1	2026-09-09T07:03:10.1346560Z info: This is the version for the rustup toolchain manager, not the rustc compiler.
lint	Run actions-rust-lang/setup-rust-toolchain@v1	2026-09-09T07:03:10.1423454Z info: the currently active `rustc` version is `rustc 1.98.1 (48a229cea 2026-09-01)`
lint	Run actions-rust-lang/setup-rust-toolchain@v1	2026-09-09T07:03:10.1471720Z info: This is the version for the rustup toolchain manager, not the rustc compiler.
lint	Run actions-rust-lang/setup-rust-toolchain@v1	2026-09-09T07:03:10.1472539Z rustup 1.29.0 (28d1352db 2026-03-05)
lint	Run actions-rust-lang/setup-rust-toolchain@v1	2026-09-09T07:03:10.1545704Z info: the currently active `rustc` version is `rustc 1.98.1 (48a229cea 2026-09-01)`
lint	Run actions-rust-lang/setup-rust-toolchain@v1	2026-09-09T07:03:10.1822302Z ##[end-action id=__actions-rust-lang_setup-rust-toolchain.versions;outcome=success;conclusion=success;duration_ms=114]
lint	Run actions-rust-lang/setup-rust-toolchain@v1	2026-09-09T07:03:10.1825205Z ##[start-action display=Downgrade registry access protocol when needed;id=__actions-rust-lang_setup-rust-toolchain.__run_6]
lint	Run actions-rust-lang/setup-rust-toolchain@v1	2026-09-09T07:03:10.1843758Z ##[group]Run # Not all versions support setting CARGO_REGISTRIES_CRATES_IO_PROTOCOL
lint	Run actions-rust-lang/setup-rust-toolchain@v1	2026-09-09T07:03:10.1844344Z ^[[36;1m# Not all versions support setting CARGO_REGISTRIES_CRATES_IO_PROTOCOL^[[0m
lint	Run actions-rust-lang/setup-rust-toolchain@v1	2026-09-09T07:03:10.1844874Z ^[[36;1m# On versions 1.66, 1.67, and 1.68.0-nightly the value "sparse" is still unstable.^[[0m
lint	Run actions-rust-lang/setup-rust-toolchain@v1	2026-09-09T07:03:10.1845582Z ^[[36;1m# https://github.com/dtolnay/rust-toolchain/pull/69#discussion_r1107268108^[[0m
lint	Run actions-rust-lang/setup-rust-toolchain@v1	2026-09-09T07:03:10.1846340Z ^[[36;1m# If we detect an incompatible value, set it to "git" which is always supported.^[[0m
lint	Run actions-rust-lang/setup-rust-toolchain@v1	2026-09-09T07:03:10.1847074Z ^[[36;1mif [[ "rustc 1.98.1 (48a229cea 2026-09-01)" =~ ^rustc\ (1\.6[67]\.|1\.68\.0-nightly) && "${CARGO_REGISTRIES_CRATES_IO_PROTOCOL}" == "sparse" ]]; then^[[0m
lint	Run actions-rust-lang/setup-rust-toolchain@v1	2026-09-09T07:03:10.1847720Z ^[[36;1m  echo "Downgrade cargo registry protocol to git"^[[0m
lint	Run actions-rust-lang/setup-rust-toolchain@v1	2026-09-09T07:03:10.1848129Z ^[[36;1m  echo "CARGO_REGISTRIES_CRATES_IO_PROTOCOL=git" >> $GITHUB_ENV^[[0m
lint	Run actions-rust-lang/setup-rust-toolchain@v1	2026-09-09T07:03:10.1848477Z ^[[36;1mfi^[[0m
lint	Run actions-rust-lang/setup-rust-toolchain@v1	2026-09-09T07:03:10.1884166Z shell: /usr/bin/bash --noprofile --norc -e -o pipefail {0}
lint	Run actions-rust-lang/setup-rust-toolchain@v1	2026-09-09T07:03:10.1884511Z env:
lint	Run actions-rust-lang/setup-rust-toolchain@v1	2026-09-09T07:03:10.1884705Z   CARGO_INCREMENTAL: 0
lint	Run actions-rust-lang/setup-rust-toolchain@v1	2026-09-09T07:03:10.1884934Z   CARGO_PROFILE_DEV_DEBUG: 0
lint	Run actions-rust-lang/setup-rust-toolchain@v1	2026-09-09T07:03:10.1885174Z   CARGO_TERM_COLOR: always
lint	Run actions-rust-lang/setup-rust-toolchain@v1	2026-09-09T07:03:10.1885409Z   RUST_BACKTRACE: short
lint	Run actions-rust-lang/setup-rust-toolchain@v1	2026-09-09T07:03:10.1885632Z   RUSTFLAGS: -D warnings
lint	Run actions-rust-lang/setup-rust-toolchain@v1	2026-09-09T07:03:10.1885902Z   CARGO_UNSTABLE_SPARSE_REGISTRY: true
lint	Run actions-rust-lang/setup-rust-toolchain@v1	2026-09-09T07:03:10.1886201Z   CARGO_REGISTRIES_CRATES_IO_PROTOCOL: sparse
lint	Run actions-rust-lang/setup-rust-toolchain@v1	2026-09-09T07:03:10.1886484Z ##[endgroup]
lint	Run actions-rust-lang/setup-rust-toolchain@v1	2026-09-09T07:03:10.1947381Z ##[end-action id=__actions-rust-lang_setup-rust-toolchain.__run_6;outcome=success;conclusion=success;duration_ms=12]
lint	Run actions-rust-lang/setup-rust-toolchain@v1	2026-09-09T07:03:10.1950037Z ##[start-action display=Setup Rust Caching;id=__actions-rust-lang_setup-rust-toolchain.__Swatinem_rust-cache]
lint	Run actions-rust-lang/setup-rust-toolchain@v1	2026-09-09T07:03:10.2033526Z ##[group]Run Swatinem/rust-cache@c19371144df3bb44fab255c43d04cbc2ab54d1c4
lint	Run actions-rust-lang/setup-rust-toolchain@v1	2026-09-09T07:03:10.2033927Z with:
lint	Run actions-rust-lang/setup-rust-toolchain@v1	2026-09-09T07:03:10.2034135Z   cache-on-failure: true
lint	Run actions-rust-lang/setup-rust-toolchain@v1	2026-09-09T07:03:10.2034374Z   cache-bin: true
lint	Run actions-rust-lang/setup-rust-toolchain@v1	2026-09-09T07:03:10.2034632Z   cache-provider: github
lint	Run actions-rust-lang/setup-rust-toolchain@v1	2026-09-09T07:03:10.2034871Z   cache-all-crates: false
lint	Run actions-rust-lang/setup-rust-toolchain@v1	2026-09-09T07:03:10.2035118Z   cache-workspace-crates: false
lint	Run actions-rust-lang/setup-rust-toolchain@v1	2026-09-09T07:03:10.2035365Z   cache-targets: true
lint	Run actions-rust-lang/setup-rust-toolchain@v1	2026-09-09T07:03:10.2035577Z   save-if: true
lint	Run actions-rust-lang/setup-rust-toolchain@v1	2026-09-09T07:03:10.2035785Z   prefix-key: v0-rust
lint	Run actions-rust-lang/setup-rust-toolchain@v1	2026-09-09T07:03:10.2036198Z   add-job-id-key: true
lint	Run actions-rust-lang/setup-rust-toolchain@v1	2026-09-09T07:03:10.2036438Z   add-rust-environment-hash-key: true
lint	Run actions-rust-lang/setup-rust-toolchain@v1	2026-09-09T07:03:10.2036704Z   lookup-only: false
lint	Run actions-rust-lang/setup-rust-toolchain@v1	2026-09-09T07:03:10.2036911Z   cmd-format: {0}
lint	Run actions-rust-lang/setup-rust-toolchain@v1	2026-09-09T07:03:10.2037109Z env:
lint	Run actions-rust-lang/setup-rust-toolchain@v1	2026-09-09T07:03:10.2037295Z   CARGO_INCREMENTAL: 0
lint	Run actions-rust-lang/setup-rust-toolchain@v1	2026-09-09T07:03:10.2037521Z   CARGO_PROFILE_DEV_DEBUG: 0
lint	Run actions-rust-lang/setup-rust-toolchain@v1	2026-09-09T07:03:10.2037761Z   CARGO_TERM_COLOR: always
lint	Run actions-rust-lang/setup-rust-toolchain@v1	2026-09-09T07:03:10.2037990Z   RUST_BACKTRACE: short
lint	Run actions-rust-lang/setup-rust-toolchain@v1	2026-09-09T07:03:10.2038215Z   RUSTFLAGS: -D warnings
lint	Run actions-rust-lang/setup-rust-toolchain@v1	2026-09-09T07:03:10.2038466Z   CARGO_UNSTABLE_SPARSE_REGISTRY: true
lint	Run actions-rust-lang/setup-rust-toolchain@v1	2026-09-09T07:03:10.2038757Z   CARGO_REGISTRIES_CRATES_IO_PROTOCOL: sparse
lint	Run actions-rust-lang/setup-rust-toolchain@v1	2026-09-09T07:03:10.2039041Z ##[endgroup]
lint	Run actions-rust-lang/setup-rust-toolchain@v1	2026-09-09T07:03:10.4796873Z (node:2503) [DEP0040] DeprecationWarning: The `punycode` module is deprecated. Please use a userland alternative instead.
lint	Run actions-rust-lang/setup-rust-toolchain@v1	2026-09-09T07:03:10.4798892Z (Use `node --trace-deprecation ...` to show where the warning was created)
lint	Run actions-rust-lang/setup-rust-toolchain@v1	2026-09-09T07:03:10.6518382Z ##[group]Cache Configuration
lint	Run actions-rust-lang/setup-rust-toolchain@v1	2026-09-09T07:03:10.6519874Z Cache Provider:
lint	Run actions-rust-lang/setup-rust-toolchain@v1	2026-09-09T07:03:10.6520551Z     github
lint	Run actions-rust-lang/setup-rust-toolchain@v1	2026-09-09T07:03:10.6521177Z Workspaces:
lint	Run actions-rust-lang/setup-rust-toolchain@v1	2026-09-09T07:03:10.6522539Z     /home/runner/work/vig/vig
lint	Run actions-rust-lang/setup-rust-toolchain@v1	2026-09-09T07:03:10.6523365Z Cache Paths:
lint	Run actions-rust-lang/setup-rust-toolchain@v1	2026-09-09T07:03:10.6523962Z     /home/runner/.cargo/bin
lint	Run actions-rust-lang/setup-rust-toolchain@v1	2026-09-09T07:03:10.6524633Z     /home/runner/.cargo/.crates.toml
lint	Run actions-rust-lang/setup-rust-toolchain@v1	2026-09-09T07:03:10.6525388Z     /home/runner/.cargo/.crates2.json
lint	Run actions-rust-lang/setup-rust-toolchain@v1	2026-09-09T07:03:10.6526163Z     /home/runner/.cargo/registry
lint	Run actions-rust-lang/setup-rust-toolchain@v1	2026-09-09T07:03:10.6526914Z     /home/runner/.cargo/git
lint	Run actions-rust-lang/setup-rust-toolchain@v1	2026-09-09T07:03:10.6527675Z     /home/runner/work/vig/vig/target
lint	Run actions-rust-lang/setup-rust-toolchain@v1	2026-09-09T07:03:10.6528433Z Restore Key:
lint	Run actions-rust-lang/setup-rust-toolchain@v1	2026-09-09T07:03:10.6529323Z     v0-rust-lint-Linux-x64-09ed3713
lint	Run actions-rust-lang/setup-rust-toolchain@v1	2026-09-09T07:03:10.6530448Z Cache Key:
lint	Run actions-rust-lang/setup-rust-toolchain@v1	2026-09-09T07:03:10.6531138Z     v0-rust-lint-Linux-x64-09ed3713-eb78a9df
lint	Run actions-rust-lang/setup-rust-toolchain@v1	2026-09-09T07:03:10.6531931Z .. Prefix:
lint	Run actions-rust-lang/setup-rust-toolchain@v1	2026-09-09T07:03:10.6532595Z   - v0-rust-lint-Linux-x64
lint	Run actions-rust-lang/setup-rust-toolchain@v1	2026-09-09T07:03:10.6533315Z .. Environment considered:
lint	Run actions-rust-lang/setup-rust-toolchain@v1	2026-09-09T07:03:10.6534009Z   - Rust Versions:
lint	Run actions-rust-lang/setup-rust-toolchain@v1	2026-09-09T07:03:10.6535232Z     - 1.98.1 x86_64-unknown-linux-gnu 48a229ceaefd4985c50990b14116b6d856af0985
lint	Run actions-rust-lang/setup-rust-toolchain@v1	2026-09-09T07:03:10.6536343Z     - 1.98.1 x86_64-unknown-linux-gnu 48a229ceaefd4985c50990b14116b6d856af0985
lint	Run actions-rust-lang/setup-rust-toolchain@v1	2026-09-09T07:03:10.6537237Z   - CARGO_INCREMENTAL
lint	Run actions-rust-lang/setup-rust-toolchain@v1	2026-09-09T07:03:10.6537855Z   - CARGO_PROFILE_DEV_DEBUG
lint	Run actions-rust-lang/setup-rust-toolchain@v1	2026-09-09T07:03:10.6538518Z   - CARGO_REGISTRIES_CRATES_IO_PROTOCOL
lint	Run actions-rust-lang/setup-rust-toolchain@v1	2026-09-09T07:03:10.6539218Z   - CARGO_TERM_COLOR
lint	Run actions-rust-lang/setup-rust-toolchain@v1	2026-09-09T07:03:10.6540126Z   - CARGO_UNSTABLE_SPARSE_REGISTRY
lint	Run actions-rust-lang/setup-rust-toolchain@v1	2026-09-09T07:03:10.6540802Z   - RUST_BACKTRACE
lint	Run actions-rust-lang/setup-rust-toolchain@v1	2026-09-09T07:03:10.6541418Z   - RUSTFLAGS
lint	Run actions-rust-lang/setup-rust-toolchain@v1	2026-09-09T07:03:10.6542114Z .. Lockfiles considered:
lint	Run actions-rust-lang/setup-rust-toolchain@v1	2026-09-09T07:03:10.6542865Z   - /home/runner/work/vig/vig/Cargo.lock
lint	Run actions-rust-lang/setup-rust-toolchain@v1	2026-09-09T07:03:10.6543694Z   - /home/runner/work/vig/vig/Cargo.toml
lint	Run actions-rust-lang/setup-rust-toolchain@v1	2026-09-09T07:03:10.6544743Z ##[endgroup]
lint	Run actions-rust-lang/setup-rust-toolchain@v1	2026-09-09T07:03:10.6545174Z 
lint	Run actions-rust-lang/setup-rust-toolchain@v1	2026-09-09T07:03:10.6545562Z ... Restoring cache ...
lint	Run actions-rust-lang/setup-rust-toolchain@v1	2026-09-09T07:03:10.7644421Z Cache hit for: v0-rust-lint-Linux-x64-09ed3713-eb78a9df
lint	Run actions-rust-lang/setup-rust-toolchain@v1	2026-09-09T07:03:11.9007688Z Received 134217728 of 231199837 (58.1%), 124.4 MBs/sec
lint	Run actions-rust-lang/setup-rust-toolchain@v1	2026-09-09T07:03:12.3169460Z Received 231199837 of 231199837 (100.0%), 152.4 MBs/sec
lint	Run actions-rust-lang/setup-rust-toolchain@v1	2026-09-09T07:03:12.3170911Z Cache Size: ~220 MB (231199837 B)
lint	Run actions-rust-lang/setup-rust-toolchain@v1	2026-09-09T07:03:12.3205524Z [command]/usr/bin/tar -xf /home/runner/work/_temp/7cd66461-f976-45fe-b89e-ec8cd99c5ee1/cache.tzst -P -C /home/runner/work/vig/vig --use-compress-program unzstd
lint	Run actions-rust-lang/setup-rust-toolchain@v1	2026-09-09T07:03:13.5940482Z Cache restored successfully
lint	Run actions-rust-lang/setup-rust-toolchain@v1	2026-09-09T07:03:13.6045115Z Restored from cache key "v0-rust-lint-Linux-x64-09ed3713-eb78a9df" full match: true.
lint	Run actions-rust-lang/setup-rust-toolchain@v1	2026-09-09T07:03:13.6184839Z ##[end-action id=__actions-rust-lang_setup-rust-toolchain.__Swatinem_rust-cache;outcome=success;conclusion=success;duration_ms=3423]
lint	Run awalsh128/cache-apt-pkgs-action@v1	﻿2026-09-09T07:03:13.6326052Z ##[group]Run awalsh128/cache-apt-pkgs-action@v1
lint	Run awalsh128/cache-apt-pkgs-action@v1	2026-09-09T07:03:13.6326390Z with:
lint	Run awalsh128/cache-apt-pkgs-action@v1	2026-09-09T07:03:13.6326624Z   packages: libgit2-dev libssl-dev pkg-config
lint	Run awalsh128/cache-apt-pkgs-action@v1	2026-09-09T07:03:13.6326937Z   execute_install_scripts: false
lint	Run awalsh128/cache-apt-pkgs-action@v1	2026-09-09T07:03:13.6327200Z   empty_packages_behavior: error
lint	Run awalsh128/cache-apt-pkgs-action@v1	2026-09-09T07:03:13.6327644Z   debug: false
lint	Run awalsh128/cache-apt-pkgs-action@v1	2026-09-09T07:03:13.6327836Z env:
lint	Run awalsh128/cache-apt-pkgs-action@v1	2026-09-09T07:03:13.6328025Z   CARGO_INCREMENTAL: 0
lint	Run awalsh128/cache-apt-pkgs-action@v1	2026-09-09T07:03:13.6328254Z   CARGO_PROFILE_DEV_DEBUG: 0
lint	Run awalsh128/cache-apt-pkgs-action@v1	2026-09-09T07:03:13.6328508Z   CARGO_TERM_COLOR: always
lint	Run awalsh128/cache-apt-pkgs-action@v1	2026-09-09T07:03:13.6328740Z   RUST_BACKTRACE: short
lint	Run awalsh128/cache-apt-pkgs-action@v1	2026-09-09T07:03:13.6328969Z   RUSTFLAGS: -D warnings
lint	Run awalsh128/cache-apt-pkgs-action@v1	2026-09-09T07:03:13.6329213Z   CARGO_UNSTABLE_SPARSE_REGISTRY: true
lint	Run awalsh128/cache-apt-pkgs-action@v1	2026-09-09T07:03:13.6329745Z   CARGO_REGISTRIES_CRATES_IO_PROTOCOL: sparse
lint	Run awalsh128/cache-apt-pkgs-action@v1	2026-09-09T07:03:13.6330046Z   CACHE_ON_FAILURE: true
lint	Run awalsh128/cache-apt-pkgs-action@v1	2026-09-09T07:03:13.6330270Z ##[endgroup]
lint	Run awalsh128/cache-apt-pkgs-action@v1	2026-09-09T07:03:13.6337329Z ##[start-action display=Run ${GITHUB_ACTION_PATH}/pre_cache_action.sh \;id=__awalsh128_cache-apt-pkgs-action.pre-cache]
lint	Run awalsh128/cache-apt-pkgs-action@v1	2026-09-09T07:03:13.6351470Z ##[group]Run ${GITHUB_ACTION_PATH}/pre_cache_action.sh \
lint	Run awalsh128/cache-apt-pkgs-action@v1	2026-09-09T07:03:13.6351870Z ^[[36;1m${GITHUB_ACTION_PATH}/pre_cache_action.sh \^[[0m
lint	Run awalsh128/cache-apt-pkgs-action@v1	2026-09-09T07:03:13.6352188Z ^[[36;1m  ~/cache-apt-pkgs \^[[0m
lint	Run awalsh128/cache-apt-pkgs-action@v1	2026-09-09T07:03:13.6352446Z ^[[36;1m  "$VERSION" \^[[0m
lint	Run awalsh128/cache-apt-pkgs-action@v1	2026-09-09T07:03:13.6352684Z ^[[36;1m  "$EXEC_INSTALL_SCRIPTS" \^[[0m
lint	Run awalsh128/cache-apt-pkgs-action@v1	2026-09-09T07:03:13.6352945Z ^[[36;1m  "$DEBUG" \^[[0m
lint	Run awalsh128/cache-apt-pkgs-action@v1	2026-09-09T07:03:13.6353177Z ^[[36;1m  "$ADD_REPOSITORY" \^[[0m
lint	Run awalsh128/cache-apt-pkgs-action@v1	2026-09-09T07:03:13.6353421Z ^[[36;1m  "$PACKAGES"^[[0m
lint	Run awalsh128/cache-apt-pkgs-action@v1	2026-09-09T07:03:13.6353696Z ^[[36;1mif [ -f ~/cache-apt-pkgs/cache_key.md5 ]; then^[[0m
lint	Run awalsh128/cache-apt-pkgs-action@v1	2026-09-09T07:03:13.6354129Z ^[[36;1m  echo "CACHE_KEY=$(cat ~/cache-apt-pkgs/cache_key.md5)" >> $GITHUB_ENV^[[0m
lint	Run awalsh128/cache-apt-pkgs-action@v1	2026-09-09T07:03:13.6354517Z ^[[36;1melse^[[0m
lint	Run awalsh128/cache-apt-pkgs-action@v1	2026-09-09T07:03:13.6354737Z ^[[36;1m  echo "CACHE_KEY=" >> $GITHUB_ENV^[[0m
lint	Run awalsh128/cache-apt-pkgs-action@v1	2026-09-09T07:03:13.6355007Z ^[[36;1mfi^[[0m
lint	Run awalsh128/cache-apt-pkgs-action@v1	2026-09-09T07:03:13.6391897Z shell: /usr/bin/bash --noprofile --norc -e -o pipefail {0}
lint	Run awalsh128/cache-apt-pkgs-action@v1	2026-09-09T07:03:13.6392240Z env:
lint	Run awalsh128/cache-apt-pkgs-action@v1	2026-09-09T07:03:13.6392453Z   CARGO_INCREMENTAL: 0
lint	Run awalsh128/cache-apt-pkgs-action@v1	2026-09-09T07:03:13.6392682Z   CARGO_PROFILE_DEV_DEBUG: 0
lint	Run awalsh128/cache-apt-pkgs-action@v1	2026-09-09T07:03:13.6392924Z   CARGO_TERM_COLOR: always
lint	Run awalsh128/cache-apt-pkgs-action@v1	2026-09-09T07:03:13.6393153Z   RUST_BACKTRACE: short
lint	Run awalsh128/cache-apt-pkgs-action@v1	2026-09-09T07:03:13.6393376Z   RUSTFLAGS: -D warnings
lint	Run awalsh128/cache-apt-pkgs-action@v1	2026-09-09T07:03:13.6393636Z   CARGO_UNSTABLE_SPARSE_REGISTRY: true
lint	Run awalsh128/cache-apt-pkgs-action@v1	2026-09-09T07:03:13.6393929Z   CARGO_REGISTRIES_CRATES_IO_PROTOCOL: sparse
lint	Run awalsh128/cache-apt-pkgs-action@v1	2026-09-09T07:03:13.6394208Z   CACHE_ON_FAILURE: true
lint	Run awalsh128/cache-apt-pkgs-action@v1	2026-09-09T07:03:13.6394420Z   VERSION: 
lint	Run awalsh128/cache-apt-pkgs-action@v1	2026-09-09T07:03:13.6394625Z   EXEC_INSTALL_SCRIPTS: false
lint	Run awalsh128/cache-apt-pkgs-action@v1	2026-09-09T07:03:13.6394875Z   EMPTY_PACKAGES_BEHAVIOR: error
lint	Run awalsh128/cache-apt-pkgs-action@v1	2026-09-09T07:03:13.6395115Z   DEBUG: false
lint	Run awalsh128/cache-apt-pkgs-action@v1	2026-09-09T07:03:13.6395310Z   ADD_REPOSITORY: 
lint	Run awalsh128/cache-apt-pkgs-action@v1	2026-09-09T07:03:13.6395556Z   PACKAGES: libgit2-dev libssl-dev pkg-config
lint	Run awalsh128/cache-apt-pkgs-action@v1	2026-09-09T07:03:13.6395832Z ##[endgroup]
lint	Run awalsh128/cache-apt-pkgs-action@v1	2026-09-09T07:03:13.6721123Z Normalizing package list...
lint	Run awalsh128/cache-apt-pkgs-action@v1	2026-09-09T07:03:16.2597794Z done
lint	Run awalsh128/cache-apt-pkgs-action@v1	2026-09-09T07:03:16.2613723Z Validating action arguments (version='', packages='libgit2-dev=1.7.2+ds-1ubuntu3.1 libssl-dev=3.0.13-0ubuntu3.15 pkg-config=1.8.1-2build1')...
lint	Run awalsh128/cache-apt-pkgs-action@v1	2026-09-09T07:03:16.2628436Z done
lint	Run awalsh128/cache-apt-pkgs-action@v1	2026-09-09T07:03:16.2628683Z 
lint	Run awalsh128/cache-apt-pkgs-action@v1	2026-09-09T07:03:16.2629051Z Creating cache key...
lint	Run awalsh128/cache-apt-pkgs-action@v1	2026-09-09T07:03:16.2647027Z - CPU architecture is 'x86_64'.
lint	Run awalsh128/cache-apt-pkgs-action@v1	2026-09-09T07:03:16.2648307Z - Value to hash is 'libgit2-dev=1.7.2+ds-1ubuntu3.1 libssl-dev=3.0.13-0ubuntu3.15 pkg-config=1.8.1-2build1 @  3'.
lint	Run awalsh128/cache-apt-pkgs-action@v1	2026-09-09T07:03:16.2674031Z - Value hashed as 'f383ff6fc98053745e76aa2f6d3abfb7'.
lint	Run awalsh128/cache-apt-pkgs-action@v1	2026-09-09T07:03:16.2674628Z done
lint	Run awalsh128/cache-apt-pkgs-action@v1	2026-09-09T07:03:16.2675119Z Hash value written to /home/runner/cache-apt-pkgs/cache_key.md5
lint	Run awalsh128/cache-apt-pkgs-action@v1	2026-09-09T07:03:16.2700519Z ##[end-action id=__awalsh128_cache-apt-pkgs-action.pre-cache;outcome=success;conclusion=success;duration_ms=2636]
lint	Run awalsh128/cache-apt-pkgs-action@v1	2026-09-09T07:03:16.2705023Z ##[start-action display=Run actions/cache/restore@55cc8345863c7cc4c66a329aec7e433d2d1c52a9;id=__awalsh128_cache-apt-pkgs-action.load-cache]
lint	Run awalsh128/cache-apt-pkgs-action@v1	2026-09-09T07:03:16.2744821Z ##[group]Run actions/cache/restore@55cc8345863c7cc4c66a329aec7e433d2d1c52a9
lint	Run awalsh128/cache-apt-pkgs-action@v1	2026-09-09T07:03:16.2745408Z with:
lint	Run awalsh128/cache-apt-pkgs-action@v1	2026-09-09T07:03:16.2745618Z   path: ~/cache-apt-pkgs
lint	Run awalsh128/cache-apt-pkgs-action@v1	2026-09-09T07:03:16.2745900Z   key: cache-apt-pkgs_f383ff6fc98053745e76aa2f6d3abfb7
lint	Run awalsh128/cache-apt-pkgs-action@v1	2026-09-09T07:03:16.2746223Z   enableCrossOsArchive: false
lint	Run awalsh128/cache-apt-pkgs-action@v1	2026-09-09T07:03:16.2746487Z   fail-on-cache-miss: false
lint	Run awalsh128/cache-apt-pkgs-action@v1	2026-09-09T07:03:16.2746863Z   lookup-only: false
lint	Run awalsh128/cache-apt-pkgs-action@v1	2026-09-09T07:03:16.2747071Z env:
lint	Run awalsh128/cache-apt-pkgs-action@v1	2026-09-09T07:03:16.2747256Z   CARGO_INCREMENTAL: 0
lint	Run awalsh128/cache-apt-pkgs-action@v1	2026-09-09T07:03:16.2747480Z   CARGO_PROFILE_DEV_DEBUG: 0
lint	Run awalsh128/cache-apt-pkgs-action@v1	2026-09-09T07:03:16.2747726Z   CARGO_TERM_COLOR: always
lint	Run awalsh128/cache-apt-pkgs-action@v1	2026-09-09T07:03:16.2747955Z   RUST_BACKTRACE: short
lint	Run awalsh128/cache-apt-pkgs-action@v1	2026-09-09T07:03:16.2748179Z   RUSTFLAGS: -D warnings
lint	Run awalsh128/cache-apt-pkgs-action@v1	2026-09-09T07:03:16.2748435Z   CARGO_UNSTABLE_SPARSE_REGISTRY: true
lint	Run awalsh128/cache-apt-pkgs-action@v1	2026-09-09T07:03:16.2748734Z   CARGO_REGISTRIES_CRATES_IO_PROTOCOL: sparse
lint	Run awalsh128/cache-apt-pkgs-action@v1	2026-09-09T07:03:16.2749021Z   CACHE_ON_FAILURE: true
lint	Run awalsh128/cache-apt-pkgs-action@v1	2026-09-09T07:03:16.2749270Z   CACHE_KEY: f383ff6fc98053745e76aa2f6d3abfb7
lint	Run awalsh128/cache-apt-pkgs-action@v1	2026-09-09T07:03:16.2749847Z ##[endgroup]
lint	Run awalsh128/cache-apt-pkgs-action@v1	2026-09-09T07:03:16.5042247Z Cache hit for: cache-apt-pkgs_f383ff6fc98053745e76aa2f6d3abfb7
lint	Run awalsh128/cache-apt-pkgs-action@v1	2026-09-09T07:03:16.9844435Z Received 2668034 of 2668034 (100.0%), 6.6 MBs/sec
lint	Run awalsh128/cache-apt-pkgs-action@v1	2026-09-09T07:03:16.9845113Z Cache Size: ~3 MB (2668034 B)
lint	Run awalsh128/cache-apt-pkgs-action@v1	2026-09-09T07:03:16.9872656Z [command]/usr/bin/tar -xf /home/runner/work/_temp/ccc03cf5-a440-475f-8d79-0e60d5f86423/cache.tzst -P -C /home/runner/work/vig/vig --use-compress-program unzstd
lint	Run awalsh128/cache-apt-pkgs-action@v1	2026-09-09T07:03:17.0073132Z Cache restored successfully
lint	Run awalsh128/cache-apt-pkgs-action@v1	2026-09-09T07:03:17.0150055Z Cache restored from key: cache-apt-pkgs_f383ff6fc98053745e76aa2f6d3abfb7
lint	Run awalsh128/cache-apt-pkgs-action@v1	2026-09-09T07:03:17.0213747Z ##[end-action id=__awalsh128_cache-apt-pkgs-action.load-cache;outcome=success;conclusion=success;duration_ms=750]
lint	Run awalsh128/cache-apt-pkgs-action@v1	2026-09-09T07:03:17.0217583Z ##[start-action display=Run ${GITHUB_ACTION_PATH}/post_cache_action.sh \;id=__awalsh128_cache-apt-pkgs-action.post-cache]
lint	Run awalsh128/cache-apt-pkgs-action@v1	2026-09-09T07:03:17.0234867Z ##[group]Run ${GITHUB_ACTION_PATH}/post_cache_action.sh \
lint	Run awalsh128/cache-apt-pkgs-action@v1	2026-09-09T07:03:17.0235296Z ^[[36;1m${GITHUB_ACTION_PATH}/post_cache_action.sh \^[[0m
lint	Run awalsh128/cache-apt-pkgs-action@v1	2026-09-09T07:03:17.0235624Z ^[[36;1m  ~/cache-apt-pkgs \^[[0m
lint	Run awalsh128/cache-apt-pkgs-action@v1	2026-09-09T07:03:17.0235883Z ^[[36;1m  / \^[[0m
lint	Run awalsh128/cache-apt-pkgs-action@v1	2026-09-09T07:03:17.0236101Z ^[[36;1m  "$CACHE_HIT" \^[[0m
lint	Run awalsh128/cache-apt-pkgs-action@v1	2026-09-09T07:03:17.0236355Z ^[[36;1m  "$EXEC_INSTALL_SCRIPTS" \^[[0m
lint	Run awalsh128/cache-apt-pkgs-action@v1	2026-09-09T07:03:17.0236624Z ^[[36;1m  "$DEBUG" \^[[0m
lint	Run awalsh128/cache-apt-pkgs-action@v1	2026-09-09T07:03:17.0236865Z ^[[36;1m  "$ADD_REPOSITORY" \^[[0m
lint	Run awalsh128/cache-apt-pkgs-action@v1	2026-09-09T07:03:17.0237120Z ^[[36;1m  "$PACKAGES"^[[0m
lint	Run awalsh128/cache-apt-pkgs-action@v1	2026-09-09T07:03:17.0237614Z ^[[36;1mfunction create_list { local list=$(cat ~/cache-apt-pkgs/manifest_${1}.log | tr '\n' ','); echo ${list:0:-1}; };^[[0m
lint	Run awalsh128/cache-apt-pkgs-action@v1	2026-09-09T07:03:17.0238256Z ^[[36;1mecho "package-version-list=$(create_list main)" >> $GITHUB_OUTPUT^[[0m
lint	Run awalsh128/cache-apt-pkgs-action@v1	2026-09-09T07:03:17.0238762Z ^[[36;1mecho "all-package-version-list=$(create_list all)" >> $GITHUB_OUTPUT^[[0m
lint	Run awalsh128/cache-apt-pkgs-action@v1	2026-09-09T07:03:17.0274800Z shell: /usr/bin/bash --noprofile --norc -e -o pipefail {0}
lint	Run awalsh128/cache-apt-pkgs-action@v1	2026-09-09T07:03:17.0275144Z env:
lint	Run awalsh128/cache-apt-pkgs-action@v1	2026-09-09T07:03:17.0275342Z   CARGO_INCREMENTAL: 0
lint	Run awalsh128/cache-apt-pkgs-action@v1	2026-09-09T07:03:17.0275583Z   CARGO_PROFILE_DEV_DEBUG: 0
lint	Run awalsh128/cache-apt-pkgs-action@v1	2026-09-09T07:03:17.0275830Z   CARGO_TERM_COLOR: always
lint	Run awalsh128/cache-apt-pkgs-action@v1	2026-09-09T07:03:17.0276068Z   RUST_BACKTRACE: short
lint	Run awalsh128/cache-apt-pkgs-action@v1	2026-09-09T07:03:17.0276310Z   RUSTFLAGS: -D warnings
lint	Run awalsh128/cache-apt-pkgs-action@v1	2026-09-09T07:03:17.0276555Z   CARGO_UNSTABLE_SPARSE_REGISTRY: true
lint	Run awalsh128/cache-apt-pkgs-action@v1	2026-09-09T07:03:17.0276861Z   CARGO_REGISTRIES_CRATES_IO_PROTOCOL: sparse
lint	Run awalsh128/cache-apt-pkgs-action@v1	2026-09-09T07:03:17.0277149Z   CACHE_ON_FAILURE: true
lint	Run awalsh128/cache-apt-pkgs-action@v1	2026-09-09T07:03:17.0277403Z   CACHE_KEY: f383ff6fc98053745e76aa2f6d3abfb7
lint	Run awalsh128/cache-apt-pkgs-action@v1	2026-09-09T07:03:17.0277677Z   CACHE_HIT: true
lint	Run awalsh128/cache-apt-pkgs-action@v1	2026-09-09T07:03:17.0277888Z   EXEC_INSTALL_SCRIPTS: false
lint	Run awalsh128/cache-apt-pkgs-action@v1	2026-09-09T07:03:17.0278124Z   DEBUG: false
lint	Run awalsh128/cache-apt-pkgs-action@v1	2026-09-09T07:03:17.0278333Z   ADD_REPOSITORY: 
lint	Run awalsh128/cache-apt-pkgs-action@v1	2026-09-09T07:03:17.0278578Z   PACKAGES: libgit2-dev libssl-dev pkg-config
lint	Run awalsh128/cache-apt-pkgs-action@v1	2026-09-09T07:03:17.0278864Z ##[endgroup]
lint	Run awalsh128/cache-apt-pkgs-action@v1	2026-09-09T07:03:17.0453785Z Found 9 files in the cache.
lint	Run awalsh128/cache-apt-pkgs-action@v1	2026-09-09T07:03:17.0466077Z - cache_key.md5
lint	Run awalsh128/cache-apt-pkgs-action@v1	2026-09-09T07:03:17.0478125Z - install.log
lint	Run awalsh128/cache-apt-pkgs-action@v1	2026-09-09T07:03:17.0490671Z - libgit2-1.7=1.7.2+ds-1ubuntu3.1.tar
lint	Run awalsh128/cache-apt-pkgs-action@v1	2026-09-09T07:03:17.0502513Z - libgit2-dev=1.7.2+ds-1ubuntu3.1.tar
lint	Run awalsh128/cache-apt-pkgs-action@v1	2026-09-09T07:03:17.0514290Z - libhttp-parser-dev=2.9.4-6build1.tar
lint	Run awalsh128/cache-apt-pkgs-action@v1	2026-09-09T07:03:17.0526028Z - libhttp-parser2.9=2.9.4-6build1.tar
lint	Run awalsh128/cache-apt-pkgs-action@v1	2026-09-09T07:03:17.0538155Z - libssh2-1-dev=1.11.0-4.1ubuntu0.24.04.3.tar
lint	Run awalsh128/cache-apt-pkgs-action@v1	2026-09-09T07:03:17.0550089Z - manifest_all.log
lint	Run awalsh128/cache-apt-pkgs-action@v1	2026-09-09T07:03:17.0561764Z - manifest_main.log
lint	Run awalsh128/cache-apt-pkgs-action@v1	2026-09-09T07:03:17.0562336Z 
lint	Run awalsh128/cache-apt-pkgs-action@v1	2026-09-09T07:03:17.0562926Z Reading from main requested packages manifest...
lint	Run awalsh128/cache-apt-pkgs-action@v1	2026-09-09T07:03:17.0596958Z - libgit2-dev=1.7.2+ds-1ubuntu3.1
lint	Run awalsh128/cache-apt-pkgs-action@v1	2026-09-09T07:03:17.0627152Z - libssl-dev=3.0.13-0ubuntu3.15
lint	Run awalsh128/cache-apt-pkgs-action@v1	2026-09-09T07:03:17.0650480Z - pkg-config=1.8.1-2build1
lint	Run awalsh128/cache-apt-pkgs-action@v1	2026-09-09T07:03:17.0655796Z done
lint	Run awalsh128/cache-apt-pkgs-action@v1	2026-09-09T07:03:17.0656012Z 
lint	Run awalsh128/cache-apt-pkgs-action@v1	2026-09-09T07:03:17.0675265Z Restoring 5 packages from cache...
lint	Run awalsh128/cache-apt-pkgs-action@v1	2026-09-09T07:03:17.0687644Z - libgit2-1.7=1.7.2+ds-1ubuntu3.1.tar restoring...
lint	Run awalsh128/cache-apt-pkgs-action@v1	2026-09-09T07:03:17.0779657Z   done
lint	Run awalsh128/cache-apt-pkgs-action@v1	2026-09-09T07:03:17.0792605Z - libgit2-dev=1.7.2+ds-1ubuntu3.1.tar restoring...
lint	Run awalsh128/cache-apt-pkgs-action@v1	2026-09-09T07:03:17.0970769Z   done
lint	Run awalsh128/cache-apt-pkgs-action@v1	2026-09-09T07:03:17.0983249Z - libhttp-parser-dev=2.9.4-6build1.tar restoring...
lint	Run awalsh128/cache-apt-pkgs-action@v1	2026-09-09T07:03:17.1065188Z   done
lint	Run awalsh128/cache-apt-pkgs-action@v1	2026-09-09T07:03:17.1077313Z - libhttp-parser2.9=2.9.4-6build1.tar restoring...
lint	Run awalsh128/cache-apt-pkgs-action@v1	2026-09-09T07:03:17.1153446Z   done
lint	Run awalsh128/cache-apt-pkgs-action@v1	2026-09-09T07:03:17.1165585Z - libssh2-1-dev=1.11.0-4.1ubuntu0.24.04.3.tar restoring...
lint	Run awalsh128/cache-apt-pkgs-action@v1	2026-09-09T07:03:17.1428353Z   done
lint	Run awalsh128/cache-apt-pkgs-action@v1	2026-09-09T07:03:17.1428727Z done
lint	Run awalsh128/cache-apt-pkgs-action@v1	2026-09-09T07:03:17.1431631Z 
lint	Run awalsh128/cache-apt-pkgs-action@v1	2026-09-09T07:03:17.1482873Z ##[end-action id=__awalsh128_cache-apt-pkgs-action.post-cache;outcome=success;conclusion=success;duration_ms=126]
lint	Run awalsh128/cache-apt-pkgs-action@v1	2026-09-09T07:03:17.1485731Z ##[start-action display=Run actions/upload-artifact@bbbca2ddaa5d8feaa63e36b76fdaad77386f024f;id=__awalsh128_cache-apt-pkgs-action.upload-logs]
lint	Run awalsh128/cache-apt-pkgs-action@v1	2026-09-09T07:03:17.1491947Z ##[end-action id=__awalsh128_cache-apt-pkgs-action.upload-logs;outcome=skipped;conclusion=skipped;duration_ms=0]
lint	Run awalsh128/cache-apt-pkgs-action@v1	2026-09-09T07:03:17.1494240Z ##[start-action display=Run actions/cache/save@55cc8345863c7cc4c66a329aec7e433d2d1c52a9;id=__awalsh128_cache-apt-pkgs-action.save-cache]
lint	Run awalsh128/cache-apt-pkgs-action@v1	2026-09-09T07:03:17.1503580Z ##[end-action id=__awalsh128_cache-apt-pkgs-action.save-cache;outcome=skipped;conclusion=skipped;duration_ms=0]
lint	Run awalsh128/cache-apt-pkgs-action@v1	2026-09-09T07:03:17.1505710Z ##[start-action display=Run rm -rf ~/cache-apt-pkgs;id=__awalsh128_cache-apt-pkgs-action.clean-cache]
lint	Run awalsh128/cache-apt-pkgs-action@v1	2026-09-09T07:03:17.1520923Z ##[group]Run rm -rf ~/cache-apt-pkgs
lint	Run awalsh128/cache-apt-pkgs-action@v1	2026-09-09T07:03:17.1521281Z ^[[36;1mrm -rf ~/cache-apt-pkgs^[[0m
lint	Run awalsh128/cache-apt-pkgs-action@v1	2026-09-09T07:03:17.1556647Z shell: /usr/bin/bash --noprofile --norc -e -o pipefail {0}
lint	Run awalsh128/cache-apt-pkgs-action@v1	2026-09-09T07:03:17.1557009Z env:
lint	Run awalsh128/cache-apt-pkgs-action@v1	2026-09-09T07:03:17.1557209Z   CARGO_INCREMENTAL: 0
lint	Run awalsh128/cache-apt-pkgs-action@v1	2026-09-09T07:03:17.1557455Z   CARGO_PROFILE_DEV_DEBUG: 0
lint	Run awalsh128/cache-apt-pkgs-action@v1	2026-09-09T07:03:17.1557720Z   CARGO_TERM_COLOR: always
lint	Run awalsh128/cache-apt-pkgs-action@v1	2026-09-09T07:03:17.1557958Z   RUST_BACKTRACE: short
lint	Run awalsh128/cache-apt-pkgs-action@v1	2026-09-09T07:03:17.1558185Z   RUSTFLAGS: -D warnings
lint	Run awalsh128/cache-apt-pkgs-action@v1	2026-09-09T07:03:17.1558441Z   CARGO_UNSTABLE_SPARSE_REGISTRY: true
lint	Run awalsh128/cache-apt-pkgs-action@v1	2026-09-09T07:03:17.1558749Z   CARGO_REGISTRIES_CRATES_IO_PROTOCOL: sparse
lint	Run awalsh128/cache-apt-pkgs-action@v1	2026-09-09T07:03:17.1559056Z   CACHE_ON_FAILURE: true
lint	Run awalsh128/cache-apt-pkgs-action@v1	2026-09-09T07:03:17.1559311Z   CACHE_KEY: f383ff6fc98053745e76aa2f6d3abfb7
lint	Run awalsh128/cache-apt-pkgs-action@v1	2026-09-09T07:03:17.1559863Z ##[endgroup]
lint	Run awalsh128/cache-apt-pkgs-action@v1	2026-09-09T07:03:17.1641274Z ##[end-action id=__awalsh128_cache-apt-pkgs-action.clean-cache;outcome=success;conclusion=success;duration_ms=13]
lint	Run j178/prek-action@v1	﻿2026-09-09T07:03:17.1754743Z ##[group]Run j178/prek-action@v1
lint	Run j178/prek-action@v1	2026-09-09T07:03:17.1755029Z with:
lint	Run j178/prek-action@v1	2026-09-09T07:03:17.1755235Z   extra-args: --all-files
lint	Run j178/prek-action@v1	2026-09-09T07:03:17.1755494Z   install-only: false
lint	Run j178/prek-action@v1	2026-09-09T07:03:17.1755715Z   prek-version: latest
lint	Run j178/prek-action@v1	2026-09-09T07:03:17.1755944Z   working-directory: .
lint	Run j178/prek-action@v1	2026-09-09T07:03:17.1758298Z   token: ***
lint	Run j178/prek-action@v1	2026-09-09T07:03:17.1758502Z env:
lint	Run j178/prek-action@v1	2026-09-09T07:03:17.1758699Z   CARGO_INCREMENTAL: 0
lint	Run j178/prek-action@v1	2026-09-09T07:03:17.1758931Z   CARGO_PROFILE_DEV_DEBUG: 0
lint	Run j178/prek-action@v1	2026-09-09T07:03:17.1759184Z   CARGO_TERM_COLOR: always
lint	Run j178/prek-action@v1	2026-09-09T07:03:17.1759417Z   RUST_BACKTRACE: short
lint	Run j178/prek-action@v1	2026-09-09T07:03:17.1759978Z   RUSTFLAGS: -D warnings
lint	Run j178/prek-action@v1	2026-09-09T07:03:17.1760232Z   CARGO_UNSTABLE_SPARSE_REGISTRY: true
lint	Run j178/prek-action@v1	2026-09-09T07:03:17.1760532Z   CARGO_REGISTRIES_CRATES_IO_PROTOCOL: sparse
lint	Run j178/prek-action@v1	2026-09-09T07:03:17.1760829Z   CACHE_ON_FAILURE: true
lint	Run j178/prek-action@v1	2026-09-09T07:03:17.1761082Z   CACHE_KEY: f383ff6fc98053745e76aa2f6d3abfb7
lint	Run j178/prek-action@v1	2026-09-09T07:03:17.1761359Z ##[endgroup]
lint	Run j178/prek-action@v1	2026-09-09T07:03:17.1767661Z ##[start-action display=Resolve version;id=__j178_prek-action.resolve]
lint	Run j178/prek-action@v1	2026-09-09T07:03:17.1781148Z ##[group]Run # Resolve prek version
lint	Run j178/prek-action@v1	2026-09-09T07:03:17.1781479Z ^[[36;1m# Resolve prek version^[[0m
lint	Run j178/prek-action@v1	2026-09-09T07:03:17.1781888Z ^[[36;1m^[[0m
lint	Run j178/prek-action@v1	2026-09-09T07:03:17.1782084Z ^[[36;1mimport os^[[0m
lint	Run j178/prek-action@v1	2026-09-09T07:03:17.1782297Z ^[[36;1mimport json^[[0m
lint	Run j178/prek-action@v1	2026-09-09T07:03:17.1782531Z ^[[36;1mfrom urllib import request^[[0m
lint	Run j178/prek-action@v1	2026-09-09T07:03:17.1782791Z ^[[36;1m^[[0m
lint	Run j178/prek-action@v1	2026-09-09T07:03:17.1783027Z ^[[36;1mprek_version = os.environ['PREK_VERSION']^[[0m
lint	Run j178/prek-action@v1	2026-09-09T07:03:17.1783382Z ^[[36;1mgh_token = os.environ.get('GH_TOKEN', '')^[[0m
lint	Run j178/prek-action@v1	2026-09-09T07:03:17.1783687Z ^[[36;1m^[[0m
lint	Run j178/prek-action@v1	2026-09-09T07:03:17.1783892Z ^[[36;1mif prek_version == 'latest':^[[0m
lint	Run j178/prek-action@v1	2026-09-09T07:03:17.1784280Z ^[[36;1m    url = 'https://api.github.com/repos/j178/prek/releases/latest'^[[0m
lint	Run j178/prek-action@v1	2026-09-09T07:03:17.1784734Z ^[[36;1m    headers = {'Accept': 'application/vnd.github+json'}^[[0m
lint	Run j178/prek-action@v1	2026-09-09T07:03:17.1785069Z ^[[36;1m^[[0m
lint	Run j178/prek-action@v1	2026-09-09T07:03:17.1785264Z ^[[36;1m    if gh_token:^[[0m
lint	Run j178/prek-action@v1	2026-09-09T07:03:17.1785649Z ^[[36;1m        headers['Authorization'] = f'***'^[[0m
lint	Run j178/prek-action@v1	2026-09-09T07:03:17.1785944Z ^[[36;1m^[[0m
lint	Run j178/prek-action@v1	2026-09-09T07:03:17.1786132Z ^[[36;1m    try:^[[0m
lint	Run j178/prek-action@v1	2026-09-09T07:03:17.1786406Z ^[[36;1m        req = request.Request(url, headers=headers)^[[0m
lint	Run j178/prek-action@v1	2026-09-09T07:03:17.1786764Z ^[[36;1m        with request.urlopen(req) as response:^[[0m
lint	Run j178/prek-action@v1	2026-09-09T07:03:17.1787104Z ^[[36;1m            data = json.loads(response.read())^[[0m
lint	Run j178/prek-action@v1	2026-09-09T07:03:17.1787426Z ^[[36;1m            prek_version = data['tag_name']^[[0m
lint	Run j178/prek-action@v1	2026-09-09T07:03:17.1787729Z ^[[36;1m    except Exception as e:^[[0m
lint	Run j178/prek-action@v1	2026-09-09T07:03:17.1787995Z ^[[36;1m        if gh_token:^[[0m
lint	Run j178/prek-action@v1	2026-09-09T07:03:17.1788458Z ^[[36;1m            print(f'::warning::Authenticated request failed: {e}, falling back to unauthenticated request')^[[0m
lint	Run j178/prek-action@v1	2026-09-09T07:03:17.1788985Z ^[[36;1m            headers.pop('Authorization', None)^[[0m
lint	Run j178/prek-action@v1	2026-09-09T07:03:17.1789336Z ^[[36;1m            req = request.Request(url, headers=headers)^[[0m
lint	Run j178/prek-action@v1	2026-09-09T07:03:17.1789905Z ^[[36;1m            with request.urlopen(req) as response:^[[0m
lint	Run j178/prek-action@v1	2026-09-09T07:03:17.1790259Z ^[[36;1m                data = json.loads(response.read())^[[0m
lint	Run j178/prek-action@v1	2026-09-09T07:03:17.1790588Z ^[[36;1m                prek_version = data['tag_name']^[[0m
lint	Run j178/prek-action@v1	2026-09-09T07:03:17.1790888Z ^[[36;1m        else:^[[0m
lint	Run j178/prek-action@v1	2026-09-09T07:03:17.1791111Z ^[[36;1m            raise^[[0m
lint	Run j178/prek-action@v1	2026-09-09T07:03:17.1791333Z ^[[36;1m^[[0m
lint	Run j178/prek-action@v1	2026-09-09T07:03:17.1791556Z ^[[36;1mversion = prek_version.lstrip('v')^[[0m
lint	Run j178/prek-action@v1	2026-09-09T07:03:17.1791848Z ^[[36;1mversion = f'v{version}'^[[0m
lint	Run j178/prek-action@v1	2026-09-09T07:03:17.1792088Z ^[[36;1m^[[0m
lint	Run j178/prek-action@v1	2026-09-09T07:03:17.1792340Z ^[[36;1mwith open(os.environ['GITHUB_OUTPUT'], 'a') as f:^[[0m
lint	Run j178/prek-action@v1	2026-09-09T07:03:17.1792679Z ^[[36;1m    f.write(f'version={version}\n')^[[0m
lint	Run j178/prek-action@v1	2026-09-09T07:03:17.1938114Z shell: /usr/bin/python {0}
lint	Run j178/prek-action@v1	2026-09-09T07:03:17.1938375Z env:
lint	Run j178/prek-action@v1	2026-09-09T07:03:17.1938578Z   CARGO_INCREMENTAL: 0
lint	Run j178/prek-action@v1	2026-09-09T07:03:17.1938825Z   CARGO_PROFILE_DEV_DEBUG: 0
lint	Run j178/prek-action@v1	2026-09-09T07:03:17.1939070Z   CARGO_TERM_COLOR: always
lint	Run j178/prek-action@v1	2026-09-09T07:03:17.1939307Z   RUST_BACKTRACE: short
lint	Run j178/prek-action@v1	2026-09-09T07:03:17.1939724Z   RUSTFLAGS: -D warnings
lint	Run j178/prek-action@v1	2026-09-09T07:03:17.1940207Z   CARGO_UNSTABLE_SPARSE_REGISTRY: true
lint	Run j178/prek-action@v1	2026-09-09T07:03:17.1940521Z   CARGO_REGISTRIES_CRATES_IO_PROTOCOL: sparse
lint	Run j178/prek-action@v1	2026-09-09T07:03:17.1940819Z   CACHE_ON_FAILURE: true
lint	Run j178/prek-action@v1	2026-09-09T07:03:17.1941070Z   CACHE_KEY: f383ff6fc98053745e76aa2f6d3abfb7
lint	Run j178/prek-action@v1	2026-09-09T07:03:17.1941360Z   PREK_VERSION: latest
lint	Run j178/prek-action@v1	2026-09-09T07:03:17.1943781Z   GH_TOKEN: ***
lint	Run j178/prek-action@v1	2026-09-09T07:03:17.1944004Z ##[endgroup]
lint	Run j178/prek-action@v1	2026-09-09T07:03:17.4836364Z ##[end-action id=__j178_prek-action.resolve;outcome=success;conclusion=success;duration_ms=306]
lint	Run j178/prek-action@v1	2026-09-09T07:03:17.4840820Z ##[start-action display=Install prek;id=__j178_prek-action.__run]
lint	Run j178/prek-action@v1	2026-09-09T07:03:17.4862401Z ##[group]Run # Installing prek
lint	Run j178/prek-action@v1	2026-09-09T07:03:17.4862701Z ^[[36;1m# Installing prek^[[0m
lint	Run j178/prek-action@v1	2026-09-09T07:03:17.4862939Z ^[[36;1m^[[0m
lint	Run j178/prek-action@v1	2026-09-09T07:03:17.4863200Z ^[[36;1mecho "::group::Installing prek ${PREK_VERSION}"^[[0m
lint	Run j178/prek-action@v1	2026-09-09T07:03:17.4863546Z ^[[36;1mexport PREK_UNMANAGED_INSTALL=1^[[0m
lint	Run j178/prek-action@v1	2026-09-09T07:03:17.4863974Z ^[[36;1mexport PREK_INSTALL_DIR="$RUNNER_TOOL_CACHE/prek/${PREK_VERSION}/$RUNNER_ARCH"^[[0m
lint	Run j178/prek-action@v1	2026-09-09T07:03:17.4864438Z ^[[36;1mmkdir -p "$PREK_INSTALL_DIR"^[[0m
lint	Run j178/prek-action@v1	2026-09-09T07:03:17.4865288Z ^[[36;1mcurl --proto '=https' --tlsv1.2 -LsSf https://github.com/j178/prek/releases/download/${PREK_VERSION}/prek-installer.sh | sh^[[0m
lint	Run j178/prek-action@v1	2026-09-09T07:03:17.4865914Z ^[[36;1mecho "$PREK_INSTALL_DIR" >> $GITHUB_PATH^[[0m
lint	Run j178/prek-action@v1	2026-09-09T07:03:17.4866222Z ^[[36;1mecho "::endgroup::"^[[0m
lint	Run j178/prek-action@v1	2026-09-09T07:03:17.4901202Z shell: /usr/bin/bash --noprofile --norc -e -o pipefail {0}
lint	Run j178/prek-action@v1	2026-09-09T07:03:17.4901551Z env:
lint	Run j178/prek-action@v1	2026-09-09T07:03:17.4901757Z   CARGO_INCREMENTAL: 0
lint	Run j178/prek-action@v1	2026-09-09T07:03:17.4901992Z   CARGO_PROFILE_DEV_DEBUG: 0
lint	Run j178/prek-action@v1	2026-09-09T07:03:17.4902235Z   CARGO_TERM_COLOR: always
lint	Run j178/prek-action@v1	2026-09-09T07:03:17.4902479Z   RUST_BACKTRACE: short
lint	Run j178/prek-action@v1	2026-09-09T07:03:17.4902708Z   RUSTFLAGS: -D warnings
lint	Run j178/prek-action@v1	2026-09-09T07:03:17.4902962Z   CARGO_UNSTABLE_SPARSE_REGISTRY: true
lint	Run j178/prek-action@v1	2026-09-09T07:03:17.4903259Z   CARGO_REGISTRIES_CRATES_IO_PROTOCOL: sparse
lint	Run j178/prek-action@v1	2026-09-09T07:03:17.4903550Z   CACHE_ON_FAILURE: true
lint	Run j178/prek-action@v1	2026-09-09T07:03:17.4903809Z   CACHE_KEY: f383ff6fc98053745e76aa2f6d3abfb7
lint	Run j178/prek-action@v1	2026-09-09T07:03:17.4904083Z   PREK_VERSION: v0.5.2
lint	Run j178/prek-action@v1	2026-09-09T07:03:17.4904307Z ##[endgroup]
lint	Run j178/prek-action@v1	2026-09-09T07:03:17.4957354Z ##[group]Installing prek v0.5.2
lint	Run j178/prek-action@v1	2026-09-09T07:03:17.6868506Z downloading prek 0.5.2 x86_64-unknown-linux-gnu
lint	Run j178/prek-action@v1	2026-09-09T07:03:17.9027476Z no checksums to verify
lint	Run j178/prek-action@v1	2026-09-09T07:03:18.0140795Z installing to /opt/hostedtoolcache/prek/v0.5.2/X64
lint	Run j178/prek-action@v1	2026-09-09T07:03:18.0197877Z   prek
lint	Run j178/prek-action@v1	2026-09-09T07:03:18.0220823Z everything's installed!
lint	Run j178/prek-action@v1	2026-09-09T07:03:18.0247541Z ##[endgroup]
lint	Run j178/prek-action@v1	2026-09-09T07:03:18.0256171Z ##[end-action id=__j178_prek-action.__run;outcome=success;conclusion=success;duration_ms=541]
lint	Run j178/prek-action@v1	2026-09-09T07:03:18.0259115Z ##[start-action display=Install prek (Windows);id=__j178_prek-action.__run_2]
lint	Run j178/prek-action@v1	2026-09-09T07:03:18.0262995Z ##[end-action id=__j178_prek-action.__run_2;outcome=skipped;conclusion=skipped;duration_ms=0]
lint	Run j178/prek-action@v1	2026-09-09T07:03:18.0264802Z ##[start-action display=Setup cache;id=__j178_prek-action.__actions_cache]
lint	Run j178/prek-action@v1	2026-09-09T07:03:18.4075308Z ##[group]Run actions/cache@8b402f58fbc84540c8b491a91e594a4576fec3d7
lint	Run j178/prek-action@v1	2026-09-09T07:03:18.4075690Z with:
lint	Run j178/prek-action@v1	2026-09-09T07:03:18.4075920Z   path: ~/.cache/prek
lint	Run j178/prek-action@v1	~\AppData\Local\prek
lint	Run j178/prek-action@v1	
lint	Run j178/prek-action@v1	2026-09-09T07:03:18.4076377Z   key: prek-v1|Linux|X64||3c8c476c57504604fc76efcc05c1852ee1d57fd29e2bcfc241b070cb2d3a49d4
lint	Run j178/prek-action@v1	2026-09-09T07:03:18.4076833Z   enableCrossOsArchive: false
lint	Run j178/prek-action@v1	2026-09-09T07:03:18.4077098Z   fail-on-cache-miss: false
lint	Run j178/prek-action@v1	2026-09-09T07:03:18.4077336Z   lookup-only: false
lint	Run j178/prek-action@v1	2026-09-09T07:03:18.4077552Z   save-always: false
lint	Run j178/prek-action@v1	2026-09-09T07:03:18.4077775Z env:
lint	Run j178/prek-action@v1	2026-09-09T07:03:18.4077972Z   CARGO_INCREMENTAL: 0
lint	Run j178/prek-action@v1	2026-09-09T07:03:18.4078203Z   CARGO_PROFILE_DEV_DEBUG: 0
lint	Run j178/prek-action@v1	2026-09-09T07:03:18.4078454Z   CARGO_TERM_COLOR: always
lint	Run j178/prek-action@v1	2026-09-09T07:03:18.4078695Z   RUST_BACKTRACE: short
lint	Run j178/prek-action@v1	2026-09-09T07:03:18.4079021Z   RUSTFLAGS: -D warnings
lint	Run j178/prek-action@v1	2026-09-09T07:03:18.4079393Z   CARGO_UNSTABLE_SPARSE_REGISTRY: true
lint	Run j178/prek-action@v1	2026-09-09T07:03:18.4080278Z   CARGO_REGISTRIES_CRATES_IO_PROTOCOL: sparse
lint	Run j178/prek-action@v1	2026-09-09T07:03:18.4080683Z   CACHE_ON_FAILURE: true
lint	Run j178/prek-action@v1	2026-09-09T07:03:18.4081280Z   CACHE_KEY: f383ff6fc98053745e76aa2f6d3abfb7
lint	Run j178/prek-action@v1	2026-09-09T07:03:18.4081779Z ##[endgroup]
lint	Run j178/prek-action@v1	2026-09-09T07:03:18.6421700Z Cache hit for: prek-v1|Linux|X64||3c8c476c57504604fc76efcc05c1852ee1d57fd29e2bcfc241b070cb2d3a49d4
lint	Run j178/prek-action@v1	2026-09-09T07:03:18.8496566Z Received 1080 of 1080 (100.0%), 0.0 MBs/sec
lint	Run j178/prek-action@v1	2026-09-09T07:03:18.8497317Z Cache Size: ~0 MB (1080 B)
lint	Run j178/prek-action@v1	2026-09-09T07:03:18.8529677Z [command]/usr/bin/tar -xf /home/runner/work/_temp/ba56f287-ad5e-4536-a90e-0a7c95d30d28/cache.tzst -P -C /home/runner/work/vig/vig --use-compress-program unzstd
lint	Run j178/prek-action@v1	2026-09-09T07:03:18.8585766Z Cache restored successfully
lint	Run j178/prek-action@v1	2026-09-09T07:03:18.8662727Z Cache restored from key: prek-v1|Linux|X64||3c8c476c57504604fc76efcc05c1852ee1d57fd29e2bcfc241b070cb2d3a49d4
lint	Run j178/prek-action@v1	2026-09-09T07:03:18.8729902Z ##[end-action id=__j178_prek-action.__actions_cache;outcome=success;conclusion=success;duration_ms=846]
lint	Run j178/prek-action@v1	2026-09-09T07:03:18.8733087Z ##[start-action display=Run prek;id=__j178_prek-action.__run_3]
lint	Run j178/prek-action@v1	2026-09-09T07:03:18.8750370Z ##[group]Run # Running prek
lint	Run j178/prek-action@v1	2026-09-09T07:03:18.8750681Z ^[[36;1m# Running prek^[[0m
lint	Run j178/prek-action@v1	2026-09-09T07:03:18.8751077Z ^[[36;1m^[[0m
lint	Run j178/prek-action@v1	2026-09-09T07:03:18.8751291Z ^[[36;1mimport shlex^[[0m
lint	Run j178/prek-action@v1	2026-09-09T07:03:18.8751528Z ^[[36;1mimport sys^[[0m
lint	Run j178/prek-action@v1	2026-09-09T07:03:18.8751756Z ^[[36;1mimport os^[[0m
lint	Run j178/prek-action@v1	2026-09-09T07:03:18.8751968Z ^[[36;1m^[[0m
lint	Run j178/prek-action@v1	2026-09-09T07:03:18.8752280Z ^[[36;1mcmd = ['prek', 'run', '--show-diff-on-failure', '--color=always']^[[0m
lint	Run j178/prek-action@v1	2026-09-09T07:03:18.8752668Z ^[[36;1m^[[0m
lint	Run j178/prek-action@v1	2026-09-09T07:03:18.8752904Z ^[[36;1mextra_args = os.environ['EXTRA_ARGS']^[[0m
lint	Run j178/prek-action@v1	2026-09-09T07:03:18.8753206Z ^[[36;1mif extra_args:^[[0m
lint	Run j178/prek-action@v1	2026-09-09T07:03:18.8753442Z ^[[36;1m    try:^[[0m
lint	Run j178/prek-action@v1	2026-09-09T07:03:18.8753706Z ^[[36;1m        parsed_args = shlex.split(extra_args)^[[0m
lint	Run j178/prek-action@v1	2026-09-09T07:03:18.8754043Z ^[[36;1m        cmd.extend(parsed_args)^[[0m
lint	Run j178/prek-action@v1	2026-09-09T07:03:18.8754340Z ^[[36;1m    except ValueError as e:^[[0m
lint	Run j178/prek-action@v1	2026-09-09T07:03:18.8754712Z ^[[36;1m        print(f'Error parsing extra-args: {e}', file=sys.stderr)^[[0m
lint	Run j178/prek-action@v1	2026-09-09T07:03:18.8755094Z ^[[36;1m        sys.exit(1)^[[0m
lint	Run j178/prek-action@v1	2026-09-09T07:03:18.8755348Z ^[[36;1m^[[0m
lint	Run j178/prek-action@v1	2026-09-09T07:03:18.8755574Z ^[[36;1mos.execvp(cmd[0], cmd)^[[0m
lint	Run j178/prek-action@v1	2026-09-09T07:03:18.8818285Z shell: /usr/bin/python {0}
lint	Run j178/prek-action@v1	2026-09-09T07:03:18.8818566Z env:
lint	Run j178/prek-action@v1	2026-09-09T07:03:18.8818775Z   CARGO_INCREMENTAL: 0
lint	Run j178/prek-action@v1	2026-09-09T07:03:18.8819035Z   CARGO_PROFILE_DEV_DEBUG: 0
lint	Run j178/prek-action@v1	2026-09-09T07:03:18.8819294Z   CARGO_TERM_COLOR: always
lint	Run j178/prek-action@v1	2026-09-09T07:03:18.8819819Z   RUST_BACKTRACE: short
lint	Run j178/prek-action@v1	2026-09-09T07:03:18.8820072Z   RUSTFLAGS: -D warnings
lint	Run j178/prek-action@v1	2026-09-09T07:03:18.8820333Z   CARGO_UNSTABLE_SPARSE_REGISTRY: true
lint	Run j178/prek-action@v1	2026-09-09T07:03:18.8820647Z   CARGO_REGISTRIES_CRATES_IO_PROTOCOL: sparse
lint	Run j178/prek-action@v1	2026-09-09T07:03:18.8820949Z   CACHE_ON_FAILURE: true
lint	Run j178/prek-action@v1	2026-09-09T07:03:18.8821216Z   CACHE_KEY: f383ff6fc98053745e76aa2f6d3abfb7
lint	Run j178/prek-action@v1	2026-09-09T07:03:18.8821509Z   EXTRA_ARGS: --all-files
lint	Run j178/prek-action@v1	2026-09-09T07:03:18.8821748Z ##[endgroup]
lint	Run j178/prek-action@v1	2026-09-09T07:03:25.4522394Z trim trailing whitespace^[[32m.................................................^[[39m^[[32;7mPassed^[[0m
lint	Run j178/prek-action@v1	2026-09-09T07:03:25.4523646Z fix end of files^[[32m.........................................................^[[39m^[[32;7mPassed^[[0m
lint	Run j178/prek-action@v1	2026-09-09T07:03:25.4524672Z check toml^[[32m...............................................................^[[39m^[[32;7mPassed^[[0m
lint	Run j178/prek-action@v1	2026-09-09T07:03:25.4525283Z check yaml^[[32m...............................................................^[[39m^[[32;7mPassed^[[0m
lint	Run j178/prek-action@v1	2026-09-09T07:03:25.4525886Z check for merge conflicts^[[32m................................................^[[39m^[[32;7mPassed^[[0m
lint	Run j178/prek-action@v1	2026-09-09T07:03:25.4526500Z check for added large files^[[32m..............................................^[[39m^[[32;7mPassed^[[0m
lint	Run j178/prek-action@v1	2026-09-09T07:03:25.4527094Z cargo fmt^[[32m................................................................^[[39m^[[32;7mPassed^[[0m
lint	Run j178/prek-action@v1	2026-09-09T07:03:25.4527670Z cargo clippy^[[32m.............................................................^[[39m^[[32;7mPassed^[[0m
lint	Run j178/prek-action@v1	2026-09-09T07:03:25.4528254Z check gif freshness^[[32m......................................................^[[39m^[[32;7mPassed^[[0m
lint	Run j178/prek-action@v1	2026-09-09T07:03:25.4547420Z ##[end-action id=__j178_prek-action.__run_3;outcome=success;conclusion=success;duration_ms=6581]
lint	Run j178/prek-action@v1	2026-09-09T07:03:25.4551374Z ##[start-action display=Show verbose logs;id=__j178_prek-action.__run_4]
lint	Run j178/prek-action@v1	2026-09-09T07:03:25.4578623Z ##[group]Run # Prek verbose logs
lint	Run j178/prek-action@v1	2026-09-09T07:03:25.4579149Z ^[[36;1m# Prek verbose logs^[[0m
lint	Run j178/prek-action@v1	2026-09-09T07:03:25.4580260Z ^[[36;1m^[[0m
lint	Run j178/prek-action@v1	2026-09-09T07:03:25.4580670Z ^[[36;1mecho "::group::Prek verbose logs"^[[0m
lint	Run j178/prek-action@v1	2026-09-09T07:03:25.4581442Z ^[[36;1mcache_dir="$(prek cache dir --no-log-file 2>/dev/null || echo ~/.cache/prek)"^[[0m
lint	Run j178/prek-action@v1	2026-09-09T07:03:25.4582215Z ^[[36;1mlog="$cache_dir/prek.log"^[[0m
lint	Run j178/prek-action@v1	2026-09-09T07:03:25.4582800Z ^[[36;1mcat "$log" || echo "No prek log file found at $log"^[[0m
lint	Run j178/prek-action@v1	2026-09-09T07:03:25.4583421Z ^[[36;1mecho "::endgroup::"^[[0m
lint	Run j178/prek-action@v1	2026-09-09T07:03:25.4624512Z shell: /usr/bin/bash --noprofile --norc -e -o pipefail {0}
lint	Run j178/prek-action@v1	2026-09-09T07:03:25.4624891Z env:
lint	Run j178/prek-action@v1	2026-09-09T07:03:25.4625106Z   CARGO_INCREMENTAL: 0
lint	Run j178/prek-action@v1	2026-09-09T07:03:25.4625361Z   CARGO_PROFILE_DEV_DEBUG: 0
lint	Run j178/prek-action@v1	2026-09-09T07:03:25.4625634Z   CARGO_TERM_COLOR: always
lint	Run j178/prek-action@v1	2026-09-09T07:03:25.4625880Z   RUST_BACKTRACE: short
lint	Run j178/prek-action@v1	2026-09-09T07:03:25.4626292Z   RUSTFLAGS: -D warnings
lint	Run j178/prek-action@v1	2026-09-09T07:03:25.4626549Z   CARGO_UNSTABLE_SPARSE_REGISTRY: true
lint	Run j178/prek-action@v1	2026-09-09T07:03:25.4626861Z   CARGO_REGISTRIES_CRATES_IO_PROTOCOL: sparse
lint	Run j178/prek-action@v1	2026-09-09T07:03:25.4627159Z   CACHE_ON_FAILURE: true
lint	Run j178/prek-action@v1	2026-09-09T07:03:25.4627419Z   CACHE_KEY: f383ff6fc98053745e76aa2f6d3abfb7
lint	Run j178/prek-action@v1	2026-09-09T07:03:25.4627698Z ##[endgroup]
lint	Run j178/prek-action@v1	2026-09-09T07:03:25.4686508Z ##[group]Prek verbose logs
lint	Run j178/prek-action@v1	2026-09-09T07:03:25.4726056Z 2026-09-09T07:03:18.908057Z DEBUG prek: 0.5.2
lint	Run j178/prek-action@v1	2026-09-09T07:03:25.4727055Z 2026-09-09T07:03:18.908076Z DEBUG Args: ["prek", "run", "--show-diff-on-failure", "--color=always", "--all-files"]
lint	Run j178/prek-action@v1	2026-09-09T07:03:25.4728402Z 2026-09-09T07:03:18.909480Z TRACE root: close time.busy=1.38ms time.idle=2.25µs
lint	Run j178/prek-action@v1	2026-09-09T07:03:25.4729660Z 2026-09-09T07:03:18.909501Z DEBUG Git root: /home/runner/work/vig/vig
lint	Run j178/prek-action@v1	2026-09-09T07:03:25.4730539Z 2026-09-09T07:03:18.909522Z DEBUG Found workspace root at `/home/runner/work/vig/vig`
lint	Run j178/prek-action@v1	2026-09-09T07:03:25.4731175Z 2026-09-09T07:03:18.909526Z TRACE Include selectors: ``
lint	Run j178/prek-action@v1	2026-09-09T07:03:25.4731543Z 2026-09-09T07:03:18.909529Z TRACE Skip selectors: ``
lint	Run j178/prek-action@v1	2026-09-09T07:03:25.4732212Z 2026-09-09T07:03:18.909576Z DEBUG discover{root="/home/runner/work/vig/vig" config=None refresh=false}: Cache is too old (64745s > 3600s), invalidating
lint	Run j178/prek-action@v1	2026-09-09T07:03:25.4733157Z 2026-09-09T07:03:18.909615Z DEBUG discover{root="/home/runner/work/vig/vig" config=None refresh=false}: Performing fresh workspace discovery
lint	Run j178/prek-action@v1	2026-09-09T07:03:25.4734425Z 2026-09-09T07:03:18.909637Z TRACE discover{root="/home/runner/work/vig/vig" config=None refresh=false}:list_submodules{git_root="/home/runner/work/vig/vig"}: close time.busy=6.89µs time.idle=521ns
lint	Run j178/prek-action@v1	2026-09-09T07:03:25.4735325Z 2026-09-09T07:03:18.910474Z DEBUG Loading project configuration path=prek.toml
lint	Run j178/prek-action@v1	2026-09-09T07:03:25.4736039Z 2026-09-09T07:03:18.913869Z TRACE discover{root="/home/runner/work/vig/vig" config=None refresh=false}: close time.busy=4.33ms time.idle=701ns
lint	Run j178/prek-action@v1	2026-09-09T07:03:25.4736857Z 2026-09-09T07:03:18.914013Z TRACE Checking lock resource="store" path=/home/runner/.cache/prek/.lock
lint	Run j178/prek-action@v1	2026-09-09T07:03:25.4737408Z 2026-09-09T07:03:18.914028Z DEBUG Acquired lock resource="store"
lint	Run j178/prek-action@v1	2026-09-09T07:03:25.4737881Z 2026-09-09T07:03:18.914143Z TRACE Released lock path=/home/runner/.cache/prek/.lock
lint	Run j178/prek-action@v1	2026-09-09T07:03:25.4738895Z 2026-09-09T07:03:18.914153Z DEBUG Hooks going to run: ["trailing-whitespace", "end-of-file-fixer", "check-toml", "check-yaml", "check-merge-conflict", "check-added-large-files", "cargo-fmt", "cargo-clippy", "check-gif-freshness"]
lint	Run j178/prek-action@v1	2026-09-09T07:03:25.4740666Z 2026-09-09T07:03:18.914168Z TRACE ls_files{cwd="/home/runner/work/vig/vig"}: Executing `cd /home/runner/work/vig/vig && /usr/bin/git -c core.useBuiltinFSMonitor=false --literal-pathspecs ls-files -z -- /home/runner/work/vig/vig`
lint	Run j178/prek-action@v1	2026-09-09T07:03:25.4741880Z 2026-09-09T07:03:18.915602Z TRACE ls_files{cwd="/home/runner/work/vig/vig"}: close time.busy=240µs time.idle=1.20ms
lint	Run j178/prek-action@v1	2026-09-09T07:03:25.4742676Z 2026-09-09T07:03:18.915616Z DEBUG All files in the workspace: 262
lint	Run j178/prek-action@v1	2026-09-09T07:03:25.4743142Z 2026-09-09T07:03:18.916373Z TRACE Files for project `.` after filtered: 262
lint	Run j178/prek-action@v1	2026-09-09T07:03:25.4743706Z 2026-09-09T07:03:18.916382Z DEBUG Running priority group with priority 0: ["trailing-whitespace"]
lint	Run j178/prek-action@v1	2026-09-09T07:03:25.4744517Z 2026-09-09T07:03:18.916407Z TRACE matching_filenames{hook="trailing-whitespace"}: close time.busy=12.7µs time.idle=781ns
lint	Run j178/prek-action@v1	2026-09-09T07:03:25.4745281Z 2026-09-09T07:03:18.916416Z TRACE Files for hook `trailing-whitespace` after filtering matched=true filenames=202
lint	Run j178/prek-action@v1	2026-09-09T07:03:25.4746131Z 2026-09-09T07:03:18.920531Z  INFO run{hook_id=trailing-whitespace language=system}: close time.busy=3.36ms time.idle=748µs
lint	Run j178/prek-action@v1	2026-09-09T07:03:25.4746838Z 2026-09-09T07:03:18.920555Z DEBUG Running priority group with priority 1: ["end-of-file-fixer"]
lint	Run j178/prek-action@v1	2026-09-09T07:03:25.4747628Z 2026-09-09T07:03:18.920573Z TRACE matching_filenames{hook="end-of-file-fixer"}: close time.busy=11.9µs time.idle=411ns
lint	Run j178/prek-action@v1	2026-09-09T07:03:25.4748366Z 2026-09-09T07:03:18.920581Z TRACE Files for hook `end-of-file-fixer` after filtering matched=true filenames=202
lint	Run j178/prek-action@v1	2026-09-09T07:03:25.4749346Z 2026-09-09T07:03:18.923754Z  INFO run{hook_id=end-of-file-fixer language=system}: close time.busy=2.28ms time.idle=892µs
lint	Run j178/prek-action@v1	2026-09-09T07:03:25.4750283Z 2026-09-09T07:03:18.923780Z DEBUG Running priority group with priority 2: ["check-toml"]
lint	Run j178/prek-action@v1	2026-09-09T07:03:25.4751017Z 2026-09-09T07:03:18.923788Z TRACE matching_filenames{hook="check-toml"}: close time.busy=1.47µs time.idle=491ns
lint	Run j178/prek-action@v1	2026-09-09T07:03:25.4751718Z 2026-09-09T07:03:18.923796Z TRACE Files for hook `check-toml` after filtering matched=true filenames=6
lint	Run j178/prek-action@v1	2026-09-09T07:03:25.4752528Z 2026-09-09T07:03:18.925668Z  INFO run{hook_id=check-toml language=system}: close time.busy=1.81ms time.idle=60.5µs
lint	Run j178/prek-action@v1	2026-09-09T07:03:25.4753168Z 2026-09-09T07:03:18.925692Z DEBUG Running priority group with priority 3: ["check-yaml"]
lint	Run j178/prek-action@v1	2026-09-09T07:03:25.4753888Z 2026-09-09T07:03:18.925700Z TRACE matching_filenames{hook="check-yaml"}: close time.busy=1.18µs time.idle=341ns
lint	Run j178/prek-action@v1	2026-09-09T07:03:25.4754575Z 2026-09-09T07:03:18.925707Z TRACE Files for hook `check-yaml` after filtering matched=true filenames=4
lint	Run j178/prek-action@v1	2026-09-09T07:03:25.4755336Z 2026-09-09T07:03:18.926356Z  INFO run{hook_id=check-yaml language=system}: close time.busy=616µs time.idle=27.6µs
lint	Run j178/prek-action@v1	2026-09-09T07:03:25.4756020Z 2026-09-09T07:03:18.926380Z DEBUG Running priority group with priority 4: ["check-merge-conflict"]
lint	Run j178/prek-action@v1	2026-09-09T07:03:25.4756825Z 2026-09-09T07:03:18.926389Z TRACE matching_filenames{hook="check-merge-conflict"}: close time.busy=2.95µs time.idle=360ns
lint	Run j178/prek-action@v1	2026-09-09T07:03:25.4757588Z 2026-09-09T07:03:18.926402Z TRACE Files for hook `check-merge-conflict` after filtering matched=true filenames=246
lint	Run j178/prek-action@v1	2026-09-09T07:03:25.4758497Z 2026-09-09T07:03:18.926423Z TRACE run{hook_id=check-merge-conflict language=system}: Executing `/usr/bin/git -c core.useBuiltinFSMonitor=false rev-parse --git-dir`
lint	Run j178/prek-action@v1	2026-09-09T07:03:25.4759815Z 2026-09-09T07:03:18.927667Z  INFO run{hook_id=check-merge-conflict language=system}: close time.busy=232µs time.idle=1.03ms
lint	Run j178/prek-action@v1	2026-09-09T07:03:25.4760534Z 2026-09-09T07:03:18.927691Z DEBUG Running priority group with priority 5: ["check-added-large-files"]
lint	Run j178/prek-action@v1	2026-09-09T07:03:25.4761325Z 2026-09-09T07:03:18.927700Z TRACE matching_filenames{hook="check-added-large-files"}: close time.busy=2.92µs time.idle=392ns
lint	Run j178/prek-action@v1	2026-09-09T07:03:25.4762056Z 2026-09-09T07:03:18.927707Z TRACE Files for hook `check-added-large-files` after filtering matched=true filenames=262
lint	Run j178/prek-action@v1	2026-09-09T07:03:25.4763122Z 2026-09-09T07:03:18.927732Z TRACE run{hook_id=check-added-large-files language=system}: Executing `cd /home/runner/work/vig/vig && /usr/bin/git -c core.useBuiltinFSMonitor=false diff --staged --relative --name-only --diff-filter=A -z`
lint	Run j178/prek-action@v1	2026-09-09T07:03:25.4764298Z 2026-09-09T07:03:18.929436Z  INFO run{hook_id=check-added-large-files language=system}: close time.busy=234µs time.idle=1.49ms
lint	Run j178/prek-action@v1	2026-09-09T07:03:25.4765392Z 2026-09-09T07:03:18.929465Z TRACE diff_worktree{path="/home/runner/work/vig/vig"}: Executing `/usr/bin/git -c core.useBuiltinFSMonitor=false diff --full-index --no-ext-diff --no-textconv --ignore-submodules -- /home/runner/work/vig/vig`
lint	Run j178/prek-action@v1	2026-09-09T07:03:25.4766699Z 2026-09-09T07:03:18.961101Z TRACE diff_worktree{path="/home/runner/work/vig/vig"}: close time.busy=204µs time.idle=31.4ms
lint	Run j178/prek-action@v1	2026-09-09T07:03:25.4767320Z 2026-09-09T07:03:18.961118Z DEBUG Running priority group with priority 6: ["cargo-fmt"]
lint	Run j178/prek-action@v1	2026-09-09T07:03:25.4767875Z 2026-09-09T07:03:18.961127Z TRACE Files for hook `cargo-fmt` after filtering matched=true filenames=0
lint	Run j178/prek-action@v1	2026-09-09T07:03:25.4768526Z 2026-09-09T07:03:18.961253Z TRACE run{hook_id=cargo-fmt language=system}: Running cargo-fmt total_files=0 concurrency=4
lint	Run j178/prek-action@v1	2026-09-09T07:03:25.4769351Z 2026-09-09T07:03:18.961340Z TRACE run{hook_id=cargo-fmt language=system}: Executing `cd /home/runner/work/vig/vig && /home/runner/.cargo/bin/cargo fmt --check`
lint	Run j178/prek-action@v1	2026-09-09T07:03:25.4770445Z 2026-09-09T07:03:19.401761Z  INFO run{hook_id=cargo-fmt language=system}: close time.busy=448µs time.idle=440ms
lint	Run j178/prek-action@v1	2026-09-09T07:03:25.4771505Z 2026-09-09T07:03:19.401816Z TRACE diff_worktree{path="/home/runner/work/vig/vig"}: Executing `/usr/bin/git -c core.useBuiltinFSMonitor=false diff --full-index --no-ext-diff --no-textconv --ignore-submodules -- /home/runner/work/vig/vig`
lint	Run j178/prek-action@v1	2026-09-09T07:03:25.4772780Z 2026-09-09T07:03:19.435017Z TRACE diff_worktree{path="/home/runner/work/vig/vig"}: close time.busy=406µs time.idle=32.8ms
lint	Run j178/prek-action@v1	2026-09-09T07:03:25.4773453Z 2026-09-09T07:03:19.435051Z DEBUG Running priority group with priority 7: ["cargo-clippy"]
lint	Run j178/prek-action@v1	2026-09-09T07:03:25.4774089Z 2026-09-09T07:03:19.435068Z TRACE Files for hook `cargo-clippy` after filtering matched=true filenames=0
lint	Run j178/prek-action@v1	2026-09-09T07:03:25.4774840Z 2026-09-09T07:03:19.435145Z TRACE run{hook_id=cargo-clippy language=system}: Running cargo-clippy total_files=0 concurrency=4
lint	Run j178/prek-action@v1	2026-09-09T07:03:25.4775859Z 2026-09-09T07:03:19.435231Z TRACE run{hook_id=cargo-clippy language=system}: Executing `cd /home/runner/work/vig/vig && /home/runner/.cargo/bin/cargo clippy --all-targets -- -D warnings`
lint	Run j178/prek-action@v1	2026-09-09T07:03:25.4776910Z 2026-09-09T07:03:25.382792Z  INFO run{hook_id=cargo-clippy language=system}: close time.busy=493µs time.idle=5.95s
lint	Run j178/prek-action@v1	2026-09-09T07:03:25.4778066Z 2026-09-09T07:03:25.382835Z TRACE diff_worktree{path="/home/runner/work/vig/vig"}: Executing `/usr/bin/git -c core.useBuiltinFSMonitor=false diff --full-index --no-ext-diff --no-textconv --ignore-submodules -- /home/runner/work/vig/vig`
lint	Run j178/prek-action@v1	2026-09-09T07:03:25.4779317Z 2026-09-09T07:03:25.414909Z TRACE diff_worktree{path="/home/runner/work/vig/vig"}: close time.busy=331µs time.idle=31.7ms
lint	Run j178/prek-action@v1	2026-09-09T07:03:25.4780260Z 2026-09-09T07:03:25.414971Z DEBUG Running priority group with priority 8: ["check-gif-freshness"]
lint	Run j178/prek-action@v1	2026-09-09T07:03:25.4780947Z 2026-09-09T07:03:25.414985Z TRACE Files for hook `check-gif-freshness` after filtering matched=true filenames=0
lint	Run j178/prek-action@v1	2026-09-09T07:03:25.4781767Z 2026-09-09T07:03:25.415090Z TRACE run{hook_id=check-gif-freshness language=system}: Running check-gif-freshness total_files=0 concurrency=4
lint	Run j178/prek-action@v1	2026-09-09T07:03:25.4782827Z 2026-09-09T07:03:25.415177Z TRACE run{hook_id=check-gif-freshness language=system}: Executing `cd /home/runner/work/vig/vig && /usr/bin/bash -c staged=$(git diff --cached --name-only)
lint	Run j178/prek-action@v1	2026-09-09T07:03:25.4783603Z tapes=$(echo "$staged" | grep '\.tape$' || true)
lint	Run j178/prek-action@v1	2026-09-09T07:03:25.4783928Z if [ -z "$tapes" ]; then exit 0; fi
lint	Run j178/prek-action@v1	2026-09-09T07:03:25.4784207Z for tape in $tapes; do
lint	Run j178/prek-action@v1	2026-09-09T07:03:25.4784476Z   gif="assets/$(basename "${tape%.tape}").gif"
lint	Run j178/prek-action@v1	2026-09-09T07:03:25.4784815Z   if ! echo "$staged" | grep -qF "$gif"; then
lint	Run j178/prek-action@v1	2026-09-09T07:03:25.4785286Z     echo "$tape was modified but $gif is not staged — run: mise run demo:all"
lint	Run j178/prek-action@v1	2026-09-09T07:03:25.4785680Z     exit 1
lint	Run j178/prek-action@v1	2026-09-09T07:03:25.4785872Z   fi
lint	Run j178/prek-action@v1	2026-09-09T07:03:25.4786057Z done
lint	Run j178/prek-action@v1	2026-09-09T07:03:25.4786233Z `
lint	Run j178/prek-action@v1	2026-09-09T07:03:25.4786786Z 2026-09-09T07:03:25.420336Z  INFO run{hook_id=check-gif-freshness language=system}: close time.busy=421µs time.idle=4.92ms
lint	Run j178/prek-action@v1	2026-09-09T07:03:25.4788120Z 2026-09-09T07:03:25.420365Z TRACE diff_worktree{path="/home/runner/work/vig/vig"}: Executing `/usr/bin/git -c core.useBuiltinFSMonitor=false diff --full-index --no-ext-diff --no-textconv --ignore-submodules -- /home/runner/work/vig/vig`
lint	Run j178/prek-action@v1	2026-09-09T07:03:25.4789382Z 2026-09-09T07:03:25.451977Z TRACE diff_worktree{path="/home/runner/work/vig/vig"}: close time.busy=230µs time.idle=31.4ms
lint	Run j178/prek-action@v1	2026-09-09T07:03:25.4790367Z ##[endgroup]
lint	Run j178/prek-action@v1	2026-09-09T07:03:25.4794477Z ##[end-action id=__j178_prek-action.__run_4;outcome=success;conclusion=success;duration_ms=24]
lint	Run j178/prek-action@v1	2026-09-09T07:03:25.4796391Z ##[start-action display=Prune cache;id=__j178_prek-action.__run_5]
lint	Run j178/prek-action@v1	2026-09-09T07:03:25.4810644Z ##[group]Run # Prune prek cache
lint	Run j178/prek-action@v1	2026-09-09T07:03:25.4810954Z ^[[36;1m# Prune prek cache^[[0m
lint	Run j178/prek-action@v1	2026-09-09T07:03:25.4811200Z ^[[36;1m^[[0m
lint	Run j178/prek-action@v1	2026-09-09T07:03:25.4811424Z ^[[36;1mecho "::group::Pruning prek cache"^[[0m
lint	Run j178/prek-action@v1	2026-09-09T07:03:25.4811810Z ^[[36;1mprek cache gc -v || echo "Failed to prune prek cache"^[[0m
lint	Run j178/prek-action@v1	2026-09-09T07:03:25.4812182Z ^[[36;1mecho "::endgroup::"^[[0m
lint	Run j178/prek-action@v1	2026-09-09T07:03:25.4843156Z shell: /usr/bin/bash --noprofile --norc -e -o pipefail {0}
lint	Run j178/prek-action@v1	2026-09-09T07:03:25.4843617Z env:
lint	Run j178/prek-action@v1	2026-09-09T07:03:25.4843803Z   CARGO_INCREMENTAL: 0
lint	Run j178/prek-action@v1	2026-09-09T07:03:25.4844029Z   CARGO_PROFILE_DEV_DEBUG: 0
lint	Run j178/prek-action@v1	2026-09-09T07:03:25.4844263Z   CARGO_TERM_COLOR: always
lint	Run j178/prek-action@v1	2026-09-09T07:03:25.4844484Z   RUST_BACKTRACE: short
lint	Run j178/prek-action@v1	2026-09-09T07:03:25.4844698Z   RUSTFLAGS: -D warnings
lint	Run j178/prek-action@v1	2026-09-09T07:03:25.4844960Z   CARGO_UNSTABLE_SPARSE_REGISTRY: true
lint	Run j178/prek-action@v1	2026-09-09T07:03:25.4845274Z   CARGO_REGISTRIES_CRATES_IO_PROTOCOL: sparse
lint	Run j178/prek-action@v1	2026-09-09T07:03:25.4845639Z   CACHE_ON_FAILURE: true
lint	Run j178/prek-action@v1	2026-09-09T07:03:25.4845919Z   CACHE_KEY: f383ff6fc98053745e76aa2f6d3abfb7
lint	Run j178/prek-action@v1	2026-09-09T07:03:25.4846205Z ##[endgroup]
lint	Run j178/prek-action@v1	2026-09-09T07:03:25.4896646Z ##[group]Pruning prek cache
lint	Run j178/prek-action@v1	2026-09-09T07:03:25.4925639Z Nothing to clean
lint	Run j178/prek-action@v1	2026-09-09T07:03:25.4932156Z ##[endgroup]
lint	Run j178/prek-action@v1	2026-09-09T07:03:25.4937873Z ##[end-action id=__j178_prek-action.__run_5;outcome=success;conclusion=success;duration_ms=14]
lint	Post Run j178/prek-action@v1	﻿2026-09-09T07:03:25.5066498Z Post job cleanup.
lint	Post Run j178/prek-action@v1	2026-09-09T07:03:25.5070045Z ##[start-action display=Setup cache;id=__a48771b1-27c5-4430-b871-4845c56fbca5.__actions_cache]
lint	Post Run j178/prek-action@v1	2026-09-09T07:03:25.8845113Z Post job cleanup.
lint	Post Run j178/prek-action@v1	2026-09-09T07:03:26.0092137Z Cache hit occurred on the primary key prek-v1|Linux|X64||3c8c476c57504604fc76efcc05c1852ee1d57fd29e2bcfc241b070cb2d3a49d4, not saving cache.
lint	Post Run j178/prek-action@v1	2026-09-09T07:03:26.0171491Z ##[end-action id=__a48771b1-27c5-4430-b871-4845c56fbca5.__actions_cache;outcome=success;conclusion=success;duration_ms=510]
lint	Post Run actions-rust-lang/setup-rust-toolchain@v1	﻿2026-09-09T07:03:26.0374713Z Post job cleanup.
lint	Post Run actions-rust-lang/setup-rust-toolchain@v1	2026-09-09T07:03:26.0377863Z ##[start-action display=Setup Rust Caching;id=__ddde505c-8ceb-4619-83fe-bf5d3a87cec7.__Swatinem_rust-cache]
lint	Post Run actions-rust-lang/setup-rust-toolchain@v1	2026-09-09T07:03:26.0417567Z Post job cleanup.
lint	Post Run actions-rust-lang/setup-rust-toolchain@v1	2026-09-09T07:03:26.3132007Z Cache up-to-date.
lint	Post Run actions-rust-lang/setup-rust-toolchain@v1	2026-09-09T07:03:26.3134895Z (node:2966) [DEP0040] DeprecationWarning: The `punycode` module is deprecated. Please use a userland alternative instead.
lint	Post Run actions-rust-lang/setup-rust-toolchain@v1	2026-09-09T07:03:26.3135858Z (Use `node --trace-deprecation ...` to show where the warning was created)
lint	Post Run actions-rust-lang/setup-rust-toolchain@v1	2026-09-09T07:03:26.3275765Z ##[end-action id=__ddde505c-8ceb-4619-83fe-bf5d3a87cec7.__Swatinem_rust-cache;outcome=success;conclusion=success;duration_ms=289]
lint	Post Run actions/checkout@v6	﻿2026-09-09T07:03:26.3372076Z Post job cleanup.
lint	Post Run actions/checkout@v6	2026-09-09T07:03:26.4321069Z [command]/usr/bin/git version
lint	Post Run actions/checkout@v6	2026-09-09T07:03:26.4365669Z git version 2.55.0
lint	Post Run actions/checkout@v6	2026-09-09T07:03:26.4410867Z Temporarily overriding HOME='/home/runner/work/_temp/b2ef26b2-0a36-4ec0-8032-6d7b92fc9ca4' before making global git config changes
lint	Post Run actions/checkout@v6	2026-09-09T07:03:26.4411800Z Adding repository directory to the temporary git global config as a safe directory
lint	Post Run actions/checkout@v6	2026-09-09T07:03:26.4416657Z [command]/usr/bin/git config --global --add safe.directory /home/runner/work/vig/vig
lint	Post Run actions/checkout@v6	2026-09-09T07:03:26.4448933Z Removing SSH command configuration
lint	Post Run actions/checkout@v6	2026-09-09T07:03:26.4456512Z [command]/usr/bin/git config --local --name-only --get-regexp core\.sshCommand
lint	Post Run actions/checkout@v6	2026-09-09T07:03:26.4493874Z [command]/usr/bin/git submodule foreach --recursive sh -c "git config --local --name-only --get-regexp 'core\.sshCommand' && git config --local --unset-all 'core.sshCommand' || :"
lint	Post Run actions/checkout@v6	2026-09-09T07:03:26.4738230Z Removing HTTP extra header
lint	Post Run actions/checkout@v6	2026-09-09T07:03:26.4744955Z [command]/usr/bin/git config --local --name-only --get-regexp http\.https\:\/\/github\.com\/\.extraheader
lint	Post Run actions/checkout@v6	2026-09-09T07:03:26.4783536Z [command]/usr/bin/git submodule foreach --recursive sh -c "git config --local --name-only --get-regexp 'http\.https\:\/\/github\.com\/\.extraheader' && git config --local --unset-all 'http.https://github.com/.extraheader' || :"
lint	Post Run actions/checkout@v6	2026-09-09T07:03:26.5028091Z Removing includeIf entries pointing to credentials config files
lint	Post Run actions/checkout@v6	2026-09-09T07:03:26.5035608Z [command]/usr/bin/git config --local --name-only --get-regexp ^includeIf\.gitdir:
lint	Post Run actions/checkout@v6	2026-09-09T07:03:26.5066592Z includeif.gitdir:/home/runner/work/vig/vig/.git.path
lint	Post Run actions/checkout@v6	2026-09-09T07:03:26.5067588Z includeif.gitdir:/home/runner/work/vig/vig/.git/worktrees/*.path
lint	Post Run actions/checkout@v6	2026-09-09T07:03:26.5068595Z includeif.gitdir:/github/workspace/.git.path
lint	Post Run actions/checkout@v6	2026-09-09T07:03:26.5069764Z includeif.gitdir:/github/workspace/.git/worktrees/*.path
lint	Post Run actions/checkout@v6	2026-09-09T07:03:26.5079156Z [command]/usr/bin/git config --local --get-all includeif.gitdir:/home/runner/work/vig/vig/.git.path
lint	Post Run actions/checkout@v6	2026-09-09T07:03:26.5105826Z /home/runner/work/_temp/git-credentials-a1651631-e13d-4641-91ce-74b55865f29f.config
lint	Post Run actions/checkout@v6	2026-09-09T07:03:26.5118715Z [command]/usr/bin/git config --local --unset includeif.gitdir:/home/runner/work/vig/vig/.git.path /home/runner/work/_temp/git-credentials-a1651631-e13d-4641-91ce-74b55865f29f.config
lint	Post Run actions/checkout@v6	2026-09-09T07:03:26.5166975Z [command]/usr/bin/git config --local --get-all includeif.gitdir:/home/runner/work/vig/vig/.git/worktrees/*.path
lint	Post Run actions/checkout@v6	2026-09-09T07:03:26.5187773Z /home/runner/work/_temp/git-credentials-a1651631-e13d-4641-91ce-74b55865f29f.config
lint	Post Run actions/checkout@v6	2026-09-09T07:03:26.5204353Z [command]/usr/bin/git config --local --unset includeif.gitdir:/home/runner/work/vig/vig/.git/worktrees/*.path /home/runner/work/_temp/git-credentials-a1651631-e13d-4641-91ce-74b55865f29f.config
lint	Post Run actions/checkout@v6	2026-09-09T07:03:26.5254443Z [command]/usr/bin/git config --local --get-all includeif.gitdir:/github/workspace/.git.path
lint	Post Run actions/checkout@v6	2026-09-09T07:03:26.5282337Z /github/runner_temp/git-credentials-a1651631-e13d-4641-91ce-74b55865f29f.config
lint	Post Run actions/checkout@v6	2026-09-09T07:03:26.5293493Z [command]/usr/bin/git config --local --unset includeif.gitdir:/github/workspace/.git.path /github/runner_temp/git-credentials-a1651631-e13d-4641-91ce-74b55865f29f.config
lint	Post Run actions/checkout@v6	2026-09-09T07:03:26.5332284Z [command]/usr/bin/git config --local --get-all includeif.gitdir:/github/workspace/.git/worktrees/*.path
lint	Post Run actions/checkout@v6	2026-09-09T07:03:26.5358762Z /github/runner_temp/git-credentials-a1651631-e13d-4641-91ce-74b55865f29f.config
lint	Post Run actions/checkout@v6	2026-09-09T07:03:26.5369910Z [command]/usr/bin/git config --local --unset includeif.gitdir:/github/workspace/.git/worktrees/*.path /github/runner_temp/git-credentials-a1651631-e13d-4641-91ce-74b55865f29f.config
lint	Post Run actions/checkout@v6	2026-09-09T07:03:26.5408096Z [command]/usr/bin/git submodule foreach --recursive git config --local --show-origin --name-only --get-regexp remote.origin.url
lint	Post Run actions/checkout@v6	2026-09-09T07:03:26.5661422Z Removing credentials config '/home/runner/work/_temp/git-credentials-a1651631-e13d-4641-91ce-74b55865f29f.config'
lint	Complete job	﻿2026-09-09T07:03:26.5796660Z Cleaning up orphan processes
