build (aarch64-unknown-linux-gnu, ubuntu-24.04-arm)	Set up job	﻿2026-09-10T05:24:11.8822373Z Current runner version: '2.337.0'
build (aarch64-unknown-linux-gnu, ubuntu-24.04-arm)	Set up job	2026-09-10T05:24:11.8855886Z ##[group]Runner Image Provisioner
build (aarch64-unknown-linux-gnu, ubuntu-24.04-arm)	Set up job	2026-09-10T05:24:11.8857019Z Hosted Compute Agent
build (aarch64-unknown-linux-gnu, ubuntu-24.04-arm)	Set up job	2026-09-10T05:24:11.8857916Z Version: 20260828.587
build (aarch64-unknown-linux-gnu, ubuntu-24.04-arm)	Set up job	2026-09-10T05:24:11.8858644Z Commit: abac92662cab4cc7352de4f9f9d2e2419aad9c29
build (aarch64-unknown-linux-gnu, ubuntu-24.04-arm)	Set up job	2026-09-10T05:24:11.8859384Z Build Date: 2026-08-28T16:44:25Z
build (aarch64-unknown-linux-gnu, ubuntu-24.04-arm)	Set up job	2026-09-10T05:24:11.8860140Z Worker ID: {3c4cf4cb-b067-44cf-8999-8b067273e311}
build (aarch64-unknown-linux-gnu, ubuntu-24.04-arm)	Set up job	2026-09-10T05:24:11.8860896Z Azure Region: westus3
build (aarch64-unknown-linux-gnu, ubuntu-24.04-arm)	Set up job	2026-09-10T05:24:11.8861493Z ##[endgroup]
build (aarch64-unknown-linux-gnu, ubuntu-24.04-arm)	Set up job	2026-09-10T05:24:11.8863599Z ##[group]Operating System
build (aarch64-unknown-linux-gnu, ubuntu-24.04-arm)	Set up job	2026-09-10T05:24:11.8864272Z Ubuntu
build (aarch64-unknown-linux-gnu, ubuntu-24.04-arm)	Set up job	2026-09-10T05:24:11.8865355Z 24.04.5
build (aarch64-unknown-linux-gnu, ubuntu-24.04-arm)	Set up job	2026-09-10T05:24:11.8865968Z LTS
build (aarch64-unknown-linux-gnu, ubuntu-24.04-arm)	Set up job	2026-09-10T05:24:11.8866544Z ##[endgroup]
build (aarch64-unknown-linux-gnu, ubuntu-24.04-arm)	Set up job	2026-09-10T05:24:11.8867238Z ##[group]Runner Image
build (aarch64-unknown-linux-gnu, ubuntu-24.04-arm)	Set up job	2026-09-10T05:24:11.8867892Z Image: ubuntu-24.04-arm
build (aarch64-unknown-linux-gnu, ubuntu-24.04-arm)	Set up job	2026-09-10T05:24:11.8868602Z Version: 20260907.118.1
build (aarch64-unknown-linux-gnu, ubuntu-24.04-arm)	Set up job	2026-09-10T05:24:11.8869787Z Included Software: https://github.com/actions/runner-images/blob/ubuntu24-arm64/20260907.118/images/ubuntu/Ubuntu2404-Arm64-Readme.md
build (aarch64-unknown-linux-gnu, ubuntu-24.04-arm)	Set up job	2026-09-10T05:24:11.8872334Z Image Release: https://github.com/actions/runner-images/releases/tag/ubuntu24-arm64%2F20260907.118
build (aarch64-unknown-linux-gnu, ubuntu-24.04-arm)	Set up job	2026-09-10T05:24:11.8873377Z ##[endgroup]
build (aarch64-unknown-linux-gnu, ubuntu-24.04-arm)	Set up job	2026-09-10T05:24:11.8874669Z ##[group]GITHUB_TOKEN Permissions
build (aarch64-unknown-linux-gnu, ubuntu-24.04-arm)	Set up job	2026-09-10T05:24:11.8878325Z Contents: read
build (aarch64-unknown-linux-gnu, ubuntu-24.04-arm)	Set up job	2026-09-10T05:24:11.8879222Z Metadata: read
build (aarch64-unknown-linux-gnu, ubuntu-24.04-arm)	Set up job	2026-09-10T05:24:11.8879808Z ##[endgroup]
build (aarch64-unknown-linux-gnu, ubuntu-24.04-arm)	Set up job	2026-09-10T05:24:11.8882820Z Secret source: Actions
build (aarch64-unknown-linux-gnu, ubuntu-24.04-arm)	Set up job	2026-09-10T05:24:11.8883914Z Cache mode: write
build (aarch64-unknown-linux-gnu, ubuntu-24.04-arm)	Set up job	2026-09-10T05:24:11.8885516Z Prepare workflow directory
build (aarch64-unknown-linux-gnu, ubuntu-24.04-arm)	Set up job	2026-09-10T05:24:11.9299782Z Prepare all required actions
build (aarch64-unknown-linux-gnu, ubuntu-24.04-arm)	Set up job	2026-09-10T05:24:11.9355999Z Getting action download info
build (aarch64-unknown-linux-gnu, ubuntu-24.04-arm)	Set up job	2026-09-10T05:24:12.2488896Z Download action repository 'actions/checkout@v6' (SHA:d23441a48e516b6c34aea4fa41551a30e30af803)
build (aarch64-unknown-linux-gnu, ubuntu-24.04-arm)	Set up job	2026-09-10T05:24:12.3749058Z Download action repository 'actions-rust-lang/setup-rust-toolchain@v1' (SHA:166cdcfd11aee3cb47222f9ddb555ce30ddb9659)
build (aarch64-unknown-linux-gnu, ubuntu-24.04-arm)	Set up job	2026-09-10T05:24:12.7602810Z Download action repository 'actions/upload-artifact@v6' (SHA:b7c566a772e6b6bfb58ed0dc250532a479d7789f)
build (aarch64-unknown-linux-gnu, ubuntu-24.04-arm)	Set up job	2026-09-10T05:24:13.1284523Z Getting action download info
build (aarch64-unknown-linux-gnu, ubuntu-24.04-arm)	Set up job	2026-09-10T05:24:13.2439930Z Download action repository 'Swatinem/rust-cache@c19371144df3bb44fab255c43d04cbc2ab54d1c4' (SHA:c19371144df3bb44fab255c43d04cbc2ab54d1c4)
build (aarch64-unknown-linux-gnu, ubuntu-24.04-arm)	Set up job	2026-09-10T05:24:14.2711910Z Complete job name: build (aarch64-unknown-linux-gnu, ubuntu-24.04-arm)
build (aarch64-unknown-linux-gnu, ubuntu-24.04-arm)	Run actions/checkout@v6	﻿2026-09-10T05:24:14.3642369Z ##[group]Run actions/checkout@v6
build (aarch64-unknown-linux-gnu, ubuntu-24.04-arm)	Run actions/checkout@v6	2026-09-10T05:24:14.3643977Z with:
build (aarch64-unknown-linux-gnu, ubuntu-24.04-arm)	Run actions/checkout@v6	2026-09-10T05:24:14.3644726Z   repository: td72/vig
build (aarch64-unknown-linux-gnu, ubuntu-24.04-arm)	Run actions/checkout@v6	2026-09-10T05:24:14.3650959Z   token: ***
build (aarch64-unknown-linux-gnu, ubuntu-24.04-arm)	Run actions/checkout@v6	2026-09-10T05:24:14.3651769Z   ssh-strict: true
build (aarch64-unknown-linux-gnu, ubuntu-24.04-arm)	Run actions/checkout@v6	2026-09-10T05:24:14.3652474Z   ssh-user: git
build (aarch64-unknown-linux-gnu, ubuntu-24.04-arm)	Run actions/checkout@v6	2026-09-10T05:24:14.3653248Z   persist-credentials: true
build (aarch64-unknown-linux-gnu, ubuntu-24.04-arm)	Run actions/checkout@v6	2026-09-10T05:24:14.3654021Z   clean: true
build (aarch64-unknown-linux-gnu, ubuntu-24.04-arm)	Run actions/checkout@v6	2026-09-10T05:24:14.3654756Z   sparse-checkout-cone-mode: true
build (aarch64-unknown-linux-gnu, ubuntu-24.04-arm)	Run actions/checkout@v6	2026-09-10T05:24:14.3655812Z   fetch-depth: 1
build (aarch64-unknown-linux-gnu, ubuntu-24.04-arm)	Run actions/checkout@v6	2026-09-10T05:24:14.3656509Z   fetch-tags: false
build (aarch64-unknown-linux-gnu, ubuntu-24.04-arm)	Run actions/checkout@v6	2026-09-10T05:24:14.3657285Z   show-progress: true
build (aarch64-unknown-linux-gnu, ubuntu-24.04-arm)	Run actions/checkout@v6	2026-09-10T05:24:14.3658022Z   lfs: false
build (aarch64-unknown-linux-gnu, ubuntu-24.04-arm)	Run actions/checkout@v6	2026-09-10T05:24:14.3658718Z   submodules: false
build (aarch64-unknown-linux-gnu, ubuntu-24.04-arm)	Run actions/checkout@v6	2026-09-10T05:24:14.3659569Z   set-safe-directory: true
build (aarch64-unknown-linux-gnu, ubuntu-24.04-arm)	Run actions/checkout@v6	2026-09-10T05:24:14.3660398Z   allow-unsafe-pr-checkout: false
build (aarch64-unknown-linux-gnu, ubuntu-24.04-arm)	Run actions/checkout@v6	2026-09-10T05:24:14.3661787Z ##[endgroup]
build (aarch64-unknown-linux-gnu, ubuntu-24.04-arm)	Run actions/checkout@v6	2026-09-10T05:24:14.4561418Z Syncing repository: td72/vig
build (aarch64-unknown-linux-gnu, ubuntu-24.04-arm)	Run actions/checkout@v6	2026-09-10T05:24:14.4564209Z ##[group]Getting Git version info
build (aarch64-unknown-linux-gnu, ubuntu-24.04-arm)	Run actions/checkout@v6	2026-09-10T05:24:14.4565769Z Working directory is '/home/runner/work/vig/vig'
build (aarch64-unknown-linux-gnu, ubuntu-24.04-arm)	Run actions/checkout@v6	2026-09-10T05:24:14.4567659Z [command]/usr/bin/git version
build (aarch64-unknown-linux-gnu, ubuntu-24.04-arm)	Run actions/checkout@v6	2026-09-10T05:24:14.4676807Z git version 2.55.0
build (aarch64-unknown-linux-gnu, ubuntu-24.04-arm)	Run actions/checkout@v6	2026-09-10T05:24:14.4680234Z ##[endgroup]
build (aarch64-unknown-linux-gnu, ubuntu-24.04-arm)	Run actions/checkout@v6	2026-09-10T05:24:14.4697885Z Temporarily overriding HOME='/home/runner/work/_temp/20f636ac-ef67-4ac2-bda1-a176583b97b6' before making global git config changes
build (aarch64-unknown-linux-gnu, ubuntu-24.04-arm)	Run actions/checkout@v6	2026-09-10T05:24:14.4700410Z Adding repository directory to the temporary git global config as a safe directory
build (aarch64-unknown-linux-gnu, ubuntu-24.04-arm)	Run actions/checkout@v6	2026-09-10T05:24:14.4702998Z [command]/usr/bin/git config --global --add safe.directory /home/runner/work/vig/vig
build (aarch64-unknown-linux-gnu, ubuntu-24.04-arm)	Run actions/checkout@v6	2026-09-10T05:24:14.4739239Z Deleting the contents of '/home/runner/work/vig/vig'
build (aarch64-unknown-linux-gnu, ubuntu-24.04-arm)	Run actions/checkout@v6	2026-09-10T05:24:14.4746089Z ##[group]Determining repository object format
build (aarch64-unknown-linux-gnu, ubuntu-24.04-arm)	Run actions/checkout@v6	2026-09-10T05:24:14.4748335Z ##[endgroup]
build (aarch64-unknown-linux-gnu, ubuntu-24.04-arm)	Run actions/checkout@v6	2026-09-10T05:24:14.4749655Z ##[group]Initializing the repository
build (aarch64-unknown-linux-gnu, ubuntu-24.04-arm)	Run actions/checkout@v6	2026-09-10T05:24:14.4755149Z [command]/usr/bin/git init /home/runner/work/vig/vig
build (aarch64-unknown-linux-gnu, ubuntu-24.04-arm)	Run actions/checkout@v6	2026-09-10T05:24:14.4843102Z hint: Using 'master' as the name for the initial branch. This default branch name
build (aarch64-unknown-linux-gnu, ubuntu-24.04-arm)	Run actions/checkout@v6	2026-09-10T05:24:14.4848215Z hint: will change to "main" in Git 3.0. To configure the initial branch name
build (aarch64-unknown-linux-gnu, ubuntu-24.04-arm)	Run actions/checkout@v6	2026-09-10T05:24:14.4850352Z hint: to use in all of your new repositories, which will suppress this warning,
build (aarch64-unknown-linux-gnu, ubuntu-24.04-arm)	Run actions/checkout@v6	2026-09-10T05:24:14.4852085Z hint: call:
build (aarch64-unknown-linux-gnu, ubuntu-24.04-arm)	Run actions/checkout@v6	2026-09-10T05:24:14.4853122Z hint:
build (aarch64-unknown-linux-gnu, ubuntu-24.04-arm)	Run actions/checkout@v6	2026-09-10T05:24:14.4854261Z hint: 	git config --global init.defaultBranch <name>
build (aarch64-unknown-linux-gnu, ubuntu-24.04-arm)	Run actions/checkout@v6	2026-09-10T05:24:14.4855867Z hint:
build (aarch64-unknown-linux-gnu, ubuntu-24.04-arm)	Run actions/checkout@v6	2026-09-10T05:24:14.4857203Z hint: Names commonly chosen instead of 'master' are 'main', 'trunk' and
build (aarch64-unknown-linux-gnu, ubuntu-24.04-arm)	Run actions/checkout@v6	2026-09-10T05:24:14.4859050Z hint: 'development'. The just-created branch can be renamed via this command:
build (aarch64-unknown-linux-gnu, ubuntu-24.04-arm)	Run actions/checkout@v6	2026-09-10T05:24:14.4860508Z hint:
build (aarch64-unknown-linux-gnu, ubuntu-24.04-arm)	Run actions/checkout@v6	2026-09-10T05:24:14.4861516Z hint: 	git branch -m <name>
build (aarch64-unknown-linux-gnu, ubuntu-24.04-arm)	Run actions/checkout@v6	2026-09-10T05:24:14.4862877Z hint:
build (aarch64-unknown-linux-gnu, ubuntu-24.04-arm)	Run actions/checkout@v6	2026-09-10T05:24:14.4864240Z hint: Disable this message with "git config set advice.defaultBranchName false"
build (aarch64-unknown-linux-gnu, ubuntu-24.04-arm)	Run actions/checkout@v6	2026-09-10T05:24:14.4866660Z Initialized empty Git repository in /home/runner/work/vig/vig/.git/
build (aarch64-unknown-linux-gnu, ubuntu-24.04-arm)	Run actions/checkout@v6	2026-09-10T05:24:14.4870436Z [command]/usr/bin/git remote add origin https://github.com/td72/vig
build (aarch64-unknown-linux-gnu, ubuntu-24.04-arm)	Run actions/checkout@v6	2026-09-10T05:24:14.4897584Z ##[endgroup]
build (aarch64-unknown-linux-gnu, ubuntu-24.04-arm)	Run actions/checkout@v6	2026-09-10T05:24:14.4898882Z ##[group]Disabling automatic garbage collection
build (aarch64-unknown-linux-gnu, ubuntu-24.04-arm)	Run actions/checkout@v6	2026-09-10T05:24:14.4904280Z [command]/usr/bin/git config --local gc.auto 0
build (aarch64-unknown-linux-gnu, ubuntu-24.04-arm)	Run actions/checkout@v6	2026-09-10T05:24:14.4933840Z ##[endgroup]
build (aarch64-unknown-linux-gnu, ubuntu-24.04-arm)	Run actions/checkout@v6	2026-09-10T05:24:14.4937514Z ##[group]Setting up auth
build (aarch64-unknown-linux-gnu, ubuntu-24.04-arm)	Run actions/checkout@v6	2026-09-10T05:24:14.4939249Z Removing SSH command configuration
build (aarch64-unknown-linux-gnu, ubuntu-24.04-arm)	Run actions/checkout@v6	2026-09-10T05:24:14.4944534Z [command]/usr/bin/git config --local --name-only --get-regexp core\.sshCommand
build (aarch64-unknown-linux-gnu, ubuntu-24.04-arm)	Run actions/checkout@v6	2026-09-10T05:24:14.4973262Z [command]/usr/bin/git submodule foreach --recursive sh -c "git config --local --name-only --get-regexp 'core\.sshCommand' && git config --local --unset-all 'core.sshCommand' || :"
build (aarch64-unknown-linux-gnu, ubuntu-24.04-arm)	Run actions/checkout@v6	2026-09-10T05:24:14.5256698Z Removing HTTP extra header
build (aarch64-unknown-linux-gnu, ubuntu-24.04-arm)	Run actions/checkout@v6	2026-09-10T05:24:14.5261349Z [command]/usr/bin/git config --local --name-only --get-regexp http\.https\:\/\/github\.com\/\.extraheader
build (aarch64-unknown-linux-gnu, ubuntu-24.04-arm)	Run actions/checkout@v6	2026-09-10T05:24:14.5295073Z [command]/usr/bin/git submodule foreach --recursive sh -c "git config --local --name-only --get-regexp 'http\.https\:\/\/github\.com\/\.extraheader' && git config --local --unset-all 'http.https://github.com/.extraheader' || :"
build (aarch64-unknown-linux-gnu, ubuntu-24.04-arm)	Run actions/checkout@v6	2026-09-10T05:24:14.5490268Z Removing includeIf entries pointing to credentials config files
build (aarch64-unknown-linux-gnu, ubuntu-24.04-arm)	Run actions/checkout@v6	2026-09-10T05:24:14.5496208Z [command]/usr/bin/git config --local --name-only --get-regexp ^includeIf\.gitdir:
build (aarch64-unknown-linux-gnu, ubuntu-24.04-arm)	Run actions/checkout@v6	2026-09-10T05:24:14.5527243Z [command]/usr/bin/git submodule foreach --recursive git config --local --show-origin --name-only --get-regexp remote.origin.url
build (aarch64-unknown-linux-gnu, ubuntu-24.04-arm)	Run actions/checkout@v6	2026-09-10T05:24:14.5739498Z [command]/usr/bin/git config --file /home/runner/work/_temp/git-credentials-f93bd249-b85d-466f-bf07-164499c4fc91.config http.https://github.com/.extraheader AUTHORIZATION: basic ***
build (aarch64-unknown-linux-gnu, ubuntu-24.04-arm)	Run actions/checkout@v6	2026-09-10T05:24:14.5776086Z [command]/usr/bin/git config --local includeIf.gitdir:/home/runner/work/vig/vig/.git.path /home/runner/work/_temp/git-credentials-f93bd249-b85d-466f-bf07-164499c4fc91.config
build (aarch64-unknown-linux-gnu, ubuntu-24.04-arm)	Run actions/checkout@v6	2026-09-10T05:24:14.5806087Z [command]/usr/bin/git config --local includeIf.gitdir:/home/runner/work/vig/vig/.git/worktrees/*.path /home/runner/work/_temp/git-credentials-f93bd249-b85d-466f-bf07-164499c4fc91.config
build (aarch64-unknown-linux-gnu, ubuntu-24.04-arm)	Run actions/checkout@v6	2026-09-10T05:24:14.5836153Z [command]/usr/bin/git config --local includeIf.gitdir:/github/workspace/.git.path /github/runner_temp/git-credentials-f93bd249-b85d-466f-bf07-164499c4fc91.config
build (aarch64-unknown-linux-gnu, ubuntu-24.04-arm)	Run actions/checkout@v6	2026-09-10T05:24:14.5866713Z [command]/usr/bin/git config --local includeIf.gitdir:/github/workspace/.git/worktrees/*.path /github/runner_temp/git-credentials-f93bd249-b85d-466f-bf07-164499c4fc91.config
build (aarch64-unknown-linux-gnu, ubuntu-24.04-arm)	Run actions/checkout@v6	2026-09-10T05:24:14.5894416Z ##[endgroup]
build (aarch64-unknown-linux-gnu, ubuntu-24.04-arm)	Run actions/checkout@v6	2026-09-10T05:24:14.5896014Z ##[group]Fetching the repository
build (aarch64-unknown-linux-gnu, ubuntu-24.04-arm)	Run actions/checkout@v6	2026-09-10T05:24:14.5902833Z [command]/usr/bin/git -c protocol.version=2 fetch --no-tags --prune --no-recurse-submodules --depth=1 origin +refs/tags/v0.15.0:refs/tags/v0.15.0
build (aarch64-unknown-linux-gnu, ubuntu-24.04-arm)	Run actions/checkout@v6	2026-09-10T05:24:15.5535794Z From https://github.com/td72/vig
build (aarch64-unknown-linux-gnu, ubuntu-24.04-arm)	Run actions/checkout@v6	2026-09-10T05:24:15.5536374Z  * [new tag]         v0.15.0    -> v0.15.0
build (aarch64-unknown-linux-gnu, ubuntu-24.04-arm)	Run actions/checkout@v6	2026-09-10T05:24:15.5546285Z [command]/usr/bin/git tag --list v0.15.0
build (aarch64-unknown-linux-gnu, ubuntu-24.04-arm)	Run actions/checkout@v6	2026-09-10T05:24:15.5585262Z v0.15.0
build (aarch64-unknown-linux-gnu, ubuntu-24.04-arm)	Run actions/checkout@v6	2026-09-10T05:24:15.5593261Z [command]/usr/bin/git rev-parse refs/tags/v0.15.0^{commit}
build (aarch64-unknown-linux-gnu, ubuntu-24.04-arm)	Run actions/checkout@v6	2026-09-10T05:24:15.5617646Z 1bd14efedbab67c12b4e48f234008c581d850d59
build (aarch64-unknown-linux-gnu, ubuntu-24.04-arm)	Run actions/checkout@v6	2026-09-10T05:24:15.5625465Z ##[endgroup]
build (aarch64-unknown-linux-gnu, ubuntu-24.04-arm)	Run actions/checkout@v6	2026-09-10T05:24:15.5633176Z ##[group]Determining the checkout info
build (aarch64-unknown-linux-gnu, ubuntu-24.04-arm)	Run actions/checkout@v6	2026-09-10T05:24:15.5633726Z ##[endgroup]
build (aarch64-unknown-linux-gnu, ubuntu-24.04-arm)	Run actions/checkout@v6	2026-09-10T05:24:15.5634081Z [command]/usr/bin/git sparse-checkout disable
build (aarch64-unknown-linux-gnu, ubuntu-24.04-arm)	Run actions/checkout@v6	2026-09-10T05:24:15.5664357Z [command]/usr/bin/git config --local --unset-all extensions.worktreeConfig
build (aarch64-unknown-linux-gnu, ubuntu-24.04-arm)	Run actions/checkout@v6	2026-09-10T05:24:15.5691510Z ##[group]Checking out the ref
build (aarch64-unknown-linux-gnu, ubuntu-24.04-arm)	Run actions/checkout@v6	2026-09-10T05:24:15.5695627Z [command]/usr/bin/git checkout --progress --force refs/tags/v0.15.0
build (aarch64-unknown-linux-gnu, ubuntu-24.04-arm)	Run actions/checkout@v6	2026-09-10T05:24:17.3591417Z Updating files:   5% (13/249)
build (aarch64-unknown-linux-gnu, ubuntu-24.04-arm)	Run actions/checkout@v6	2026-09-10T05:24:17.3595850Z Updating files:   6% (15/249)
build (aarch64-unknown-linux-gnu, ubuntu-24.04-arm)	Run actions/checkout@v6	2026-09-10T05:24:17.3642887Z Updating files:   7% (18/249)
build (aarch64-unknown-linux-gnu, ubuntu-24.04-arm)	Run actions/checkout@v6	2026-09-10T05:24:17.3647244Z Updating files:   8% (20/249)
build (aarch64-unknown-linux-gnu, ubuntu-24.04-arm)	Run actions/checkout@v6	2026-09-10T05:24:17.3650229Z Updating files:   9% (23/249)
build (aarch64-unknown-linux-gnu, ubuntu-24.04-arm)	Run actions/checkout@v6	2026-09-10T05:24:17.3657366Z Updating files:  10% (25/249)
build (aarch64-unknown-linux-gnu, ubuntu-24.04-arm)	Run actions/checkout@v6	2026-09-10T05:24:17.3657836Z Updating files:  11% (28/249)
build (aarch64-unknown-linux-gnu, ubuntu-24.04-arm)	Run actions/checkout@v6	2026-09-10T05:24:17.3659197Z Updating files:  12% (30/249)
build (aarch64-unknown-linux-gnu, ubuntu-24.04-arm)	Run actions/checkout@v6	2026-09-10T05:24:17.3666439Z Updating files:  13% (33/249)
build (aarch64-unknown-linux-gnu, ubuntu-24.04-arm)	Run actions/checkout@v6	2026-09-10T05:24:17.3666738Z Updating files:  14% (35/249)
build (aarch64-unknown-linux-gnu, ubuntu-24.04-arm)	Run actions/checkout@v6	2026-09-10T05:24:17.3666968Z Updating files:  15% (38/249)
build (aarch64-unknown-linux-gnu, ubuntu-24.04-arm)	Run actions/checkout@v6	2026-09-10T05:24:17.3667193Z Updating files:  16% (40/249)
build (aarch64-unknown-linux-gnu, ubuntu-24.04-arm)	Run actions/checkout@v6	2026-09-10T05:24:17.3667414Z Updating files:  17% (43/249)
build (aarch64-unknown-linux-gnu, ubuntu-24.04-arm)	Run actions/checkout@v6	2026-09-10T05:24:17.3667633Z Updating files:  18% (45/249)
build (aarch64-unknown-linux-gnu, ubuntu-24.04-arm)	Run actions/checkout@v6	2026-09-10T05:24:17.3667870Z Updating files:  19% (48/249)
build (aarch64-unknown-linux-gnu, ubuntu-24.04-arm)	Run actions/checkout@v6	2026-09-10T05:24:17.3668137Z Updating files:  20% (50/249)
build (aarch64-unknown-linux-gnu, ubuntu-24.04-arm)	Run actions/checkout@v6	2026-09-10T05:24:17.3668367Z Updating files:  21% (53/249)
build (aarch64-unknown-linux-gnu, ubuntu-24.04-arm)	Run actions/checkout@v6	2026-09-10T05:24:17.3669384Z Updating files:  22% (55/249)
build (aarch64-unknown-linux-gnu, ubuntu-24.04-arm)	Run actions/checkout@v6	2026-09-10T05:24:17.3670017Z Updating files:  23% (58/249)
build (aarch64-unknown-linux-gnu, ubuntu-24.04-arm)	Run actions/checkout@v6	2026-09-10T05:24:17.3671326Z Updating files:  24% (60/249)
build (aarch64-unknown-linux-gnu, ubuntu-24.04-arm)	Run actions/checkout@v6	2026-09-10T05:24:17.3672040Z Updating files:  25% (63/249)
build (aarch64-unknown-linux-gnu, ubuntu-24.04-arm)	Run actions/checkout@v6	2026-09-10T05:24:17.3673437Z Updating files:  26% (65/249)
build (aarch64-unknown-linux-gnu, ubuntu-24.04-arm)	Run actions/checkout@v6	2026-09-10T05:24:17.3687984Z Updating files:  27% (68/249)
build (aarch64-unknown-linux-gnu, ubuntu-24.04-arm)	Run actions/checkout@v6	2026-09-10T05:24:17.3688589Z Updating files:  28% (70/249)
build (aarch64-unknown-linux-gnu, ubuntu-24.04-arm)	Run actions/checkout@v6	2026-09-10T05:24:17.3689134Z Updating files:  29% (73/249)
build (aarch64-unknown-linux-gnu, ubuntu-24.04-arm)	Run actions/checkout@v6	2026-09-10T05:24:17.3690109Z Updating files:  30% (75/249)
build (aarch64-unknown-linux-gnu, ubuntu-24.04-arm)	Run actions/checkout@v6	2026-09-10T05:24:17.3690518Z Updating files:  31% (78/249)
build (aarch64-unknown-linux-gnu, ubuntu-24.04-arm)	Run actions/checkout@v6	2026-09-10T05:24:17.3690897Z Updating files:  32% (80/249)
build (aarch64-unknown-linux-gnu, ubuntu-24.04-arm)	Run actions/checkout@v6	2026-09-10T05:24:17.3691297Z Updating files:  33% (83/249)
build (aarch64-unknown-linux-gnu, ubuntu-24.04-arm)	Run actions/checkout@v6	2026-09-10T05:24:17.3691838Z Updating files:  34% (85/249)
build (aarch64-unknown-linux-gnu, ubuntu-24.04-arm)	Run actions/checkout@v6	2026-09-10T05:24:17.3692282Z Updating files:  35% (88/249)
build (aarch64-unknown-linux-gnu, ubuntu-24.04-arm)	Run actions/checkout@v6	2026-09-10T05:24:17.3692667Z Updating files:  36% (90/249)
build (aarch64-unknown-linux-gnu, ubuntu-24.04-arm)	Run actions/checkout@v6	2026-09-10T05:24:17.3693119Z Updating files:  37% (93/249)
build (aarch64-unknown-linux-gnu, ubuntu-24.04-arm)	Run actions/checkout@v6	2026-09-10T05:24:17.3707059Z Updating files:  38% (95/249)
build (aarch64-unknown-linux-gnu, ubuntu-24.04-arm)	Run actions/checkout@v6	2026-09-10T05:24:17.3707355Z Updating files:  39% (98/249)
build (aarch64-unknown-linux-gnu, ubuntu-24.04-arm)	Run actions/checkout@v6	2026-09-10T05:24:17.3707589Z Updating files:  40% (100/249)
build (aarch64-unknown-linux-gnu, ubuntu-24.04-arm)	Run actions/checkout@v6	2026-09-10T05:24:17.3707833Z Updating files:  41% (103/249)
build (aarch64-unknown-linux-gnu, ubuntu-24.04-arm)	Run actions/checkout@v6	2026-09-10T05:24:17.3708055Z Updating files:  42% (105/249)
build (aarch64-unknown-linux-gnu, ubuntu-24.04-arm)	Run actions/checkout@v6	2026-09-10T05:24:17.3708360Z Updating files:  43% (108/249)
build (aarch64-unknown-linux-gnu, ubuntu-24.04-arm)	Run actions/checkout@v6	2026-09-10T05:24:17.3708582Z Updating files:  44% (110/249)
build (aarch64-unknown-linux-gnu, ubuntu-24.04-arm)	Run actions/checkout@v6	2026-09-10T05:24:17.3708801Z Updating files:  45% (113/249)
build (aarch64-unknown-linux-gnu, ubuntu-24.04-arm)	Run actions/checkout@v6	2026-09-10T05:24:17.3709021Z Updating files:  46% (115/249)
build (aarch64-unknown-linux-gnu, ubuntu-24.04-arm)	Run actions/checkout@v6	2026-09-10T05:24:17.3709247Z Updating files:  47% (118/249)
build (aarch64-unknown-linux-gnu, ubuntu-24.04-arm)	Run actions/checkout@v6	2026-09-10T05:24:17.3709472Z Updating files:  48% (120/249)
build (aarch64-unknown-linux-gnu, ubuntu-24.04-arm)	Run actions/checkout@v6	2026-09-10T05:24:17.3709692Z Updating files:  49% (123/249)
build (aarch64-unknown-linux-gnu, ubuntu-24.04-arm)	Run actions/checkout@v6	2026-09-10T05:24:17.3709910Z Updating files:  50% (125/249)
build (aarch64-unknown-linux-gnu, ubuntu-24.04-arm)	Run actions/checkout@v6	2026-09-10T05:24:17.3710127Z Updating files:  51% (127/249)
build (aarch64-unknown-linux-gnu, ubuntu-24.04-arm)	Run actions/checkout@v6	2026-09-10T05:24:17.3710345Z Updating files:  52% (130/249)
build (aarch64-unknown-linux-gnu, ubuntu-24.04-arm)	Run actions/checkout@v6	2026-09-10T05:24:17.3710564Z Updating files:  53% (132/249)
build (aarch64-unknown-linux-gnu, ubuntu-24.04-arm)	Run actions/checkout@v6	2026-09-10T05:24:17.3710842Z Updating files:  54% (135/249)
build (aarch64-unknown-linux-gnu, ubuntu-24.04-arm)	Run actions/checkout@v6	2026-09-10T05:24:17.3712188Z Updating files:  55% (137/249)
build (aarch64-unknown-linux-gnu, ubuntu-24.04-arm)	Run actions/checkout@v6	2026-09-10T05:24:17.3714198Z Updating files:  56% (140/249)
build (aarch64-unknown-linux-gnu, ubuntu-24.04-arm)	Run actions/checkout@v6	2026-09-10T05:24:17.3717260Z Updating files:  57% (142/249)
build (aarch64-unknown-linux-gnu, ubuntu-24.04-arm)	Run actions/checkout@v6	2026-09-10T05:24:17.3719638Z Updating files:  58% (145/249)
build (aarch64-unknown-linux-gnu, ubuntu-24.04-arm)	Run actions/checkout@v6	2026-09-10T05:24:17.3719963Z Updating files:  59% (147/249)
build (aarch64-unknown-linux-gnu, ubuntu-24.04-arm)	Run actions/checkout@v6	2026-09-10T05:24:17.3720734Z Updating files:  60% (150/249)
build (aarch64-unknown-linux-gnu, ubuntu-24.04-arm)	Run actions/checkout@v6	2026-09-10T05:24:17.3723330Z Updating files:  61% (152/249)
build (aarch64-unknown-linux-gnu, ubuntu-24.04-arm)	Run actions/checkout@v6	2026-09-10T05:24:17.3724176Z Updating files:  62% (155/249)
build (aarch64-unknown-linux-gnu, ubuntu-24.04-arm)	Run actions/checkout@v6	2026-09-10T05:24:17.3724687Z Updating files:  63% (157/249)
build (aarch64-unknown-linux-gnu, ubuntu-24.04-arm)	Run actions/checkout@v6	2026-09-10T05:24:17.3736619Z Updating files:  64% (160/249)
build (aarch64-unknown-linux-gnu, ubuntu-24.04-arm)	Run actions/checkout@v6	2026-09-10T05:24:17.3736934Z Updating files:  65% (162/249)
build (aarch64-unknown-linux-gnu, ubuntu-24.04-arm)	Run actions/checkout@v6	2026-09-10T05:24:17.3737164Z Updating files:  66% (165/249)
build (aarch64-unknown-linux-gnu, ubuntu-24.04-arm)	Run actions/checkout@v6	2026-09-10T05:24:17.3737387Z Updating files:  67% (167/249)
build (aarch64-unknown-linux-gnu, ubuntu-24.04-arm)	Run actions/checkout@v6	2026-09-10T05:24:17.3737612Z Updating files:  68% (170/249)
build (aarch64-unknown-linux-gnu, ubuntu-24.04-arm)	Run actions/checkout@v6	2026-09-10T05:24:17.3737835Z Updating files:  69% (172/249)
build (aarch64-unknown-linux-gnu, ubuntu-24.04-arm)	Run actions/checkout@v6	2026-09-10T05:24:17.3738087Z Updating files:  70% (175/249)
build (aarch64-unknown-linux-gnu, ubuntu-24.04-arm)	Run actions/checkout@v6	2026-09-10T05:24:17.3738402Z Updating files:  71% (177/249)
build (aarch64-unknown-linux-gnu, ubuntu-24.04-arm)	Run actions/checkout@v6	2026-09-10T05:24:17.3738874Z Updating files:  72% (180/249)
build (aarch64-unknown-linux-gnu, ubuntu-24.04-arm)	Run actions/checkout@v6	2026-09-10T05:24:17.3741951Z Updating files:  73% (182/249)
build (aarch64-unknown-linux-gnu, ubuntu-24.04-arm)	Run actions/checkout@v6	2026-09-10T05:24:17.3745679Z Updating files:  74% (185/249)
build (aarch64-unknown-linux-gnu, ubuntu-24.04-arm)	Run actions/checkout@v6	2026-09-10T05:24:17.3746365Z Updating files:  75% (187/249)
build (aarch64-unknown-linux-gnu, ubuntu-24.04-arm)	Run actions/checkout@v6	2026-09-10T05:24:17.3747327Z Updating files:  76% (190/249)
build (aarch64-unknown-linux-gnu, ubuntu-24.04-arm)	Run actions/checkout@v6	2026-09-10T05:24:17.3748420Z Updating files:  77% (192/249)
build (aarch64-unknown-linux-gnu, ubuntu-24.04-arm)	Run actions/checkout@v6	2026-09-10T05:24:17.3748955Z Updating files:  78% (195/249)
build (aarch64-unknown-linux-gnu, ubuntu-24.04-arm)	Run actions/checkout@v6	2026-09-10T05:24:17.3750218Z Updating files:  79% (197/249)
build (aarch64-unknown-linux-gnu, ubuntu-24.04-arm)	Run actions/checkout@v6	2026-09-10T05:24:17.3766786Z Updating files:  80% (200/249)
build (aarch64-unknown-linux-gnu, ubuntu-24.04-arm)	Run actions/checkout@v6	2026-09-10T05:24:17.3767077Z Updating files:  81% (202/249)
build (aarch64-unknown-linux-gnu, ubuntu-24.04-arm)	Run actions/checkout@v6	2026-09-10T05:24:17.3767500Z Updating files:  82% (205/249)
build (aarch64-unknown-linux-gnu, ubuntu-24.04-arm)	Run actions/checkout@v6	2026-09-10T05:24:17.3767754Z Updating files:  83% (207/249)
build (aarch64-unknown-linux-gnu, ubuntu-24.04-arm)	Run actions/checkout@v6	2026-09-10T05:24:17.3767978Z Updating files:  84% (210/249)
build (aarch64-unknown-linux-gnu, ubuntu-24.04-arm)	Run actions/checkout@v6	2026-09-10T05:24:17.3768226Z Updating files:  85% (212/249)
build (aarch64-unknown-linux-gnu, ubuntu-24.04-arm)	Run actions/checkout@v6	2026-09-10T05:24:17.3768451Z Updating files:  86% (215/249)
build (aarch64-unknown-linux-gnu, ubuntu-24.04-arm)	Run actions/checkout@v6	2026-09-10T05:24:17.3768669Z Updating files:  87% (217/249)
build (aarch64-unknown-linux-gnu, ubuntu-24.04-arm)	Run actions/checkout@v6	2026-09-10T05:24:17.3768891Z Updating files:  88% (220/249)
build (aarch64-unknown-linux-gnu, ubuntu-24.04-arm)	Run actions/checkout@v6	2026-09-10T05:24:17.3769109Z Updating files:  89% (222/249)
build (aarch64-unknown-linux-gnu, ubuntu-24.04-arm)	Run actions/checkout@v6	2026-09-10T05:24:17.3769332Z Updating files:  90% (225/249)
build (aarch64-unknown-linux-gnu, ubuntu-24.04-arm)	Run actions/checkout@v6	2026-09-10T05:24:17.3769577Z Updating files:  91% (227/249)
build (aarch64-unknown-linux-gnu, ubuntu-24.04-arm)	Run actions/checkout@v6	2026-09-10T05:24:17.3769812Z Updating files:  92% (230/249)
build (aarch64-unknown-linux-gnu, ubuntu-24.04-arm)	Run actions/checkout@v6	2026-09-10T05:24:17.3770070Z Updating files:  93% (232/249)
build (aarch64-unknown-linux-gnu, ubuntu-24.04-arm)	Run actions/checkout@v6	2026-09-10T05:24:17.3770291Z Updating files:  94% (235/249)
build (aarch64-unknown-linux-gnu, ubuntu-24.04-arm)	Run actions/checkout@v6	2026-09-10T05:24:17.3770510Z Updating files:  95% (237/249)
build (aarch64-unknown-linux-gnu, ubuntu-24.04-arm)	Run actions/checkout@v6	2026-09-10T05:24:17.3770736Z Updating files:  96% (240/249)
build (aarch64-unknown-linux-gnu, ubuntu-24.04-arm)	Run actions/checkout@v6	2026-09-10T05:24:17.3776131Z Updating files:  97% (242/249)
build (aarch64-unknown-linux-gnu, ubuntu-24.04-arm)	Run actions/checkout@v6	2026-09-10T05:24:17.3776685Z Updating files:  98% (245/249)
build (aarch64-unknown-linux-gnu, ubuntu-24.04-arm)	Run actions/checkout@v6	2026-09-10T05:24:17.3776917Z Updating files:  99% (247/249)
build (aarch64-unknown-linux-gnu, ubuntu-24.04-arm)	Run actions/checkout@v6	2026-09-10T05:24:17.3777139Z Updating files: 100% (249/249)
build (aarch64-unknown-linux-gnu, ubuntu-24.04-arm)	Run actions/checkout@v6	2026-09-10T05:24:17.3777370Z Updating files: 100% (249/249), done.
build (aarch64-unknown-linux-gnu, ubuntu-24.04-arm)	Run actions/checkout@v6	2026-09-10T05:24:17.3782756Z Note: switching to 'refs/tags/v0.15.0'.
build (aarch64-unknown-linux-gnu, ubuntu-24.04-arm)	Run actions/checkout@v6	2026-09-10T05:24:17.3782961Z 
build (aarch64-unknown-linux-gnu, ubuntu-24.04-arm)	Run actions/checkout@v6	2026-09-10T05:24:17.3783594Z You are in 'detached HEAD' state. You can look around, make experimental
build (aarch64-unknown-linux-gnu, ubuntu-24.04-arm)	Run actions/checkout@v6	2026-09-10T05:24:17.3784484Z changes and commit them, and you can discard any commits you make in this
build (aarch64-unknown-linux-gnu, ubuntu-24.04-arm)	Run actions/checkout@v6	2026-09-10T05:24:17.3785110Z state without impacting any branches by switching back to a branch.
build (aarch64-unknown-linux-gnu, ubuntu-24.04-arm)	Run actions/checkout@v6	2026-09-10T05:24:17.3785419Z 
build (aarch64-unknown-linux-gnu, ubuntu-24.04-arm)	Run actions/checkout@v6	2026-09-10T05:24:17.3785593Z If you want to create a new branch to retain commits you create, you may
build (aarch64-unknown-linux-gnu, ubuntu-24.04-arm)	Run actions/checkout@v6	2026-09-10T05:24:17.3786013Z do so (now or later) by using -c with the switch command. Example:
build (aarch64-unknown-linux-gnu, ubuntu-24.04-arm)	Run actions/checkout@v6	2026-09-10T05:24:17.3786254Z 
build (aarch64-unknown-linux-gnu, ubuntu-24.04-arm)	Run actions/checkout@v6	2026-09-10T05:24:17.3786357Z   git switch -c <new-branch-name>
build (aarch64-unknown-linux-gnu, ubuntu-24.04-arm)	Run actions/checkout@v6	2026-09-10T05:24:17.3786514Z 
build (aarch64-unknown-linux-gnu, ubuntu-24.04-arm)	Run actions/checkout@v6	2026-09-10T05:24:17.3786608Z Or undo this operation with:
build (aarch64-unknown-linux-gnu, ubuntu-24.04-arm)	Run actions/checkout@v6	2026-09-10T05:24:17.3786769Z 
build (aarch64-unknown-linux-gnu, ubuntu-24.04-arm)	Run actions/checkout@v6	2026-09-10T05:24:17.3786848Z   git switch -
build (aarch64-unknown-linux-gnu, ubuntu-24.04-arm)	Run actions/checkout@v6	2026-09-10T05:24:17.3786959Z 
build (aarch64-unknown-linux-gnu, ubuntu-24.04-arm)	Run actions/checkout@v6	2026-09-10T05:24:17.3787158Z Turn off this advice by setting config variable advice.detachedHead to false
build (aarch64-unknown-linux-gnu, ubuntu-24.04-arm)	Run actions/checkout@v6	2026-09-10T05:24:17.3787443Z 
build (aarch64-unknown-linux-gnu, ubuntu-24.04-arm)	Run actions/checkout@v6	2026-09-10T05:24:17.3787615Z HEAD is now at 1bd14ef Merge pull request #184 from td72/release/0.15.0
build (aarch64-unknown-linux-gnu, ubuntu-24.04-arm)	Run actions/checkout@v6	2026-09-10T05:24:17.4030994Z ##[endgroup]
build (aarch64-unknown-linux-gnu, ubuntu-24.04-arm)	Run actions/checkout@v6	2026-09-10T05:24:17.4072179Z [command]/usr/bin/git log -1 --format=%H
build (aarch64-unknown-linux-gnu, ubuntu-24.04-arm)	Run actions/checkout@v6	2026-09-10T05:24:17.4097415Z 1bd14efedbab67c12b4e48f234008c581d850d59
build (aarch64-unknown-linux-gnu, ubuntu-24.04-arm)	Run actions-rust-lang/setup-rust-toolchain@v1	﻿2026-09-10T05:24:17.4481835Z ##[group]Run actions-rust-lang/setup-rust-toolchain@v1
build (aarch64-unknown-linux-gnu, ubuntu-24.04-arm)	Run actions-rust-lang/setup-rust-toolchain@v1	2026-09-10T05:24:17.4482479Z with:
build (aarch64-unknown-linux-gnu, ubuntu-24.04-arm)	Run actions-rust-lang/setup-rust-toolchain@v1	2026-09-10T05:24:17.4482663Z   cache: true
build (aarch64-unknown-linux-gnu, ubuntu-24.04-arm)	Run actions-rust-lang/setup-rust-toolchain@v1	2026-09-10T05:24:17.4482842Z   cache-on-failure: true
build (aarch64-unknown-linux-gnu, ubuntu-24.04-arm)	Run actions-rust-lang/setup-rust-toolchain@v1	2026-09-10T05:24:17.4483058Z   cache-bin: true
build (aarch64-unknown-linux-gnu, ubuntu-24.04-arm)	Run actions-rust-lang/setup-rust-toolchain@v1	2026-09-10T05:24:17.4483245Z   cache-provider: github
build (aarch64-unknown-linux-gnu, ubuntu-24.04-arm)	Run actions-rust-lang/setup-rust-toolchain@v1	2026-09-10T05:24:17.4483453Z   cache-all-crates: false
build (aarch64-unknown-linux-gnu, ubuntu-24.04-arm)	Run actions-rust-lang/setup-rust-toolchain@v1	2026-09-10T05:24:17.4483671Z   cache-workspace-crates: false
build (aarch64-unknown-linux-gnu, ubuntu-24.04-arm)	Run actions-rust-lang/setup-rust-toolchain@v1	2026-09-10T05:24:17.4483897Z   cache-save-if: true
build (aarch64-unknown-linux-gnu, ubuntu-24.04-arm)	Run actions-rust-lang/setup-rust-toolchain@v1	2026-09-10T05:24:17.4484093Z   cache-targets: true
build (aarch64-unknown-linux-gnu, ubuntu-24.04-arm)	Run actions-rust-lang/setup-rust-toolchain@v1	2026-09-10T05:24:17.4484279Z   matcher: true
build (aarch64-unknown-linux-gnu, ubuntu-24.04-arm)	Run actions-rust-lang/setup-rust-toolchain@v1	2026-09-10T05:24:17.4484486Z   rustflags: -D warnings
build (aarch64-unknown-linux-gnu, ubuntu-24.04-arm)	Run actions-rust-lang/setup-rust-toolchain@v1	2026-09-10T05:24:17.4484686Z   override: true
build (aarch64-unknown-linux-gnu, ubuntu-24.04-arm)	Run actions-rust-lang/setup-rust-toolchain@v1	2026-09-10T05:24:17.4485283Z ##[endgroup]
build (aarch64-unknown-linux-gnu, ubuntu-24.04-arm)	Run actions-rust-lang/setup-rust-toolchain@v1	2026-09-10T05:24:17.4550323Z ##[start-action display=Unbork mac;id=__actions-rust-lang_setup-rust-toolchain.__run]
build (aarch64-unknown-linux-gnu, ubuntu-24.04-arm)	Run actions-rust-lang/setup-rust-toolchain@v1	2026-09-10T05:24:17.4570679Z ##[end-action id=__actions-rust-lang_setup-rust-toolchain.__run;outcome=skipped;conclusion=skipped;duration_ms=0]
build (aarch64-unknown-linux-gnu, ubuntu-24.04-arm)	Run actions-rust-lang/setup-rust-toolchain@v1	2026-09-10T05:24:17.4623801Z ##[start-action display=Run : construct rustup command line;id=__actions-rust-lang_setup-rust-toolchain.flags]
build (aarch64-unknown-linux-gnu, ubuntu-24.04-arm)	Run actions-rust-lang/setup-rust-toolchain@v1	2026-09-10T05:24:17.4666118Z ##[group]Run : construct rustup command line
build (aarch64-unknown-linux-gnu, ubuntu-24.04-arm)	Run actions-rust-lang/setup-rust-toolchain@v1	2026-09-10T05:24:17.4666523Z ^[[36;1m: construct rustup command line^[[0m
build (aarch64-unknown-linux-gnu, ubuntu-24.04-arm)	Run actions-rust-lang/setup-rust-toolchain@v1	2026-09-10T05:24:17.4666979Z ^[[36;1mecho "targets=$(for t in ${_srt_targets//,/ }; do echo -n ' --target' $t; done)" >> $GITHUB_OUTPUT^[[0m
build (aarch64-unknown-linux-gnu, ubuntu-24.04-arm)	Run actions-rust-lang/setup-rust-toolchain@v1	2026-09-10T05:24:17.4667609Z ^[[36;1mecho "components=$(for c in ${_srt_components//,/ }; do echo -n ' --component' $c; done)" >> $GITHUB_OUTPUT^[[0m
build (aarch64-unknown-linux-gnu, ubuntu-24.04-arm)	Run actions-rust-lang/setup-rust-toolchain@v1	2026-09-10T05:24:17.4668084Z ^[[36;1mecho "downgrade=" >> $GITHUB_OUTPUT^[[0m
build (aarch64-unknown-linux-gnu, ubuntu-24.04-arm)	Run actions-rust-lang/setup-rust-toolchain@v1	2026-09-10T05:24:17.4737909Z shell: /usr/bin/bash --noprofile --norc -e -o pipefail {0}
build (aarch64-unknown-linux-gnu, ubuntu-24.04-arm)	Run actions-rust-lang/setup-rust-toolchain@v1	2026-09-10T05:24:17.4738285Z env:
build (aarch64-unknown-linux-gnu, ubuntu-24.04-arm)	Run actions-rust-lang/setup-rust-toolchain@v1	2026-09-10T05:24:17.4738459Z   _srt_targets: 
build (aarch64-unknown-linux-gnu, ubuntu-24.04-arm)	Run actions-rust-lang/setup-rust-toolchain@v1	2026-09-10T05:24:17.4738647Z   _srt_components: 
build (aarch64-unknown-linux-gnu, ubuntu-24.04-arm)	Run actions-rust-lang/setup-rust-toolchain@v1	2026-09-10T05:24:17.4738832Z ##[endgroup]
build (aarch64-unknown-linux-gnu, ubuntu-24.04-arm)	Run actions-rust-lang/setup-rust-toolchain@v1	2026-09-10T05:24:17.4861909Z ##[end-action id=__actions-rust-lang_setup-rust-toolchain.flags;outcome=success;conclusion=success;duration_ms=23]
build (aarch64-unknown-linux-gnu, ubuntu-24.04-arm)	Run actions-rust-lang/setup-rust-toolchain@v1	2026-09-10T05:24:17.4867810Z ##[start-action display=Setting Environment Variables;id=__actions-rust-lang_setup-rust-toolchain.__run_2]
build (aarch64-unknown-linux-gnu, ubuntu-24.04-arm)	Run actions-rust-lang/setup-rust-toolchain@v1	2026-09-10T05:24:17.4883131Z ##[group]Run if [[ ! -v CARGO_INCREMENTAL ]]; then
build (aarch64-unknown-linux-gnu, ubuntu-24.04-arm)	Run actions-rust-lang/setup-rust-toolchain@v1	2026-09-10T05:24:17.4883501Z ^[[36;1mif [[ ! -v CARGO_INCREMENTAL ]]; then^[[0m
build (aarch64-unknown-linux-gnu, ubuntu-24.04-arm)	Run actions-rust-lang/setup-rust-toolchain@v1	2026-09-10T05:24:17.4883800Z ^[[36;1m  echo "CARGO_INCREMENTAL=0" >> $GITHUB_ENV^[[0m
build (aarch64-unknown-linux-gnu, ubuntu-24.04-arm)	Run actions-rust-lang/setup-rust-toolchain@v1	2026-09-10T05:24:17.4884064Z ^[[36;1mfi^[[0m
build (aarch64-unknown-linux-gnu, ubuntu-24.04-arm)	Run actions-rust-lang/setup-rust-toolchain@v1	2026-09-10T05:24:17.4884272Z ^[[36;1mif [[ ! -v CARGO_PROFILE_DEV_DEBUG ]]; then^[[0m
build (aarch64-unknown-linux-gnu, ubuntu-24.04-arm)	Run actions-rust-lang/setup-rust-toolchain@v1	2026-09-10T05:24:17.4884595Z ^[[36;1m  echo "CARGO_PROFILE_DEV_DEBUG=0" >> $GITHUB_ENV^[[0m
build (aarch64-unknown-linux-gnu, ubuntu-24.04-arm)	Run actions-rust-lang/setup-rust-toolchain@v1	2026-09-10T05:24:17.4885103Z ^[[36;1mfi^[[0m
build (aarch64-unknown-linux-gnu, ubuntu-24.04-arm)	Run actions-rust-lang/setup-rust-toolchain@v1	2026-09-10T05:24:17.4885312Z ^[[36;1mif [[ ! -v CARGO_TERM_COLOR ]]; then^[[0m
build (aarch64-unknown-linux-gnu, ubuntu-24.04-arm)	Run actions-rust-lang/setup-rust-toolchain@v1	2026-09-10T05:24:17.4885612Z ^[[36;1m  echo "CARGO_TERM_COLOR=always" >> $GITHUB_ENV^[[0m
build (aarch64-unknown-linux-gnu, ubuntu-24.04-arm)	Run actions-rust-lang/setup-rust-toolchain@v1	2026-09-10T05:24:17.4885882Z ^[[36;1mfi^[[0m
build (aarch64-unknown-linux-gnu, ubuntu-24.04-arm)	Run actions-rust-lang/setup-rust-toolchain@v1	2026-09-10T05:24:17.4886071Z ^[[36;1mif [[ ! -v RUST_BACKTRACE ]]; then^[[0m
build (aarch64-unknown-linux-gnu, ubuntu-24.04-arm)	Run actions-rust-lang/setup-rust-toolchain@v1	2026-09-10T05:24:17.4886365Z ^[[36;1m  echo "RUST_BACKTRACE=short" >> $GITHUB_ENV^[[0m
build (aarch64-unknown-linux-gnu, ubuntu-24.04-arm)	Run actions-rust-lang/setup-rust-toolchain@v1	2026-09-10T05:24:17.4886628Z ^[[36;1mfi^[[0m
build (aarch64-unknown-linux-gnu, ubuntu-24.04-arm)	Run actions-rust-lang/setup-rust-toolchain@v1	2026-09-10T05:24:17.4886882Z ^[[36;1mif [[ ( ! -v RUSTFLAGS ) && $_srt_NEW_RUSTFLAGS != "" ]]; then^[[0m
build (aarch64-unknown-linux-gnu, ubuntu-24.04-arm)	Run actions-rust-lang/setup-rust-toolchain@v1	2026-09-10T05:24:17.4887260Z ^[[36;1m  echo "RUSTFLAGS=$_srt_NEW_RUSTFLAGS" >> $GITHUB_ENV^[[0m
build (aarch64-unknown-linux-gnu, ubuntu-24.04-arm)	Run actions-rust-lang/setup-rust-toolchain@v1	2026-09-10T05:24:17.4887549Z ^[[36;1mfi^[[0m
build (aarch64-unknown-linux-gnu, ubuntu-24.04-arm)	Run actions-rust-lang/setup-rust-toolchain@v1	2026-09-10T05:24:17.4887754Z ^[[36;1m# Enable faster sparse index on nightly^[[0m
build (aarch64-unknown-linux-gnu, ubuntu-24.04-arm)	Run actions-rust-lang/setup-rust-toolchain@v1	2026-09-10T05:24:17.4888086Z ^[[36;1m# The value is ignored on stable and causes no problems^[[0m
build (aarch64-unknown-linux-gnu, ubuntu-24.04-arm)	Run actions-rust-lang/setup-rust-toolchain@v1	2026-09-10T05:24:17.4888589Z ^[[36;1m# https://internals.rust-lang.org/t/call-for-testing-cargo-sparse-registry/16862^[[0m
build (aarch64-unknown-linux-gnu, ubuntu-24.04-arm)	Run actions-rust-lang/setup-rust-toolchain@v1	2026-09-10T05:24:17.4889061Z ^[[36;1mif [[ ! -v CARGO_UNSTABLE_SPARSE_REGISTRY ]]; then^[[0m
build (aarch64-unknown-linux-gnu, ubuntu-24.04-arm)	Run actions-rust-lang/setup-rust-toolchain@v1	2026-09-10T05:24:17.4889427Z ^[[36;1m  echo "CARGO_UNSTABLE_SPARSE_REGISTRY=true" >> $GITHUB_ENV^[[0m
build (aarch64-unknown-linux-gnu, ubuntu-24.04-arm)	Run actions-rust-lang/setup-rust-toolchain@v1	2026-09-10T05:24:17.4889745Z ^[[36;1mfi^[[0m
build (aarch64-unknown-linux-gnu, ubuntu-24.04-arm)	Run actions-rust-lang/setup-rust-toolchain@v1	2026-09-10T05:24:17.4889977Z ^[[36;1mif [[ ! -v CARGO_REGISTRIES_CRATES_IO_PROTOCOL ]]; then^[[0m
build (aarch64-unknown-linux-gnu, ubuntu-24.04-arm)	Run actions-rust-lang/setup-rust-toolchain@v1	2026-09-10T05:24:17.4890381Z ^[[36;1m  echo "CARGO_REGISTRIES_CRATES_IO_PROTOCOL=sparse" >> $GITHUB_ENV^[[0m
build (aarch64-unknown-linux-gnu, ubuntu-24.04-arm)	Run actions-rust-lang/setup-rust-toolchain@v1	2026-09-10T05:24:17.4890722Z ^[[36;1mfi^[[0m
build (aarch64-unknown-linux-gnu, ubuntu-24.04-arm)	Run actions-rust-lang/setup-rust-toolchain@v1	2026-09-10T05:24:17.4923873Z shell: /usr/bin/bash --noprofile --norc -e -o pipefail {0}
build (aarch64-unknown-linux-gnu, ubuntu-24.04-arm)	Run actions-rust-lang/setup-rust-toolchain@v1	2026-09-10T05:24:17.4924387Z env:
build (aarch64-unknown-linux-gnu, ubuntu-24.04-arm)	Run actions-rust-lang/setup-rust-toolchain@v1	2026-09-10T05:24:17.4924577Z   _srt_NEW_RUSTFLAGS: -D warnings
build (aarch64-unknown-linux-gnu, ubuntu-24.04-arm)	Run actions-rust-lang/setup-rust-toolchain@v1	2026-09-10T05:24:17.4925109Z ##[endgroup]
build (aarch64-unknown-linux-gnu, ubuntu-24.04-arm)	Run actions-rust-lang/setup-rust-toolchain@v1	2026-09-10T05:24:17.4988158Z ##[end-action id=__actions-rust-lang_setup-rust-toolchain.__run_2;outcome=success;conclusion=success;duration_ms=11]
build (aarch64-unknown-linux-gnu, ubuntu-24.04-arm)	Run actions-rust-lang/setup-rust-toolchain@v1	2026-09-10T05:24:17.4990684Z ##[start-action display=Install Rust Problem Matcher;id=__actions-rust-lang_setup-rust-toolchain.__run_3]
build (aarch64-unknown-linux-gnu, ubuntu-24.04-arm)	Run actions-rust-lang/setup-rust-toolchain@v1	2026-09-10T05:24:17.5010459Z ##[group]Run echo "::add-matcher::/home/runner/work/_actions/actions-rust-lang/setup-rust-toolchain/v1/rust.json"
build (aarch64-unknown-linux-gnu, ubuntu-24.04-arm)	Run actions-rust-lang/setup-rust-toolchain@v1	2026-09-10T05:24:17.5011201Z ^[[36;1mecho "::add-matcher::/home/runner/work/_actions/actions-rust-lang/setup-rust-toolchain/v1/rust.json"^[[0m
build (aarch64-unknown-linux-gnu, ubuntu-24.04-arm)	Run actions-rust-lang/setup-rust-toolchain@v1	2026-09-10T05:24:17.5044096Z shell: /usr/bin/bash --noprofile --norc -e -o pipefail {0}
build (aarch64-unknown-linux-gnu, ubuntu-24.04-arm)	Run actions-rust-lang/setup-rust-toolchain@v1	2026-09-10T05:24:17.5044433Z env:
build (aarch64-unknown-linux-gnu, ubuntu-24.04-arm)	Run actions-rust-lang/setup-rust-toolchain@v1	2026-09-10T05:24:17.5044617Z   CARGO_INCREMENTAL: 0
build (aarch64-unknown-linux-gnu, ubuntu-24.04-arm)	Run actions-rust-lang/setup-rust-toolchain@v1	2026-09-10T05:24:17.5045008Z   CARGO_PROFILE_DEV_DEBUG: 0
build (aarch64-unknown-linux-gnu, ubuntu-24.04-arm)	Run actions-rust-lang/setup-rust-toolchain@v1	2026-09-10T05:24:17.5045262Z   CARGO_TERM_COLOR: always
build (aarch64-unknown-linux-gnu, ubuntu-24.04-arm)	Run actions-rust-lang/setup-rust-toolchain@v1	2026-09-10T05:24:17.5045472Z   RUST_BACKTRACE: short
build (aarch64-unknown-linux-gnu, ubuntu-24.04-arm)	Run actions-rust-lang/setup-rust-toolchain@v1	2026-09-10T05:24:17.5045684Z   RUSTFLAGS: -D warnings
build (aarch64-unknown-linux-gnu, ubuntu-24.04-arm)	Run actions-rust-lang/setup-rust-toolchain@v1	2026-09-10T05:24:17.5046028Z   CARGO_UNSTABLE_SPARSE_REGISTRY: true
build (aarch64-unknown-linux-gnu, ubuntu-24.04-arm)	Run actions-rust-lang/setup-rust-toolchain@v1	2026-09-10T05:24:17.5046303Z   CARGO_REGISTRIES_CRATES_IO_PROTOCOL: sparse
build (aarch64-unknown-linux-gnu, ubuntu-24.04-arm)	Run actions-rust-lang/setup-rust-toolchain@v1	2026-09-10T05:24:17.5046557Z ##[endgroup]
build (aarch64-unknown-linux-gnu, ubuntu-24.04-arm)	Run actions-rust-lang/setup-rust-toolchain@v1	2026-09-10T05:24:17.5128737Z ##[end-action id=__actions-rust-lang_setup-rust-toolchain.__run_3;outcome=success;conclusion=success;duration_ms=13]
build (aarch64-unknown-linux-gnu, ubuntu-24.04-arm)	Run actions-rust-lang/setup-rust-toolchain@v1	2026-09-10T05:24:17.5132386Z ##[start-action display=Install rustup, if needed;id=__actions-rust-lang_setup-rust-toolchain.__run_4]
build (aarch64-unknown-linux-gnu, ubuntu-24.04-arm)	Run actions-rust-lang/setup-rust-toolchain@v1	2026-09-10T05:24:17.5148231Z ##[group]Run if ! command -v rustup &> /dev/null ; then
build (aarch64-unknown-linux-gnu, ubuntu-24.04-arm)	Run actions-rust-lang/setup-rust-toolchain@v1	2026-09-10T05:24:17.5148636Z ^[[36;1mif ! command -v rustup &> /dev/null ; then^[[0m
build (aarch64-unknown-linux-gnu, ubuntu-24.04-arm)	Run actions-rust-lang/setup-rust-toolchain@v1	2026-09-10T05:24:17.5149249Z ^[[36;1m  curl --proto '=https' --tlsv1.2 --retry 10 --retry-connrefused -fsSL "https://sh.rustup.rs" | sh -s -- --default-toolchain none -y^[[0m
build (aarch64-unknown-linux-gnu, ubuntu-24.04-arm)	Run actions-rust-lang/setup-rust-toolchain@v1	2026-09-10T05:24:17.5149799Z ^[[36;1m^[[0m
build (aarch64-unknown-linux-gnu, ubuntu-24.04-arm)	Run actions-rust-lang/setup-rust-toolchain@v1	2026-09-10T05:24:17.5150035Z ^[[36;1m  # Resolve the correct CARGO_HOME path depending on OS^[[0m
build (aarch64-unknown-linux-gnu, ubuntu-24.04-arm)	Run actions-rust-lang/setup-rust-toolchain@v1	2026-09-10T05:24:17.5150396Z ^[[36;1m  if [[ "$RUNNER_OS" == "Windows" ]]; then^[[0m
build (aarch64-unknown-linux-gnu, ubuntu-24.04-arm)	Run actions-rust-lang/setup-rust-toolchain@v1	2026-09-10T05:24:17.5150808Z ^[[36;1m    echo "${CARGO_HOME:-$USERPROFILE/.cargo}/bin" | sed 's|/|\\|g' >> $GITHUB_PATH^[[0m
build (aarch64-unknown-linux-gnu, ubuntu-24.04-arm)	Run actions-rust-lang/setup-rust-toolchain@v1	2026-09-10T05:24:17.5151181Z ^[[36;1m  else^[[0m
build (aarch64-unknown-linux-gnu, ubuntu-24.04-arm)	Run actions-rust-lang/setup-rust-toolchain@v1	2026-09-10T05:24:17.5151422Z ^[[36;1m    echo "${CARGO_HOME:-$HOME/.cargo}/bin" >> $GITHUB_PATH^[[0m
build (aarch64-unknown-linux-gnu, ubuntu-24.04-arm)	Run actions-rust-lang/setup-rust-toolchain@v1	2026-09-10T05:24:17.5151719Z ^[[36;1m  fi^[[0m
build (aarch64-unknown-linux-gnu, ubuntu-24.04-arm)	Run actions-rust-lang/setup-rust-toolchain@v1	2026-09-10T05:24:17.5151885Z ^[[36;1mfi^[[0m
build (aarch64-unknown-linux-gnu, ubuntu-24.04-arm)	Run actions-rust-lang/setup-rust-toolchain@v1	2026-09-10T05:24:17.5183915Z shell: /usr/bin/bash --noprofile --norc -e -o pipefail {0}
build (aarch64-unknown-linux-gnu, ubuntu-24.04-arm)	Run actions-rust-lang/setup-rust-toolchain@v1	2026-09-10T05:24:17.5184240Z env:
build (aarch64-unknown-linux-gnu, ubuntu-24.04-arm)	Run actions-rust-lang/setup-rust-toolchain@v1	2026-09-10T05:24:17.5184410Z   CARGO_INCREMENTAL: 0
build (aarch64-unknown-linux-gnu, ubuntu-24.04-arm)	Run actions-rust-lang/setup-rust-toolchain@v1	2026-09-10T05:24:17.5184614Z   CARGO_PROFILE_DEV_DEBUG: 0
build (aarch64-unknown-linux-gnu, ubuntu-24.04-arm)	Run actions-rust-lang/setup-rust-toolchain@v1	2026-09-10T05:24:17.5185079Z   CARGO_TERM_COLOR: always
build (aarch64-unknown-linux-gnu, ubuntu-24.04-arm)	Run actions-rust-lang/setup-rust-toolchain@v1	2026-09-10T05:24:17.5185304Z   RUST_BACKTRACE: short
build (aarch64-unknown-linux-gnu, ubuntu-24.04-arm)	Run actions-rust-lang/setup-rust-toolchain@v1	2026-09-10T05:24:17.5185506Z   RUSTFLAGS: -D warnings
build (aarch64-unknown-linux-gnu, ubuntu-24.04-arm)	Run actions-rust-lang/setup-rust-toolchain@v1	2026-09-10T05:24:17.5185723Z   CARGO_UNSTABLE_SPARSE_REGISTRY: true
build (aarch64-unknown-linux-gnu, ubuntu-24.04-arm)	Run actions-rust-lang/setup-rust-toolchain@v1	2026-09-10T05:24:17.5185994Z   CARGO_REGISTRIES_CRATES_IO_PROTOCOL: sparse
build (aarch64-unknown-linux-gnu, ubuntu-24.04-arm)	Run actions-rust-lang/setup-rust-toolchain@v1	2026-09-10T05:24:17.5186272Z   RUNNER_OS: Linux
build (aarch64-unknown-linux-gnu, ubuntu-24.04-arm)	Run actions-rust-lang/setup-rust-toolchain@v1	2026-09-10T05:24:17.5186463Z ##[endgroup]
build (aarch64-unknown-linux-gnu, ubuntu-24.04-arm)	Run actions-rust-lang/setup-rust-toolchain@v1	2026-09-10T05:24:17.5248770Z ##[end-action id=__actions-rust-lang_setup-rust-toolchain.__run_4;outcome=success;conclusion=success;duration_ms=11]
build (aarch64-unknown-linux-gnu, ubuntu-24.04-arm)	Run actions-rust-lang/setup-rust-toolchain@v1	2026-09-10T05:24:17.5254024Z ##[start-action display=rustup toolchain install stable;id=__actions-rust-lang_setup-rust-toolchain.__run_5]
build (aarch64-unknown-linux-gnu, ubuntu-24.04-arm)	Run actions-rust-lang/setup-rust-toolchain@v1	2026-09-10T05:24:17.5270861Z ##[group]Run # Check if value is set
build (aarch64-unknown-linux-gnu, ubuntu-24.04-arm)	Run actions-rust-lang/setup-rust-toolchain@v1	2026-09-10T05:24:17.5271168Z ^[[36;1m# Check if value is set^[[0m
build (aarch64-unknown-linux-gnu, ubuntu-24.04-arm)	Run actions-rust-lang/setup-rust-toolchain@v1	2026-09-10T05:24:17.5271506Z ^[[36;1mif [[ -n "$_srt_rust_src_dir" ]]^[[0m
build (aarch64-unknown-linux-gnu, ubuntu-24.04-arm)	Run actions-rust-lang/setup-rust-toolchain@v1	2026-09-10T05:24:17.5271751Z ^[[36;1mthen^[[0m
build (aarch64-unknown-linux-gnu, ubuntu-24.04-arm)	Run actions-rust-lang/setup-rust-toolchain@v1	2026-09-10T05:24:17.5271960Z ^[[36;1m  # If value is set the directory must exist^[[0m
build (aarch64-unknown-linux-gnu, ubuntu-24.04-arm)	Run actions-rust-lang/setup-rust-toolchain@v1	2026-09-10T05:24:17.5272282Z ^[[36;1m  if [[ -d "$_srt_rust_src_dir" ]]^[[0m
build (aarch64-unknown-linux-gnu, ubuntu-24.04-arm)	Run actions-rust-lang/setup-rust-toolchain@v1	2026-09-10T05:24:17.5272526Z ^[[36;1m  then^[[0m
build (aarch64-unknown-linux-gnu, ubuntu-24.04-arm)	Run actions-rust-lang/setup-rust-toolchain@v1	2026-09-10T05:24:17.5272710Z ^[[36;1m    cd "$_srt_rust_src_dir"^[[0m
build (aarch64-unknown-linux-gnu, ubuntu-24.04-arm)	Run actions-rust-lang/setup-rust-toolchain@v1	2026-09-10T05:24:17.5272931Z ^[[36;1m  else^[[0m
build (aarch64-unknown-linux-gnu, ubuntu-24.04-arm)	Run actions-rust-lang/setup-rust-toolchain@v1	2026-09-10T05:24:17.5273216Z ^[[36;1m    echo "'rust-src-dir' does not point to an existing directory" >&2^[[0m
build (aarch64-unknown-linux-gnu, ubuntu-24.04-arm)	Run actions-rust-lang/setup-rust-toolchain@v1	2026-09-10T05:24:17.5273961Z ^[[36;1m    echo "The value of 'rust-src-dir' is: ${_srt_rust_src_dir}" >&2^[[0m
build (aarch64-unknown-linux-gnu, ubuntu-24.04-arm)	Run actions-rust-lang/setup-rust-toolchain@v1	2026-09-10T05:24:17.5274414Z ^[[36;1m    exit 1^[[0m
build (aarch64-unknown-linux-gnu, ubuntu-24.04-arm)	Run actions-rust-lang/setup-rust-toolchain@v1	2026-09-10T05:24:17.5274593Z ^[[36;1m  fi^[[0m
build (aarch64-unknown-linux-gnu, ubuntu-24.04-arm)	Run actions-rust-lang/setup-rust-toolchain@v1	2026-09-10T05:24:17.5274757Z ^[[36;1mfi^[[0m
build (aarch64-unknown-linux-gnu, ubuntu-24.04-arm)	Run actions-rust-lang/setup-rust-toolchain@v1	2026-09-10T05:24:17.5275255Z ^[[36;1mif [[ -z "$_srt_toolchain" && ( -f "rust-toolchain" || -f "rust-toolchain.toml") ]]^[[0m
build (aarch64-unknown-linux-gnu, ubuntu-24.04-arm)	Run actions-rust-lang/setup-rust-toolchain@v1	2026-09-10T05:24:17.5275630Z ^[[36;1mthen^[[0m
build (aarch64-unknown-linux-gnu, ubuntu-24.04-arm)	Run actions-rust-lang/setup-rust-toolchain@v1	2026-09-10T05:24:17.5275854Z ^[[36;1m  # Install the toolchain as specified in the file^[[0m
build (aarch64-unknown-linux-gnu, ubuntu-24.04-arm)	Run actions-rust-lang/setup-rust-toolchain@v1	2026-09-10T05:24:17.5276243Z ^[[36;1m  # rustup show is the old way that implicitly installed a toolchain^[[0m
build (aarch64-unknown-linux-gnu, ubuntu-24.04-arm)	Run actions-rust-lang/setup-rust-toolchain@v1	2026-09-10T05:24:17.5276771Z ^[[36;1m  # rustup toolchain install is the new explicit way^[[0m
build (aarch64-unknown-linux-gnu, ubuntu-24.04-arm)	Run actions-rust-lang/setup-rust-toolchain@v1	2026-09-10T05:24:17.5277339Z ^[[36;1m  # https://github.com/rust-lang/rustup/issues/3635#issuecomment-2343511297^[[0m
build (aarch64-unknown-linux-gnu, ubuntu-24.04-arm)	Run actions-rust-lang/setup-rust-toolchain@v1	2026-09-10T05:24:17.5277797Z ^[[36;1m  rustup show active-toolchain || rustup toolchain install^[[0m
build (aarch64-unknown-linux-gnu, ubuntu-24.04-arm)	Run actions-rust-lang/setup-rust-toolchain@v1	2026-09-10T05:24:17.5278144Z ^[[36;1m  if [[ -n $_srt_components ]]; then^[[0m
build (aarch64-unknown-linux-gnu, ubuntu-24.04-arm)	Run actions-rust-lang/setup-rust-toolchain@v1	2026-09-10T05:24:17.5278463Z ^[[36;1m    rustup component add ${_srt_components//,/ }^[[0m
build (aarch64-unknown-linux-gnu, ubuntu-24.04-arm)	Run actions-rust-lang/setup-rust-toolchain@v1	2026-09-10T05:24:17.5278744Z ^[[36;1m  fi^[[0m
build (aarch64-unknown-linux-gnu, ubuntu-24.04-arm)	Run actions-rust-lang/setup-rust-toolchain@v1	2026-09-10T05:24:17.5278941Z ^[[36;1m  if [[ -n $_srt_targets ]]; then^[[0m
build (aarch64-unknown-linux-gnu, ubuntu-24.04-arm)	Run actions-rust-lang/setup-rust-toolchain@v1	2026-09-10T05:24:17.5279218Z ^[[36;1m    rustup target add ${_srt_targets//,/ }^[[0m
build (aarch64-unknown-linux-gnu, ubuntu-24.04-arm)	Run actions-rust-lang/setup-rust-toolchain@v1	2026-09-10T05:24:17.5279477Z ^[[36;1m  fi^[[0m
build (aarch64-unknown-linux-gnu, ubuntu-24.04-arm)	Run actions-rust-lang/setup-rust-toolchain@v1	2026-09-10T05:24:17.5279641Z ^[[36;1melse^[[0m
build (aarch64-unknown-linux-gnu, ubuntu-24.04-arm)	Run actions-rust-lang/setup-rust-toolchain@v1	2026-09-10T05:24:17.5279825Z ^[[36;1m  if [[ -z "$_srt_toolchain" ]]^[[0m
build (aarch64-unknown-linux-gnu, ubuntu-24.04-arm)	Run actions-rust-lang/setup-rust-toolchain@v1	2026-09-10T05:24:17.5280058Z ^[[36;1m  then^[[0m
build (aarch64-unknown-linux-gnu, ubuntu-24.04-arm)	Run actions-rust-lang/setup-rust-toolchain@v1	2026-09-10T05:24:17.5280247Z ^[[36;1m    _srt_toolchain=stable^[[0m
build (aarch64-unknown-linux-gnu, ubuntu-24.04-arm)	Run actions-rust-lang/setup-rust-toolchain@v1	2026-09-10T05:24:17.5280500Z ^[[36;1m  fi^[[0m
build (aarch64-unknown-linux-gnu, ubuntu-24.04-arm)	Run actions-rust-lang/setup-rust-toolchain@v1	2026-09-10T05:24:17.5280838Z ^[[36;1m  rustup toolchain install ${_srt_toolchain//,/ }  --profile minimal --no-self-update^[[0m
build (aarch64-unknown-linux-gnu, ubuntu-24.04-arm)	Run actions-rust-lang/setup-rust-toolchain@v1	2026-09-10T05:24:17.5281269Z ^[[36;1m  # Take the last element from the list^[[0m
build (aarch64-unknown-linux-gnu, ubuntu-24.04-arm)	Run actions-rust-lang/setup-rust-toolchain@v1	2026-09-10T05:24:17.5281553Z ^[[36;1m  if [[ "$_srt_override" == "true" ]]^[[0m
build (aarch64-unknown-linux-gnu, ubuntu-24.04-arm)	Run actions-rust-lang/setup-rust-toolchain@v1	2026-09-10T05:24:17.5281802Z ^[[36;1m  then^[[0m
build (aarch64-unknown-linux-gnu, ubuntu-24.04-arm)	Run actions-rust-lang/setup-rust-toolchain@v1	2026-09-10T05:24:17.5282023Z ^[[36;1m    rustup override set ${_srt_toolchain//*,/ }^[[0m
build (aarch64-unknown-linux-gnu, ubuntu-24.04-arm)	Run actions-rust-lang/setup-rust-toolchain@v1	2026-09-10T05:24:17.5282308Z ^[[36;1m  fi^[[0m
build (aarch64-unknown-linux-gnu, ubuntu-24.04-arm)	Run actions-rust-lang/setup-rust-toolchain@v1	2026-09-10T05:24:17.5282554Z ^[[36;1mfi^[[0m
build (aarch64-unknown-linux-gnu, ubuntu-24.04-arm)	Run actions-rust-lang/setup-rust-toolchain@v1	2026-09-10T05:24:17.5315388Z shell: /usr/bin/bash --noprofile --norc -e -o pipefail {0}
build (aarch64-unknown-linux-gnu, ubuntu-24.04-arm)	Run actions-rust-lang/setup-rust-toolchain@v1	2026-09-10T05:24:17.5315728Z env:
build (aarch64-unknown-linux-gnu, ubuntu-24.04-arm)	Run actions-rust-lang/setup-rust-toolchain@v1	2026-09-10T05:24:17.5315900Z   CARGO_INCREMENTAL: 0
build (aarch64-unknown-linux-gnu, ubuntu-24.04-arm)	Run actions-rust-lang/setup-rust-toolchain@v1	2026-09-10T05:24:17.5316104Z   CARGO_PROFILE_DEV_DEBUG: 0
build (aarch64-unknown-linux-gnu, ubuntu-24.04-arm)	Run actions-rust-lang/setup-rust-toolchain@v1	2026-09-10T05:24:17.5316321Z   CARGO_TERM_COLOR: always
build (aarch64-unknown-linux-gnu, ubuntu-24.04-arm)	Run actions-rust-lang/setup-rust-toolchain@v1	2026-09-10T05:24:17.5316530Z   RUST_BACKTRACE: short
build (aarch64-unknown-linux-gnu, ubuntu-24.04-arm)	Run actions-rust-lang/setup-rust-toolchain@v1	2026-09-10T05:24:17.5316729Z   RUSTFLAGS: -D warnings
build (aarch64-unknown-linux-gnu, ubuntu-24.04-arm)	Run actions-rust-lang/setup-rust-toolchain@v1	2026-09-10T05:24:17.5316944Z   CARGO_UNSTABLE_SPARSE_REGISTRY: true
build (aarch64-unknown-linux-gnu, ubuntu-24.04-arm)	Run actions-rust-lang/setup-rust-toolchain@v1	2026-09-10T05:24:17.5317214Z   CARGO_REGISTRIES_CRATES_IO_PROTOCOL: sparse
build (aarch64-unknown-linux-gnu, ubuntu-24.04-arm)	Run actions-rust-lang/setup-rust-toolchain@v1	2026-09-10T05:24:17.5317471Z   _srt_toolchain: 
build (aarch64-unknown-linux-gnu, ubuntu-24.04-arm)	Run actions-rust-lang/setup-rust-toolchain@v1	2026-09-10T05:24:17.5317647Z   _srt_targets: 
build (aarch64-unknown-linux-gnu, ubuntu-24.04-arm)	Run actions-rust-lang/setup-rust-toolchain@v1	2026-09-10T05:24:17.5317827Z   _srt_components: 
build (aarch64-unknown-linux-gnu, ubuntu-24.04-arm)	Run actions-rust-lang/setup-rust-toolchain@v1	2026-09-10T05:24:17.5318010Z   _srt_override: true
build (aarch64-unknown-linux-gnu, ubuntu-24.04-arm)	Run actions-rust-lang/setup-rust-toolchain@v1	2026-09-10T05:24:17.5318198Z   _srt_rust_src_dir: 
build (aarch64-unknown-linux-gnu, ubuntu-24.04-arm)	Run actions-rust-lang/setup-rust-toolchain@v1	2026-09-10T05:24:17.5318382Z ##[endgroup]
build (aarch64-unknown-linux-gnu, ubuntu-24.04-arm)	Run actions-rust-lang/setup-rust-toolchain@v1	2026-09-10T05:24:24.7720842Z info: syncing channel updates for stable-aarch64-unknown-linux-gnu
build (aarch64-unknown-linux-gnu, ubuntu-24.04-arm)	Run actions-rust-lang/setup-rust-toolchain@v1	2026-09-10T05:24:25.2045969Z 
build (aarch64-unknown-linux-gnu, ubuntu-24.04-arm)	Run actions-rust-lang/setup-rust-toolchain@v1	2026-09-10T05:24:25.2111818Z   stable-aarch64-unknown-linux-gnu unchanged - rustc 1.98.1 (48a229cea 2026-09-01)
build (aarch64-unknown-linux-gnu, ubuntu-24.04-arm)	Run actions-rust-lang/setup-rust-toolchain@v1	2026-09-10T05:24:25.2112242Z 
build (aarch64-unknown-linux-gnu, ubuntu-24.04-arm)	Run actions-rust-lang/setup-rust-toolchain@v1	2026-09-10T05:24:25.2163586Z info: override toolchain for /home/runner/work/vig/vig set to stable-aarch64-unknown-linux-gnu
build (aarch64-unknown-linux-gnu, ubuntu-24.04-arm)	Run actions-rust-lang/setup-rust-toolchain@v1	2026-09-10T05:24:25.2185763Z ##[end-action id=__actions-rust-lang_setup-rust-toolchain.__run_5;outcome=success;conclusion=success;duration_ms=7693]
build (aarch64-unknown-linux-gnu, ubuntu-24.04-arm)	Run actions-rust-lang/setup-rust-toolchain@v1	2026-09-10T05:24:25.2189327Z ##[start-action display=Print installed versions;id=__actions-rust-lang_setup-rust-toolchain.versions]
build (aarch64-unknown-linux-gnu, ubuntu-24.04-arm)	Run actions-rust-lang/setup-rust-toolchain@v1	2026-09-10T05:24:25.2209933Z ##[group]Run echo "rustc-version=$(rustc --version)" >> $GITHUB_OUTPUT
build (aarch64-unknown-linux-gnu, ubuntu-24.04-arm)	Run actions-rust-lang/setup-rust-toolchain@v1	2026-09-10T05:24:25.2210416Z ^[[36;1mecho "rustc-version=$(rustc --version)" >> $GITHUB_OUTPUT^[[0m
build (aarch64-unknown-linux-gnu, ubuntu-24.04-arm)	Run actions-rust-lang/setup-rust-toolchain@v1	2026-09-10T05:24:25.2210856Z ^[[36;1mrustc --version --verbose^[[0m
build (aarch64-unknown-linux-gnu, ubuntu-24.04-arm)	Run actions-rust-lang/setup-rust-toolchain@v1	2026-09-10T05:24:25.2211162Z ^[[36;1mecho "cargo-version=$(cargo --version)" >> $GITHUB_OUTPUT^[[0m
build (aarch64-unknown-linux-gnu, ubuntu-24.04-arm)	Run actions-rust-lang/setup-rust-toolchain@v1	2026-09-10T05:24:25.2211491Z ^[[36;1mcargo --version --verbose^[[0m
build (aarch64-unknown-linux-gnu, ubuntu-24.04-arm)	Run actions-rust-lang/setup-rust-toolchain@v1	2026-09-10T05:24:25.2212093Z ^[[36;1mecho "rustup-version=$(rustup --version)" >> $GITHUB_OUTPUT^[[0m
build (aarch64-unknown-linux-gnu, ubuntu-24.04-arm)	Run actions-rust-lang/setup-rust-toolchain@v1	2026-09-10T05:24:25.2212556Z ^[[36;1mrustup --version^[[0m
build (aarch64-unknown-linux-gnu, ubuntu-24.04-arm)	Run actions-rust-lang/setup-rust-toolchain@v1	2026-09-10T05:24:25.2212753Z ^[[36;1m^[[0m
build (aarch64-unknown-linux-gnu, ubuntu-24.04-arm)	Run actions-rust-lang/setup-rust-toolchain@v1	2026-09-10T05:24:25.2213150Z ^[[36;1m_srt_DATE=$(rustc --version --verbose | sed -ne 's/^commit-date: \(20[0-9][0-9]\)-\([01][0-9]\)-\([0-3][0-9]\)$/\1\2\3/p')^[[0m
build (aarch64-unknown-linux-gnu, ubuntu-24.04-arm)	Run actions-rust-lang/setup-rust-toolchain@v1	2026-09-10T05:24:25.2213733Z ^[[36;1m_srt_HASH=$(rustc --version --verbose | sed -ne 's/^commit-hash: //p')^[[0m
build (aarch64-unknown-linux-gnu, ubuntu-24.04-arm)	Run actions-rust-lang/setup-rust-toolchain@v1	2026-09-10T05:24:25.2214198Z ^[[36;1mecho "cachekey=$(echo $_srt_DATE$_srt_HASH | head -c12)" >> $GITHUB_OUTPUT^[[0m
build (aarch64-unknown-linux-gnu, ubuntu-24.04-arm)	Run actions-rust-lang/setup-rust-toolchain@v1	2026-09-10T05:24:25.2247243Z shell: /usr/bin/bash --noprofile --norc -e -o pipefail {0}
build (aarch64-unknown-linux-gnu, ubuntu-24.04-arm)	Run actions-rust-lang/setup-rust-toolchain@v1	2026-09-10T05:24:25.2247554Z env:
build (aarch64-unknown-linux-gnu, ubuntu-24.04-arm)	Run actions-rust-lang/setup-rust-toolchain@v1	2026-09-10T05:24:25.2247724Z   CARGO_INCREMENTAL: 0
build (aarch64-unknown-linux-gnu, ubuntu-24.04-arm)	Run actions-rust-lang/setup-rust-toolchain@v1	2026-09-10T05:24:25.2247930Z   CARGO_PROFILE_DEV_DEBUG: 0
build (aarch64-unknown-linux-gnu, ubuntu-24.04-arm)	Run actions-rust-lang/setup-rust-toolchain@v1	2026-09-10T05:24:25.2248148Z   CARGO_TERM_COLOR: always
build (aarch64-unknown-linux-gnu, ubuntu-24.04-arm)	Run actions-rust-lang/setup-rust-toolchain@v1	2026-09-10T05:24:25.2248351Z   RUST_BACKTRACE: short
build (aarch64-unknown-linux-gnu, ubuntu-24.04-arm)	Run actions-rust-lang/setup-rust-toolchain@v1	2026-09-10T05:24:25.2248546Z   RUSTFLAGS: -D warnings
build (aarch64-unknown-linux-gnu, ubuntu-24.04-arm)	Run actions-rust-lang/setup-rust-toolchain@v1	2026-09-10T05:24:25.2248757Z   CARGO_UNSTABLE_SPARSE_REGISTRY: true
build (aarch64-unknown-linux-gnu, ubuntu-24.04-arm)	Run actions-rust-lang/setup-rust-toolchain@v1	2026-09-10T05:24:25.2249039Z   CARGO_REGISTRIES_CRATES_IO_PROTOCOL: sparse
build (aarch64-unknown-linux-gnu, ubuntu-24.04-arm)	Run actions-rust-lang/setup-rust-toolchain@v1	2026-09-10T05:24:25.2249327Z ##[endgroup]
build (aarch64-unknown-linux-gnu, ubuntu-24.04-arm)	Run actions-rust-lang/setup-rust-toolchain@v1	2026-09-10T05:24:25.2491181Z rustc 1.98.1 (48a229cea 2026-09-01)
build (aarch64-unknown-linux-gnu, ubuntu-24.04-arm)	Run actions-rust-lang/setup-rust-toolchain@v1	2026-09-10T05:24:25.2491527Z binary: rustc
build (aarch64-unknown-linux-gnu, ubuntu-24.04-arm)	Run actions-rust-lang/setup-rust-toolchain@v1	2026-09-10T05:24:25.2491765Z commit-hash: 48a229ceaefd4985c50990b14116b6d856af0985
build (aarch64-unknown-linux-gnu, ubuntu-24.04-arm)	Run actions-rust-lang/setup-rust-toolchain@v1	2026-09-10T05:24:25.2492058Z commit-date: 2026-09-01
build (aarch64-unknown-linux-gnu, ubuntu-24.04-arm)	Run actions-rust-lang/setup-rust-toolchain@v1	2026-09-10T05:24:25.2492274Z host: aarch64-unknown-linux-gnu
build (aarch64-unknown-linux-gnu, ubuntu-24.04-arm)	Run actions-rust-lang/setup-rust-toolchain@v1	2026-09-10T05:24:25.2528898Z release: 1.98.1
build (aarch64-unknown-linux-gnu, ubuntu-24.04-arm)	Run actions-rust-lang/setup-rust-toolchain@v1	2026-09-10T05:24:25.3946801Z LLVM version: 22.1.8
build (aarch64-unknown-linux-gnu, ubuntu-24.04-arm)	Run actions-rust-lang/setup-rust-toolchain@v1	2026-09-10T05:24:27.0285641Z cargo 1.98.1 (797e8a9bc 2026-08-05)
build (aarch64-unknown-linux-gnu, ubuntu-24.04-arm)	Run actions-rust-lang/setup-rust-toolchain@v1	2026-09-10T05:24:27.0286030Z release: 1.98.1
build (aarch64-unknown-linux-gnu, ubuntu-24.04-arm)	Run actions-rust-lang/setup-rust-toolchain@v1	2026-09-10T05:24:27.0286277Z commit-hash: 797e8a9bca276c1c9f9f738d2a20f484fa4eea9d
build (aarch64-unknown-linux-gnu, ubuntu-24.04-arm)	Run actions-rust-lang/setup-rust-toolchain@v1	2026-09-10T05:24:27.0286577Z commit-date: 2026-08-05
build (aarch64-unknown-linux-gnu, ubuntu-24.04-arm)	Run actions-rust-lang/setup-rust-toolchain@v1	2026-09-10T05:24:27.0286797Z host: aarch64-unknown-linux-gnu
build (aarch64-unknown-linux-gnu, ubuntu-24.04-arm)	Run actions-rust-lang/setup-rust-toolchain@v1	2026-09-10T05:24:27.0287027Z libgit2: 1.9.4 (sys:0.21.0 vendored)
build (aarch64-unknown-linux-gnu, ubuntu-24.04-arm)	Run actions-rust-lang/setup-rust-toolchain@v1	2026-09-10T05:24:27.0287348Z libcurl: 8.21.0-DEV (sys:0.4.90+curl-8.21.0 vendored ssl:OpenSSL/3.6.3)
build (aarch64-unknown-linux-gnu, ubuntu-24.04-arm)	Run actions-rust-lang/setup-rust-toolchain@v1	2026-09-10T05:24:27.0287725Z ssl: OpenSSL 3.6.3 9 Jun 2026
build (aarch64-unknown-linux-gnu, ubuntu-24.04-arm)	Run actions-rust-lang/setup-rust-toolchain@v1	2026-09-10T05:24:27.0287951Z os: Ubuntu 24.4.0 (noble) [64-bit]
build (aarch64-unknown-linux-gnu, ubuntu-24.04-arm)	Run actions-rust-lang/setup-rust-toolchain@v1	2026-09-10T05:24:27.0314512Z info: This is the version for the rustup toolchain manager, not the rustc compiler.
build (aarch64-unknown-linux-gnu, ubuntu-24.04-arm)	Run actions-rust-lang/setup-rust-toolchain@v1	2026-09-10T05:24:27.0394710Z info: the currently active `rustc` version is `rustc 1.98.1 (48a229cea 2026-09-01)`
build (aarch64-unknown-linux-gnu, ubuntu-24.04-arm)	Run actions-rust-lang/setup-rust-toolchain@v1	2026-09-10T05:24:27.0422996Z info: This is the version for the rustup toolchain manager, not the rustc compiler.
build (aarch64-unknown-linux-gnu, ubuntu-24.04-arm)	Run actions-rust-lang/setup-rust-toolchain@v1	2026-09-10T05:24:27.0423440Z rustup 1.29.1 (d95a37b6a 2026-08-13)
build (aarch64-unknown-linux-gnu, ubuntu-24.04-arm)	Run actions-rust-lang/setup-rust-toolchain@v1	2026-09-10T05:24:27.0500123Z info: the currently active `rustc` version is `rustc 1.98.1 (48a229cea 2026-09-01)`
build (aarch64-unknown-linux-gnu, ubuntu-24.04-arm)	Run actions-rust-lang/setup-rust-toolchain@v1	2026-09-10T05:24:27.0747591Z ##[end-action id=__actions-rust-lang_setup-rust-toolchain.versions;outcome=success;conclusion=success;duration_ms=1855]
build (aarch64-unknown-linux-gnu, ubuntu-24.04-arm)	Run actions-rust-lang/setup-rust-toolchain@v1	2026-09-10T05:24:27.0750501Z ##[start-action display=Downgrade registry access protocol when needed;id=__actions-rust-lang_setup-rust-toolchain.__run_6]
build (aarch64-unknown-linux-gnu, ubuntu-24.04-arm)	Run actions-rust-lang/setup-rust-toolchain@v1	2026-09-10T05:24:27.0769163Z ##[group]Run # Not all versions support setting CARGO_REGISTRIES_CRATES_IO_PROTOCOL
build (aarch64-unknown-linux-gnu, ubuntu-24.04-arm)	Run actions-rust-lang/setup-rust-toolchain@v1	2026-09-10T05:24:27.0769753Z ^[[36;1m# Not all versions support setting CARGO_REGISTRIES_CRATES_IO_PROTOCOL^[[0m
build (aarch64-unknown-linux-gnu, ubuntu-24.04-arm)	Run actions-rust-lang/setup-rust-toolchain@v1	2026-09-10T05:24:27.0770257Z ^[[36;1m# On versions 1.66, 1.67, and 1.68.0-nightly the value "sparse" is still unstable.^[[0m
build (aarch64-unknown-linux-gnu, ubuntu-24.04-arm)	Run actions-rust-lang/setup-rust-toolchain@v1	2026-09-10T05:24:27.0770773Z ^[[36;1m# https://github.com/dtolnay/rust-toolchain/pull/69#discussion_r1107268108^[[0m
build (aarch64-unknown-linux-gnu, ubuntu-24.04-arm)	Run actions-rust-lang/setup-rust-toolchain@v1	2026-09-10T05:24:27.0771310Z ^[[36;1m# If we detect an incompatible value, set it to "git" which is always supported.^[[0m
build (aarch64-unknown-linux-gnu, ubuntu-24.04-arm)	Run actions-rust-lang/setup-rust-toolchain@v1	2026-09-10T05:24:27.0772001Z ^[[36;1mif [[ "rustc 1.98.1 (48a229cea 2026-09-01)" =~ ^rustc\ (1\.6[67]\.|1\.68\.0-nightly) && "${CARGO_REGISTRIES_CRATES_IO_PROTOCOL}" == "sparse" ]]; then^[[0m
build (aarch64-unknown-linux-gnu, ubuntu-24.04-arm)	Run actions-rust-lang/setup-rust-toolchain@v1	2026-09-10T05:24:27.0772600Z ^[[36;1m  echo "Downgrade cargo registry protocol to git"^[[0m
build (aarch64-unknown-linux-gnu, ubuntu-24.04-arm)	Run actions-rust-lang/setup-rust-toolchain@v1	2026-09-10T05:24:27.0772973Z ^[[36;1m  echo "CARGO_REGISTRIES_CRATES_IO_PROTOCOL=git" >> $GITHUB_ENV^[[0m
build (aarch64-unknown-linux-gnu, ubuntu-24.04-arm)	Run actions-rust-lang/setup-rust-toolchain@v1	2026-09-10T05:24:27.0773301Z ^[[36;1mfi^[[0m
build (aarch64-unknown-linux-gnu, ubuntu-24.04-arm)	Run actions-rust-lang/setup-rust-toolchain@v1	2026-09-10T05:24:27.0806618Z shell: /usr/bin/bash --noprofile --norc -e -o pipefail {0}
build (aarch64-unknown-linux-gnu, ubuntu-24.04-arm)	Run actions-rust-lang/setup-rust-toolchain@v1	2026-09-10T05:24:27.0806930Z env:
build (aarch64-unknown-linux-gnu, ubuntu-24.04-arm)	Run actions-rust-lang/setup-rust-toolchain@v1	2026-09-10T05:24:27.0807362Z   CARGO_INCREMENTAL: 0
build (aarch64-unknown-linux-gnu, ubuntu-24.04-arm)	Run actions-rust-lang/setup-rust-toolchain@v1	2026-09-10T05:24:27.0807692Z   CARGO_PROFILE_DEV_DEBUG: 0
build (aarch64-unknown-linux-gnu, ubuntu-24.04-arm)	Run actions-rust-lang/setup-rust-toolchain@v1	2026-09-10T05:24:27.0807908Z   CARGO_TERM_COLOR: always
build (aarch64-unknown-linux-gnu, ubuntu-24.04-arm)	Run actions-rust-lang/setup-rust-toolchain@v1	2026-09-10T05:24:27.0808114Z   RUST_BACKTRACE: short
build (aarch64-unknown-linux-gnu, ubuntu-24.04-arm)	Run actions-rust-lang/setup-rust-toolchain@v1	2026-09-10T05:24:27.0808314Z   RUSTFLAGS: -D warnings
build (aarch64-unknown-linux-gnu, ubuntu-24.04-arm)	Run actions-rust-lang/setup-rust-toolchain@v1	2026-09-10T05:24:27.0808528Z   CARGO_UNSTABLE_SPARSE_REGISTRY: true
build (aarch64-unknown-linux-gnu, ubuntu-24.04-arm)	Run actions-rust-lang/setup-rust-toolchain@v1	2026-09-10T05:24:27.0808793Z   CARGO_REGISTRIES_CRATES_IO_PROTOCOL: sparse
build (aarch64-unknown-linux-gnu, ubuntu-24.04-arm)	Run actions-rust-lang/setup-rust-toolchain@v1	2026-09-10T05:24:27.0809045Z ##[endgroup]
build (aarch64-unknown-linux-gnu, ubuntu-24.04-arm)	Run actions-rust-lang/setup-rust-toolchain@v1	2026-09-10T05:24:27.0866974Z ##[end-action id=__actions-rust-lang_setup-rust-toolchain.__run_6;outcome=success;conclusion=success;duration_ms=11]
build (aarch64-unknown-linux-gnu, ubuntu-24.04-arm)	Run actions-rust-lang/setup-rust-toolchain@v1	2026-09-10T05:24:27.0869217Z ##[start-action display=Setup Rust Caching;id=__actions-rust-lang_setup-rust-toolchain.__Swatinem_rust-cache]
build (aarch64-unknown-linux-gnu, ubuntu-24.04-arm)	Run actions-rust-lang/setup-rust-toolchain@v1	2026-09-10T05:24:27.0915074Z ##[group]Run Swatinem/rust-cache@c19371144df3bb44fab255c43d04cbc2ab54d1c4
build (aarch64-unknown-linux-gnu, ubuntu-24.04-arm)	Run actions-rust-lang/setup-rust-toolchain@v1	2026-09-10T05:24:27.0915443Z with:
build (aarch64-unknown-linux-gnu, ubuntu-24.04-arm)	Run actions-rust-lang/setup-rust-toolchain@v1	2026-09-10T05:24:27.0915616Z   cache-on-failure: true
build (aarch64-unknown-linux-gnu, ubuntu-24.04-arm)	Run actions-rust-lang/setup-rust-toolchain@v1	2026-09-10T05:24:27.0915816Z   cache-bin: true
build (aarch64-unknown-linux-gnu, ubuntu-24.04-arm)	Run actions-rust-lang/setup-rust-toolchain@v1	2026-09-10T05:24:27.0916000Z   cache-provider: github
build (aarch64-unknown-linux-gnu, ubuntu-24.04-arm)	Run actions-rust-lang/setup-rust-toolchain@v1	2026-09-10T05:24:27.0916222Z   cache-all-crates: false
build (aarch64-unknown-linux-gnu, ubuntu-24.04-arm)	Run actions-rust-lang/setup-rust-toolchain@v1	2026-09-10T05:24:27.0916452Z   cache-workspace-crates: false
build (aarch64-unknown-linux-gnu, ubuntu-24.04-arm)	Run actions-rust-lang/setup-rust-toolchain@v1	2026-09-10T05:24:27.0916674Z   cache-targets: true
build (aarch64-unknown-linux-gnu, ubuntu-24.04-arm)	Run actions-rust-lang/setup-rust-toolchain@v1	2026-09-10T05:24:27.0916863Z   save-if: true
build (aarch64-unknown-linux-gnu, ubuntu-24.04-arm)	Run actions-rust-lang/setup-rust-toolchain@v1	2026-09-10T05:24:27.0917039Z   prefix-key: v0-rust
build (aarch64-unknown-linux-gnu, ubuntu-24.04-arm)	Run actions-rust-lang/setup-rust-toolchain@v1	2026-09-10T05:24:27.0917225Z   add-job-id-key: true
build (aarch64-unknown-linux-gnu, ubuntu-24.04-arm)	Run actions-rust-lang/setup-rust-toolchain@v1	2026-09-10T05:24:27.0917437Z   add-rust-environment-hash-key: true
build (aarch64-unknown-linux-gnu, ubuntu-24.04-arm)	Run actions-rust-lang/setup-rust-toolchain@v1	2026-09-10T05:24:27.0917674Z   lookup-only: false
build (aarch64-unknown-linux-gnu, ubuntu-24.04-arm)	Run actions-rust-lang/setup-rust-toolchain@v1	2026-09-10T05:24:27.0917858Z   cmd-format: {0}
build (aarch64-unknown-linux-gnu, ubuntu-24.04-arm)	Run actions-rust-lang/setup-rust-toolchain@v1	2026-09-10T05:24:27.0918027Z env:
build (aarch64-unknown-linux-gnu, ubuntu-24.04-arm)	Run actions-rust-lang/setup-rust-toolchain@v1	2026-09-10T05:24:27.0918184Z   CARGO_INCREMENTAL: 0
build (aarch64-unknown-linux-gnu, ubuntu-24.04-arm)	Run actions-rust-lang/setup-rust-toolchain@v1	2026-09-10T05:24:27.0918381Z   CARGO_PROFILE_DEV_DEBUG: 0
build (aarch64-unknown-linux-gnu, ubuntu-24.04-arm)	Run actions-rust-lang/setup-rust-toolchain@v1	2026-09-10T05:24:27.0918593Z   CARGO_TERM_COLOR: always
build (aarch64-unknown-linux-gnu, ubuntu-24.04-arm)	Run actions-rust-lang/setup-rust-toolchain@v1	2026-09-10T05:24:27.0918796Z   RUST_BACKTRACE: short
build (aarch64-unknown-linux-gnu, ubuntu-24.04-arm)	Run actions-rust-lang/setup-rust-toolchain@v1	2026-09-10T05:24:27.0918999Z   RUSTFLAGS: -D warnings
build (aarch64-unknown-linux-gnu, ubuntu-24.04-arm)	Run actions-rust-lang/setup-rust-toolchain@v1	2026-09-10T05:24:27.0919218Z   CARGO_UNSTABLE_SPARSE_REGISTRY: true
build (aarch64-unknown-linux-gnu, ubuntu-24.04-arm)	Run actions-rust-lang/setup-rust-toolchain@v1	2026-09-10T05:24:27.0919483Z   CARGO_REGISTRIES_CRATES_IO_PROTOCOL: sparse
build (aarch64-unknown-linux-gnu, ubuntu-24.04-arm)	Run actions-rust-lang/setup-rust-toolchain@v1	2026-09-10T05:24:27.0919734Z ##[endgroup]
build (aarch64-unknown-linux-gnu, ubuntu-24.04-arm)	Run actions-rust-lang/setup-rust-toolchain@v1	2026-09-10T05:24:27.3317519Z (node:2361) [DEP0040] DeprecationWarning: The `punycode` module is deprecated. Please use a userland alternative instead.
build (aarch64-unknown-linux-gnu, ubuntu-24.04-arm)	Run actions-rust-lang/setup-rust-toolchain@v1	2026-09-10T05:24:27.3318480Z (Use `node --trace-deprecation ...` to show where the warning was created)
build (aarch64-unknown-linux-gnu, ubuntu-24.04-arm)	Run actions-rust-lang/setup-rust-toolchain@v1	2026-09-10T05:24:28.5936828Z ##[group]Cache Configuration
build (aarch64-unknown-linux-gnu, ubuntu-24.04-arm)	Run actions-rust-lang/setup-rust-toolchain@v1	2026-09-10T05:24:28.5946456Z Cache Provider:
build (aarch64-unknown-linux-gnu, ubuntu-24.04-arm)	Run actions-rust-lang/setup-rust-toolchain@v1	2026-09-10T05:24:28.5946709Z     github
build (aarch64-unknown-linux-gnu, ubuntu-24.04-arm)	Run actions-rust-lang/setup-rust-toolchain@v1	2026-09-10T05:24:28.5946878Z Workspaces:
build (aarch64-unknown-linux-gnu, ubuntu-24.04-arm)	Run actions-rust-lang/setup-rust-toolchain@v1	2026-09-10T05:24:28.5947078Z     /home/runner/work/vig/vig
build (aarch64-unknown-linux-gnu, ubuntu-24.04-arm)	Run actions-rust-lang/setup-rust-toolchain@v1	2026-09-10T05:24:28.5947323Z Cache Paths:
build (aarch64-unknown-linux-gnu, ubuntu-24.04-arm)	Run actions-rust-lang/setup-rust-toolchain@v1	2026-09-10T05:24:28.5947504Z     /home/runner/.cargo/bin
build (aarch64-unknown-linux-gnu, ubuntu-24.04-arm)	Run actions-rust-lang/setup-rust-toolchain@v1	2026-09-10T05:24:28.5947727Z     /home/runner/.cargo/.crates.toml
build (aarch64-unknown-linux-gnu, ubuntu-24.04-arm)	Run actions-rust-lang/setup-rust-toolchain@v1	2026-09-10T05:24:28.5947986Z     /home/runner/.cargo/.crates2.json
build (aarch64-unknown-linux-gnu, ubuntu-24.04-arm)	Run actions-rust-lang/setup-rust-toolchain@v1	2026-09-10T05:24:28.5948232Z     /home/runner/.cargo/registry
build (aarch64-unknown-linux-gnu, ubuntu-24.04-arm)	Run actions-rust-lang/setup-rust-toolchain@v1	2026-09-10T05:24:28.5948456Z     /home/runner/.cargo/git
build (aarch64-unknown-linux-gnu, ubuntu-24.04-arm)	Run actions-rust-lang/setup-rust-toolchain@v1	2026-09-10T05:24:28.5948675Z     /home/runner/work/vig/vig/target
build (aarch64-unknown-linux-gnu, ubuntu-24.04-arm)	Run actions-rust-lang/setup-rust-toolchain@v1	2026-09-10T05:24:28.5948903Z Restore Key:
build (aarch64-unknown-linux-gnu, ubuntu-24.04-arm)	Run actions-rust-lang/setup-rust-toolchain@v1	2026-09-10T05:24:28.5949095Z     v0-rust-build-Linux-arm64-dc0089af
build (aarch64-unknown-linux-gnu, ubuntu-24.04-arm)	Run actions-rust-lang/setup-rust-toolchain@v1	2026-09-10T05:24:28.5949336Z Cache Key:
build (aarch64-unknown-linux-gnu, ubuntu-24.04-arm)	Run actions-rust-lang/setup-rust-toolchain@v1	2026-09-10T05:24:28.5949584Z     v0-rust-build-Linux-arm64-dc0089af-eb78a9df
build (aarch64-unknown-linux-gnu, ubuntu-24.04-arm)	Run actions-rust-lang/setup-rust-toolchain@v1	2026-09-10T05:24:28.5949866Z .. Prefix:
build (aarch64-unknown-linux-gnu, ubuntu-24.04-arm)	Run actions-rust-lang/setup-rust-toolchain@v1	2026-09-10T05:24:28.5950050Z   - v0-rust-build-Linux-arm64
build (aarch64-unknown-linux-gnu, ubuntu-24.04-arm)	Run actions-rust-lang/setup-rust-toolchain@v1	2026-09-10T05:24:28.5950277Z .. Environment considered:
build (aarch64-unknown-linux-gnu, ubuntu-24.04-arm)	Run actions-rust-lang/setup-rust-toolchain@v1	2026-09-10T05:24:28.5950488Z   - Rust Versions:
build (aarch64-unknown-linux-gnu, ubuntu-24.04-arm)	Run actions-rust-lang/setup-rust-toolchain@v1	2026-09-10T05:24:28.5950791Z     - 1.98.1 aarch64-unknown-linux-gnu 48a229ceaefd4985c50990b14116b6d856af0985
build (aarch64-unknown-linux-gnu, ubuntu-24.04-arm)	Run actions-rust-lang/setup-rust-toolchain@v1	2026-09-10T05:24:28.5951254Z     - 1.98.1 aarch64-unknown-linux-gnu 48a229ceaefd4985c50990b14116b6d856af0985
build (aarch64-unknown-linux-gnu, ubuntu-24.04-arm)	Run actions-rust-lang/setup-rust-toolchain@v1	2026-09-10T05:24:28.5951609Z   - CARGO_INCREMENTAL
build (aarch64-unknown-linux-gnu, ubuntu-24.04-arm)	Run actions-rust-lang/setup-rust-toolchain@v1	2026-09-10T05:24:28.5951810Z   - CARGO_PROFILE_DEV_DEBUG
build (aarch64-unknown-linux-gnu, ubuntu-24.04-arm)	Run actions-rust-lang/setup-rust-toolchain@v1	2026-09-10T05:24:28.5952036Z   - CARGO_REGISTRIES_CRATES_IO_PROTOCOL
build (aarch64-unknown-linux-gnu, ubuntu-24.04-arm)	Run actions-rust-lang/setup-rust-toolchain@v1	2026-09-10T05:24:28.5952286Z   - CARGO_TERM_COLOR
build (aarch64-unknown-linux-gnu, ubuntu-24.04-arm)	Run actions-rust-lang/setup-rust-toolchain@v1	2026-09-10T05:24:28.5952493Z   - CARGO_UNSTABLE_SPARSE_REGISTRY
build (aarch64-unknown-linux-gnu, ubuntu-24.04-arm)	Run actions-rust-lang/setup-rust-toolchain@v1	2026-09-10T05:24:28.5952722Z   - RUST_BACKTRACE
build (aarch64-unknown-linux-gnu, ubuntu-24.04-arm)	Run actions-rust-lang/setup-rust-toolchain@v1	2026-09-10T05:24:28.5952906Z   - RUSTFLAGS
build (aarch64-unknown-linux-gnu, ubuntu-24.04-arm)	Run actions-rust-lang/setup-rust-toolchain@v1	2026-09-10T05:24:28.5953086Z .. Lockfiles considered:
build (aarch64-unknown-linux-gnu, ubuntu-24.04-arm)	Run actions-rust-lang/setup-rust-toolchain@v1	2026-09-10T05:24:28.5953310Z   - /home/runner/work/vig/vig/Cargo.lock
build (aarch64-unknown-linux-gnu, ubuntu-24.04-arm)	Run actions-rust-lang/setup-rust-toolchain@v1	2026-09-10T05:24:28.5954284Z   - /home/runner/work/vig/vig/Cargo.toml
build (aarch64-unknown-linux-gnu, ubuntu-24.04-arm)	Run actions-rust-lang/setup-rust-toolchain@v1	2026-09-10T05:24:28.5955279Z ##[endgroup]
build (aarch64-unknown-linux-gnu, ubuntu-24.04-arm)	Run actions-rust-lang/setup-rust-toolchain@v1	2026-09-10T05:24:28.5955395Z 
build (aarch64-unknown-linux-gnu, ubuntu-24.04-arm)	Run actions-rust-lang/setup-rust-toolchain@v1	2026-09-10T05:24:28.5955484Z ... Restoring cache ...
build (aarch64-unknown-linux-gnu, ubuntu-24.04-arm)	Run actions-rust-lang/setup-rust-toolchain@v1	2026-09-10T05:24:28.8002841Z No cache found.
build (aarch64-unknown-linux-gnu, ubuntu-24.04-arm)	Run actions-rust-lang/setup-rust-toolchain@v1	2026-09-10T05:24:28.8080661Z ##[end-action id=__actions-rust-lang_setup-rust-toolchain.__Swatinem_rust-cache;outcome=success;conclusion=success;duration_ms=1721]
build (aarch64-unknown-linux-gnu, ubuntu-24.04-arm)	Build	﻿2026-09-10T05:24:28.8144445Z ##[group]Run cargo build --locked --release --features vendored
build (aarch64-unknown-linux-gnu, ubuntu-24.04-arm)	Build	2026-09-10T05:24:28.8145326Z ^[[36;1mcargo build --locked --release --features vendored^[[0m
build (aarch64-unknown-linux-gnu, ubuntu-24.04-arm)	Build	2026-09-10T05:24:28.8180024Z shell: /usr/bin/bash -e {0}
build (aarch64-unknown-linux-gnu, ubuntu-24.04-arm)	Build	2026-09-10T05:24:28.8180438Z env:
build (aarch64-unknown-linux-gnu, ubuntu-24.04-arm)	Build	2026-09-10T05:24:28.8180648Z   CARGO_INCREMENTAL: 0
build (aarch64-unknown-linux-gnu, ubuntu-24.04-arm)	Build	2026-09-10T05:24:28.8180893Z   CARGO_PROFILE_DEV_DEBUG: 0
build (aarch64-unknown-linux-gnu, ubuntu-24.04-arm)	Build	2026-09-10T05:24:28.8181203Z   CARGO_TERM_COLOR: always
build (aarch64-unknown-linux-gnu, ubuntu-24.04-arm)	Build	2026-09-10T05:24:28.8181469Z   RUST_BACKTRACE: short
build (aarch64-unknown-linux-gnu, ubuntu-24.04-arm)	Build	2026-09-10T05:24:28.8181752Z   RUSTFLAGS: -D warnings
build (aarch64-unknown-linux-gnu, ubuntu-24.04-arm)	Build	2026-09-10T05:24:28.8182009Z   CARGO_UNSTABLE_SPARSE_REGISTRY: true
build (aarch64-unknown-linux-gnu, ubuntu-24.04-arm)	Build	2026-09-10T05:24:28.8182307Z   CARGO_REGISTRIES_CRATES_IO_PROTOCOL: sparse
build (aarch64-unknown-linux-gnu, ubuntu-24.04-arm)	Build	2026-09-10T05:24:28.8182636Z   CACHE_ON_FAILURE: true
build (aarch64-unknown-linux-gnu, ubuntu-24.04-arm)	Build	2026-09-10T05:24:28.8182915Z ##[endgroup]
build (aarch64-unknown-linux-gnu, ubuntu-24.04-arm)	Build	2026-09-10T05:24:30.0694255Z ^[[1m^[[92m    Updating^[[0m crates.io index
build (aarch64-unknown-linux-gnu, ubuntu-24.04-arm)	Build	2026-09-10T05:24:31.4559498Z ^[[1m^[[92m Downloading^[[0m crates ...
build (aarch64-unknown-linux-gnu, ubuntu-24.04-arm)	Build	2026-09-10T05:24:31.5007906Z ^[[1m^[[92m  Downloaded^[[0m futures-core v0.3.31
build (aarch64-unknown-linux-gnu, ubuntu-24.04-arm)	Build	2026-09-10T05:24:31.5060528Z ^[[1m^[[92m  Downloaded^[[0m futures-io v0.3.31
build (aarch64-unknown-linux-gnu, ubuntu-24.04-arm)	Build	2026-09-10T05:24:31.5067144Z ^[[1m^[[92m  Downloaded^[[0m adler2 v2.0.1
build (aarch64-unknown-linux-gnu, ubuntu-24.04-arm)	Build	2026-09-10T05:24:31.5107982Z ^[[1m^[[92m  Downloaded^[[0m futures-sink v0.3.31
build (aarch64-unknown-linux-gnu, ubuntu-24.04-arm)	Build	2026-09-10T05:24:31.5115771Z ^[[1m^[[92m  Downloaded^[[0m futures-channel v0.3.31
build (aarch64-unknown-linux-gnu, ubuntu-24.04-arm)	Build	2026-09-10T05:24:31.5126928Z ^[[1m^[[92m  Downloaded^[[0m futures-task v0.3.31
build (aarch64-unknown-linux-gnu, ubuntu-24.04-arm)	Build	2026-09-10T05:24:31.5133365Z ^[[1m^[[92m  Downloaded^[[0m gethostname v1.1.0
build (aarch64-unknown-linux-gnu, ubuntu-24.04-arm)	Build	2026-09-10T05:24:31.5199517Z ^[[1m^[[92m  Downloaded^[[0m generic-array v0.14.7
build (aarch64-unknown-linux-gnu, ubuntu-24.04-arm)	Build	2026-09-10T05:24:31.5328482Z ^[[1m^[[92m  Downloaded^[[0m heck v0.5.0
build (aarch64-unknown-linux-gnu, ubuntu-24.04-arm)	Build	2026-09-10T05:24:31.5370962Z ^[[1m^[[92m  Downloaded^[[0m notify-types v1.0.1
build (aarch64-unknown-linux-gnu, ubuntu-24.04-arm)	Build	2026-09-10T05:24:31.5414300Z ^[[1m^[[92m  Downloaded^[[0m tower-service v0.3.3
build (aarch64-unknown-linux-gnu, ubuntu-24.04-arm)	Build	2026-09-10T05:24:31.5457192Z ^[[1m^[[92m  Downloaded^[[0m hex v0.4.3
build (aarch64-unknown-linux-gnu, ubuntu-24.04-arm)	Build	2026-09-10T05:24:31.5495318Z ^[[1m^[[92m  Downloaded^[[0m tinyvec_macros v0.1.1
build (aarch64-unknown-linux-gnu, ubuntu-24.04-arm)	Build	2026-09-10T05:24:31.5525930Z ^[[1m^[[92m  Downloaded^[[0m ident_case v1.0.1
build (aarch64-unknown-linux-gnu, ubuntu-24.04-arm)	Build	2026-09-10T05:24:31.5535689Z ^[[1m^[[92m  Downloaded^[[0m itoa v1.0.17
build (aarch64-unknown-linux-gnu, ubuntu-24.04-arm)	Build	2026-09-10T05:24:31.5536294Z ^[[1m^[[92m  Downloaded^[[0m tower-layer v0.3.3
build (aarch64-unknown-linux-gnu, ubuntu-24.04-arm)	Build	2026-09-10T05:24:31.5536963Z ^[[1m^[[92m  Downloaded^[[0m outref v0.5.2
build (aarch64-unknown-linux-gnu, ubuntu-24.04-arm)	Build	2026-09-10T05:24:31.5537580Z ^[[1m^[[92m  Downloaded^[[0m base64-simd v0.8.0
build (aarch64-unknown-linux-gnu, ubuntu-24.04-arm)	Build	2026-09-10T05:24:31.5538238Z ^[[1m^[[92m  Downloaded^[[0m lab v0.11.0
build (aarch64-unknown-linux-gnu, ubuntu-24.04-arm)	Build	2026-09-10T05:24:31.5543968Z ^[[1m^[[92m  Downloaded^[[0m num-derive v0.4.2
build (aarch64-unknown-linux-gnu, ubuntu-24.04-arm)	Build	2026-09-10T05:24:31.5555688Z ^[[1m^[[92m  Downloaded^[[0m zerofrom-derive v0.1.6
build (aarch64-unknown-linux-gnu, ubuntu-24.04-arm)	Build	2026-09-10T05:24:31.5585860Z ^[[1m^[[92m  Downloaded^[[0m line-clipping v0.3.5
build (aarch64-unknown-linux-gnu, ubuntu-24.04-arm)	Build	2026-09-10T05:24:31.5594445Z ^[[1m^[[92m  Downloaded^[[0m atomic-waker v1.1.2
build (aarch64-unknown-linux-gnu, ubuntu-24.04-arm)	Build	2026-09-10T05:24:31.5604340Z ^[[1m^[[92m  Downloaded^[[0m byteorder-lite v0.1.0
build (aarch64-unknown-linux-gnu, ubuntu-24.04-arm)	Build	2026-09-10T05:24:31.5616089Z ^[[1m^[[92m  Downloaded^[[0m inotify-sys v0.1.5
build (aarch64-unknown-linux-gnu, ubuntu-24.04-arm)	Build	2026-09-10T05:24:31.5639525Z ^[[1m^[[92m  Downloaded^[[0m jobserver v0.1.34
build (aarch64-unknown-linux-gnu, ubuntu-24.04-arm)	Build	2026-09-10T05:24:31.5640348Z ^[[1m^[[92m  Downloaded^[[0m lru-slab v0.1.2
build (aarch64-unknown-linux-gnu, ubuntu-24.04-arm)	Build	2026-09-10T05:24:31.5640809Z ^[[1m^[[92m  Downloaded^[[0m try-lock v0.2.5
build (aarch64-unknown-linux-gnu, ubuntu-24.04-arm)	Build	2026-09-10T05:24:31.5641296Z ^[[1m^[[92m  Downloaded^[[0m utf8parse v0.2.2
build (aarch64-unknown-linux-gnu, ubuntu-24.04-arm)	Build	2026-09-10T05:24:31.5645562Z ^[[1m^[[92m  Downloaded^[[0m num-conv v0.2.0
build (aarch64-unknown-linux-gnu, ubuntu-24.04-arm)	Build	2026-09-10T05:24:31.5649760Z ^[[1m^[[92m  Downloaded^[[0m bit-set v0.5.3
build (aarch64-unknown-linux-gnu, ubuntu-24.04-arm)	Build	2026-09-10T05:24:31.5656593Z ^[[1m^[[92m  Downloaded^[[0m instant v0.1.13
build (aarch64-unknown-linux-gnu, ubuntu-24.04-arm)	Build	2026-09-10T05:24:31.5664016Z ^[[1m^[[92m  Downloaded^[[0m lazy_static v1.5.0
build (aarch64-unknown-linux-gnu, ubuntu-24.04-arm)	Build	2026-09-10T05:24:31.5675557Z ^[[1m^[[92m  Downloaded^[[0m notify-debouncer-mini v0.5.0
build (aarch64-unknown-linux-gnu, ubuntu-24.04-arm)	Build	2026-09-10T05:24:31.5686036Z ^[[1m^[[92m  Downloaded^[[0m num_threads v0.1.7
build (aarch64-unknown-linux-gnu, ubuntu-24.04-arm)	Build	2026-09-10T05:24:31.5705979Z ^[[1m^[[92m  Downloaded^[[0m option-ext v0.2.0
build (aarch64-unknown-linux-gnu, ubuntu-24.04-arm)	Build	2026-09-10T05:24:31.5706508Z ^[[1m^[[92m  Downloaded^[[0m memoffset v0.9.1
build (aarch64-unknown-linux-gnu, ubuntu-24.04-arm)	Build	2026-09-10T05:24:31.5707001Z ^[[1m^[[92m  Downloaded^[[0m number_prefix v0.4.0
build (aarch64-unknown-linux-gnu, ubuntu-24.04-arm)	Build	2026-09-10T05:24:31.5707546Z ^[[1m^[[92m  Downloaded^[[0m openssl-probe v0.1.6
build (aarch64-unknown-linux-gnu, ubuntu-24.04-arm)	Build	2026-09-10T05:24:31.5712981Z ^[[1m^[[92m  Downloaded^[[0m urlencoding v2.1.3
build (aarch64-unknown-linux-gnu, ubuntu-24.04-arm)	Build	2026-09-10T05:24:31.5726771Z ^[[1m^[[92m  Downloaded^[[0m zerofrom v0.1.6
build (aarch64-unknown-linux-gnu, ubuntu-24.04-arm)	Build	2026-09-10T05:24:31.5727724Z ^[[1m^[[92m  Downloaded^[[0m is_terminal_polyfill v1.70.2
build (aarch64-unknown-linux-gnu, ubuntu-24.04-arm)	Build	2026-09-10T05:24:31.5773067Z ^[[1m^[[92m  Downloaded^[[0m memmem v0.1.1
build (aarch64-unknown-linux-gnu, ubuntu-24.04-arm)	Build	2026-09-10T05:24:31.5779141Z ^[[1m^[[92m  Downloaded^[[0m palette_math v0.7.7
build (aarch64-unknown-linux-gnu, ubuntu-24.04-arm)	Build	2026-09-10T05:24:31.5787849Z ^[[1m^[[92m  Downloaded^[[0m tinystr v0.8.2
build (aarch64-unknown-linux-gnu, ubuntu-24.04-arm)	Build	2026-09-10T05:24:31.5800182Z ^[[1m^[[92m  Downloaded^[[0m instability v0.3.11
build (aarch64-unknown-linux-gnu, ubuntu-24.04-arm)	Build	2026-09-10T05:24:31.5808051Z ^[[1m^[[92m  Downloaded^[[0m mac_address v1.1.8
build (aarch64-unknown-linux-gnu, ubuntu-24.04-arm)	Build	2026-09-10T05:24:31.5815754Z ^[[1m^[[92m  Downloaded^[[0m idna_adapter v1.2.1
build (aarch64-unknown-linux-gnu, ubuntu-24.04-arm)	Build	2026-09-10T05:24:31.5821075Z ^[[1m^[[92m  Downloaded^[[0m walkdir v2.5.0
build (aarch64-unknown-linux-gnu, ubuntu-24.04-arm)	Build	2026-09-10T05:24:31.5833182Z ^[[1m^[[92m  Downloaded^[[0m http-body v1.0.1
build (aarch64-unknown-linux-gnu, ubuntu-24.04-arm)	Build	2026-09-10T05:24:31.5838901Z ^[[1m^[[92m  Downloaded^[[0m http-body-util v0.1.3
build (aarch64-unknown-linux-gnu, ubuntu-24.04-arm)	Build	2026-09-10T05:24:31.5850317Z ^[[1m^[[92m  Downloaded^[[0m utf8_iter v1.0.4
build (aarch64-unknown-linux-gnu, ubuntu-24.04-arm)	Build	2026-09-10T05:24:31.5856006Z ^[[1m^[[92m  Downloaded^[[0m wezterm-dynamic-derive v0.1.1
build (aarch64-unknown-linux-gnu, ubuntu-24.04-arm)	Build	2026-09-10T05:24:31.5865575Z ^[[1m^[[92m  Downloaded^[[0m xattr v1.6.1
build (aarch64-unknown-linux-gnu, ubuntu-24.04-arm)	Build	2026-09-10T05:24:31.5872107Z ^[[1m^[[92m  Downloaded^[[0m atomic v0.6.1
build (aarch64-unknown-linux-gnu, ubuntu-24.04-arm)	Build	2026-09-10T05:24:31.5880337Z ^[[1m^[[92m  Downloaded^[[0m wezterm-color-types v0.3.0
build (aarch64-unknown-linux-gnu, ubuntu-24.04-arm)	Build	2026-09-10T05:24:31.5884692Z ^[[1m^[[92m  Downloaded^[[0m scopeguard v1.2.0
build (aarch64-unknown-linux-gnu, ubuntu-24.04-arm)	Build	2026-09-10T05:24:31.5891677Z ^[[1m^[[92m  Downloaded^[[0m wezterm-blob-leases v0.1.1
build (aarch64-unknown-linux-gnu, ubuntu-24.04-arm)	Build	2026-09-10T05:24:31.5897916Z ^[[1m^[[92m  Downloaded^[[0m wezterm-dynamic v0.2.1
build (aarch64-unknown-linux-gnu, ubuntu-24.04-arm)	Build	2026-09-10T05:24:31.5905034Z ^[[1m^[[92m  Downloaded^[[0m httparse v1.10.1
build (aarch64-unknown-linux-gnu, ubuntu-24.04-arm)	Build	2026-09-10T05:24:31.5918785Z ^[[1m^[[92m  Downloaded^[[0m yoke-derive v0.8.1
build (aarch64-unknown-linux-gnu, ubuntu-24.04-arm)	Build	2026-09-10T05:24:31.5924001Z ^[[1m^[[92m  Downloaded^[[0m gif v0.14.2
build (aarch64-unknown-linux-gnu, ubuntu-24.04-arm)	Build	2026-09-10T05:24:31.5935022Z ^[[1m^[[92m  Downloaded^[[0m indoc v2.0.7
build (aarch64-unknown-linux-gnu, ubuntu-24.04-arm)	Build	2026-09-10T05:24:31.5950134Z ^[[1m^[[92m  Downloaded^[[0m ipnet v2.11.0
build (aarch64-unknown-linux-gnu, ubuntu-24.04-arm)	Build	2026-09-10T05:24:31.5959824Z ^[[1m^[[92m  Downloaded^[[0m kasuari v0.4.11
build (aarch64-unknown-linux-gnu, ubuntu-24.04-arm)	Build	2026-09-10T05:24:31.5972455Z ^[[1m^[[92m  Downloaded^[[0m lock_api v0.4.14
build (aarch64-unknown-linux-gnu, ubuntu-24.04-arm)	Build	2026-09-10T05:24:31.5980484Z ^[[1m^[[92m  Downloaded^[[0m lru v0.16.3
build (aarch64-unknown-linux-gnu, ubuntu-24.04-arm)	Build	2026-09-10T05:24:31.5987870Z ^[[1m^[[92m  Downloaded^[[0m once_cell v1.21.3
build (aarch64-unknown-linux-gnu, ubuntu-24.04-arm)	Build	2026-09-10T05:24:31.6002019Z ^[[1m^[[92m  Downloaded^[[0m ordered-float v4.6.0
build (aarch64-unknown-linux-gnu, ubuntu-24.04-arm)	Build	2026-09-10T05:24:31.6010933Z ^[[1m^[[92m  Downloaded^[[0m palette_derive v0.7.7
build (aarch64-unknown-linux-gnu, ubuntu-24.04-arm)	Build	2026-09-10T05:24:31.6021553Z ^[[1m^[[92m  Downloaded^[[0m thiserror v2.0.18
build (aarch64-unknown-linux-gnu, ubuntu-24.04-arm)	Build	2026-09-10T05:24:31.6056618Z ^[[1m^[[92m  Downloaded^[[0m time-macros v0.2.27
build (aarch64-unknown-linux-gnu, ubuntu-24.04-arm)	Build	2026-09-10T05:24:31.6070315Z ^[[1m^[[92m  Downloaded^[[0m version_check v0.9.5
build (aarch64-unknown-linux-gnu, ubuntu-24.04-arm)	Build	2026-09-10T05:24:31.6077450Z ^[[1m^[[92m  Downloaded^[[0m want v0.3.1
build (aarch64-unknown-linux-gnu, ubuntu-24.04-arm)	Build	2026-09-10T05:24:31.6083354Z ^[[1m^[[92m  Downloaded^[[0m bit-set v0.8.0
build (aarch64-unknown-linux-gnu, ubuntu-24.04-arm)	Build	2026-09-10T05:24:31.6091063Z ^[[1m^[[92m  Downloaded^[[0m cfg-if v1.0.4
build (aarch64-unknown-linux-gnu, ubuntu-24.04-arm)	Build	2026-09-10T05:24:31.6097656Z ^[[1m^[[92m  Downloaded^[[0m getrandom v0.2.17
build (aarch64-unknown-linux-gnu, ubuntu-24.04-arm)	Build	2026-09-10T05:24:31.6113350Z ^[[1m^[[92m  Downloaded^[[0m hyper-rustls v0.27.7
build (aarch64-unknown-linux-gnu, ubuntu-24.04-arm)	Build	2026-09-10T05:24:31.6126900Z ^[[1m^[[92m  Downloaded^[[0m inotify v0.10.2
build (aarch64-unknown-linux-gnu, ubuntu-24.04-arm)	Build	2026-09-10T05:24:31.6138563Z ^[[1m^[[92m  Downloaded^[[0m cfg_aliases v0.2.1
build (aarch64-unknown-linux-gnu, ubuntu-24.04-arm)	Build	2026-09-10T05:24:31.6144070Z ^[[1m^[[92m  Downloaded^[[0m tempfile v3.25.0
build (aarch64-unknown-linux-gnu, ubuntu-24.04-arm)	Build	2026-09-10T05:24:31.6158038Z ^[[1m^[[92m  Downloaded^[[0m getrandom v0.4.1
build (aarch64-unknown-linux-gnu, ubuntu-24.04-arm)	Build	2026-09-10T05:24:31.6178729Z ^[[1m^[[92m  Downloaded^[[0m time-core v0.1.8
build (aarch64-unknown-linux-gnu, ubuntu-24.04-arm)	Build	2026-09-10T05:24:31.6184917Z ^[[1m^[[92m  Downloaded^[[0m anstyle-query v1.1.5
build (aarch64-unknown-linux-gnu, ubuntu-24.04-arm)	Build	2026-09-10T05:24:31.6191700Z ^[[1m^[[92m  Downloaded^[[0m castaway v0.2.4
build (aarch64-unknown-linux-gnu, ubuntu-24.04-arm)	Build	2026-09-10T05:24:31.6199304Z ^[[1m^[[92m  Downloaded^[[0m icu_properties v2.1.2
build (aarch64-unknown-linux-gnu, ubuntu-24.04-arm)	Build	2026-09-10T05:24:31.6213153Z ^[[1m^[[92m  Downloaded^[[0m icu_provider v2.1.1
build (aarch64-unknown-linux-gnu, ubuntu-24.04-arm)	Build	2026-09-10T05:24:31.6228828Z ^[[1m^[[92m  Downloaded^[[0m linked-hash-map v0.5.6
build (aarch64-unknown-linux-gnu, ubuntu-24.04-arm)	Build	2026-09-10T05:24:31.6235741Z ^[[1m^[[92m  Downloaded^[[0m litrs v1.0.0
build (aarch64-unknown-linux-gnu, ubuntu-24.04-arm)	Build	2026-09-10T05:24:31.6255440Z ^[[1m^[[92m  Downloaded^[[0m notify v7.0.0
build (aarch64-unknown-linux-gnu, ubuntu-24.04-arm)	Build	2026-09-10T05:24:31.6265255Z ^[[1m^[[92m  Downloaded^[[0m num-traits v0.2.19
build (aarch64-unknown-linux-gnu, ubuntu-24.04-arm)	Build	2026-09-10T05:24:31.6281367Z ^[[1m^[[92m  Downloaded^[[0m ordered-float v5.5.0
build (aarch64-unknown-linux-gnu, ubuntu-24.04-arm)	Build	2026-09-10T05:24:31.6291684Z ^[[1m^[[92m  Downloaded^[[0m parking_lot v0.12.5
build (aarch64-unknown-linux-gnu, ubuntu-24.04-arm)	Build	2026-09-10T05:24:31.6308467Z ^[[1m^[[92m  Downloaded^[[0m parking_lot_core v0.9.12
build (aarch64-unknown-linux-gnu, ubuntu-24.04-arm)	Build	2026-09-10T05:24:31.6321750Z ^[[1m^[[92m  Downloaded^[[0m simd-adler32 v0.3.8
build (aarch64-unknown-linux-gnu, ubuntu-24.04-arm)	Build	2026-09-10T05:24:31.6332221Z ^[[1m^[[92m  Downloaded^[[0m unicode-truncate v2.0.1
build (aarch64-unknown-linux-gnu, ubuntu-24.04-arm)	Build	2026-09-10T05:24:31.6342540Z ^[[1m^[[92m  Downloaded^[[0m untrusted v0.9.0
build (aarch64-unknown-linux-gnu, ubuntu-24.04-arm)	Build	2026-09-10T05:24:31.6351930Z ^[[1m^[[92m  Downloaded^[[0m vtparse v0.6.2
build (aarch64-unknown-linux-gnu, ubuntu-24.04-arm)	Build	2026-09-10T05:24:31.6356946Z ^[[1m^[[92m  Downloaded^[[0m zmij v1.0.21
build (aarch64-unknown-linux-gnu, ubuntu-24.04-arm)	Build	2026-09-10T05:24:31.6368940Z ^[[1m^[[92m  Downloaded^[[0m block-buffer v0.10.4
build (aarch64-unknown-linux-gnu, ubuntu-24.04-arm)	Build	2026-09-10T05:24:31.6375670Z ^[[1m^[[92m  Downloaded^[[0m dirs v6.0.0
build (aarch64-unknown-linux-gnu, ubuntu-24.04-arm)	Build	2026-09-10T05:24:31.6382319Z ^[[1m^[[92m  Downloaded^[[0m tokio-rustls v0.26.4
build (aarch64-unknown-linux-gnu, ubuntu-24.04-arm)	Build	2026-09-10T05:24:31.6394404Z ^[[1m^[[92m  Downloaded^[[0m getrandom v0.3.4
build (aarch64-unknown-linux-gnu, ubuntu-24.04-arm)	Build	2026-09-10T05:24:31.6414157Z ^[[1m^[[92m  Downloaded^[[0m half v2.7.1
build (aarch64-unknown-linux-gnu, ubuntu-24.04-arm)	Build	2026-09-10T05:24:31.6429804Z ^[[1m^[[92m  Downloaded^[[0m icu_normalizer v2.1.1
build (aarch64-unknown-linux-gnu, ubuntu-24.04-arm)	Build	2026-09-10T05:24:31.6450441Z ^[[1m^[[92m  Downloaded^[[0m icu_normalizer_data v2.1.1
build (aarch64-unknown-linux-gnu, ubuntu-24.04-arm)	Build	2026-09-10T05:24:31.6464031Z ^[[1m^[[92m  Downloaded^[[0m image-webp v0.2.4
build (aarch64-unknown-linux-gnu, ubuntu-24.04-arm)	Build	2026-09-10T05:24:31.6477931Z ^[[1m^[[92m  Downloaded^[[0m litemap v0.8.1
build (aarch64-unknown-linux-gnu, ubuntu-24.04-arm)	Build	2026-09-10T05:24:31.6490500Z ^[[1m^[[92m  Downloaded^[[0m log v0.4.29
build (aarch64-unknown-linux-gnu, ubuntu-24.04-arm)	Build	2026-09-10T05:24:31.6505167Z ^[[1m^[[92m  Downloaded^[[0m openssl-sys v0.9.111
build (aarch64-unknown-linux-gnu, ubuntu-24.04-arm)	Build	2026-09-10T05:24:31.6534987Z ^[[1m^[[92m  Downloaded^[[0m percent-encoding v2.3.2
build (aarch64-unknown-linux-gnu, ubuntu-24.04-arm)	Build	2026-09-10T05:24:31.6540490Z ^[[1m^[[92m  Downloaded^[[0m semver v1.0.27
build (aarch64-unknown-linux-gnu, ubuntu-24.04-arm)	Build	2026-09-10T05:24:31.6552269Z ^[[1m^[[92m  Downloaded^[[0m socket2 v0.6.2
build (aarch64-unknown-linux-gnu, ubuntu-24.04-arm)	Build	2026-09-10T05:24:31.6564713Z ^[[1m^[[92m  Downloaded^[[0m spki v0.7.3
build (aarch64-unknown-linux-gnu, ubuntu-24.04-arm)	Build	2026-09-10T05:24:31.6574580Z ^[[1m^[[92m  Downloaded^[[0m stable_deref_trait v1.2.1
build (aarch64-unknown-linux-gnu, ubuntu-24.04-arm)	Build	2026-09-10T05:24:31.6580751Z ^[[1m^[[92m  Downloaded^[[0m terminfo v0.9.0
build (aarch64-unknown-linux-gnu, ubuntu-24.04-arm)	Build	2026-09-10T05:24:31.6596051Z ^[[1m^[[92m  Downloaded^[[0m tokio-util v0.7.18
build (aarch64-unknown-linux-gnu, ubuntu-24.04-arm)	Build	2026-09-10T05:24:31.6636831Z ^[[1m^[[92m  Downloaded^[[0m unicase v2.9.0
build (aarch64-unknown-linux-gnu, ubuntu-24.04-arm)	Build	2026-09-10T05:24:31.6648793Z ^[[1m^[[92m  Downloaded^[[0m vsimd v0.8.0
build (aarch64-unknown-linux-gnu, ubuntu-24.04-arm)	Build	2026-09-10T05:24:31.6663289Z ^[[1m^[[92m  Downloaded^[[0m wezterm-input-types v0.1.0
build (aarch64-unknown-linux-gnu, ubuntu-24.04-arm)	Build	2026-09-10T05:24:31.6668611Z ^[[1m^[[92m  Downloaded^[[0m writeable v0.6.2
build (aarch64-unknown-linux-gnu, ubuntu-24.04-arm)	Build	2026-09-10T05:24:31.6679002Z ^[[1m^[[92m  Downloaded^[[0m yoke v0.8.1
build (aarch64-unknown-linux-gnu, ubuntu-24.04-arm)	Build	2026-09-10T05:24:31.6689220Z ^[[1m^[[92m  Downloaded^[[0m zeroize v1.8.2
build (aarch64-unknown-linux-gnu, ubuntu-24.04-arm)	Build	2026-09-10T05:24:31.6697499Z ^[[1m^[[92m  Downloaded^[[0m zune-core v0.4.12
build (aarch64-unknown-linux-gnu, ubuntu-24.04-arm)	Build	2026-09-10T05:24:31.6705851Z ^[[1m^[[92m  Downloaded^[[0m zune-core v0.5.3
build (aarch64-unknown-linux-gnu, ubuntu-24.04-arm)	Build	2026-09-10T05:24:31.6717309Z ^[[1m^[[92m  Downloaded^[[0m anstyle v1.0.13
build (aarch64-unknown-linux-gnu, ubuntu-24.04-arm)	Build	2026-09-10T05:24:31.6725976Z ^[[1m^[[92m  Downloaded^[[0m anstyle-parse v0.2.7
build (aarch64-unknown-linux-gnu, ubuntu-24.04-arm)	Build	2026-09-10T05:24:31.6735466Z ^[[1m^[[92m  Downloaded^[[0m bincode v1.3.3
build (aarch64-unknown-linux-gnu, ubuntu-24.04-arm)	Build	2026-09-10T05:24:31.6749427Z ^[[1m^[[92m  Downloaded^[[0m bit-vec v0.8.0
build (aarch64-unknown-linux-gnu, ubuntu-24.04-arm)	Build	2026-09-10T05:24:31.6758594Z ^[[1m^[[92m  Downloaded^[[0m bitflags v2.11.0
build (aarch64-unknown-linux-gnu, ubuntu-24.04-arm)	Build	2026-09-10T05:24:31.6780605Z ^[[1m^[[92m  Downloaded^[[0m crypto-common v0.1.7
build (aarch64-unknown-linux-gnu, ubuntu-24.04-arm)	Build	2026-09-10T05:24:31.6786605Z ^[[1m^[[92m  Downloaded^[[0m digest v0.10.7
build (aarch64-unknown-linux-gnu, ubuntu-24.04-arm)	Build	2026-09-10T05:24:31.6796413Z ^[[1m^[[92m  Downloaded^[[0m equivalent v1.0.2
build (aarch64-unknown-linux-gnu, ubuntu-24.04-arm)	Build	2026-09-10T05:24:31.6801970Z ^[[1m^[[92m  Downloaded^[[0m errno v0.3.14
build (aarch64-unknown-linux-gnu, ubuntu-24.04-arm)	Build	2026-09-10T05:24:31.6816897Z ^[[1m^[[92m  Downloaded^[[0m find-msvc-tools v0.1.9
build (aarch64-unknown-linux-gnu, ubuntu-24.04-arm)	Build	2026-09-10T05:24:31.6827548Z ^[[1m^[[92m  Downloaded^[[0m http v1.4.0
build (aarch64-unknown-linux-gnu, ubuntu-24.04-arm)	Build	2026-09-10T05:24:31.6855930Z ^[[1m^[[92m  Downloaded^[[0m hyper-util v0.1.20
build (aarch64-unknown-linux-gnu, ubuntu-24.04-arm)	Build	2026-09-10T05:24:31.6889422Z ^[[1m^[[92m  Downloaded^[[0m icu_collections v2.1.1
build (aarch64-unknown-linux-gnu, ubuntu-24.04-arm)	Build	2026-09-10T05:24:31.6922320Z ^[[1m^[[92m  Downloaded^[[0m icu_locale_core v2.1.1
build (aarch64-unknown-linux-gnu, ubuntu-24.04-arm)	Build	2026-09-10T05:24:31.6955956Z ^[[1m^[[92m  Downloaded^[[0m minimal-lexical v0.2.1
build (aarch64-unknown-linux-gnu, ubuntu-24.04-arm)	Build	2026-09-10T05:24:31.6980679Z ^[[1m^[[92m  Downloaded^[[0m miniz_oxide v0.8.9
build (aarch64-unknown-linux-gnu, ubuntu-24.04-arm)	Build	2026-09-10T05:24:31.6995476Z ^[[1m^[[92m  Downloaded^[[0m quote v1.0.44
build (aarch64-unknown-linux-gnu, ubuntu-24.04-arm)	Build	2026-09-10T05:24:31.7009578Z ^[[1m^[[92m  Downloaded^[[0m tar v0.4.46
build (aarch64-unknown-linux-gnu, ubuntu-24.04-arm)	Build	2026-09-10T05:24:31.7026675Z ^[[1m^[[92m  Downloaded^[[0m chacha20 v0.10.1
build (aarch64-unknown-linux-gnu, ubuntu-24.04-arm)	Build	2026-09-10T05:24:31.7040114Z ^[[1m^[[92m  Downloaded^[[0m indicatif v0.17.11
build (aarch64-unknown-linux-gnu, ubuntu-24.04-arm)	Build	2026-09-10T05:24:31.7060995Z ^[[1m^[[92m  Downloaded^[[0m pest_derive v2.8.6
build (aarch64-unknown-linux-gnu, ubuntu-24.04-arm)	Build	2026-09-10T05:24:31.7076292Z ^[[1m^[[92m  Downloaded^[[0m pest_generator v2.8.6
build (aarch64-unknown-linux-gnu, ubuntu-24.04-arm)	Build	2026-09-10T05:24:31.7085250Z ^[[1m^[[92m  Downloaded^[[0m thiserror-impl v1.0.69
build (aarch64-unknown-linux-gnu, ubuntu-24.04-arm)	Build	2026-09-10T05:24:31.7092379Z ^[[1m^[[92m  Downloaded^[[0m tinyvec v1.10.0
build (aarch64-unknown-linux-gnu, ubuntu-24.04-arm)	Build	2026-09-10T05:24:31.7107448Z ^[[1m^[[92m  Downloaded^[[0m tracing-core v0.1.36
build (aarch64-unknown-linux-gnu, ubuntu-24.04-arm)	Build	2026-09-10T05:24:31.7123085Z ^[[1m^[[92m  Downloaded^[[0m ucd-trie v0.1.7
build (aarch64-unknown-linux-gnu, ubuntu-24.04-arm)	Build	2026-09-10T05:24:31.7131989Z ^[[1m^[[92m  Downloaded^[[0m weezl v0.1.12
build (aarch64-unknown-linux-gnu, ubuntu-24.04-arm)	Build	2026-09-10T05:24:31.7146291Z ^[[1m^[[92m  Downloaded^[[0m wyz v0.5.1
build (aarch64-unknown-linux-gnu, ubuntu-24.04-arm)	Build	2026-09-10T05:24:31.7153065Z ^[[1m^[[92m  Downloaded^[[0m zerovec-derive v0.11.2
build (aarch64-unknown-linux-gnu, ubuntu-24.04-arm)	Build	2026-09-10T05:24:31.7161400Z ^[[1m^[[92m  Downloaded^[[0m zipsign-api v0.1.5
build (aarch64-unknown-linux-gnu, ubuntu-24.04-arm)	Build	2026-09-10T05:24:31.7171938Z ^[[1m^[[92m  Downloaded^[[0m anstream v0.6.21
build (aarch64-unknown-linux-gnu, ubuntu-24.04-arm)	Build	2026-09-10T05:24:31.7184164Z ^[[1m^[[92m  Downloaded^[[0m autocfg v1.5.0
build (aarch64-unknown-linux-gnu, ubuntu-24.04-arm)	Build	2026-09-10T05:24:31.7194377Z ^[[1m^[[92m  Downloaded^[[0m base64ct v1.8.3
build (aarch64-unknown-linux-gnu, ubuntu-24.04-arm)	Build	2026-09-10T05:24:31.7207947Z ^[[1m^[[92m  Downloaded^[[0m bit-vec v0.6.3
build (aarch64-unknown-linux-gnu, ubuntu-24.04-arm)	Build	2026-09-10T05:24:31.7214990Z ^[[1m^[[92m  Downloaded^[[0m bitflags v1.3.2
build (aarch64-unknown-linux-gnu, ubuntu-24.04-arm)	Build	2026-09-10T05:24:31.7231338Z ^[[1m^[[92m  Downloaded^[[0m by_address v1.2.1
build (aarch64-unknown-linux-gnu, ubuntu-24.04-arm)	Build	2026-09-10T05:24:31.7236654Z ^[[1m^[[92m  Downloaded^[[0m bytemuck_derive v1.12.0
build (aarch64-unknown-linux-gnu, ubuntu-24.04-arm)	Build	2026-09-10T05:24:31.7244114Z ^[[1m^[[92m  Downloaded^[[0m colorchoice v1.0.4
build (aarch64-unknown-linux-gnu, ubuntu-24.04-arm)	Build	2026-09-10T05:24:31.7250179Z ^[[1m^[[92m  Downloaded^[[0m indexmap v2.13.0
build (aarch64-unknown-linux-gnu, ubuntu-24.04-arm)	Build	2026-09-10T05:24:31.7274577Z ^[[1m^[[92m  Downloaded^[[0m memchr v2.8.0
build (aarch64-unknown-linux-gnu, ubuntu-24.04-arm)	Build	2026-09-10T05:24:31.7303666Z ^[[1m^[[92m  Downloaded^[[0m miette v7.6.0
build (aarch64-unknown-linux-gnu, ubuntu-24.04-arm)	Build	2026-09-10T05:24:31.7330166Z ^[[1m^[[92m  Downloaded^[[0m mio v1.1.1
build (aarch64-unknown-linux-gnu, ubuntu-24.04-arm)	Build	2026-09-10T05:24:31.7362551Z ^[[1m^[[92m  Downloaded^[[0m nom v7.1.3
build (aarch64-unknown-linux-gnu, ubuntu-24.04-arm)	Build	2026-09-10T05:24:31.7391735Z ^[[1m^[[92m  Downloaded^[[0m pest_meta v2.8.6
build (aarch64-unknown-linux-gnu, ubuntu-24.04-arm)	Build	2026-09-10T05:24:31.7406460Z ^[[1m^[[92m  Downloaded^[[0m proc-macro2 v1.0.106
build (aarch64-unknown-linux-gnu, ubuntu-24.04-arm)	Build	2026-09-10T05:24:31.7423209Z ^[[1m^[[92m  Downloaded^[[0m radium v0.7.0
build (aarch64-unknown-linux-gnu, ubuntu-24.04-arm)	Build	2026-09-10T05:24:31.7429385Z ^[[1m^[[92m  Downloaded^[[0m rustversion v1.0.22
build (aarch64-unknown-linux-gnu, ubuntu-24.04-arm)	Build	2026-09-10T05:24:31.7442930Z ^[[1m^[[92m  Downloaded^[[0m self_cell v1.3.0
build (aarch64-unknown-linux-gnu, ubuntu-24.04-arm)	Build	2026-09-10T05:24:31.7449482Z ^[[1m^[[92m  Downloaded^[[0m serde_urlencoded v0.7.1
build (aarch64-unknown-linux-gnu, ubuntu-24.04-arm)	Build	2026-09-10T05:24:31.7458258Z ^[[1m^[[92m  Downloaded^[[0m hashbrown v0.16.1
build (aarch64-unknown-linux-gnu, ubuntu-24.04-arm)	Build	2026-09-10T05:24:31.7488082Z ^[[1m^[[92m  Downloaded^[[0m kdl v6.7.1
build (aarch64-unknown-linux-gnu, ubuntu-24.04-arm)	Build	2026-09-10T05:24:31.7651351Z ^[[1m^[[92m  Downloaded^[[0m phf_codegen v0.11.3
build (aarch64-unknown-linux-gnu, ubuntu-24.04-arm)	Build	2026-09-10T05:24:31.7657094Z ^[[1m^[[92m  Downloaded^[[0m phf_generator v0.11.3
build (aarch64-unknown-linux-gnu, ubuntu-24.04-arm)	Build	2026-09-10T05:24:31.7663564Z ^[[1m^[[92m  Downloaded^[[0m ratatui-macros v0.7.0
build (aarch64-unknown-linux-gnu, ubuntu-24.04-arm)	Build	2026-09-10T05:24:31.7671933Z ^[[1m^[[92m  Downloaded^[[0m serde_core v1.0.228
build (aarch64-unknown-linux-gnu, ubuntu-24.04-arm)	Build	2026-09-10T05:24:31.7687844Z ^[[1m^[[92m  Downloaded^[[0m serde_derive v1.0.228
build (aarch64-unknown-linux-gnu, ubuntu-24.04-arm)	Build	2026-09-10T05:24:31.7704929Z ^[[1m^[[92m  Downloaded^[[0m signature v2.2.0
build (aarch64-unknown-linux-gnu, ubuntu-24.04-arm)	Build	2026-09-10T05:24:31.7712914Z ^[[1m^[[92m  Downloaded^[[0m strsim v0.11.1
build (aarch64-unknown-linux-gnu, ubuntu-24.04-arm)	Build	2026-09-10T05:24:31.7720195Z ^[[1m^[[92m  Downloaded^[[0m strum v0.27.2
build (aarch64-unknown-linux-gnu, ubuntu-24.04-arm)	Build	2026-09-10T05:24:31.7725226Z ^[[1m^[[92m  Downloaded^[[0m sync_wrapper v1.0.2
build (aarch64-unknown-linux-gnu, ubuntu-24.04-arm)	Build	2026-09-10T05:24:31.7729933Z ^[[1m^[[92m  Downloaded^[[0m unicode-ident v1.0.23
build (aarch64-unknown-linux-gnu, ubuntu-24.04-arm)	Build	2026-09-10T05:24:31.7745296Z ^[[1m^[[92m  Downloaded^[[0m uuid v1.21.0
build (aarch64-unknown-linux-gnu, ubuntu-24.04-arm)	Build	2026-09-10T05:24:31.7762897Z ^[[1m^[[92m  Downloaded^[[0m yaml-rust v0.4.5
build (aarch64-unknown-linux-gnu, ubuntu-24.04-arm)	Build	2026-09-10T05:24:31.7777180Z ^[[1m^[[92m  Downloaded^[[0m allocator-api2 v0.2.21
build (aarch64-unknown-linux-gnu, ubuntu-24.04-arm)	Build	2026-09-10T05:24:31.7791511Z ^[[1m^[[92m  Downloaded^[[0m anyhow v1.0.101
build (aarch64-unknown-linux-gnu, ubuntu-24.04-arm)	Build	2026-09-10T05:24:31.7812369Z ^[[1m^[[92m  Downloaded^[[0m arboard v3.6.1
build (aarch64-unknown-linux-gnu, ubuntu-24.04-arm)	Build	2026-09-10T05:24:31.7828183Z ^[[1m^[[92m  Downloaded^[[0m bytemuck v1.25.0
build (aarch64-unknown-linux-gnu, ubuntu-24.04-arm)	Build	2026-09-10T05:24:31.7845286Z ^[[1m^[[92m  Downloaded^[[0m clap v4.5.58
build (aarch64-unknown-linux-gnu, ubuntu-24.04-arm)	Build	2026-09-10T05:24:31.7894368Z ^[[1m^[[92m  Downloaded^[[0m crossterm v0.28.1
build (aarch64-unknown-linux-gnu, ubuntu-24.04-arm)	Build	2026-09-10T05:24:31.7930124Z ^[[1m^[[92m  Downloaded^[[0m csscolorparser v0.6.2
build (aarch64-unknown-linux-gnu, ubuntu-24.04-arm)	Build	2026-09-10T05:24:31.7937734Z ^[[1m^[[92m  Downloaded^[[0m deranged v0.5.6
build (aarch64-unknown-linux-gnu, ubuntu-24.04-arm)	Build	2026-09-10T05:24:31.7946986Z ^[[1m^[[92m  Downloaded^[[0m derive_more-impl v2.1.1
build (aarch64-unknown-linux-gnu, ubuntu-24.04-arm)	Build	2026-09-10T05:24:31.7975854Z ^[[1m^[[92m  Downloaded^[[0m either v1.15.0
build (aarch64-unknown-linux-gnu, ubuntu-24.04-arm)	Build	2026-09-10T05:24:31.7984180Z ^[[1m^[[92m  Downloaded^[[0m fastrand v2.3.0
build (aarch64-unknown-linux-gnu, ubuntu-24.04-arm)	Build	2026-09-10T05:24:31.7991730Z ^[[1m^[[92m  Downloaded^[[0m fax v0.2.6
build (aarch64-unknown-linux-gnu, ubuntu-24.04-arm)	Build	2026-09-10T05:24:31.8000106Z ^[[1m^[[92m  Downloaded^[[0m fax_derive v0.2.0
build (aarch64-unknown-linux-gnu, ubuntu-24.04-arm)	Build	2026-09-10T05:24:31.8003755Z ^[[1m^[[92m  Downloaded^[[0m fdeflate v0.3.7
build (aarch64-unknown-linux-gnu, ubuntu-24.04-arm)	Build	2026-09-10T05:24:31.8012815Z ^[[1m^[[92m  Downloaded^[[0m filedescriptor v0.8.3
build (aarch64-unknown-linux-gnu, ubuntu-24.04-arm)	Build	2026-09-10T05:24:31.8018776Z ^[[1m^[[92m  Downloaded^[[0m filetime v0.2.27
build (aarch64-unknown-linux-gnu, ubuntu-24.04-arm)	Build	2026-09-10T05:24:31.8027428Z ^[[1m^[[92m  Downloaded^[[0m fixedbitset v0.4.2
build (aarch64-unknown-linux-gnu, ubuntu-24.04-arm)	Build	2026-09-10T05:24:31.8034574Z ^[[1m^[[92m  Downloaded^[[0m fnv v1.0.7
build (aarch64-unknown-linux-gnu, ubuntu-24.04-arm)	Build	2026-09-10T05:24:31.8039783Z ^[[1m^[[92m  Downloaded^[[0m form_urlencoded v1.2.2
build (aarch64-unknown-linux-gnu, ubuntu-24.04-arm)	Build	2026-09-10T05:24:31.8044412Z ^[[1m^[[92m  Downloaded^[[0m futures-util v0.3.31
build (aarch64-unknown-linux-gnu, ubuntu-24.04-arm)	Build	2026-09-10T05:24:31.8109257Z ^[[1m^[[92m  Downloaded^[[0m h2 v0.4.13
build (aarch64-unknown-linux-gnu, ubuntu-24.04-arm)	Build	2026-09-10T05:24:31.8146386Z ^[[1m^[[92m  Downloaded^[[0m hyper v1.8.1
build (aarch64-unknown-linux-gnu, ubuntu-24.04-arm)	Build	2026-09-10T05:24:31.8184011Z ^[[1m^[[92m  Downloaded^[[0m icu_properties_data v2.1.2
build (aarch64-unknown-linux-gnu, ubuntu-24.04-arm)	Build	2026-09-10T05:24:31.8236176Z ^[[1m^[[92m  Downloaded^[[0m idna v1.1.0
build (aarch64-unknown-linux-gnu, ubuntu-24.04-arm)	Build	2026-09-10T05:24:31.8258452Z ^[[1m^[[92m  Downloaded^[[0m iri-string v0.7.10
build (aarch64-unknown-linux-gnu, ubuntu-24.04-arm)	Build	2026-09-10T05:24:31.8299156Z ^[[1m^[[92m  Downloaded^[[0m itertools v0.14.0
build (aarch64-unknown-linux-gnu, ubuntu-24.04-arm)	Build	2026-09-10T05:24:31.8337281Z ^[[1m^[[92m  Downloaded^[[0m libm v0.2.16
build (aarch64-unknown-linux-gnu, ubuntu-24.04-arm)	Build	2026-09-10T05:24:31.8391966Z ^[[1m^[[92m  Downloaded^[[0m moxcms v0.7.11
build (aarch64-unknown-linux-gnu, ubuntu-24.04-arm)	Build	2026-09-10T05:24:31.8443635Z ^[[1m^[[92m  Downloaded^[[0m phf v0.11.3
build (aarch64-unknown-linux-gnu, ubuntu-24.04-arm)	Build	2026-09-10T05:24:31.8451408Z ^[[1m^[[92m  Downloaded^[[0m serde_json v1.0.149
build (aarch64-unknown-linux-gnu, ubuntu-24.04-arm)	Build	2026-09-10T05:24:31.8491352Z ^[[1m^[[92m  Downloaded^[[0m static_assertions v1.1.0
build (aarch64-unknown-linux-gnu, ubuntu-24.04-arm)	Build	2026-09-10T05:24:31.8499500Z ^[[1m^[[92m  Downloaded^[[0m strum_macros v0.27.2
build (aarch64-unknown-linux-gnu, ubuntu-24.04-arm)	Build	2026-09-10T05:24:31.8512310Z ^[[1m^[[92m  Downloaded^[[0m tap v1.0.1
build (aarch64-unknown-linux-gnu, ubuntu-24.04-arm)	Build	2026-09-10T05:24:31.8517801Z ^[[1m^[[92m  Downloaded^[[0m typenum v1.19.0
build (aarch64-unknown-linux-gnu, ubuntu-24.04-arm)	Build	2026-09-10T05:24:31.8533520Z ^[[1m^[[92m  Downloaded^[[0m zune-jpeg v0.4.21
build (aarch64-unknown-linux-gnu, ubuntu-24.04-arm)	Build	2026-09-10T05:24:31.8550234Z ^[[1m^[[92m  Downloaded^[[0m cc v1.2.56
build (aarch64-unknown-linux-gnu, ubuntu-24.04-arm)	Build	2026-09-10T05:24:31.8568384Z ^[[1m^[[92m  Downloaded^[[0m clap_builder v4.5.58
build (aarch64-unknown-linux-gnu, ubuntu-24.04-arm)	Build	2026-09-10T05:24:31.8606472Z ^[[1m^[[92m  Downloaded^[[0m euclid v0.22.13
build (aarch64-unknown-linux-gnu, ubuntu-24.04-arm)	Build	2026-09-10T05:24:31.8625160Z ^[[1m^[[92m  Downloaded^[[0m fancy-regex v0.11.0
build (aarch64-unknown-linux-gnu, ubuntu-24.04-arm)	Build	2026-09-10T05:24:31.8643811Z ^[[1m^[[92m  Downloaded^[[0m fancy-regex v0.16.2
build (aarch64-unknown-linux-gnu, ubuntu-24.04-arm)	Build	2026-09-10T05:24:31.8665071Z ^[[1m^[[92m  Downloaded^[[0m finl_unicode v1.4.0
build (aarch64-unknown-linux-gnu, ubuntu-24.04-arm)	Build	2026-09-10T05:24:31.8685973Z ^[[1m^[[92m  Downloaded^[[0m git2 v0.20.4
build (aarch64-unknown-linux-gnu, ubuntu-24.04-arm)	Build	2026-09-10T05:24:31.8731454Z ^[[1m^[[92m  Downloaded^[[0m pest v2.8.6
build (aarch64-unknown-linux-gnu, ubuntu-24.04-arm)	Build	2026-09-10T05:24:31.8758048Z ^[[1m^[[92m  Downloaded^[[0m pulldown-cmark v0.13.0
build (aarch64-unknown-linux-gnu, ubuntu-24.04-arm)	Build	2026-09-10T05:24:31.8788423Z ^[[1m^[[92m  Downloaded^[[0m quick-xml v0.37.5
build (aarch64-unknown-linux-gnu, ubuntu-24.04-arm)	Build	2026-09-10T05:24:31.8820424Z ^[[1m^[[92m  Downloaded^[[0m signal-hook v0.3.18
build (aarch64-unknown-linux-gnu, ubuntu-24.04-arm)	Build	2026-09-10T05:24:31.8836710Z ^[[1m^[[92m  Downloaded^[[0m thiserror-impl v2.0.18
build (aarch64-unknown-linux-gnu, ubuntu-24.04-arm)	Build	2026-09-10T05:24:31.8845022Z ^[[1m^[[92m  Downloaded^[[0m url v2.5.8
build (aarch64-unknown-linux-gnu, ubuntu-24.04-arm)	Build	2026-09-10T05:24:31.8861108Z ^[[1m^[[92m  Downloaded^[[0m wezterm-bidi v0.2.3
build (aarch64-unknown-linux-gnu, ubuntu-24.04-arm)	Build	2026-09-10T05:24:31.8874275Z ^[[1m^[[92m  Downloaded^[[0m zerotrie v0.2.3
build (aarch64-unknown-linux-gnu, ubuntu-24.04-arm)	Build	2026-09-10T05:24:31.8893435Z ^[[1m^[[92m  Downloaded^[[0m base64 v0.22.1
build (aarch64-unknown-linux-gnu, ubuntu-24.04-arm)	Build	2026-09-10T05:24:31.8914094Z ^[[1m^[[92m  Downloaded^[[0m bytes v1.11.1
build (aarch64-unknown-linux-gnu, ubuntu-24.04-arm)	Build	2026-09-10T05:24:31.8937306Z ^[[1m^[[92m  Downloaded^[[0m clap_derive v4.5.55
build (aarch64-unknown-linux-gnu, ubuntu-24.04-arm)	Build	2026-09-10T05:24:31.8950200Z ^[[1m^[[92m  Downloaded^[[0m compact_str v0.9.0
build (aarch64-unknown-linux-gnu, ubuntu-24.04-arm)	Build	2026-09-10T05:24:31.8969048Z ^[[1m^[[92m  Downloaded^[[0m crc32fast v1.5.0
build (aarch64-unknown-linux-gnu, ubuntu-24.04-arm)	Build	2026-09-10T05:24:31.8980016Z ^[[1m^[[92m  Downloaded^[[0m darling_macro v0.23.0
build (aarch64-unknown-linux-gnu, ubuntu-24.04-arm)	Build	2026-09-10T05:24:31.8983612Z ^[[1m^[[92m  Downloaded^[[0m displaydoc v0.2.5
build (aarch64-unknown-linux-gnu, ubuntu-24.04-arm)	Build	2026-09-10T05:24:31.8999282Z ^[[1m^[[92m  Downloaded^[[0m document-features v0.2.12
build (aarch64-unknown-linux-gnu, ubuntu-24.04-arm)	Build	2026-09-10T05:24:31.9006192Z ^[[1m^[[92m  Downloaded^[[0m foldhash v0.2.0
build (aarch64-unknown-linux-gnu, ubuntu-24.04-arm)	Build	2026-09-10T05:24:31.9013382Z ^[[1m^[[92m  Downloaded^[[0m image v0.25.9
build (aarch64-unknown-linux-gnu, ubuntu-24.04-arm)	Build	2026-09-10T05:24:31.9066782Z ^[[1m^[[92m  Downloaded^[[0m nix v0.29.0
build (aarch64-unknown-linux-gnu, ubuntu-24.04-arm)	Build	2026-09-10T05:24:31.9129553Z ^[[1m^[[92m  Downloaded^[[0m palette v0.7.7
build (aarch64-unknown-linux-gnu, ubuntu-24.04-arm)	Build	2026-09-10T05:24:31.9195089Z ^[[1m^[[92m  Downloaded^[[0m thiserror v1.0.69
build (aarch64-unknown-linux-gnu, ubuntu-24.04-arm)	Build	2026-09-10T05:24:31.9221954Z ^[[1m^[[92m  Downloaded^[[0m tower v0.5.3
build (aarch64-unknown-linux-gnu, ubuntu-24.04-arm)	Build	2026-09-10T05:24:31.9273121Z ^[[1m^[[92m  Downloaded^[[0m tower-http v0.6.8
build (aarch64-unknown-linux-gnu, ubuntu-24.04-arm)	Build	2026-09-10T05:24:31.9317995Z ^[[1m^[[92m  Downloaded^[[0m unicode-segmentation v1.12.0
build (aarch64-unknown-linux-gnu, ubuntu-24.04-arm)	Build	2026-09-10T05:24:31.9336549Z ^[[1m^[[92m  Downloaded^[[0m zerocopy-derive v0.8.39
build (aarch64-unknown-linux-gnu, ubuntu-24.04-arm)	Build	2026-09-10T05:24:31.9387474Z ^[[1m^[[92m  Downloaded^[[0m zune-jpeg v0.5.15
build (aarch64-unknown-linux-gnu, ubuntu-24.04-arm)	Build	2026-09-10T05:24:31.9407792Z ^[[1m^[[92m  Downloaded^[[0m clap_lex v1.0.0
build (aarch64-unknown-linux-gnu, ubuntu-24.04-arm)	Build	2026-09-10T05:24:31.9414677Z ^[[1m^[[92m  Downloaded^[[0m color_quant v1.1.0
build (aarch64-unknown-linux-gnu, ubuntu-24.04-arm)	Build	2026-09-10T05:24:31.9420687Z ^[[1m^[[92m  Downloaded^[[0m cpufeatures v0.2.17
build (aarch64-unknown-linux-gnu, ubuntu-24.04-arm)	Build	2026-09-10T05:24:31.9428618Z ^[[1m^[[92m  Downloaded^[[0m darling v0.23.0
build (aarch64-unknown-linux-gnu, ubuntu-24.04-arm)	Build	2026-09-10T05:24:31.9455493Z ^[[1m^[[92m  Downloaded^[[0m darling_core v0.23.0
build (aarch64-unknown-linux-gnu, ubuntu-24.04-arm)	Build	2026-09-10T05:24:31.9483817Z ^[[1m^[[92m  Downloaded^[[0m dirs-sys v0.5.0
build (aarch64-unknown-linux-gnu, ubuntu-24.04-arm)	Build	2026-09-10T05:24:31.9490496Z ^[[1m^[[92m  Downloaded^[[0m flate2 v1.1.9
build (aarch64-unknown-linux-gnu, ubuntu-24.04-arm)	Build	2026-09-10T05:24:31.9517610Z ^[[1m^[[92m  Downloaded^[[0m rand v0.8.8
build (aarch64-unknown-linux-gnu, ubuntu-24.04-arm)	Build	2026-09-10T05:24:31.9537025Z ^[[1m^[[92m  Downloaded^[[0m rustix v0.38.44
build (aarch64-unknown-linux-gnu, ubuntu-24.04-arm)	Build	2026-09-10T05:24:31.9667419Z ^[[1m^[[92m  Downloaded^[[0m rustls v0.23.36
build (aarch64-unknown-linux-gnu, ubuntu-24.04-arm)	Build	2026-09-10T05:24:31.9737639Z ^[[1m^[[92m  Downloaded^[[0m zerovec v0.11.5
build (aarch64-unknown-linux-gnu, ubuntu-24.04-arm)	Build	2026-09-10T05:24:31.9767546Z ^[[1m^[[92m  Downloaded^[[0m console v0.15.11
build (aarch64-unknown-linux-gnu, ubuntu-24.04-arm)	Build	2026-09-10T05:24:31.9783189Z ^[[1m^[[92m  Downloaded^[[0m const-oid v0.9.6
build (aarch64-unknown-linux-gnu, ubuntu-24.04-arm)	Build	2026-09-10T05:24:31.9794487Z ^[[1m^[[92m  Downloaded^[[0m convert_case v0.10.0
build (aarch64-unknown-linux-gnu, ubuntu-24.04-arm)	Build	2026-09-10T05:24:31.9803805Z ^[[1m^[[92m  Downloaded^[[0m crossterm v0.29.0
build (aarch64-unknown-linux-gnu, ubuntu-24.04-arm)	Build	2026-09-10T05:24:31.9840505Z ^[[1m^[[92m  Downloaded^[[0m der v0.7.10
build (aarch64-unknown-linux-gnu, ubuntu-24.04-arm)	Build	2026-09-10T05:24:31.9868065Z ^[[1m^[[92m  Downloaded^[[0m derive_more v2.1.1
build (aarch64-unknown-linux-gnu, ubuntu-24.04-arm)	Build	2026-09-10T05:24:31.9930261Z ^[[1m^[[92m  Downloaded^[[0m ref-cast v1.0.27
build (aarch64-unknown-linux-gnu, ubuntu-24.04-arm)	Build	2026-09-10T05:24:31.9944879Z ^[[1m^[[92m  Downloaded^[[0m reqwest v0.12.28
build (aarch64-unknown-linux-gnu, ubuntu-24.04-arm)	Build	2026-09-10T05:24:31.9978649Z ^[[1m^[[92m  Downloaded^[[0m time v0.3.47
build (aarch64-unknown-linux-gnu, ubuntu-24.04-arm)	Build	2026-09-10T05:24:32.0047296Z ^[[1m^[[92m  Downloaded^[[0m wide v1.6.1
build (aarch64-unknown-linux-gnu, ubuntu-24.04-arm)	Build	2026-09-10T05:24:32.0083063Z ^[[1m^[[92m  Downloaded^[[0m winnow v0.7.15
build (aarch64-unknown-linux-gnu, ubuntu-24.04-arm)	Build	2026-09-10T05:24:32.0135248Z ^[[1m^[[92m  Downloaded^[[0m x11rb v0.13.2
build (aarch64-unknown-linux-gnu, ubuntu-24.04-arm)	Build	2026-09-10T05:24:32.0182388Z ^[[1m^[[92m  Downloaded^[[0m aho-corasick v1.1.4
build (aarch64-unknown-linux-gnu, ubuntu-24.04-arm)	Build	2026-09-10T05:24:32.0214376Z ^[[1m^[[92m  Downloaded^[[0m pkcs8 v0.10.2
build (aarch64-unknown-linux-gnu, ubuntu-24.04-arm)	Build	2026-09-10T05:24:32.0229360Z ^[[1m^[[92m  Downloaded^[[0m quick-error v2.0.1
build (aarch64-unknown-linux-gnu, ubuntu-24.04-arm)	Build	2026-09-10T05:24:32.0236574Z ^[[1m^[[92m  Downloaded^[[0m rand_pcg v0.10.2
build (aarch64-unknown-linux-gnu, ubuntu-24.04-arm)	Build	2026-09-10T05:24:32.0244517Z ^[[1m^[[92m  Downloaded^[[0m unicode-width v0.1.14
build (aarch64-unknown-linux-gnu, ubuntu-24.04-arm)	Build	2026-09-10T05:24:32.0279868Z ^[[1m^[[92m  Downloaded^[[0m unicode-width v0.2.2
build (aarch64-unknown-linux-gnu, ubuntu-24.04-arm)	Build	2026-09-10T05:24:32.0317048Z ^[[1m^[[92m  Downloaded^[[0m vcpkg v0.2.15
build (aarch64-unknown-linux-gnu, ubuntu-24.04-arm)	Build	2026-09-10T05:24:32.0558787Z ^[[1m^[[92m  Downloaded^[[0m webpki-roots v1.0.6
build (aarch64-unknown-linux-gnu, ubuntu-24.04-arm)	Build	2026-09-10T05:24:32.0582345Z ^[[1m^[[92m  Downloaded^[[0m bitvec v1.1.1
build (aarch64-unknown-linux-gnu, ubuntu-24.04-arm)	Build	2026-09-10T05:24:32.0665750Z ^[[1m^[[92m  Downloaded^[[0m funty v2.0.0
build (aarch64-unknown-linux-gnu, ubuntu-24.04-arm)	Build	2026-09-10T05:24:32.0670495Z ^[[1m^[[92m  Downloaded^[[0m phf_macros v0.11.3
build (aarch64-unknown-linux-gnu, ubuntu-24.04-arm)	Build	2026-09-10T05:24:32.0676659Z ^[[1m^[[92m  Downloaded^[[0m phf_shared v0.11.3
build (aarch64-unknown-linux-gnu, ubuntu-24.04-arm)	Build	2026-09-10T05:24:32.0682199Z ^[[1m^[[92m  Downloaded^[[0m pin-project-lite v0.2.16
build (aarch64-unknown-linux-gnu, ubuntu-24.04-arm)	Build	2026-09-10T05:24:32.0710243Z ^[[1m^[[92m  Downloaded^[[0m pin-utils v0.1.0
build (aarch64-unknown-linux-gnu, ubuntu-24.04-arm)	Build	2026-09-10T05:24:32.0717149Z ^[[1m^[[92m  Downloaded^[[0m pkg-config v0.3.32
build (aarch64-unknown-linux-gnu, ubuntu-24.04-arm)	Build	2026-09-10T05:24:32.0725262Z ^[[1m^[[92m  Downloaded^[[0m potential_utf v0.1.4
build (aarch64-unknown-linux-gnu, ubuntu-24.04-arm)	Build	2026-09-10T05:24:32.0730760Z ^[[1m^[[92m  Downloaded^[[0m powerfmt v0.2.0
build (aarch64-unknown-linux-gnu, ubuntu-24.04-arm)	Build	2026-09-10T05:24:32.0737341Z ^[[1m^[[92m  Downloaded^[[0m pulldown-cmark-escape v0.11.0
build (aarch64-unknown-linux-gnu, ubuntu-24.04-arm)	Build	2026-09-10T05:24:32.0741586Z ^[[1m^[[92m  Downloaded^[[0m quinn-udp v0.5.14
build (aarch64-unknown-linux-gnu, ubuntu-24.04-arm)	Build	2026-09-10T05:24:32.0751818Z ^[[1m^[[92m  Downloaded^[[0m rand_chacha v0.3.1
build (aarch64-unknown-linux-gnu, ubuntu-24.04-arm)	Build	2026-09-10T05:24:32.0758345Z ^[[1m^[[92m  Downloaded^[[0m rand_core v0.6.4
build (aarch64-unknown-linux-gnu, ubuntu-24.04-arm)	Build	2026-09-10T05:24:32.0766118Z ^[[1m^[[92m  Downloaded^[[0m rand_core v0.10.1
build (aarch64-unknown-linux-gnu, ubuntu-24.04-arm)	Build	2026-09-10T05:24:32.0775074Z ^[[1m^[[92m  Downloaded^[[0m rand_xoshiro v0.8.1
build (aarch64-unknown-linux-gnu, ubuntu-24.04-arm)	Build	2026-09-10T05:24:32.0785704Z ^[[1m^[[92m  Downloaded^[[0m ratatui-crossterm v0.1.0
build (aarch64-unknown-linux-gnu, ubuntu-24.04-arm)	Build	2026-09-10T05:24:32.0792032Z ^[[1m^[[92m  Downloaded^[[0m ratatui-termwiz v0.1.0
build (aarch64-unknown-linux-gnu, ubuntu-24.04-arm)	Build	2026-09-10T05:24:32.0798497Z ^[[1m^[[92m  Downloaded^[[0m ref-cast-impl v1.0.27
build (aarch64-unknown-linux-gnu, ubuntu-24.04-arm)	Build	2026-09-10T05:24:32.0803860Z ^[[1m^[[92m  Downloaded^[[0m termios v0.3.3
build (aarch64-unknown-linux-gnu, ubuntu-24.04-arm)	Build	2026-09-10T05:24:32.0812954Z ^[[1m^[[92m  Downloaded^[[0m ed25519 v2.2.3
build (aarch64-unknown-linux-gnu, ubuntu-24.04-arm)	Build	2026-09-10T05:24:32.0822522Z ^[[1m^[[92m  Downloaded^[[0m libssh2-sys v0.3.1
build (aarch64-unknown-linux-gnu, ubuntu-24.04-arm)	Build	2026-09-10T05:24:32.0991629Z ^[[1m^[[92m  Downloaded^[[0m plist v1.8.0
build (aarch64-unknown-linux-gnu, ubuntu-24.04-arm)	Build	2026-09-10T05:24:32.1007249Z ^[[1m^[[92m  Downloaded^[[0m ppv-lite86 v0.2.21
build (aarch64-unknown-linux-gnu, ubuntu-24.04-arm)	Build	2026-09-10T05:24:32.1015287Z ^[[1m^[[92m  Downloaded^[[0m ratatui v0.30.0
build (aarch64-unknown-linux-gnu, ubuntu-24.04-arm)	Build	2026-09-10T05:24:32.1036946Z ^[[1m^[[92m  Downloaded^[[0m rustc-hash v2.1.1
build (aarch64-unknown-linux-gnu, ubuntu-24.04-arm)	Build	2026-09-10T05:24:32.1044147Z ^[[1m^[[92m  Downloaded^[[0m same-file v1.0.6
build (aarch64-unknown-linux-gnu, ubuntu-24.04-arm)	Build	2026-09-10T05:24:32.1052132Z ^[[1m^[[92m  Downloaded^[[0m self-replace v1.5.0
build (aarch64-unknown-linux-gnu, ubuntu-24.04-arm)	Build	2026-09-10T05:24:32.1061112Z ^[[1m^[[92m  Downloaded^[[0m self_update v0.42.0
build (aarch64-unknown-linux-gnu, ubuntu-24.04-arm)	Build	2026-09-10T05:24:32.1075801Z ^[[1m^[[92m  Downloaded^[[0m syn v1.0.109
build (aarch64-unknown-linux-gnu, ubuntu-24.04-arm)	Build	2026-09-10T05:24:32.1129194Z ^[[1m^[[92m  Downloaded^[[0m zerocopy v0.8.39
build (aarch64-unknown-linux-gnu, ubuntu-24.04-arm)	Build	2026-09-10T05:24:32.1240689Z ^[[1m^[[92m  Downloaded^[[0m png v0.18.1
build (aarch64-unknown-linux-gnu, ubuntu-24.04-arm)	Build	2026-09-10T05:24:32.1265931Z ^[[1m^[[92m  Downloaded^[[0m quantette v0.6.0
build (aarch64-unknown-linux-gnu, ubuntu-24.04-arm)	Build	2026-09-10T05:24:32.1287008Z ^[[1m^[[92m  Downloaded^[[0m rustc_version v0.4.1
build (aarch64-unknown-linux-gnu, ubuntu-24.04-arm)	Build	2026-09-10T05:24:32.1294430Z ^[[1m^[[92m  Downloaded^[[0m rustls-pki-types v1.14.0
build (aarch64-unknown-linux-gnu, ubuntu-24.04-arm)	Build	2026-09-10T05:24:32.1308230Z ^[[1m^[[92m  Downloaded^[[0m sha2 v0.10.9
build (aarch64-unknown-linux-gnu, ubuntu-24.04-arm)	Build	2026-09-10T05:24:32.1321843Z ^[[1m^[[92m  Downloaded^[[0m syn v3.0.4
build (aarch64-unknown-linux-gnu, ubuntu-24.04-arm)	Build	2026-09-10T05:24:32.1383059Z ^[[1m^[[92m  Downloaded^[[0m quinn v0.11.9
build (aarch64-unknown-linux-gnu, ubuntu-24.04-arm)	Build	2026-09-10T05:24:32.1403026Z ^[[1m^[[92m  Downloaded^[[0m regex v1.12.3
build (aarch64-unknown-linux-gnu, ubuntu-24.04-arm)	Build	2026-09-10T05:24:32.1433911Z ^[[1m^[[92m  Downloaded^[[0m ed25519-dalek v2.2.0
build (aarch64-unknown-linux-gnu, ubuntu-24.04-arm)	Build	2026-09-10T05:24:32.1452582Z ^[[1m^[[92m  Downloaded^[[0m rand v0.10.2
build (aarch64-unknown-linux-gnu, ubuntu-24.04-arm)	Build	2026-09-10T05:24:32.1474131Z ^[[1m^[[92m  Downloaded^[[0m ratatui-core v0.1.0
build (aarch64-unknown-linux-gnu, ubuntu-24.04-arm)	Build	2026-09-10T05:24:32.1508645Z ^[[1m^[[92m  Downloaded^[[0m rustls-webpki v0.103.15
build (aarch64-unknown-linux-gnu, ubuntu-24.04-arm)	Build	2026-09-10T05:24:32.1528017Z ^[[1m^[[92m  Downloaded^[[0m ryu v1.0.23
build (aarch64-unknown-linux-gnu, ubuntu-24.04-arm)	Build	2026-09-10T05:24:32.1545932Z ^[[1m^[[92m  Downloaded^[[0m shlex v1.3.0
build (aarch64-unknown-linux-gnu, ubuntu-24.04-arm)	Build	2026-09-10T05:24:32.1553275Z ^[[1m^[[92m  Downloaded^[[0m signal-hook-mio v0.2.5
build (aarch64-unknown-linux-gnu, ubuntu-24.04-arm)	Build	2026-09-10T05:24:32.1561067Z ^[[1m^[[92m  Downloaded^[[0m tracing v0.1.44
build (aarch64-unknown-linux-gnu, ubuntu-24.04-arm)	Build	2026-09-10T05:24:32.1653694Z ^[[1m^[[92m  Downloaded^[[0m quick-xml v0.38.4
build (aarch64-unknown-linux-gnu, ubuntu-24.04-arm)	Build	2026-09-10T05:24:32.1688165Z ^[[1m^[[92m  Downloaded^[[0m quinn-proto v0.11.17
build (aarch64-unknown-linux-gnu, ubuntu-24.04-arm)	Build	2026-09-10T05:24:32.1729158Z ^[[1m^[[92m  Downloaded^[[0m ratatui-widgets v0.3.0
build (aarch64-unknown-linux-gnu, ubuntu-24.04-arm)	Build	2026-09-10T05:24:32.1772803Z ^[[1m^[[92m  Downloaded^[[0m serde v1.0.228
build (aarch64-unknown-linux-gnu, ubuntu-24.04-arm)	Build	2026-09-10T05:24:32.1793233Z ^[[1m^[[92m  Downloaded^[[0m curve25519-dalek v4.1.3
build (aarch64-unknown-linux-gnu, ubuntu-24.04-arm)	Build	2026-09-10T05:24:32.1842972Z ^[[1m^[[92m  Downloaded^[[0m portable-atomic v1.13.1
build (aarch64-unknown-linux-gnu, ubuntu-24.04-arm)	Build	2026-09-10T05:24:32.1885340Z ^[[1m^[[92m  Downloaded^[[0m smallvec v1.15.1
build (aarch64-unknown-linux-gnu, ubuntu-24.04-arm)	Build	2026-09-10T05:24:32.1897717Z ^[[1m^[[92m  Downloaded^[[0m subtle v2.6.1
build (aarch64-unknown-linux-gnu, ubuntu-24.04-arm)	Build	2026-09-10T05:24:32.1904431Z ^[[1m^[[92m  Downloaded^[[0m x11rb-protocol v0.13.2
build (aarch64-unknown-linux-gnu, ubuntu-24.04-arm)	Build	2026-09-10T05:24:32.1982463Z ^[[1m^[[92m  Downloaded^[[0m signal-hook-registry v1.4.8
build (aarch64-unknown-linux-gnu, ubuntu-24.04-arm)	Build	2026-09-10T05:24:32.1989886Z ^[[1m^[[92m  Downloaded^[[0m slab v0.4.12
build (aarch64-unknown-linux-gnu, ubuntu-24.04-arm)	Build	2026-09-10T05:24:32.1997398Z ^[[1m^[[92m  Downloaded^[[0m synstructure v0.13.2
build (aarch64-unknown-linux-gnu, ubuntu-24.04-arm)	Build	2026-09-10T05:24:32.2003419Z ^[[1m^[[92m  Downloaded^[[0m sysinfo v0.39.6
build (aarch64-unknown-linux-gnu, ubuntu-24.04-arm)	Build	2026-09-10T05:24:32.2069480Z ^[[1m^[[92m  Downloaded^[[0m siphasher v1.0.2
build (aarch64-unknown-linux-gnu, ubuntu-24.04-arm)	Build	2026-09-10T05:24:32.2077206Z ^[[1m^[[92m  Downloaded^[[0m libc v0.2.182
build (aarch64-unknown-linux-gnu, ubuntu-24.04-arm)	Build	2026-09-10T05:24:32.2279468Z ^[[1m^[[92m  Downloaded^[[0m libz-sys v1.1.23
build (aarch64-unknown-linux-gnu, ubuntu-24.04-arm)	Build	2026-09-10T05:24:32.2405204Z ^[[1m^[[92m  Downloaded^[[0m tokio v1.49.0
build (aarch64-unknown-linux-gnu, ubuntu-24.04-arm)	Build	2026-09-10T05:24:32.2627533Z ^[[1m^[[92m  Downloaded^[[0m syn v2.0.115
build (aarch64-unknown-linux-gnu, ubuntu-24.04-arm)	Build	2026-09-10T05:24:32.2689823Z ^[[1m^[[92m  Downloaded^[[0m regex-syntax v0.8.9
build (aarch64-unknown-linux-gnu, ubuntu-24.04-arm)	Build	2026-09-10T05:24:32.2734261Z ^[[1m^[[92m  Downloaded^[[0m termwiz v0.23.3
build (aarch64-unknown-linux-gnu, ubuntu-24.04-arm)	Build	2026-09-10T05:24:32.2805813Z ^[[1m^[[92m  Downloaded^[[0m rustix v1.1.3
build (aarch64-unknown-linux-gnu, ubuntu-24.04-arm)	Build	2026-09-10T05:24:32.2941797Z ^[[1m^[[92m  Downloaded^[[0m regex-automata v0.4.14
build (aarch64-unknown-linux-gnu, ubuntu-24.04-arm)	Build	2026-09-10T05:24:32.3028076Z ^[[1m^[[92m  Downloaded^[[0m syntect v5.3.0
build (aarch64-unknown-linux-gnu, ubuntu-24.04-arm)	Build	2026-09-10T05:24:32.3089243Z ^[[1m^[[92m  Downloaded^[[0m pxfm v0.1.27
build (aarch64-unknown-linux-gnu, ubuntu-24.04-arm)	Build	2026-09-10T05:24:32.3232564Z ^[[1m^[[92m  Downloaded^[[0m deltae v0.3.2
build (aarch64-unknown-linux-gnu, ubuntu-24.04-arm)	Build	2026-09-10T05:24:32.3325591Z ^[[1m^[[92m  Downloaded^[[0m tiff v0.10.3
build (aarch64-unknown-linux-gnu, ubuntu-24.04-arm)	Build	2026-09-10T05:24:32.3402721Z ^[[1m^[[92m  Downloaded^[[0m libgit2-sys v0.18.3+1.9.2
build (aarch64-unknown-linux-gnu, ubuntu-24.04-arm)	Build	2026-09-10T05:24:32.3733645Z ^[[1m^[[92m  Downloaded^[[0m ring v0.17.14
build (aarch64-unknown-linux-gnu, ubuntu-24.04-arm)	Build	2026-09-10T05:24:32.3973225Z ^[[1m^[[92m  Downloaded^[[0m linux-raw-sys v0.4.15
build (aarch64-unknown-linux-gnu, ubuntu-24.04-arm)	Build	2026-09-10T05:24:32.4255507Z ^[[1m^[[92m  Downloaded^[[0m linux-raw-sys v0.11.0
build (aarch64-unknown-linux-gnu, ubuntu-24.04-arm)	Build	2026-09-10T05:24:32.4590120Z ^[[1m^[[92m  Downloaded^[[0m icy_sixel v0.5.1
build (aarch64-unknown-linux-gnu, ubuntu-24.04-arm)	Build	2026-09-10T05:24:32.4859995Z ^[[1m^[[92m  Downloaded^[[0m ratatui-image v11.0.3
build (aarch64-unknown-linux-gnu, ubuntu-24.04-arm)	Build	2026-09-10T05:24:32.5047484Z ^[[1m^[[92m  Downloaded^[[0m openssl-src v300.5.5+3.5.5
build (aarch64-unknown-linux-gnu, ubuntu-24.04-arm)	Build	2026-09-10T05:24:32.8360136Z ^[[1m^[[92m   Compiling^[[0m libc v0.2.182
build (aarch64-unknown-linux-gnu, ubuntu-24.04-arm)	Build	2026-09-10T05:24:32.8395941Z ^[[1m^[[92m   Compiling^[[0m proc-macro2 v1.0.106
build (aarch64-unknown-linux-gnu, ubuntu-24.04-arm)	Build	2026-09-10T05:24:32.8415836Z ^[[1m^[[92m   Compiling^[[0m quote v1.0.44
build (aarch64-unknown-linux-gnu, ubuntu-24.04-arm)	Build	2026-09-10T05:24:32.8425767Z ^[[1m^[[92m   Compiling^[[0m unicode-ident v1.0.23
build (aarch64-unknown-linux-gnu, ubuntu-24.04-arm)	Build	2026-09-10T05:24:40.7108488Z ^[[1m^[[92m   Compiling^[[0m cfg-if v1.0.4
build (aarch64-unknown-linux-gnu, ubuntu-24.04-arm)	Build	2026-09-10T05:24:40.9489641Z ^[[1m^[[92m   Compiling^[[0m bitflags v2.11.0
build (aarch64-unknown-linux-gnu, ubuntu-24.04-arm)	Build	2026-09-10T05:24:41.8682054Z ^[[1m^[[92m   Compiling^[[0m find-msvc-tools v0.1.9
build (aarch64-unknown-linux-gnu, ubuntu-24.04-arm)	Build	2026-09-10T05:24:42.7256182Z ^[[1m^[[92m   Compiling^[[0m shlex v1.3.0
build (aarch64-unknown-linux-gnu, ubuntu-24.04-arm)	Build	2026-09-10T05:24:42.8498731Z ^[[1m^[[92m   Compiling^[[0m jobserver v0.1.34
build (aarch64-unknown-linux-gnu, ubuntu-24.04-arm)	Build	2026-09-10T05:24:42.8676361Z ^[[1m^[[92m   Compiling^[[0m itoa v1.0.17
build (aarch64-unknown-linux-gnu, ubuntu-24.04-arm)	Build	2026-09-10T05:24:42.9138152Z ^[[1m^[[92m   Compiling^[[0m log v0.4.29
build (aarch64-unknown-linux-gnu, ubuntu-24.04-arm)	Build	2026-09-10T05:24:42.9992297Z ^[[1m^[[92m   Compiling^[[0m syn v2.0.115
build (aarch64-unknown-linux-gnu, ubuntu-24.04-arm)	Build	2026-09-10T05:24:43.0370121Z ^[[1m^[[92m   Compiling^[[0m equivalent v1.0.2
build (aarch64-unknown-linux-gnu, ubuntu-24.04-arm)	Build	2026-09-10T05:24:43.0666426Z ^[[1m^[[92m   Compiling^[[0m cc v1.2.56
build (aarch64-unknown-linux-gnu, ubuntu-24.04-arm)	Build	2026-09-10T05:24:43.1380573Z ^[[1m^[[92m   Compiling^[[0m mio v1.1.1
build (aarch64-unknown-linux-gnu, ubuntu-24.04-arm)	Build	2026-09-10T05:24:43.1569437Z ^[[1m^[[92m   Compiling^[[0m allocator-api2 v0.2.21
build (aarch64-unknown-linux-gnu, ubuntu-24.04-arm)	Build	2026-09-10T05:24:43.4391407Z ^[[1m^[[92m   Compiling^[[0m memchr v2.8.0
build (aarch64-unknown-linux-gnu, ubuntu-24.04-arm)	Build	2026-09-10T05:24:43.5894589Z ^[[1m^[[92m   Compiling^[[0m smallvec v1.15.1
build (aarch64-unknown-linux-gnu, ubuntu-24.04-arm)	Build	2026-09-10T05:24:43.7321566Z ^[[1m^[[92m   Compiling^[[0m foldhash v0.2.0
build (aarch64-unknown-linux-gnu, ubuntu-24.04-arm)	Build	2026-09-10T05:24:43.8296027Z ^[[1m^[[92m   Compiling^[[0m hashbrown v0.16.1
build (aarch64-unknown-linux-gnu, ubuntu-24.04-arm)	Build	2026-09-10T05:24:44.3592761Z ^[[1m^[[92m   Compiling^[[0m once_cell v1.21.3
build (aarch64-unknown-linux-gnu, ubuntu-24.04-arm)	Build	2026-09-10T05:24:44.4306296Z ^[[1m^[[92m   Compiling^[[0m stable_deref_trait v1.2.1
build (aarch64-unknown-linux-gnu, ubuntu-24.04-arm)	Build	2026-09-10T05:24:44.4526439Z ^[[1m^[[92m   Compiling^[[0m rustix v1.1.3
build (aarch64-unknown-linux-gnu, ubuntu-24.04-arm)	Build	2026-09-10T05:24:44.5076332Z ^[[1m^[[92m   Compiling^[[0m libm v0.2.16
build (aarch64-unknown-linux-gnu, ubuntu-24.04-arm)	Build	2026-09-10T05:24:44.6596193Z ^[[1m^[[92m   Compiling^[[0m bytes v1.11.1
build (aarch64-unknown-linux-gnu, ubuntu-24.04-arm)	Build	2026-09-10T05:24:44.6856719Z ^[[1m^[[92m   Compiling^[[0m linux-raw-sys v0.11.0
build (aarch64-unknown-linux-gnu, ubuntu-24.04-arm)	Build	2026-09-10T05:24:44.7826895Z ^[[1m^[[92m   Compiling^[[0m pin-project-lite v0.2.16
build (aarch64-unknown-linux-gnu, ubuntu-24.04-arm)	Build	2026-09-10T05:24:44.8276401Z ^[[1m^[[92m   Compiling^[[0m futures-core v0.3.31
build (aarch64-unknown-linux-gnu, ubuntu-24.04-arm)	Build	2026-09-10T05:24:44.8876313Z ^[[1m^[[92m   Compiling^[[0m version_check v0.9.5
build (aarch64-unknown-linux-gnu, ubuntu-24.04-arm)	Build	2026-09-10T05:24:45.0729414Z ^[[1m^[[92m   Compiling^[[0m pkg-config v0.3.32
build (aarch64-unknown-linux-gnu, ubuntu-24.04-arm)	Build	2026-09-10T05:24:45.2256588Z ^[[1m^[[92m   Compiling^[[0m typenum v1.19.0
build (aarch64-unknown-linux-gnu, ubuntu-24.04-arm)	Build	2026-09-10T05:24:45.4426348Z ^[[1m^[[92m   Compiling^[[0m thiserror v2.0.18
build (aarch64-unknown-linux-gnu, ubuntu-24.04-arm)	Build	2026-09-10T05:24:45.4706667Z ^[[1m^[[92m   Compiling^[[0m synstructure v0.13.2
build (aarch64-unknown-linux-gnu, ubuntu-24.04-arm)	Build	2026-09-10T05:24:45.6436217Z ^[[1m^[[92m   Compiling^[[0m generic-array v0.14.7
build (aarch64-unknown-linux-gnu, ubuntu-24.04-arm)	Build	2026-09-10T05:24:45.9126172Z ^[[1m^[[92m   Compiling^[[0m autocfg v1.5.0
build (aarch64-unknown-linux-gnu, ubuntu-24.04-arm)	Build	2026-09-10T05:24:46.1866803Z ^[[1m^[[92m   Compiling^[[0m num-traits v0.2.19
build (aarch64-unknown-linux-gnu, ubuntu-24.04-arm)	Build	2026-09-10T05:24:46.7026320Z ^[[1m^[[92m   Compiling^[[0m syn v3.0.4
build (aarch64-unknown-linux-gnu, ubuntu-24.04-arm)	Build	2026-09-10T05:24:46.7236741Z ^[[1m^[[92m   Compiling^[[0m getrandom v0.2.17
build (aarch64-unknown-linux-gnu, ubuntu-24.04-arm)	Build	2026-09-10T05:24:46.8475232Z ^[[1m^[[92m   Compiling^[[0m zerofrom-derive v0.1.6
build (aarch64-unknown-linux-gnu, ubuntu-24.04-arm)	Build	2026-09-10T05:24:46.8587116Z ^[[1m^[[92m   Compiling^[[0m yoke-derive v0.8.1
build (aarch64-unknown-linux-gnu, ubuntu-24.04-arm)	Build	2026-09-10T05:24:47.8256400Z ^[[1m^[[92m   Compiling^[[0m zerovec-derive v0.11.2
build (aarch64-unknown-linux-gnu, ubuntu-24.04-arm)	Build	2026-09-10T05:24:47.8686646Z ^[[1m^[[92m   Compiling^[[0m zerofrom v0.1.6
build (aarch64-unknown-linux-gnu, ubuntu-24.04-arm)	Build	2026-09-10T05:24:47.9181224Z ^[[1m^[[92m   Compiling^[[0m yoke v0.8.1
build (aarch64-unknown-linux-gnu, ubuntu-24.04-arm)	Build	2026-09-10T05:24:48.0606387Z ^[[1m^[[92m   Compiling^[[0m displaydoc v0.2.5
build (aarch64-unknown-linux-gnu, ubuntu-24.04-arm)	Build	2026-09-10T05:24:48.5566461Z ^[[1m^[[92m   Compiling^[[0m thiserror-impl v2.0.18
build (aarch64-unknown-linux-gnu, ubuntu-24.04-arm)	Build	2026-09-10T05:24:48.5707158Z ^[[1m^[[92m   Compiling^[[0m socket2 v0.6.2
build (aarch64-unknown-linux-gnu, ubuntu-24.04-arm)	Build	2026-09-10T05:24:48.6196671Z ^[[1m^[[92m   Compiling^[[0m zeroize v1.8.2
build (aarch64-unknown-linux-gnu, ubuntu-24.04-arm)	Build	2026-09-10T05:24:48.6316457Z ^[[1m^[[92m   Compiling^[[0m zerovec v0.11.5
build (aarch64-unknown-linux-gnu, ubuntu-24.04-arm)	Build	2026-09-10T05:24:48.7326796Z ^[[1m^[[92m   Compiling^[[0m vcpkg v0.2.15
build (aarch64-unknown-linux-gnu, ubuntu-24.04-arm)	Build	2026-09-10T05:24:49.0256331Z ^[[1m^[[92m   Compiling^[[0m serde_core v1.0.228
build (aarch64-unknown-linux-gnu, ubuntu-24.04-arm)	Build	2026-09-10T05:24:49.1196573Z ^[[1m^[[92m   Compiling^[[0m futures-sink v0.3.31
build (aarch64-unknown-linux-gnu, ubuntu-24.04-arm)	Build	2026-09-10T05:24:49.1666505Z ^[[1m^[[92m   Compiling^[[0m tinystr v0.8.2
build (aarch64-unknown-linux-gnu, ubuntu-24.04-arm)	Build	2026-09-10T05:24:49.1936654Z ^[[1m^[[92m   Compiling^[[0m tokio v1.49.0
build (aarch64-unknown-linux-gnu, ubuntu-24.04-arm)	Build	2026-09-10T05:24:49.3296354Z ^[[1m^[[92m   Compiling^[[0m ryu v1.0.23
build (aarch64-unknown-linux-gnu, ubuntu-24.04-arm)	Build	2026-09-10T05:24:49.4466432Z ^[[1m^[[92m   Compiling^[[0m unicode-width v0.2.2
build (aarch64-unknown-linux-gnu, ubuntu-24.04-arm)	Build	2026-09-10T05:24:49.5856206Z ^[[1m^[[92m   Compiling^[[0m litemap v0.8.1
build (aarch64-unknown-linux-gnu, ubuntu-24.04-arm)	Build	2026-09-10T05:24:49.5966278Z ^[[1m^[[92m   Compiling^[[0m heck v0.5.0
build (aarch64-unknown-linux-gnu, ubuntu-24.04-arm)	Build	2026-09-10T05:24:49.7080798Z ^[[1m^[[92m   Compiling^[[0m rustversion v1.0.22
build (aarch64-unknown-linux-gnu, ubuntu-24.04-arm)	Build	2026-09-10T05:24:49.7181172Z ^[[1m^[[92m   Compiling^[[0m writeable v0.6.2
build (aarch64-unknown-linux-gnu, ubuntu-24.04-arm)	Build	2026-09-10T05:24:49.8496435Z ^[[1m^[[92m   Compiling^[[0m icu_locale_core v2.1.1
build (aarch64-unknown-linux-gnu, ubuntu-24.04-arm)	Build	2026-09-10T05:24:50.3126664Z ^[[1m^[[92m   Compiling^[[0m potential_utf v0.1.4
build (aarch64-unknown-linux-gnu, ubuntu-24.04-arm)	Build	2026-09-10T05:24:50.3856658Z ^[[1m^[[92m   Compiling^[[0m zerotrie v0.2.3
build (aarch64-unknown-linux-gnu, ubuntu-24.04-arm)	Build	2026-09-10T05:24:50.6136454Z ^[[1m^[[92m   Compiling^[[0m http v1.4.0
build (aarch64-unknown-linux-gnu, ubuntu-24.04-arm)	Build	2026-09-10T05:24:51.0300408Z ^[[1m^[[92m   Compiling^[[0m ring v0.17.14
build (aarch64-unknown-linux-gnu, ubuntu-24.04-arm)	Build	2026-09-10T05:24:51.3776761Z ^[[1m^[[92m   Compiling^[[0m parking_lot_core v0.9.12
build (aarch64-unknown-linux-gnu, ubuntu-24.04-arm)	Build	2026-09-10T05:24:51.4806607Z ^[[1m^[[92m   Compiling^[[0m simd-adler32 v0.3.8
build (aarch64-unknown-linux-gnu, ubuntu-24.04-arm)	Build	2026-09-10T05:24:51.5426793Z ^[[1m^[[92m   Compiling^[[0m serde v1.0.228
build (aarch64-unknown-linux-gnu, ubuntu-24.04-arm)	Build	2026-09-10T05:24:51.6406952Z ^[[1m^[[92m   Compiling^[[0m slab v0.4.12
build (aarch64-unknown-linux-gnu, ubuntu-24.04-arm)	Build	2026-09-10T05:24:51.6726478Z ^[[1m^[[92m   Compiling^[[0m icu_normalizer_data v2.1.1
build (aarch64-unknown-linux-gnu, ubuntu-24.04-arm)	Build	2026-09-10T05:24:51.6911320Z ^[[1m^[[92m   Compiling^[[0m ident_case v1.0.1
build (aarch64-unknown-linux-gnu, ubuntu-24.04-arm)	Build	2026-09-10T05:24:51.7456738Z ^[[1m^[[92m   Compiling^[[0m percent-encoding v2.3.2
build (aarch64-unknown-linux-gnu, ubuntu-24.04-arm)	Build	2026-09-10T05:24:51.7506050Z ^[[1m^[[92m   Compiling^[[0m icu_properties_data v2.1.2
build (aarch64-unknown-linux-gnu, ubuntu-24.04-arm)	Build	2026-09-10T05:24:51.7660234Z ^[[1m^[[92m   Compiling^[[0m either v1.15.0
build (aarch64-unknown-linux-gnu, ubuntu-24.04-arm)	Build	2026-09-10T05:24:51.8386332Z ^[[1m^[[92m   Compiling^[[0m crc32fast v1.5.0
build (aarch64-unknown-linux-gnu, ubuntu-24.04-arm)	Build	2026-09-10T05:24:51.8646225Z ^[[1m^[[92m   Compiling^[[0m strsim v0.11.1
build (aarch64-unknown-linux-gnu, ubuntu-24.04-arm)	Build	2026-09-10T05:24:52.0067181Z ^[[1m^[[92m   Compiling^[[0m darling_core v0.23.0
build (aarch64-unknown-linux-gnu, ubuntu-24.04-arm)	Build	2026-09-10T05:24:52.0544518Z ^[[1m^[[92m   Compiling^[[0m icu_provider v2.1.1
build (aarch64-unknown-linux-gnu, ubuntu-24.04-arm)	Build	2026-09-10T05:24:52.2906713Z ^[[1m^[[92m   Compiling^[[0m icu_collections v2.1.1
build (aarch64-unknown-linux-gnu, ubuntu-24.04-arm)	Build	2026-09-10T05:24:53.0216575Z ^[[1m^[[92m   Compiling^[[0m block-buffer v0.10.4
build (aarch64-unknown-linux-gnu, ubuntu-24.04-arm)	Build	2026-09-10T05:24:53.0866335Z ^[[1m^[[92m   Compiling^[[0m crypto-common v0.1.7
build (aarch64-unknown-linux-gnu, ubuntu-24.04-arm)	Build	2026-09-10T05:24:53.1386443Z ^[[1m^[[92m   Compiling^[[0m bytemuck_derive v1.12.0
build (aarch64-unknown-linux-gnu, ubuntu-24.04-arm)	Build	2026-09-10T05:24:53.8901619Z ^[[1m^[[92m   Compiling^[[0m serde_derive v1.0.228
build (aarch64-unknown-linux-gnu, ubuntu-24.04-arm)	Build	2026-09-10T05:24:53.9776135Z ^[[1m^[[92m   Compiling^[[0m indexmap v2.13.0
build (aarch64-unknown-linux-gnu, ubuntu-24.04-arm)	Build	2026-09-10T05:24:54.0319143Z ^[[1m^[[92m   Compiling^[[0m openssl-src v300.5.5+3.5.5
build (aarch64-unknown-linux-gnu, ubuntu-24.04-arm)	Build	2026-09-10T05:24:54.1946721Z ^[[1m^[[92m   Compiling^[[0m errno v0.3.14
build (aarch64-unknown-linux-gnu, ubuntu-24.04-arm)	Build	2026-09-10T05:24:54.2680923Z ^[[1m^[[92m   Compiling^[[0m signal-hook v0.3.18
build (aarch64-unknown-linux-gnu, ubuntu-24.04-arm)	Build	2026-09-10T05:24:54.3566334Z ^[[1m^[[92m   Compiling^[[0m powerfmt v0.2.0
build (aarch64-unknown-linux-gnu, ubuntu-24.04-arm)	Build	2026-09-10T05:24:54.4826422Z ^[[1m^[[92m   Compiling^[[0m subtle v2.6.1
build (aarch64-unknown-linux-gnu, ubuntu-24.04-arm)	Build	2026-09-10T05:24:54.5756297Z ^[[1m^[[92m   Compiling^[[0m scopeguard v1.2.0
build (aarch64-unknown-linux-gnu, ubuntu-24.04-arm)	Build	2026-09-10T05:24:54.6096211Z ^[[1m^[[92m   Compiling^[[0m pin-utils v0.1.0
build (aarch64-unknown-linux-gnu, ubuntu-24.04-arm)	Build	2026-09-10T05:24:54.6336852Z ^[[1m^[[92m   Compiling^[[0m adler2 v2.0.1
build (aarch64-unknown-linux-gnu, ubuntu-24.04-arm)	Build	2026-09-10T05:24:54.6986567Z ^[[1m^[[92m   Compiling^[[0m miniz_oxide v0.8.9
build (aarch64-unknown-linux-gnu, ubuntu-24.04-arm)	Build	2026-09-10T05:24:54.7046029Z ^[[1m^[[92m   Compiling^[[0m lock_api v0.4.14
build (aarch64-unknown-linux-gnu, ubuntu-24.04-arm)	Build	2026-09-10T05:24:54.8546652Z ^[[1m^[[92m   Compiling^[[0m deranged v0.5.6
build (aarch64-unknown-linux-gnu, ubuntu-24.04-arm)	Build	2026-09-10T05:24:55.4296392Z ^[[1m^[[92m   Compiling^[[0m signal-hook-registry v1.4.8
build (aarch64-unknown-linux-gnu, ubuntu-24.04-arm)	Build	2026-09-10T05:24:55.6316747Z ^[[1m^[[92m   Compiling^[[0m openssl-sys v0.9.111
build (aarch64-unknown-linux-gnu, ubuntu-24.04-arm)	Build	2026-09-10T05:24:55.7746185Z ^[[1m^[[92m   Compiling^[[0m darling_macro v0.23.0
build (aarch64-unknown-linux-gnu, ubuntu-24.04-arm)	Build	2026-09-10T05:24:56.0206240Z ^[[1m^[[92m   Compiling^[[0m bytemuck v1.25.0
build (aarch64-unknown-linux-gnu, ubuntu-24.04-arm)	Build	2026-09-10T05:24:56.1167226Z ^[[1m^[[92m   Compiling^[[0m digest v0.10.7
build (aarch64-unknown-linux-gnu, ubuntu-24.04-arm)	Build	2026-09-10T05:24:56.2146481Z ^[[1m^[[92m   Compiling^[[0m castaway v0.2.4
build (aarch64-unknown-linux-gnu, ubuntu-24.04-arm)	Build	2026-09-10T05:24:56.4336308Z ^[[1m^[[92m   Compiling^[[0m itertools v0.14.0
build (aarch64-unknown-linux-gnu, ubuntu-24.04-arm)	Build	2026-09-10T05:24:56.4406724Z ^[[1m^[[92m   Compiling^[[0m http-body v1.0.1
build (aarch64-unknown-linux-gnu, ubuntu-24.04-arm)	Build	2026-09-10T05:24:56.5028665Z ^[[1m^[[92m   Compiling^[[0m strum_macros v0.27.2
build (aarch64-unknown-linux-gnu, ubuntu-24.04-arm)	Build	2026-09-10T05:24:56.6069375Z ^[[1m^[[92m   Compiling^[[0m libz-sys v1.1.23
build (aarch64-unknown-linux-gnu, ubuntu-24.04-arm)	Build	2026-09-10T05:24:56.8346447Z ^[[1m^[[92m   Compiling^[[0m rustls-pki-types v1.14.0
build (aarch64-unknown-linux-gnu, ubuntu-24.04-arm)	Build	2026-09-10T05:24:57.2708555Z ^[[1m^[[92m   Compiling^[[0m tracing-core v0.1.36
build (aarch64-unknown-linux-gnu, ubuntu-24.04-arm)	Build	2026-09-10T05:24:57.7256492Z ^[[1m^[[92m   Compiling^[[0m semver v1.0.27
build (aarch64-unknown-linux-gnu, ubuntu-24.04-arm)	Build	2026-09-10T05:24:57.7996731Z ^[[1m^[[92m   Compiling^[[0m num-conv v0.2.0
build (aarch64-unknown-linux-gnu, ubuntu-24.04-arm)	Build	2026-09-10T05:24:57.8514128Z ^[[1m^[[92m   Compiling^[[0m unicode-segmentation v1.12.0
build (aarch64-unknown-linux-gnu, ubuntu-24.04-arm)	Build	2026-09-10T05:24:58.0044012Z ^[[1m^[[92m   Compiling^[[0m futures-task v0.3.31
build (aarch64-unknown-linux-gnu, ubuntu-24.04-arm)	Build	2026-09-10T05:24:58.0855722Z ^[[1m^[[92m   Compiling^[[0m fnv v1.0.7
build (aarch64-unknown-linux-gnu, ubuntu-24.04-arm)	Build	2026-09-10T05:24:58.1161262Z ^[[1m^[[92m   Compiling^[[0m indoc v2.0.7
build (aarch64-unknown-linux-gnu, ubuntu-24.04-arm)	Build	2026-09-10T05:24:58.1700463Z ^[[1m^[[92m   Compiling^[[0m static_assertions v1.1.0
build (aarch64-unknown-linux-gnu, ubuntu-24.04-arm)	Build	2026-09-10T05:24:58.1736398Z ^[[1m^[[92m   Compiling^[[0m base64 v0.22.1
build (aarch64-unknown-linux-gnu, ubuntu-24.04-arm)	Build	2026-09-10T05:24:58.1956513Z ^[[1m^[[92m   Compiling^[[0m time-core v0.1.8
build (aarch64-unknown-linux-gnu, ubuntu-24.04-arm)	Build	2026-09-10T05:24:58.2622591Z ^[[1m^[[92m   Compiling^[[0m instability v0.3.11
build (aarch64-unknown-linux-gnu, ubuntu-24.04-arm)	Build	2026-09-10T05:24:58.3436222Z ^[[1m^[[92m   Compiling^[[0m httparse v1.10.1
build (aarch64-unknown-linux-gnu, ubuntu-24.04-arm)	Build	2026-09-10T05:24:58.3439803Z ^[[1m^[[92m   Compiling^[[0m num_threads v0.1.7
build (aarch64-unknown-linux-gnu, ubuntu-24.04-arm)	Build	2026-09-10T05:24:58.4396389Z ^[[1m^[[92m   Compiling^[[0m futures-io v0.3.31
build (aarch64-unknown-linux-gnu, ubuntu-24.04-arm)	Build	2026-09-10T05:24:58.4446158Z ^[[1m^[[92m   Compiling^[[0m untrusted v0.9.0
build (aarch64-unknown-linux-gnu, ubuntu-24.04-arm)	Build	2026-09-10T05:24:58.4916640Z ^[[1m^[[92m   Compiling^[[0m time v0.3.47
build (aarch64-unknown-linux-gnu, ubuntu-24.04-arm)	Build	2026-09-10T05:24:58.5191577Z ^[[1m^[[92m   Compiling^[[0m futures-util v0.3.31
build (aarch64-unknown-linux-gnu, ubuntu-24.04-arm)	Build	2026-09-10T05:24:58.5425091Z ^[[1m^[[92m   Compiling^[[0m compact_str v0.9.0
build (aarch64-unknown-linux-gnu, ubuntu-24.04-arm)	Build	2026-09-10T05:24:59.1112353Z ^[[1m^[[92m   Compiling^[[0m convert_case v0.10.0
build (aarch64-unknown-linux-gnu, ubuntu-24.04-arm)	Build	2026-09-10T05:24:59.2870698Z ^[[1m^[[92m   Compiling^[[0m unicode-truncate v2.0.1
build (aarch64-unknown-linux-gnu, ubuntu-24.04-arm)	Build	2026-09-10T05:24:59.3662417Z ^[[1m^[[92m   Compiling^[[0m strum v0.27.2
build (aarch64-unknown-linux-gnu, ubuntu-24.04-arm)	Build	2026-09-10T05:24:59.4090675Z ^[[1m^[[92m   Compiling^[[0m rustc_version v0.4.1
build (aarch64-unknown-linux-gnu, ubuntu-24.04-arm)	Build	2026-09-10T05:24:59.5748707Z ^[[1m^[[92m   Compiling^[[0m tracing v0.1.44
build (aarch64-unknown-linux-gnu, ubuntu-24.04-arm)	Build	2026-09-10T05:24:59.9646539Z ^[[1m^[[92m   Compiling^[[0m icu_properties v2.1.2
build (aarch64-unknown-linux-gnu, ubuntu-24.04-arm)	Build	2026-09-10T05:25:00.4992823Z ^[[1m^[[92m   Compiling^[[0m parking_lot v0.12.5
build (aarch64-unknown-linux-gnu, ubuntu-24.04-arm)	Build	2026-09-10T05:25:00.6945388Z ^[[1m^[[92m   Compiling^[[0m icu_normalizer v2.1.1
build (aarch64-unknown-linux-gnu, ubuntu-24.04-arm)	Build	2026-09-10T05:25:00.9188613Z ^[[1m^[[92m   Compiling^[[0m flate2 v1.1.9
build (aarch64-unknown-linux-gnu, ubuntu-24.04-arm)	Build	2026-09-10T05:25:00.9211232Z ^[[1m^[[92m   Compiling^[[0m darling v0.23.0
build (aarch64-unknown-linux-gnu, ubuntu-24.04-arm)	Build	2026-09-10T05:25:01.2596640Z ^[[1m^[[92m   Compiling^[[0m tokio-util v0.7.18
build (aarch64-unknown-linux-gnu, ubuntu-24.04-arm)	Build	2026-09-10T05:25:01.5016694Z ^[[1m^[[92m   Compiling^[[0m kasuari v0.4.11
build (aarch64-unknown-linux-gnu, ubuntu-24.04-arm)	Build	2026-09-10T05:25:02.0946724Z ^[[1m^[[92m   Compiling^[[0m lru v0.16.3
build (aarch64-unknown-linux-gnu, ubuntu-24.04-arm)	Build	2026-09-10T05:25:02.1721578Z ^[[1m^[[92m   Compiling^[[0m zerocopy v0.8.39
build (aarch64-unknown-linux-gnu, ubuntu-24.04-arm)	Build	2026-09-10T05:25:02.2027145Z ^[[1m^[[92m   Compiling^[[0m tower-service v0.3.3
build (aarch64-unknown-linux-gnu, ubuntu-24.04-arm)	Build	2026-09-10T05:25:02.2329100Z ^[[1m^[[92m   Compiling^[[0m try-lock v0.2.5
build (aarch64-unknown-linux-gnu, ubuntu-24.04-arm)	Build	2026-09-10T05:25:02.2711125Z ^[[1m^[[92m   Compiling^[[0m zmij v1.0.21
build (aarch64-unknown-linux-gnu, ubuntu-24.04-arm)	Build	2026-09-10T05:25:02.3797307Z ^[[1m^[[92m   Compiling^[[0m getrandom v0.4.1
build (aarch64-unknown-linux-gnu, ubuntu-24.04-arm)	Build	2026-09-10T05:25:02.3996610Z ^[[1m^[[92m   Compiling^[[0m rustls v0.23.36
build (aarch64-unknown-linux-gnu, ubuntu-24.04-arm)	Build	2026-09-10T05:25:02.4810988Z ^[[1m^[[92m   Compiling^[[0m radium v0.7.0
build (aarch64-unknown-linux-gnu, ubuntu-24.04-arm)	Build	2026-09-10T05:25:02.4952330Z ^[[1m^[[92m   Compiling^[[0m atomic-waker v1.1.2
build (aarch64-unknown-linux-gnu, ubuntu-24.04-arm)	Build	2026-09-10T05:25:02.5396701Z ^[[1m^[[92m   Compiling^[[0m h2 v0.4.13
build (aarch64-unknown-linux-gnu, ubuntu-24.04-arm)	Build	2026-09-10T05:25:02.6443510Z ^[[1m^[[92m   Compiling^[[0m want v0.3.1
build (aarch64-unknown-linux-gnu, ubuntu-24.04-arm)	Build	2026-09-10T05:25:02.7135927Z ^[[1m^[[92m   Compiling^[[0m ratatui-core v0.1.0
build (aarch64-unknown-linux-gnu, ubuntu-24.04-arm)	Build	2026-09-10T05:25:04.9977168Z ^[[1m^[[92m   Compiling^[[0m signal-hook-mio v0.2.5
build (aarch64-unknown-linux-gnu, ubuntu-24.04-arm)	Build	2026-09-10T05:25:05.0414630Z ^[[1m^[[92m   Compiling^[[0m idna_adapter v1.2.1
build (aarch64-unknown-linux-gnu, ubuntu-24.04-arm)	Build	2026-09-10T05:25:05.5192852Z ^[[1m^[[92m   Compiling^[[0m curve25519-dalek v4.1.3
build (aarch64-unknown-linux-gnu, ubuntu-24.04-arm)	Build	2026-09-10T05:25:05.6344635Z ^[[1m^[[92m   Compiling^[[0m derive_more-impl v2.1.1
build (aarch64-unknown-linux-gnu, ubuntu-24.04-arm)	Build	2026-09-10T05:25:06.1803324Z ^[[1m^[[92m   Compiling^[[0m form_urlencoded v1.2.2
build (aarch64-unknown-linux-gnu, ubuntu-24.04-arm)	Build	2026-09-10T05:25:06.2167236Z ^[[1m^[[92m   Compiling^[[0m futures-channel v0.3.31
build (aarch64-unknown-linux-gnu, ubuntu-24.04-arm)	Build	2026-09-10T05:25:06.2867958Z ^[[1m^[[92m   Compiling^[[0m libssh2-sys v0.3.1
build (aarch64-unknown-linux-gnu, ubuntu-24.04-arm)	Build	2026-09-10T05:25:06.3615266Z ^[[1m^[[92m   Compiling^[[0m aho-corasick v1.1.4
build (aarch64-unknown-linux-gnu, ubuntu-24.04-arm)	Build	2026-09-10T05:25:06.4968691Z ^[[1m^[[92m   Compiling^[[0m regex-syntax v0.8.9
build (aarch64-unknown-linux-gnu, ubuntu-24.04-arm)	Build	2026-09-10T05:25:08.4015518Z ^[[1m^[[92m   Compiling^[[0m tap v1.0.1
build (aarch64-unknown-linux-gnu, ubuntu-24.04-arm)	Build	2026-09-10T05:25:08.4468706Z ^[[1m^[[92m   Compiling^[[0m ref-cast v1.0.27
build (aarch64-unknown-linux-gnu, ubuntu-24.04-arm)	Build	2026-09-10T05:25:08.5917066Z ^[[1m^[[92m   Compiling^[[0m rand_core v0.10.1
build (aarch64-unknown-linux-gnu, ubuntu-24.04-arm)	Build	2026-09-10T05:25:08.6696506Z ^[[1m^[[92m   Compiling^[[0m litrs v1.0.0
build (aarch64-unknown-linux-gnu, ubuntu-24.04-arm)	Build	2026-09-10T05:25:09.0077194Z ^[[1m^[[92m   Compiling^[[0m by_address v1.2.1
build (aarch64-unknown-linux-gnu, ubuntu-24.04-arm)	Build	2026-09-10T05:25:09.0479622Z ^[[1m^[[92m   Compiling^[[0m utf8_iter v1.0.4
build (aarch64-unknown-linux-gnu, ubuntu-24.04-arm)	Build	2026-09-10T05:25:09.1122923Z ^[[1m^[[92m   Compiling^[[0m serde_json v1.0.149
build (aarch64-unknown-linux-gnu, ubuntu-24.04-arm)	Build	2026-09-10T05:25:09.2042816Z ^[[1m^[[92m   Compiling^[[0m idna v1.1.0
build (aarch64-unknown-linux-gnu, ubuntu-24.04-arm)	Build	2026-09-10T05:25:09.4813235Z ^[[1m^[[92m   Compiling^[[0m palette_derive v0.7.7
build (aarch64-unknown-linux-gnu, ubuntu-24.04-arm)	Build	2026-09-10T05:25:10.0491490Z ^[[1m^[[92m   Compiling^[[0m document-features v0.2.12
build (aarch64-unknown-linux-gnu, ubuntu-24.04-arm)	Build	2026-09-10T05:25:10.1853898Z ^[[1m^[[92m   Compiling^[[0m wyz v0.5.1
build (aarch64-unknown-linux-gnu, ubuntu-24.04-arm)	Build	2026-09-10T05:25:10.3037721Z ^[[1m^[[92m   Compiling^[[0m regex-automata v0.4.14
build (aarch64-unknown-linux-gnu, ubuntu-24.04-arm)	Build	2026-09-10T05:25:10.3917003Z ^[[1m^[[92m   Compiling^[[0m hyper v1.8.1
build (aarch64-unknown-linux-gnu, ubuntu-24.04-arm)	Build	2026-09-10T05:25:12.2002789Z ^[[1m^[[92m   Compiling^[[0m derive_more v2.1.1
build (aarch64-unknown-linux-gnu, ubuntu-24.04-arm)	Build	2026-09-10T05:25:15.4316596Z ^[[1m^[[92m   Compiling^[[0m rustls-webpki v0.103.15
build (aarch64-unknown-linux-gnu, ubuntu-24.04-arm)	Build	2026-09-10T05:25:16.7186777Z ^[[1m^[[92m   Compiling^[[0m signature v2.2.0
build (aarch64-unknown-linux-gnu, ubuntu-24.04-arm)	Build	2026-09-10T05:25:16.7796324Z ^[[1m^[[92m   Compiling^[[0m fdeflate v0.3.7
build (aarch64-unknown-linux-gnu, ubuntu-24.04-arm)	Build	2026-09-10T05:25:16.9651423Z ^[[1m^[[92m   Compiling^[[0m pxfm v0.1.27
build (aarch64-unknown-linux-gnu, ubuntu-24.04-arm)	Build	2026-09-10T05:25:17.2006891Z ^[[1m^[[92m   Compiling^[[0m ref-cast-impl v1.0.27
build (aarch64-unknown-linux-gnu, ubuntu-24.04-arm)	Build	2026-09-10T05:25:17.5076566Z ^[[1m^[[92m   Compiling^[[0m palette_math v0.7.7
build (aarch64-unknown-linux-gnu, ubuntu-24.04-arm)	Build	2026-09-10T05:25:17.6116706Z ^[[1m^[[92m   Compiling^[[0m sync_wrapper v1.0.2
build (aarch64-unknown-linux-gnu, ubuntu-24.04-arm)	Build	2026-09-10T05:25:17.6496425Z ^[[1m^[[92m   Compiling^[[0m filetime v0.2.27
build (aarch64-unknown-linux-gnu, ubuntu-24.04-arm)	Build	2026-09-10T05:25:17.7646940Z ^[[1m^[[92m   Compiling^[[0m cpufeatures v0.2.17
build (aarch64-unknown-linux-gnu, ubuntu-24.04-arm)	Build	2026-09-10T05:25:17.7925529Z ^[[1m^[[92m   Compiling^[[0m line-clipping v0.3.5
build (aarch64-unknown-linux-gnu, ubuntu-24.04-arm)	Build	2026-09-10T05:25:17.9466499Z ^[[1m^[[92m   Compiling^[[0m same-file v1.0.6
build (aarch64-unknown-linux-gnu, ubuntu-24.04-arm)	Build	2026-09-10T05:25:18.0116359Z ^[[1m^[[92m   Compiling^[[0m byteorder-lite v0.1.0
build (aarch64-unknown-linux-gnu, ubuntu-24.04-arm)	Build	2026-09-10T05:25:18.2100402Z ^[[1m^[[92m   Compiling^[[0m ipnet v2.11.0
build (aarch64-unknown-linux-gnu, ubuntu-24.04-arm)	Build	2026-09-10T05:25:18.7196762Z ^[[1m^[[92m   Compiling^[[0m fastrand v2.3.0
build (aarch64-unknown-linux-gnu, ubuntu-24.04-arm)	Build	2026-09-10T05:25:18.8737156Z ^[[1m^[[92m   Compiling^[[0m utf8parse v0.2.2
build (aarch64-unknown-linux-gnu, ubuntu-24.04-arm)	Build	2026-09-10T05:25:18.9134684Z ^[[1m^[[92m   Compiling^[[0m tower-layer v0.3.3
build (aarch64-unknown-linux-gnu, ubuntu-24.04-arm)	Build	2026-09-10T05:25:19.0366972Z ^[[1m^[[92m   Compiling^[[0m quick-error v2.0.1
build (aarch64-unknown-linux-gnu, ubuntu-24.04-arm)	Build	2026-09-10T05:25:19.0766375Z ^[[1m^[[92m   Compiling^[[0m portable-atomic v1.13.1
build (aarch64-unknown-linux-gnu, ubuntu-24.04-arm)	Build	2026-09-10T05:25:19.3270184Z ^[[1m^[[92m   Compiling^[[0m funty v2.0.0
build (aarch64-unknown-linux-gnu, ubuntu-24.04-arm)	Build	2026-09-10T05:25:19.8526377Z ^[[1m^[[92m   Compiling^[[0m color_quant v1.1.0
build (aarch64-unknown-linux-gnu, ubuntu-24.04-arm)	Build	2026-09-10T05:25:19.9826377Z ^[[1m^[[92m   Compiling^[[0m rustix v0.38.44
build (aarch64-unknown-linux-gnu, ubuntu-24.04-arm)	Build	2026-09-10T05:25:20.1576291Z ^[[1m^[[92m   Compiling^[[0m weezl v0.1.12
build (aarch64-unknown-linux-gnu, ubuntu-24.04-arm)	Build	2026-09-10T05:25:20.3706329Z ^[[1m^[[92m   Compiling^[[0m zune-core v0.5.3
build (aarch64-unknown-linux-gnu, ubuntu-24.04-arm)	Build	2026-09-10T05:25:20.5517016Z ^[[1m^[[92m   Compiling^[[0m zune-jpeg v0.5.15
build (aarch64-unknown-linux-gnu, ubuntu-24.04-arm)	Build	2026-09-10T05:25:20.6061721Z ^[[1m^[[92m   Compiling^[[0m gif v0.14.2
build (aarch64-unknown-linux-gnu, ubuntu-24.04-arm)	Build	2026-09-10T05:25:21.4686280Z ^[[1m^[[92m   Compiling^[[0m bitvec v1.1.1
build (aarch64-unknown-linux-gnu, ubuntu-24.04-arm)	Build	2026-09-10T05:25:21.4886962Z ^[[1m^[[92m   Compiling^[[0m tokio-rustls v0.26.4
build (aarch64-unknown-linux-gnu, ubuntu-24.04-arm)	Build	2026-09-10T05:25:21.6659338Z ^[[1m^[[92m   Compiling^[[0m image-webp v0.2.4
build (aarch64-unknown-linux-gnu, ubuntu-24.04-arm)	Build	2026-09-10T05:25:23.1506707Z ^[[1m^[[92m   Compiling^[[0m tower v0.5.3
build (aarch64-unknown-linux-gnu, ubuntu-24.04-arm)	Build	2026-09-10T05:25:23.5216500Z ^[[1m^[[92m   Compiling^[[0m anstyle-parse v0.2.7
build (aarch64-unknown-linux-gnu, ubuntu-24.04-arm)	Build	2026-09-10T05:25:23.5297398Z ^[[1m^[[92m   Compiling^[[0m tempfile v3.25.0
build (aarch64-unknown-linux-gnu, ubuntu-24.04-arm)	Build	2026-09-10T05:25:23.6291211Z ^[[1m^[[92m   Compiling^[[0m moxcms v0.7.11
build (aarch64-unknown-linux-gnu, ubuntu-24.04-arm)	Build	2026-09-10T05:25:23.6584768Z ^[[1m^[[92m   Compiling^[[0m hyper-util v0.1.20
build (aarch64-unknown-linux-gnu, ubuntu-24.04-arm)	Build	2026-09-10T05:25:23.9362878Z ^[[1m^[[92m   Compiling^[[0m walkdir v2.5.0
build (aarch64-unknown-linux-gnu, ubuntu-24.04-arm)	Build	2026-09-10T05:25:24.2456326Z ^[[1m^[[92m   Compiling^[[0m ratatui-widgets v0.3.0
build (aarch64-unknown-linux-gnu, ubuntu-24.04-arm)	Build	2026-09-10T05:25:25.1816302Z ^[[1m^[[92m   Compiling^[[0m sha2 v0.10.9
build (aarch64-unknown-linux-gnu, ubuntu-24.04-arm)	Build	2026-09-10T05:25:25.5046544Z ^[[1m^[[92m   Compiling^[[0m palette v0.7.7
build (aarch64-unknown-linux-gnu, ubuntu-24.04-arm)	Build	2026-09-10T05:25:26.5226495Z ^[[1m^[[92m   Compiling^[[0m png v0.18.1
build (aarch64-unknown-linux-gnu, ubuntu-24.04-arm)	Build	2026-09-10T05:25:27.9716553Z ^[[1m^[[92m   Compiling^[[0m ed25519 v2.2.3
build (aarch64-unknown-linux-gnu, ubuntu-24.04-arm)	Build	2026-09-10T05:25:29.3741872Z ^[[1m^[[92m   Compiling^[[0m ppv-lite86 v0.2.21
build (aarch64-unknown-linux-gnu, ubuntu-24.04-arm)	Build	2026-09-10T05:25:30.0196165Z ^[[1m^[[92m   Compiling^[[0m crossterm v0.29.0
build (aarch64-unknown-linux-gnu, ubuntu-24.04-arm)	Build	2026-09-10T05:25:30.4123880Z ^[[1m^[[92m   Compiling^[[0m url v2.5.8
build (aarch64-unknown-linux-gnu, ubuntu-24.04-arm)	Build	2026-09-10T05:25:31.1556539Z ^[[1m^[[92m   Compiling^[[0m rand_xoshiro v0.8.1
build (aarch64-unknown-linux-gnu, ubuntu-24.04-arm)	Build	2026-09-10T05:25:31.4626278Z ^[[1m^[[92m   Compiling^[[0m rand v0.10.2
build (aarch64-unknown-linux-gnu, ubuntu-24.04-arm)	Build	2026-09-10T05:25:31.5546405Z ^[[1m^[[92m   Compiling^[[0m webpki-roots v1.0.6
build (aarch64-unknown-linux-gnu, ubuntu-24.04-arm)	Build	2026-09-10T05:25:31.6031246Z ^[[1m^[[92m   Compiling^[[0m wide v1.6.1
build (aarch64-unknown-linux-gnu, ubuntu-24.04-arm)	Build	2026-09-10T05:25:31.8816348Z ^[[1m^[[92m   Compiling^[[0m ordered-float v5.5.0
build (aarch64-unknown-linux-gnu, ubuntu-24.04-arm)	Build	2026-09-10T05:25:32.0696813Z ^[[1m^[[92m   Compiling^[[0m rand_core v0.6.4
build (aarch64-unknown-linux-gnu, ubuntu-24.04-arm)	Build	2026-09-10T05:25:32.2040989Z ^[[1m^[[92m   Compiling^[[0m libgit2-sys v0.18.3+1.9.2
build (aarch64-unknown-linux-gnu, ubuntu-24.04-arm)	Build	2026-09-10T05:25:32.4396292Z ^[[1m^[[92m   Compiling^[[0m inotify-sys v0.1.5
build (aarch64-unknown-linux-gnu, ubuntu-24.04-arm)	Build	2026-09-10T05:25:32.4876100Z ^[[1m^[[92m   Compiling^[[0m instant v0.1.13
build (aarch64-unknown-linux-gnu, ubuntu-24.04-arm)	Build	2026-09-10T05:25:32.5216063Z ^[[1m^[[92m   Compiling^[[0m anstyle v1.0.13
build (aarch64-unknown-linux-gnu, ubuntu-24.04-arm)	Build	2026-09-10T05:25:32.6587719Z ^[[1m^[[92m   Compiling^[[0m anstyle-query v1.1.5
build (aarch64-unknown-linux-gnu, ubuntu-24.04-arm)	Build	2026-09-10T05:25:32.6986375Z ^[[1m^[[92m   Compiling^[[0m bitflags v1.3.2
build (aarch64-unknown-linux-gnu, ubuntu-24.04-arm)	Build	2026-09-10T05:25:32.7246366Z ^[[1m^[[92m   Compiling^[[0m iri-string v0.7.10
build (aarch64-unknown-linux-gnu, ubuntu-24.04-arm)	Build	2026-09-10T05:25:34.4156426Z ^[[1m^[[92m   Compiling^[[0m bit-vec v0.8.0
build (aarch64-unknown-linux-gnu, ubuntu-24.04-arm)	Build	2026-09-10T05:25:34.5846530Z ^[[1m^[[92m   Compiling^[[0m colorchoice v1.0.4
build (aarch64-unknown-linux-gnu, ubuntu-24.04-arm)	Build	2026-09-10T05:25:34.6276278Z ^[[1m^[[92m   Compiling^[[0m thiserror v1.0.69
build (aarch64-unknown-linux-gnu, ubuntu-24.04-arm)	Build	2026-09-10T05:25:34.7746434Z ^[[1m^[[92m   Compiling^[[0m is_terminal_polyfill v1.70.2
build (aarch64-unknown-linux-gnu, ubuntu-24.04-arm)	Build	2026-09-10T05:25:34.8046369Z ^[[1m^[[92m   Compiling^[[0m linux-raw-sys v0.4.15
build (aarch64-unknown-linux-gnu, ubuntu-24.04-arm)	Build	2026-09-10T05:25:35.2000940Z ^[[1m^[[92m   Compiling^[[0m anstream v0.6.21
build (aarch64-unknown-linux-gnu, ubuntu-24.04-arm)	Build	2026-09-10T05:25:35.4776475Z ^[[1m^[[92m   Compiling^[[0m bit-set v0.8.0
build (aarch64-unknown-linux-gnu, ubuntu-24.04-arm)	Build	2026-09-10T05:25:35.5730111Z ^[[1m^[[92m   Compiling^[[0m tower-http v0.6.8
build (aarch64-unknown-linux-gnu, ubuntu-24.04-arm)	Build	2026-09-10T05:25:36.0886245Z ^[[1m^[[92m   Compiling^[[0m quantette v0.6.0
build (aarch64-unknown-linux-gnu, ubuntu-24.04-arm)	Build	2026-09-10T05:25:36.3696837Z ^[[1m^[[92m   Compiling^[[0m inotify v0.10.2
build (aarch64-unknown-linux-gnu, ubuntu-24.04-arm)	Build	2026-09-10T05:25:36.5926935Z ^[[1m^[[92m   Compiling^[[0m notify-types v1.0.1
build (aarch64-unknown-linux-gnu, ubuntu-24.04-arm)	Build	2026-09-10T05:25:36.7696360Z ^[[1m^[[92m   Compiling^[[0m rand_chacha v0.3.1
build (aarch64-unknown-linux-gnu, ubuntu-24.04-arm)	Build	2026-09-10T05:25:36.8924254Z ^[[1m^[[92m   Compiling^[[0m hyper-rustls v0.27.7
build (aarch64-unknown-linux-gnu, ubuntu-24.04-arm)	Build	2026-09-10T05:25:37.1936397Z ^[[1m^[[92m   Compiling^[[0m ratatui-crossterm v0.1.0
build (aarch64-unknown-linux-gnu, ubuntu-24.04-arm)	Build	2026-09-10T05:25:37.2936942Z ^[[1m^[[92m   Compiling^[[0m ed25519-dalek v2.2.0
build (aarch64-unknown-linux-gnu, ubuntu-24.04-arm)	Build	2026-09-10T05:25:37.3006597Z ^[[1m^[[92m   Compiling^[[0m image v0.25.9
build (aarch64-unknown-linux-gnu, ubuntu-24.04-arm)	Build	2026-09-10T05:25:37.5326513Z ^[[1m^[[92m   Compiling^[[0m ratatui-macros v0.7.0
build (aarch64-unknown-linux-gnu, ubuntu-24.04-arm)	Build	2026-09-10T05:25:37.9241330Z ^[[1m^[[92m   Compiling^[[0m serde_urlencoded v0.7.1
build (aarch64-unknown-linux-gnu, ubuntu-24.04-arm)	Build	2026-09-10T05:25:38.0976472Z ^[[1m^[[92m   Compiling^[[0m http-body-util v0.1.3
build (aarch64-unknown-linux-gnu, ubuntu-24.04-arm)	Build	2026-09-10T05:25:38.2656371Z ^[[1m^[[92m   Compiling^[[0m console v0.15.11
build (aarch64-unknown-linux-gnu, ubuntu-24.04-arm)	Build	2026-09-10T05:25:38.6496125Z ^[[1m^[[92m   Compiling^[[0m gethostname v1.1.0
build (aarch64-unknown-linux-gnu, ubuntu-24.04-arm)	Build	2026-09-10T05:25:38.6880716Z ^[[1m^[[92m   Compiling^[[0m xattr v1.6.1
build (aarch64-unknown-linux-gnu, ubuntu-24.04-arm)	Build	2026-09-10T05:25:38.9586361Z ^[[1m^[[92m   Compiling^[[0m thiserror-impl v1.0.69
build (aarch64-unknown-linux-gnu, ubuntu-24.04-arm)	Build	2026-09-10T05:25:39.0026921Z ^[[1m^[[92m   Compiling^[[0m quick-xml v0.38.4
build (aarch64-unknown-linux-gnu, ubuntu-24.04-arm)	Build	2026-09-10T05:25:39.8796139Z ^[[1m^[[92m   Compiling^[[0m outref v0.5.2
build (aarch64-unknown-linux-gnu, ubuntu-24.04-arm)	Build	2026-09-10T05:25:39.9170195Z ^[[1m^[[92m   Compiling^[[0m clap_lex v1.0.0
build (aarch64-unknown-linux-gnu, ubuntu-24.04-arm)	Build	2026-09-10T05:25:40.0232927Z ^[[1m^[[92m   Compiling^[[0m unicode-width v0.1.14
build (aarch64-unknown-linux-gnu, ubuntu-24.04-arm)	Build	2026-09-10T05:25:40.1647883Z ^[[1m^[[92m   Compiling^[[0m self_update v0.42.0
build (aarch64-unknown-linux-gnu, ubuntu-24.04-arm)	Build	2026-09-10T05:25:40.2717382Z ^[[1m^[[92m   Compiling^[[0m number_prefix v0.4.0
build (aarch64-unknown-linux-gnu, ubuntu-24.04-arm)	Build	2026-09-10T05:25:40.3316859Z ^[[1m^[[92m   Compiling^[[0m anyhow v1.0.101
build (aarch64-unknown-linux-gnu, ubuntu-24.04-arm)	Build	2026-09-10T05:25:40.4907450Z ^[[1m^[[92m   Compiling^[[0m pulldown-cmark v0.13.0
build (aarch64-unknown-linux-gnu, ubuntu-24.04-arm)	Build	2026-09-10T05:25:40.5106756Z ^[[1m^[[92m   Compiling^[[0m x11rb-protocol v0.13.2
build (aarch64-unknown-linux-gnu, ubuntu-24.04-arm)	Build	2026-09-10T05:25:40.5757032Z ^[[1m^[[92m   Compiling^[[0m linked-hash-map v0.5.6
build (aarch64-unknown-linux-gnu, ubuntu-24.04-arm)	Build	2026-09-10T05:25:40.6956758Z ^[[1m^[[92m   Compiling^[[0m ratatui-image v11.0.3
build (aarch64-unknown-linux-gnu, ubuntu-24.04-arm)	Build	2026-09-10T05:25:40.7746995Z ^[[1m^[[92m   Compiling^[[0m option-ext v0.2.0
build (aarch64-unknown-linux-gnu, ubuntu-24.04-arm)	Build	2026-09-10T05:25:40.8076896Z ^[[1m^[[92m   Compiling^[[0m vsimd v0.8.0
build (aarch64-unknown-linux-gnu, ubuntu-24.04-arm)	Build	2026-09-10T05:25:41.0753479Z ^[[1m^[[92m   Compiling^[[0m base64-simd v0.8.0
build (aarch64-unknown-linux-gnu, ubuntu-24.04-arm)	Build	2026-09-10T05:25:41.3063711Z ^[[1m^[[92m   Compiling^[[0m dirs-sys v0.5.0
build (aarch64-unknown-linux-gnu, ubuntu-24.04-arm)	Build	2026-09-10T05:25:41.5306492Z ^[[1m^[[92m   Compiling^[[0m yaml-rust v0.4.5
build (aarch64-unknown-linux-gnu, ubuntu-24.04-arm)	Build	2026-09-10T05:25:42.7356349Z ^[[1m^[[92m   Compiling^[[0m indicatif v0.17.11
build (aarch64-unknown-linux-gnu, ubuntu-24.04-arm)	Build	2026-09-10T05:25:44.0731699Z ^[[1m^[[92m   Compiling^[[0m x11rb v0.13.2
build (aarch64-unknown-linux-gnu, ubuntu-24.04-arm)	Build	2026-09-10T05:25:45.2299341Z ^[[1m^[[92m   Compiling^[[0m clap_builder v4.5.58
build (aarch64-unknown-linux-gnu, ubuntu-24.04-arm)	Build	2026-09-10T05:25:46.3116827Z ^[[1m^[[92m   Compiling^[[0m miette v7.6.0
build (aarch64-unknown-linux-gnu, ubuntu-24.04-arm)	Build	2026-09-10T05:25:46.7209302Z ^[[1m^[[92m   Compiling^[[0m plist v1.8.0
build (aarch64-unknown-linux-gnu, ubuntu-24.04-arm)	Build	2026-09-10T05:25:47.0360541Z ^[[1m^[[92m   Compiling^[[0m tar v0.4.46
build (aarch64-unknown-linux-gnu, ubuntu-24.04-arm)	Build	2026-09-10T05:25:47.6216258Z ^[[1m^[[92m   Compiling^[[0m reqwest v0.12.28
build (aarch64-unknown-linux-gnu, ubuntu-24.04-arm)	Build	2026-09-10T05:25:48.2456576Z ^[[1m^[[92m   Compiling^[[0m ratatui v0.30.0
build (aarch64-unknown-linux-gnu, ubuntu-24.04-arm)	Build	2026-09-10T05:25:48.5126419Z ^[[1m^[[92m   Compiling^[[0m zipsign-api v0.1.5
build (aarch64-unknown-linux-gnu, ubuntu-24.04-arm)	Build	2026-09-10T05:25:48.8466580Z ^[[1m^[[92m   Compiling^[[0m icy_sixel v0.5.1
build (aarch64-unknown-linux-gnu, ubuntu-24.04-arm)	Build	2026-09-10T05:25:49.2456308Z ^[[1m^[[92m   Compiling^[[0m rand v0.8.8
build (aarch64-unknown-linux-gnu, ubuntu-24.04-arm)	Build	2026-09-10T05:25:49.8425455Z ^[[1m^[[92m   Compiling^[[0m notify v7.0.0
build (aarch64-unknown-linux-gnu, ubuntu-24.04-arm)	Build	2026-09-10T05:25:49.9056356Z ^[[1m^[[92m   Compiling^[[0m fancy-regex v0.16.2
build (aarch64-unknown-linux-gnu, ubuntu-24.04-arm)	Build	2026-09-10T05:25:51.4926467Z ^[[1m^[[92m   Compiling^[[0m self-replace v1.5.0
build (aarch64-unknown-linux-gnu, ubuntu-24.04-arm)	Build	2026-09-10T05:25:51.6086872Z ^[[1m^[[92m   Compiling^[[0m regex v1.12.3
build (aarch64-unknown-linux-gnu, ubuntu-24.04-arm)	Build	2026-09-10T05:25:51.6216644Z ^[[1m^[[92m   Compiling^[[0m bincode v1.3.3
build (aarch64-unknown-linux-gnu, ubuntu-24.04-arm)	Build	2026-09-10T05:25:51.9487183Z ^[[1m^[[92m   Compiling^[[0m clap_derive v4.5.55
build (aarch64-unknown-linux-gnu, ubuntu-24.04-arm)	Build	2026-09-10T05:25:52.2707772Z ^[[1m^[[92m   Compiling^[[0m quick-xml v0.37.5
build (aarch64-unknown-linux-gnu, ubuntu-24.04-arm)	Build	2026-09-10T05:25:53.2136392Z ^[[1m^[[92m   Compiling^[[0m self_cell v1.3.0
build (aarch64-unknown-linux-gnu, ubuntu-24.04-arm)	Build	2026-09-10T05:25:53.2383955Z ^[[1m^[[92m   Compiling^[[0m urlencoding v2.1.3
build (aarch64-unknown-linux-gnu, ubuntu-24.04-arm)	Build	2026-09-10T05:25:53.2669286Z ^[[1m^[[92m   Compiling^[[0m winnow v0.7.15
build (aarch64-unknown-linux-gnu, ubuntu-24.04-arm)	Build	2026-09-10T05:25:53.3646560Z ^[[1m^[[92m   Compiling^[[0m openssl-probe v0.1.6
build (aarch64-unknown-linux-gnu, ubuntu-24.04-arm)	Build	2026-09-10T05:25:53.7796261Z ^[[1m^[[92m   Compiling^[[0m unicase v2.9.0
build (aarch64-unknown-linux-gnu, ubuntu-24.04-arm)	Build	2026-09-10T05:25:54.8326330Z ^[[1m^[[92m   Compiling^[[0m kdl v6.7.1
build (aarch64-unknown-linux-gnu, ubuntu-24.04-arm)	Build	2026-09-10T05:25:58.0986495Z ^[[1m^[[92m   Compiling^[[0m clap v4.5.58
build (aarch64-unknown-linux-gnu, ubuntu-24.04-arm)	Build	2026-09-10T05:25:58.1253712Z ^[[1m^[[92m   Compiling^[[0m syntect v5.3.0
build (aarch64-unknown-linux-gnu, ubuntu-24.04-arm)	Build	2026-09-10T05:25:58.3466621Z ^[[1m^[[92m   Compiling^[[0m notify-debouncer-mini v0.5.0
build (aarch64-unknown-linux-gnu, ubuntu-24.04-arm)	Build	2026-09-10T05:25:58.7246301Z ^[[1m^[[92m   Compiling^[[0m arboard v3.6.1
build (aarch64-unknown-linux-gnu, ubuntu-24.04-arm)	Build	2026-09-10T05:26:00.2076363Z ^[[1m^[[92m   Compiling^[[0m dirs v6.0.0
build (aarch64-unknown-linux-gnu, ubuntu-24.04-arm)	Build	2026-09-10T05:26:00.2707002Z ^[[1m^[[92m   Compiling^[[0m crossterm v0.28.1
build (aarch64-unknown-linux-gnu, ubuntu-24.04-arm)	Build	2026-09-10T05:26:01.4135366Z ^[[1m^[[92m   Compiling^[[0m sysinfo v0.39.6
build (aarch64-unknown-linux-gnu, ubuntu-24.04-arm)	Build	2026-09-10T05:26:42.1997038Z ^[[1m^[[92m   Compiling^[[0m git2 v0.20.4
build (aarch64-unknown-linux-gnu, ubuntu-24.04-arm)	Build	2026-09-10T05:26:44.6483321Z ^[[1m^[[92m   Compiling^[[0m vig v0.15.0 (/home/runner/work/vig/vig)
build (aarch64-unknown-linux-gnu, ubuntu-24.04-arm)	Build	2026-09-10T05:27:33.3933084Z ^[[1m^[[92m    Finished^[[0m `release` profile [optimized] target(s) in 3m 04s
build (aarch64-unknown-linux-gnu, ubuntu-24.04-arm)	Generate third-party licenses	﻿2026-09-10T05:27:33.5085394Z ##[group]Run cargo install cargo-bundle-licenses --locked
build (aarch64-unknown-linux-gnu, ubuntu-24.04-arm)	Generate third-party licenses	2026-09-10T05:27:33.5086065Z ^[[36;1mcargo install cargo-bundle-licenses --locked^[[0m
build (aarch64-unknown-linux-gnu, ubuntu-24.04-arm)	Generate third-party licenses	2026-09-10T05:27:33.5086501Z ^[[36;1mcargo bundle-licenses --format yaml --output THIRDPARTY.yml^[[0m
build (aarch64-unknown-linux-gnu, ubuntu-24.04-arm)	Generate third-party licenses	2026-09-10T05:27:33.5120032Z shell: /usr/bin/bash -e {0}
build (aarch64-unknown-linux-gnu, ubuntu-24.04-arm)	Generate third-party licenses	2026-09-10T05:27:33.5120476Z env:
build (aarch64-unknown-linux-gnu, ubuntu-24.04-arm)	Generate third-party licenses	2026-09-10T05:27:33.5120707Z   CARGO_INCREMENTAL: 0
build (aarch64-unknown-linux-gnu, ubuntu-24.04-arm)	Generate third-party licenses	2026-09-10T05:27:33.5120991Z   CARGO_PROFILE_DEV_DEBUG: 0
build (aarch64-unknown-linux-gnu, ubuntu-24.04-arm)	Generate third-party licenses	2026-09-10T05:27:33.5121318Z   CARGO_TERM_COLOR: always
build (aarch64-unknown-linux-gnu, ubuntu-24.04-arm)	Generate third-party licenses	2026-09-10T05:27:33.5121561Z   RUST_BACKTRACE: short
build (aarch64-unknown-linux-gnu, ubuntu-24.04-arm)	Generate third-party licenses	2026-09-10T05:27:33.5121792Z   RUSTFLAGS: -D warnings
build (aarch64-unknown-linux-gnu, ubuntu-24.04-arm)	Generate third-party licenses	2026-09-10T05:27:33.5122182Z   CARGO_UNSTABLE_SPARSE_REGISTRY: true
build (aarch64-unknown-linux-gnu, ubuntu-24.04-arm)	Generate third-party licenses	2026-09-10T05:27:33.5122519Z   CARGO_REGISTRIES_CRATES_IO_PROTOCOL: sparse
build (aarch64-unknown-linux-gnu, ubuntu-24.04-arm)	Generate third-party licenses	2026-09-10T05:27:33.5122853Z   CACHE_ON_FAILURE: true
build (aarch64-unknown-linux-gnu, ubuntu-24.04-arm)	Generate third-party licenses	2026-09-10T05:27:33.5123093Z ##[endgroup]
build (aarch64-unknown-linux-gnu, ubuntu-24.04-arm)	Generate third-party licenses	2026-09-10T05:27:33.5362630Z ^[[1m^[[92m    Updating^[[0m crates.io index
build (aarch64-unknown-linux-gnu, ubuntu-24.04-arm)	Generate third-party licenses	2026-09-10T05:27:33.5962213Z ^[[1m^[[92m Downloading^[[0m crates ...
build (aarch64-unknown-linux-gnu, ubuntu-24.04-arm)	Generate third-party licenses	2026-09-10T05:27:33.6513923Z ^[[1m^[[92m  Downloaded^[[0m cargo-bundle-licenses v4.2.0
build (aarch64-unknown-linux-gnu, ubuntu-24.04-arm)	Generate third-party licenses	2026-09-10T05:27:33.6702604Z ^[[1m^[[92m  Installing^[[0m cargo-bundle-licenses v4.2.0
build (aarch64-unknown-linux-gnu, ubuntu-24.04-arm)	Generate third-party licenses	2026-09-10T05:27:33.6867296Z ^[[1m^[[33mwarning^[[0m: default toolchain implicitly overridden with `stable-aarch64-unknown-linux-gnu` by rustup directory override
build (aarch64-unknown-linux-gnu, ubuntu-24.04-arm)	Generate third-party licenses	2026-09-10T05:27:33.6868577Z   ^[[1m^[[94m|^[[0m
build (aarch64-unknown-linux-gnu, ubuntu-24.04-arm)	Generate third-party licenses	2026-09-10T05:27:33.6869117Z   ^[[1m^[[94m= ^[[0m^[[1mhelp^[[0m: use `cargo +stable install` if you meant to use the stable toolchain
build (aarch64-unknown-linux-gnu, ubuntu-24.04-arm)	Generate third-party licenses	2026-09-10T05:27:33.6870178Z   ^[[1m^[[94m= ^[[0m^[[1mnote^[[0m: rustup selects the toolchain based on the parent environment and not the environment of the package being installed
build (aarch64-unknown-linux-gnu, ubuntu-24.04-arm)	Generate third-party licenses	2026-09-10T05:27:33.6875266Z ^[[1m^[[92m    Updating^[[0m crates.io index
build (aarch64-unknown-linux-gnu, ubuntu-24.04-arm)	Generate third-party licenses	2026-09-10T05:27:33.9006289Z ^[[1m^[[92m    Updating^[[0m crates.io index
build (aarch64-unknown-linux-gnu, ubuntu-24.04-arm)	Generate third-party licenses	2026-09-10T05:27:33.9855444Z ^[[1m^[[92m Downloading^[[0m crates ...
build (aarch64-unknown-linux-gnu, ubuntu-24.04-arm)	Generate third-party licenses	2026-09-10T05:27:34.0084153Z ^[[1m^[[92m  Downloaded^[[0m cargo-platform v0.3.1
build (aarch64-unknown-linux-gnu, ubuntu-24.04-arm)	Generate third-party licenses	2026-09-10T05:27:34.0213995Z ^[[1m^[[92m  Downloaded^[[0m anstyle-query v1.1.4
build (aarch64-unknown-linux-gnu, ubuntu-24.04-arm)	Generate third-party licenses	2026-09-10T05:27:34.0226710Z ^[[1m^[[92m  Downloaded^[[0m cargo_metadata v0.23.0
build (aarch64-unknown-linux-gnu, ubuntu-24.04-arm)	Generate third-party licenses	2026-09-10T05:27:34.0240574Z ^[[1m^[[92m  Downloaded^[[0m camino v1.2.1
build (aarch64-unknown-linux-gnu, ubuntu-24.04-arm)	Generate third-party licenses	2026-09-10T05:27:34.0252293Z ^[[1m^[[92m  Downloaded^[[0m aho-corasick v1.1.3
build (aarch64-unknown-linux-gnu, ubuntu-24.04-arm)	Generate third-party licenses	2026-09-10T05:27:34.0283198Z ^[[1m^[[92m  Downloaded^[[0m anyhow v1.0.100
build (aarch64-unknown-linux-gnu, ubuntu-24.04-arm)	Generate third-party licenses	2026-09-10T05:27:34.0325180Z ^[[1m^[[92m  Downloaded^[[0m clap v4.5.50
build (aarch64-unknown-linux-gnu, ubuntu-24.04-arm)	Generate third-party licenses	2026-09-10T05:27:34.0372484Z ^[[1m^[[92m  Downloaded^[[0m winnow v0.7.13
build (aarch64-unknown-linux-gnu, ubuntu-24.04-arm)	Generate third-party licenses	2026-09-10T05:27:34.0422676Z ^[[1m^[[92m  Downloaded^[[0m deunicode v1.6.2
build (aarch64-unknown-linux-gnu, ubuntu-24.04-arm)	Generate third-party licenses	2026-09-10T05:27:34.0440304Z ^[[1m^[[92m  Downloaded^[[0m home v0.5.11
build (aarch64-unknown-linux-gnu, ubuntu-24.04-arm)	Generate third-party licenses	2026-09-10T05:27:34.0445968Z ^[[1m^[[92m  Downloaded^[[0m env_filter v0.1.4
build (aarch64-unknown-linux-gnu, ubuntu-24.04-arm)	Generate third-party licenses	2026-09-10T05:27:34.0454475Z ^[[1m^[[92m  Downloaded^[[0m toml v0.9.8
build (aarch64-unknown-linux-gnu, ubuntu-24.04-arm)	Generate third-party licenses	2026-09-10T05:27:34.0477723Z ^[[1m^[[92m  Downloaded^[[0m memchr v2.7.6
build (aarch64-unknown-linux-gnu, ubuntu-24.04-arm)	Generate third-party licenses	2026-09-10T05:27:34.0507806Z ^[[1m^[[92m  Downloaded^[[0m git-version-macro v0.3.9
build (aarch64-unknown-linux-gnu, ubuntu-24.04-arm)	Generate third-party licenses	2026-09-10T05:27:34.0512200Z ^[[1m^[[92m  Downloaded^[[0m slug v0.1.6
build (aarch64-unknown-linux-gnu, ubuntu-24.04-arm)	Generate third-party licenses	2026-09-10T05:27:34.0517750Z ^[[1m^[[92m  Downloaded^[[0m unsafe-libyaml v0.2.11
build (aarch64-unknown-linux-gnu, ubuntu-24.04-arm)	Generate third-party licenses	2026-09-10T05:27:34.0536108Z ^[[1m^[[92m  Downloaded^[[0m serde_spanned v1.0.3
build (aarch64-unknown-linux-gnu, ubuntu-24.04-arm)	Generate third-party licenses	2026-09-10T05:27:34.0543098Z ^[[1m^[[92m  Downloaded^[[0m clap_lex v0.7.6
build (aarch64-unknown-linux-gnu, ubuntu-24.04-arm)	Generate third-party licenses	2026-09-10T05:27:34.0550460Z ^[[1m^[[92m  Downloaded^[[0m itoa v1.0.15
build (aarch64-unknown-linux-gnu, ubuntu-24.04-arm)	Generate third-party licenses	2026-09-10T05:27:34.0575063Z ^[[1m^[[92m  Downloaded^[[0m env_logger v0.11.8
build (aarch64-unknown-linux-gnu, ubuntu-24.04-arm)	Generate third-party licenses	2026-09-10T05:27:34.0589860Z ^[[1m^[[92m  Downloaded^[[0m is_terminal_polyfill v1.70.1
build (aarch64-unknown-linux-gnu, ubuntu-24.04-arm)	Generate third-party licenses	2026-09-10T05:27:34.0595228Z ^[[1m^[[92m  Downloaded^[[0m quote v1.0.41
build (aarch64-unknown-linux-gnu, ubuntu-24.04-arm)	Generate third-party licenses	2026-09-10T05:27:34.0609234Z ^[[1m^[[92m  Downloaded^[[0m toml_parser v1.0.4
build (aarch64-unknown-linux-gnu, ubuntu-24.04-arm)	Generate third-party licenses	2026-09-10T05:27:34.0622732Z ^[[1m^[[92m  Downloaded^[[0m git-version v0.3.9
build (aarch64-unknown-linux-gnu, ubuntu-24.04-arm)	Generate third-party licenses	2026-09-10T05:27:34.0627761Z ^[[1m^[[92m  Downloaded^[[0m serde_yaml v0.9.34+deprecated
build (aarch64-unknown-linux-gnu, ubuntu-24.04-arm)	Generate third-party licenses	2026-09-10T05:27:34.0647032Z ^[[1m^[[92m  Downloaded^[[0m thiserror-impl v2.0.17
build (aarch64-unknown-linux-gnu, ubuntu-24.04-arm)	Generate third-party licenses	2026-09-10T05:27:34.0660827Z ^[[1m^[[92m  Downloaded^[[0m toml_writer v1.0.4
build (aarch64-unknown-linux-gnu, ubuntu-24.04-arm)	Generate third-party licenses	2026-09-10T05:27:34.0663625Z ^[[1m^[[92m  Downloaded^[[0m thiserror v2.0.17
build (aarch64-unknown-linux-gnu, ubuntu-24.04-arm)	Generate third-party licenses	2026-09-10T05:27:34.0694007Z ^[[1m^[[92m  Downloaded^[[0m toml_datetime v0.7.3
build (aarch64-unknown-linux-gnu, ubuntu-24.04-arm)	Generate third-party licenses	2026-09-10T05:27:34.0702274Z ^[[1m^[[92m  Downloaded^[[0m log v0.4.28
build (aarch64-unknown-linux-gnu, ubuntu-24.04-arm)	Generate third-party licenses	2026-09-10T05:27:34.0716696Z ^[[1m^[[92m  Downloaded^[[0m proc-macro2 v1.0.101
build (aarch64-unknown-linux-gnu, ubuntu-24.04-arm)	Generate third-party licenses	2026-09-10T05:27:34.0732921Z ^[[1m^[[92m  Downloaded^[[0m clap_derive v4.5.49
build (aarch64-unknown-linux-gnu, ubuntu-24.04-arm)	Generate third-party licenses	2026-09-10T05:27:34.0747106Z ^[[1m^[[92m  Downloaded^[[0m ryu v1.0.20
build (aarch64-unknown-linux-gnu, ubuntu-24.04-arm)	Generate third-party licenses	2026-09-10T05:27:34.0764390Z ^[[1m^[[92m  Downloaded^[[0m unicode-ident v1.0.19
build (aarch64-unknown-linux-gnu, ubuntu-24.04-arm)	Generate third-party licenses	2026-09-10T05:27:34.0779161Z ^[[1m^[[92m  Downloaded^[[0m clap_builder v4.5.50
build (aarch64-unknown-linux-gnu, ubuntu-24.04-arm)	Generate third-party licenses	2026-09-10T05:27:34.0816263Z ^[[1m^[[92m  Downloaded^[[0m indexmap v2.12.0
build (aarch64-unknown-linux-gnu, ubuntu-24.04-arm)	Generate third-party licenses	2026-09-10T05:27:34.0840630Z ^[[1m^[[92m  Downloaded^[[0m hashbrown v0.16.0
build (aarch64-unknown-linux-gnu, ubuntu-24.04-arm)	Generate third-party licenses	2026-09-10T05:27:34.0869981Z ^[[1m^[[92m  Downloaded^[[0m serde_json v1.0.145
build (aarch64-unknown-linux-gnu, ubuntu-24.04-arm)	Generate third-party licenses	2026-09-10T05:27:34.0909797Z ^[[1m^[[92m  Downloaded^[[0m regex v1.12.2
build (aarch64-unknown-linux-gnu, ubuntu-24.04-arm)	Generate third-party licenses	2026-09-10T05:27:34.0946347Z ^[[1m^[[92m  Downloaded^[[0m syn v2.0.107
build (aarch64-unknown-linux-gnu, ubuntu-24.04-arm)	Generate third-party licenses	2026-09-10T05:27:34.1007057Z ^[[1m^[[92m  Downloaded^[[0m regex-syntax v0.8.8
build (aarch64-unknown-linux-gnu, ubuntu-24.04-arm)	Generate third-party licenses	2026-09-10T05:27:34.1052112Z ^[[1m^[[92m  Downloaded^[[0m regex-automata v0.4.13
build (aarch64-unknown-linux-gnu, ubuntu-24.04-arm)	Generate third-party licenses	2026-09-10T05:27:34.1144328Z ^[[1m^[[92m  Downloaded^[[0m jiff v0.2.15
build (aarch64-unknown-linux-gnu, ubuntu-24.04-arm)	Generate third-party licenses	2026-09-10T05:27:34.1246070Z ^[[1m^[[92m  Downloaded^[[0m spdx v0.12.0
build (aarch64-unknown-linux-gnu, ubuntu-24.04-arm)	Generate third-party licenses	2026-09-10T05:27:34.1860466Z ^[[1m^[[92m   Compiling^[[0m proc-macro2 v1.0.101
build (aarch64-unknown-linux-gnu, ubuntu-24.04-arm)	Generate third-party licenses	2026-09-10T05:27:34.1861310Z ^[[1m^[[92m   Compiling^[[0m quote v1.0.41
build (aarch64-unknown-linux-gnu, ubuntu-24.04-arm)	Generate third-party licenses	2026-09-10T05:27:34.1862116Z ^[[1m^[[92m   Compiling^[[0m unicode-ident v1.0.19
build (aarch64-unknown-linux-gnu, ubuntu-24.04-arm)	Generate third-party licenses	2026-09-10T05:27:34.1885910Z ^[[1m^[[92m   Compiling^[[0m serde_core v1.0.228
build (aarch64-unknown-linux-gnu, ubuntu-24.04-arm)	Generate third-party licenses	2026-09-10T05:27:34.2340113Z ^[[1m^[[92m   Compiling^[[0m memchr v2.7.6
build (aarch64-unknown-linux-gnu, ubuntu-24.04-arm)	Generate third-party licenses	2026-09-10T05:27:34.3286512Z ^[[1m^[[92m   Compiling^[[0m utf8parse v0.2.2
build (aarch64-unknown-linux-gnu, ubuntu-24.04-arm)	Generate third-party licenses	2026-09-10T05:27:34.3681946Z ^[[1m^[[92m   Compiling^[[0m serde v1.0.228
build (aarch64-unknown-linux-gnu, ubuntu-24.04-arm)	Generate third-party licenses	2026-09-10T05:27:34.5546448Z ^[[1m^[[92m   Compiling^[[0m aho-corasick v1.1.3
build (aarch64-unknown-linux-gnu, ubuntu-24.04-arm)	Generate third-party licenses	2026-09-10T05:27:34.8656497Z ^[[1m^[[92m   Compiling^[[0m anstyle-parse v0.2.7
build (aarch64-unknown-linux-gnu, ubuntu-24.04-arm)	Generate third-party licenses	2026-09-10T05:27:34.9606352Z ^[[1m^[[92m   Compiling^[[0m syn v2.0.107
build (aarch64-unknown-linux-gnu, ubuntu-24.04-arm)	Generate third-party licenses	2026-09-10T05:27:34.9923815Z ^[[1m^[[92m   Compiling^[[0m is_terminal_polyfill v1.70.1
build (aarch64-unknown-linux-gnu, ubuntu-24.04-arm)	Generate third-party licenses	2026-09-10T05:27:35.0210507Z ^[[1m^[[92m   Compiling^[[0m anstyle v1.0.13
build (aarch64-unknown-linux-gnu, ubuntu-24.04-arm)	Generate third-party licenses	2026-09-10T05:27:35.1776459Z ^[[1m^[[92m   Compiling^[[0m regex-syntax v0.8.8
build (aarch64-unknown-linux-gnu, ubuntu-24.04-arm)	Generate third-party licenses	2026-09-10T05:27:36.2007163Z ^[[1m^[[92m   Compiling^[[0m heck v0.5.0
build (aarch64-unknown-linux-gnu, ubuntu-24.04-arm)	Generate third-party licenses	2026-09-10T05:27:36.3116538Z ^[[1m^[[92m   Compiling^[[0m colorchoice v1.0.4
build (aarch64-unknown-linux-gnu, ubuntu-24.04-arm)	Generate third-party licenses	2026-09-10T05:27:36.3531939Z ^[[1m^[[92m   Compiling^[[0m anstyle-query v1.1.4
build (aarch64-unknown-linux-gnu, ubuntu-24.04-arm)	Generate third-party licenses	2026-09-10T05:27:36.3881860Z ^[[1m^[[92m   Compiling^[[0m anstream v0.6.21
build (aarch64-unknown-linux-gnu, ubuntu-24.04-arm)	Generate third-party licenses	2026-09-10T05:27:36.7582618Z ^[[1m^[[92m   Compiling^[[0m regex-automata v0.4.13
build (aarch64-unknown-linux-gnu, ubuntu-24.04-arm)	Generate third-party licenses	2026-09-10T05:27:38.0476592Z ^[[1m^[[92m   Compiling^[[0m serde_derive v1.0.228
build (aarch64-unknown-linux-gnu, ubuntu-24.04-arm)	Generate third-party licenses	2026-09-10T05:27:38.1814885Z ^[[1m^[[92m   Compiling^[[0m thiserror v2.0.17
build (aarch64-unknown-linux-gnu, ubuntu-24.04-arm)	Generate third-party licenses	2026-09-10T05:27:38.3489126Z ^[[1m^[[92m   Compiling^[[0m ryu v1.0.20
build (aarch64-unknown-linux-gnu, ubuntu-24.04-arm)	Generate third-party licenses	2026-09-10T05:27:38.5287268Z ^[[1m^[[92m   Compiling^[[0m serde_json v1.0.145
build (aarch64-unknown-linux-gnu, ubuntu-24.04-arm)	Generate third-party licenses	2026-09-10T05:27:38.6146565Z ^[[1m^[[92m   Compiling^[[0m camino v1.2.1
build (aarch64-unknown-linux-gnu, ubuntu-24.04-arm)	Generate third-party licenses	2026-09-10T05:27:38.7597389Z ^[[1m^[[92m   Compiling^[[0m itoa v1.0.15
build (aarch64-unknown-linux-gnu, ubuntu-24.04-arm)	Generate third-party licenses	2026-09-10T05:27:38.8306133Z ^[[1m^[[92m   Compiling^[[0m regex v1.12.2
build (aarch64-unknown-linux-gnu, ubuntu-24.04-arm)	Generate third-party licenses	2026-09-10T05:27:40.0476302Z ^[[1m^[[92m   Compiling^[[0m thiserror-impl v2.0.17
build (aarch64-unknown-linux-gnu, ubuntu-24.04-arm)	Generate third-party licenses	2026-09-10T05:27:40.8876401Z ^[[1m^[[92m   Compiling^[[0m anyhow v1.0.100
build (aarch64-unknown-linux-gnu, ubuntu-24.04-arm)	Generate third-party licenses	2026-09-10T05:27:41.0556242Z ^[[1m^[[92m   Compiling^[[0m equivalent v1.0.2
build (aarch64-unknown-linux-gnu, ubuntu-24.04-arm)	Generate third-party licenses	2026-09-10T05:27:41.0793501Z ^[[1m^[[92m   Compiling^[[0m winnow v0.7.13
build (aarch64-unknown-linux-gnu, ubuntu-24.04-arm)	Generate third-party licenses	2026-09-10T05:27:41.0804567Z ^[[1m^[[92m   Compiling^[[0m log v0.4.28
build (aarch64-unknown-linux-gnu, ubuntu-24.04-arm)	Generate third-party licenses	2026-09-10T05:27:41.2471934Z ^[[1m^[[92m   Compiling^[[0m clap_lex v0.7.6
build (aarch64-unknown-linux-gnu, ubuntu-24.04-arm)	Generate third-party licenses	2026-09-10T05:27:41.4745139Z ^[[1m^[[92m   Compiling^[[0m hashbrown v0.16.0
build (aarch64-unknown-linux-gnu, ubuntu-24.04-arm)	Generate third-party licenses	2026-09-10T05:27:41.4760067Z ^[[1m^[[92m   Compiling^[[0m strsim v0.11.1
build (aarch64-unknown-linux-gnu, ubuntu-24.04-arm)	Generate third-party licenses	2026-09-10T05:27:41.9587232Z ^[[1m^[[92m   Compiling^[[0m indexmap v2.12.0
build (aarch64-unknown-linux-gnu, ubuntu-24.04-arm)	Generate third-party licenses	2026-09-10T05:27:42.0905186Z ^[[1m^[[92m   Compiling^[[0m clap_builder v4.5.50
build (aarch64-unknown-linux-gnu, ubuntu-24.04-arm)	Generate third-party licenses	2026-09-10T05:27:42.4729436Z ^[[1m^[[92m   Compiling^[[0m toml_parser v1.0.4
build (aarch64-unknown-linux-gnu, ubuntu-24.04-arm)	Generate third-party licenses	2026-09-10T05:27:42.5966529Z ^[[1m^[[92m   Compiling^[[0m env_filter v0.1.4
build (aarch64-unknown-linux-gnu, ubuntu-24.04-arm)	Generate third-party licenses	2026-09-10T05:27:43.4096574Z ^[[1m^[[92m   Compiling^[[0m cargo-platform v0.3.1
build (aarch64-unknown-linux-gnu, ubuntu-24.04-arm)	Generate third-party licenses	2026-09-10T05:27:44.2166341Z ^[[1m^[[92m   Compiling^[[0m strum_macros v0.27.2
build (aarch64-unknown-linux-gnu, ubuntu-24.04-arm)	Generate third-party licenses	2026-09-10T05:27:45.7072329Z ^[[1m^[[92m   Compiling^[[0m clap_derive v4.5.49
build (aarch64-unknown-linux-gnu, ubuntu-24.04-arm)	Generate third-party licenses	2026-09-10T05:27:45.8806397Z ^[[1m^[[92m   Compiling^[[0m git-version-macro v0.3.9
build (aarch64-unknown-linux-gnu, ubuntu-24.04-arm)	Generate third-party licenses	2026-09-10T05:27:46.3128480Z ^[[1m^[[92m   Compiling^[[0m semver v1.0.27
build (aarch64-unknown-linux-gnu, ubuntu-24.04-arm)	Generate third-party licenses	2026-09-10T05:27:46.5276401Z ^[[1m^[[92m   Compiling^[[0m toml_datetime v0.7.3
build (aarch64-unknown-linux-gnu, ubuntu-24.04-arm)	Generate third-party licenses	2026-09-10T05:27:46.7896351Z ^[[1m^[[92m   Compiling^[[0m serde_spanned v1.0.3
build (aarch64-unknown-linux-gnu, ubuntu-24.04-arm)	Generate third-party licenses	2026-09-10T05:27:46.8411956Z ^[[1m^[[92m   Compiling^[[0m jiff v0.2.15
build (aarch64-unknown-linux-gnu, ubuntu-24.04-arm)	Generate third-party licenses	2026-09-10T05:27:46.8489595Z ^[[1m^[[92m   Compiling^[[0m toml_writer v1.0.4
build (aarch64-unknown-linux-gnu, ubuntu-24.04-arm)	Generate third-party licenses	2026-09-10T05:27:46.9957664Z ^[[1m^[[92m   Compiling^[[0m deunicode v1.6.2
build (aarch64-unknown-linux-gnu, ubuntu-24.04-arm)	Generate third-party licenses	2026-09-10T05:27:47.0408133Z ^[[1m^[[92m   Compiling^[[0m unsafe-libyaml v0.2.11
build (aarch64-unknown-linux-gnu, ubuntu-24.04-arm)	Generate third-party licenses	2026-09-10T05:27:47.1506303Z ^[[1m^[[92m   Compiling^[[0m smallvec v1.15.1
build (aarch64-unknown-linux-gnu, ubuntu-24.04-arm)	Generate third-party licenses	2026-09-10T05:27:47.3117971Z ^[[1m^[[92m   Compiling^[[0m either v1.15.0
build (aarch64-unknown-linux-gnu, ubuntu-24.04-arm)	Generate third-party licenses	2026-09-10T05:27:47.4627301Z ^[[1m^[[92m   Compiling^[[0m itertools v0.14.0
build (aarch64-unknown-linux-gnu, ubuntu-24.04-arm)	Generate third-party licenses	2026-09-10T05:27:48.7386374Z ^[[1m^[[92m   Compiling^[[0m serde_yaml v0.9.34+deprecated
build (aarch64-unknown-linux-gnu, ubuntu-24.04-arm)	Generate third-party licenses	2026-09-10T05:27:48.8932155Z ^[[1m^[[92m   Compiling^[[0m spdx v0.12.0
build (aarch64-unknown-linux-gnu, ubuntu-24.04-arm)	Generate third-party licenses	2026-09-10T05:27:49.7369167Z ^[[1m^[[92m   Compiling^[[0m env_logger v0.11.8
build (aarch64-unknown-linux-gnu, ubuntu-24.04-arm)	Generate third-party licenses	2026-09-10T05:27:50.7066336Z ^[[1m^[[92m   Compiling^[[0m slug v0.1.6
build (aarch64-unknown-linux-gnu, ubuntu-24.04-arm)	Generate third-party licenses	2026-09-10T05:27:50.8633423Z ^[[1m^[[92m   Compiling^[[0m clap v4.5.50
build (aarch64-unknown-linux-gnu, ubuntu-24.04-arm)	Generate third-party licenses	2026-09-10T05:27:50.8916436Z ^[[1m^[[92m   Compiling^[[0m toml v0.9.8
build (aarch64-unknown-linux-gnu, ubuntu-24.04-arm)	Generate third-party licenses	2026-09-10T05:27:51.6567736Z ^[[1m^[[92m   Compiling^[[0m cargo_metadata v0.23.0
build (aarch64-unknown-linux-gnu, ubuntu-24.04-arm)	Generate third-party licenses	2026-09-10T05:27:51.9916549Z ^[[1m^[[92m   Compiling^[[0m git-version v0.3.9
build (aarch64-unknown-linux-gnu, ubuntu-24.04-arm)	Generate third-party licenses	2026-09-10T05:27:52.0226346Z ^[[1m^[[92m   Compiling^[[0m strum v0.27.2
build (aarch64-unknown-linux-gnu, ubuntu-24.04-arm)	Generate third-party licenses	2026-09-10T05:27:52.5902090Z ^[[1m^[[92m   Compiling^[[0m home v0.5.11
build (aarch64-unknown-linux-gnu, ubuntu-24.04-arm)	Generate third-party licenses	2026-09-10T05:27:52.6786543Z ^[[1m^[[92m   Compiling^[[0m cargo-bundle-licenses v4.2.0
build (aarch64-unknown-linux-gnu, ubuntu-24.04-arm)	Generate third-party licenses	2026-09-10T05:27:57.6963407Z ^[[1m^[[92m    Finished^[[0m `release` profile [optimized] target(s) in 24.17s
build (aarch64-unknown-linux-gnu, ubuntu-24.04-arm)	Generate third-party licenses	2026-09-10T05:27:57.7021232Z ^[[1m^[[92m  Installing^[[0m /home/runner/.cargo/bin/cargo-bundle-licenses
build (aarch64-unknown-linux-gnu, ubuntu-24.04-arm)	Generate third-party licenses	2026-09-10T05:27:57.7023219Z ^[[1m^[[92m   Installed^[[0m package `cargo-bundle-licenses v4.2.0` (executable `cargo-bundle-licenses`)
build (aarch64-unknown-linux-gnu, ubuntu-24.04-arm)	Generate third-party licenses	2026-09-10T05:27:59.9007936Z [2026-09-10T05:27:59Z WARN  bundle_licenses_lib::found_license] Confidence level SEMI for Apache-2.0 license in allocator-api2:0.2.21 - /home/runner/.cargo/registry/src/index.crates.io-1949cf8c6b5b557f/allocator-api2-0.2.21/Cargo.toml
build (aarch64-unknown-linux-gnu, ubuntu-24.04-arm)	Generate third-party licenses	2026-09-10T05:27:59.9009621Z [2026-09-10T05:27:59Z WARN  bundle_licenses_lib::found_license] Confidence level SEMI for Apache-2.0 license in anyhow:1.0.101 - /home/runner/.cargo/registry/src/index.crates.io-1949cf8c6b5b557f/anyhow-1.0.101/Cargo.toml
build (aarch64-unknown-linux-gnu, ubuntu-24.04-arm)	Generate third-party licenses	2026-09-10T05:27:59.9011204Z [2026-09-10T05:27:59Z WARN  bundle_licenses_lib::found_license] Confidence level SEMI for Apache-2.0 license in arboard:3.6.1 - /home/runner/.cargo/registry/src/index.crates.io-1949cf8c6b5b557f/arboard-3.6.1/Cargo.toml
build (aarch64-unknown-linux-gnu, ubuntu-24.04-arm)	Generate third-party licenses	2026-09-10T05:27:59.9012606Z [2026-09-10T05:27:59Z WARN  bundle_licenses_lib::found_license] No license found for MIT license in base64-simd:0.8.0 - /home/runner/.cargo/registry/src/index.crates.io-1949cf8c6b5b557f/base64-simd-0.8.0/Cargo.toml
build (aarch64-unknown-linux-gnu, ubuntu-24.04-arm)	Generate third-party licenses	2026-09-10T05:27:59.9014014Z [2026-09-10T05:27:59Z WARN  bundle_licenses_lib::found_license] Confidence level SEMI for MIT license in base64ct:1.8.3 - /home/runner/.cargo/registry/src/index.crates.io-1949cf8c6b5b557f/base64ct-1.8.3/Cargo.toml
build (aarch64-unknown-linux-gnu, ubuntu-24.04-arm)	Generate third-party licenses	2026-09-10T05:27:59.9015595Z [2026-09-10T05:27:59Z WARN  bundle_licenses_lib::found_license] No license found for BSL-1.0 license in clipboard-win:5.4.1 - /home/runner/.cargo/registry/src/index.crates.io-1949cf8c6b5b557f/clipboard-win-5.4.1/Cargo.toml
build (aarch64-unknown-linux-gnu, ubuntu-24.04-arm)	Generate third-party licenses	2026-09-10T05:27:59.9017166Z [2026-09-10T05:27:59Z WARN  bundle_licenses_lib::found_license] Confidence level UNSURE for BSD-3-Clause license in curve25519-dalek:4.1.3 - /home/runner/.cargo/registry/src/index.crates.io-1949cf8c6b5b557f/curve25519-dalek-4.1.3/Cargo.toml
build (aarch64-unknown-linux-gnu, ubuntu-24.04-arm)	Generate third-party licenses	2026-09-10T05:27:59.9019165Z [2026-09-10T05:27:59Z WARN  bundle_licenses_lib::found_license] Confidence level SEMI for Apache-2.0 license in dirs:6.0.0 - /home/runner/.cargo/registry/src/index.crates.io-1949cf8c6b5b557f/dirs-6.0.0/Cargo.toml
build (aarch64-unknown-linux-gnu, ubuntu-24.04-arm)	Generate third-party licenses	2026-09-10T05:27:59.9020531Z [2026-09-10T05:27:59Z WARN  bundle_licenses_lib::found_license] Confidence level SEMI for Apache-2.0 license in dirs-sys:0.5.0 - /home/runner/.cargo/registry/src/index.crates.io-1949cf8c6b5b557f/dirs-sys-0.5.0/Cargo.toml
build (aarch64-unknown-linux-gnu, ubuntu-24.04-arm)	Generate third-party licenses	2026-09-10T05:27:59.9021984Z [2026-09-10T05:27:59Z WARN  bundle_licenses_lib::found_license] No license found for Zlib license in dispatch2:0.3.0 - /home/runner/.cargo/registry/src/index.crates.io-1949cf8c6b5b557f/dispatch2-0.3.0/Cargo.toml
build (aarch64-unknown-linux-gnu, ubuntu-24.04-arm)	Generate third-party licenses	2026-09-10T05:27:59.9023538Z [2026-09-10T05:27:59Z WARN  bundle_licenses_lib::found_license] No license found for Apache-2.0 license in dispatch2:0.3.0 - /home/runner/.cargo/registry/src/index.crates.io-1949cf8c6b5b557f/dispatch2-0.3.0/Cargo.toml
build (aarch64-unknown-linux-gnu, ubuntu-24.04-arm)	Generate third-party licenses	2026-09-10T05:27:59.9025112Z [2026-09-10T05:27:59Z WARN  bundle_licenses_lib::found_license] No license found for MIT license in dispatch2:0.3.0 - /home/runner/.cargo/registry/src/index.crates.io-1949cf8c6b5b557f/dispatch2-0.3.0/Cargo.toml
build (aarch64-unknown-linux-gnu, ubuntu-24.04-arm)	Generate third-party licenses	2026-09-10T05:27:59.9026423Z [2026-09-10T05:27:59Z WARN  bundle_licenses_lib::found_license] No license found for MIT license in fax:0.2.6 - /home/runner/.cargo/registry/src/index.crates.io-1949cf8c6b5b557f/fax-0.2.6/Cargo.toml
build (aarch64-unknown-linux-gnu, ubuntu-24.04-arm)	Generate third-party licenses	2026-09-10T05:27:59.9027763Z [2026-09-10T05:27:59Z WARN  bundle_licenses_lib::found_license] No license found for MIT license in fax_derive:0.2.0 - /home/runner/.cargo/registry/src/index.crates.io-1949cf8c6b5b557f/fax_derive-0.2.0/Cargo.toml
build (aarch64-unknown-linux-gnu, ubuntu-24.04-arm)	Generate third-party licenses	2026-09-10T05:27:59.9029144Z [2026-09-10T05:27:59Z WARN  bundle_licenses_lib::found_license] Confidence level SEMI for Apache-2.0 license in fdeflate:0.3.7 - /home/runner/.cargo/registry/src/index.crates.io-1949cf8c6b5b557f/fdeflate-0.3.7/Cargo.toml
build (aarch64-unknown-linux-gnu, ubuntu-24.04-arm)	Generate third-party licenses	2026-09-10T05:27:59.9030566Z [2026-09-10T05:27:59Z WARN  bundle_licenses_lib::found_license] Confidence level SEMI for MIT license in fiat-crypto:0.2.9 - /home/runner/.cargo/registry/src/index.crates.io-1949cf8c6b5b557f/fiat-crypto-0.2.9/Cargo.toml
build (aarch64-unknown-linux-gnu, ubuntu-24.04-arm)	Generate third-party licenses	2026-09-10T05:27:59.9032047Z [2026-09-10T05:27:59Z WARN  bundle_licenses_lib::found_license] Confidence level UNSURE for Apache-2.0 license in fiat-crypto:0.2.9 - /home/runner/.cargo/registry/src/index.crates.io-1949cf8c6b5b557f/fiat-crypto-0.2.9/Cargo.toml
build (aarch64-unknown-linux-gnu, ubuntu-24.04-arm)	Generate third-party licenses	2026-09-10T05:27:59.9033497Z [2026-09-10T05:27:59Z WARN  bundle_licenses_lib::found_license] No license found for BSD-1-Clause license in fiat-crypto:0.2.9 - /home/runner/.cargo/registry/src/index.crates.io-1949cf8c6b5b557f/fiat-crypto-0.2.9/Cargo.toml
build (aarch64-unknown-linux-gnu, ubuntu-24.04-arm)	Generate third-party licenses	2026-09-10T05:27:59.9035105Z [2026-09-10T05:27:59Z WARN  bundle_licenses_lib::found_license] Confidence level SEMI for Apache-2.0 license in finl_unicode:1.4.0 - /home/runner/.cargo/registry/src/index.crates.io-1949cf8c6b5b557f/finl_unicode-1.4.0/Cargo.toml
build (aarch64-unknown-linux-gnu, ubuntu-24.04-arm)	Generate third-party licenses	2026-09-10T05:27:59.9036664Z [2026-09-10T05:27:59Z WARN  bundle_licenses_lib::found_license] Confidence level SEMI for Unicode-DFS-2016 license in finl_unicode:1.4.0 - /home/runner/.cargo/registry/src/index.crates.io-1949cf8c6b5b557f/finl_unicode-1.4.0/Cargo.toml
build (aarch64-unknown-linux-gnu, ubuntu-24.04-arm)	Generate third-party licenses	2026-09-10T05:27:59.9038106Z [2026-09-10T05:27:59Z WARN  bundle_licenses_lib::found_license] Confidence level SEMI for Apache-2.0 license in half:2.7.1 - /home/runner/.cargo/registry/src/index.crates.io-1949cf8c6b5b557f/half-2.7.1/Cargo.toml
build (aarch64-unknown-linux-gnu, ubuntu-24.04-arm)	Generate third-party licenses	2026-09-10T05:27:59.9039565Z [2026-09-10T05:27:59Z WARN  bundle_licenses_lib::found_license] Confidence level SEMI for Unicode-3.0 license in icu_collections:2.1.1 - /home/runner/.cargo/registry/src/index.crates.io-1949cf8c6b5b557f/icu_collections-2.1.1/Cargo.toml
build (aarch64-unknown-linux-gnu, ubuntu-24.04-arm)	Generate third-party licenses	2026-09-10T05:27:59.9041101Z [2026-09-10T05:27:59Z WARN  bundle_licenses_lib::found_license] Confidence level SEMI for Unicode-3.0 license in icu_locale_core:2.1.1 - /home/runner/.cargo/registry/src/index.crates.io-1949cf8c6b5b557f/icu_locale_core-2.1.1/Cargo.toml
build (aarch64-unknown-linux-gnu, ubuntu-24.04-arm)	Generate third-party licenses	2026-09-10T05:27:59.9042604Z [2026-09-10T05:27:59Z WARN  bundle_licenses_lib::found_license] Confidence level SEMI for Unicode-3.0 license in icu_normalizer:2.1.1 - /home/runner/.cargo/registry/src/index.crates.io-1949cf8c6b5b557f/icu_normalizer-2.1.1/Cargo.toml
build (aarch64-unknown-linux-gnu, ubuntu-24.04-arm)	Generate third-party licenses	2026-09-10T05:27:59.9044315Z [2026-09-10T05:27:59Z WARN  bundle_licenses_lib::found_license] Confidence level SEMI for Unicode-3.0 license in icu_normalizer_data:2.1.1 - /home/runner/.cargo/registry/src/index.crates.io-1949cf8c6b5b557f/icu_normalizer_data-2.1.1/Cargo.toml
build (aarch64-unknown-linux-gnu, ubuntu-24.04-arm)	Generate third-party licenses	2026-09-10T05:27:59.9046041Z [2026-09-10T05:27:59Z WARN  bundle_licenses_lib::found_license] Confidence level SEMI for Unicode-3.0 license in icu_properties:2.1.2 - /home/runner/.cargo/registry/src/index.crates.io-1949cf8c6b5b557f/icu_properties-2.1.2/Cargo.toml
build (aarch64-unknown-linux-gnu, ubuntu-24.04-arm)	Generate third-party licenses	2026-09-10T05:27:59.9047660Z [2026-09-10T05:27:59Z WARN  bundle_licenses_lib::found_license] Confidence level SEMI for Unicode-3.0 license in icu_properties_data:2.1.2 - /home/runner/.cargo/registry/src/index.crates.io-1949cf8c6b5b557f/icu_properties_data-2.1.2/Cargo.toml
build (aarch64-unknown-linux-gnu, ubuntu-24.04-arm)	Generate third-party licenses	2026-09-10T05:27:59.9049159Z [2026-09-10T05:27:59Z WARN  bundle_licenses_lib::found_license] Confidence level SEMI for Unicode-3.0 license in icu_provider:2.1.1 - /home/runner/.cargo/registry/src/index.crates.io-1949cf8c6b5b557f/icu_provider-2.1.1/Cargo.toml
build (aarch64-unknown-linux-gnu, ubuntu-24.04-arm)	Generate third-party licenses	2026-09-10T05:27:59.9050600Z [2026-09-10T05:27:59Z WARN  bundle_licenses_lib::found_license] No license found for MIT license in icy_sixel:0.5.1 - /home/runner/.cargo/registry/src/index.crates.io-1949cf8c6b5b557f/icy_sixel-0.5.1/Cargo.toml
build (aarch64-unknown-linux-gnu, ubuntu-24.04-arm)	Generate third-party licenses	2026-09-10T05:27:59.9051978Z [2026-09-10T05:27:59Z WARN  bundle_licenses_lib::found_license] No license found for Apache-2.0 license in icy_sixel:0.5.1 - /home/runner/.cargo/registry/src/index.crates.io-1949cf8c6b5b557f/icy_sixel-0.5.1/Cargo.toml
build (aarch64-unknown-linux-gnu, ubuntu-24.04-arm)	Generate third-party licenses	2026-09-10T05:27:59.9053389Z [2026-09-10T05:27:59Z WARN  bundle_licenses_lib::found_license] Confidence level UNSURE for Apache-2.0 license in ident_case:1.0.1 - /home/runner/.cargo/registry/src/index.crates.io-1949cf8c6b5b557f/ident_case-1.0.1/Cargo.toml
build (aarch64-unknown-linux-gnu, ubuntu-24.04-arm)	Generate third-party licenses	2026-09-10T05:27:59.9054904Z [2026-09-10T05:27:59Z WARN  bundle_licenses_lib::found_license] Confidence level SEMI for Apache-2.0 license in image:0.25.9 - /home/runner/.cargo/registry/src/index.crates.io-1949cf8c6b5b557f/image-0.25.9/Cargo.toml
build (aarch64-unknown-linux-gnu, ubuntu-24.04-arm)	Generate third-party licenses	2026-09-10T05:27:59.9056296Z [2026-09-10T05:27:59Z WARN  bundle_licenses_lib::found_license] Confidence level SEMI for Apache-2.0 license in image-webp:0.2.4 - /home/runner/.cargo/registry/src/index.crates.io-1949cf8c6b5b557f/image-webp-0.2.4/Cargo.toml
build (aarch64-unknown-linux-gnu, ubuntu-24.04-arm)	Generate third-party licenses	2026-09-10T05:27:59.9057737Z [2026-09-10T05:27:59Z WARN  bundle_licenses_lib::found_license] Confidence level SEMI for Apache-2.0 license in indoc:2.0.7 - /home/runner/.cargo/registry/src/index.crates.io-1949cf8c6b5b557f/indoc-2.0.7/Cargo.toml
build (aarch64-unknown-linux-gnu, ubuntu-24.04-arm)	Generate third-party licenses	2026-09-10T05:27:59.9059105Z [2026-09-10T05:27:59Z WARN  bundle_licenses_lib::found_license] Confidence level SEMI for Apache-2.0 license in itoa:1.0.17 - /home/runner/.cargo/registry/src/index.crates.io-1949cf8c6b5b557f/itoa-1.0.17/Cargo.toml
build (aarch64-unknown-linux-gnu, ubuntu-24.04-arm)	Generate third-party licenses	2026-09-10T05:27:59.9060480Z [2026-09-10T05:27:59Z WARN  bundle_licenses_lib::found_license] Confidence level SEMI for Apache-2.0 license in libc:0.2.182 - /home/runner/.cargo/registry/src/index.crates.io-1949cf8c6b5b557f/libc-0.2.182/Cargo.toml
build (aarch64-unknown-linux-gnu, ubuntu-24.04-arm)	Generate third-party licenses	2026-09-10T05:27:59.9061814Z [2026-09-10T05:27:59Z WARN  bundle_licenses_lib::found_license] Confidence level UNSURE for MIT license in libm:0.2.16 - /home/runner/.cargo/registry/src/index.crates.io-1949cf8c6b5b557f/libm-0.2.16/Cargo.toml
build (aarch64-unknown-linux-gnu, ubuntu-24.04-arm)	Generate third-party licenses	2026-09-10T05:27:59.9063220Z [2026-09-10T05:27:59Z WARN  bundle_licenses_lib::found_license] Confidence level SEMI for Unicode-3.0 license in litemap:0.8.1 - /home/runner/.cargo/registry/src/index.crates.io-1949cf8c6b5b557f/litemap-0.8.1/Cargo.toml
build (aarch64-unknown-linux-gnu, ubuntu-24.04-arm)	Generate third-party licenses	2026-09-10T05:27:59.9064622Z [2026-09-10T05:27:59Z WARN  bundle_licenses_lib::found_license] Confidence level SEMI for Apache-2.0 license in litrs:1.0.0 - /home/runner/.cargo/registry/src/index.crates.io-1949cf8c6b5b557f/litrs-1.0.0/Cargo.toml
build (aarch64-unknown-linux-gnu, ubuntu-24.04-arm)	Generate third-party licenses	2026-09-10T05:27:59.9066116Z [2026-09-10T05:27:59Z WARN  bundle_licenses_lib::found_license] No license found for Apache-2.0 license in mac_address:1.1.8 - /home/runner/.cargo/registry/src/index.crates.io-1949cf8c6b5b557f/mac_address-1.1.8/Cargo.toml
build (aarch64-unknown-linux-gnu, ubuntu-24.04-arm)	Generate third-party licenses	2026-09-10T05:27:59.9067757Z [2026-09-10T05:27:59Z WARN  bundle_licenses_lib::found_license] Confidence level UNSURE for MIT license in miniz_oxide:0.8.9 - /home/runner/.cargo/registry/src/index.crates.io-1949cf8c6b5b557f/miniz_oxide-0.8.9/Cargo.toml
build (aarch64-unknown-linux-gnu, ubuntu-24.04-arm)	Generate third-party licenses	2026-09-10T05:27:59.9069165Z [2026-09-10T05:27:59Z WARN  bundle_licenses_lib::found_license] Confidence level UNSURE for Zlib license in miniz_oxide:0.8.9 - /home/runner/.cargo/registry/src/index.crates.io-1949cf8c6b5b557f/miniz_oxide-0.8.9/Cargo.toml
build (aarch64-unknown-linux-gnu, ubuntu-24.04-arm)	Generate third-party licenses	2026-09-10T05:27:59.9070725Z [2026-09-10T05:27:59Z WARN  bundle_licenses_lib::found_license] Confidence level SEMI for Apache-2.0 license in miniz_oxide:0.8.9 - /home/runner/.cargo/registry/src/index.crates.io-1949cf8c6b5b557f/miniz_oxide-0.8.9/Cargo.toml
build (aarch64-unknown-linux-gnu, ubuntu-24.04-arm)	Generate third-party licenses	2026-09-10T05:27:59.9072118Z [2026-09-10T05:27:59Z WARN  bundle_licenses_lib::found_license] No license found for CC0-1.0 license in notify:7.0.0 - /home/runner/.cargo/registry/src/index.crates.io-1949cf8c6b5b557f/notify-7.0.0/Cargo.toml
build (aarch64-unknown-linux-gnu, ubuntu-24.04-arm)	Generate third-party licenses	2026-09-10T05:27:59.9073449Z [2026-09-10T05:27:59Z WARN  bundle_licenses_lib::found_license] No license found for MIT license in number_prefix:0.4.0 - /home/runner/.cargo/registry/src/index.crates.io-1949cf8c6b5b557f/number_prefix-0.4.0/Cargo.toml
build (aarch64-unknown-linux-gnu, ubuntu-24.04-arm)	Generate third-party licenses	2026-09-10T05:27:59.9074910Z [2026-09-10T05:27:59Z WARN  bundle_licenses_lib::found_license] No license found for MIT license in objc2:0.6.3 - /home/runner/.cargo/registry/src/index.crates.io-1949cf8c6b5b557f/objc2-0.6.3/Cargo.toml
build (aarch64-unknown-linux-gnu, ubuntu-24.04-arm)	Generate third-party licenses	2026-09-10T05:27:59.9076383Z [2026-09-10T05:27:59Z WARN  bundle_licenses_lib::found_license] No license found for Zlib license in objc2-app-kit:0.3.2 - /home/runner/.cargo/registry/src/index.crates.io-1949cf8c6b5b557f/objc2-app-kit-0.3.2/Cargo.toml
build (aarch64-unknown-linux-gnu, ubuntu-24.04-arm)	Generate third-party licenses	2026-09-10T05:27:59.9077969Z [2026-09-10T05:27:59Z WARN  bundle_licenses_lib::found_license] No license found for Apache-2.0 license in objc2-app-kit:0.3.2 - /home/runner/.cargo/registry/src/index.crates.io-1949cf8c6b5b557f/objc2-app-kit-0.3.2/Cargo.toml
build (aarch64-unknown-linux-gnu, ubuntu-24.04-arm)	Generate third-party licenses	2026-09-10T05:27:59.9079378Z [2026-09-10T05:27:59Z WARN  bundle_licenses_lib::found_license] No license found for MIT license in objc2-app-kit:0.3.2 - /home/runner/.cargo/registry/src/index.crates.io-1949cf8c6b5b557f/objc2-app-kit-0.3.2/Cargo.toml
build (aarch64-unknown-linux-gnu, ubuntu-24.04-arm)	Generate third-party licenses	2026-09-10T05:27:59.9080850Z [2026-09-10T05:27:59Z WARN  bundle_licenses_lib::found_license] No license found for Zlib license in objc2-core-foundation:0.3.2 - /home/runner/.cargo/registry/src/index.crates.io-1949cf8c6b5b557f/objc2-core-foundation-0.3.2/Cargo.toml
build (aarch64-unknown-linux-gnu, ubuntu-24.04-arm)	Generate third-party licenses	2026-09-10T05:27:59.9082389Z [2026-09-10T05:27:59Z WARN  bundle_licenses_lib::found_license] No license found for Apache-2.0 license in objc2-core-foundation:0.3.2 - /home/runner/.cargo/registry/src/index.crates.io-1949cf8c6b5b557f/objc2-core-foundation-0.3.2/Cargo.toml
build (aarch64-unknown-linux-gnu, ubuntu-24.04-arm)	Generate third-party licenses	2026-09-10T05:27:59.9083938Z [2026-09-10T05:27:59Z WARN  bundle_licenses_lib::found_license] No license found for MIT license in objc2-core-foundation:0.3.2 - /home/runner/.cargo/registry/src/index.crates.io-1949cf8c6b5b557f/objc2-core-foundation-0.3.2/Cargo.toml
build (aarch64-unknown-linux-gnu, ubuntu-24.04-arm)	Generate third-party licenses	2026-09-10T05:27:59.9085573Z [2026-09-10T05:27:59Z WARN  bundle_licenses_lib::found_license] No license found for Zlib license in objc2-core-graphics:0.3.2 - /home/runner/.cargo/registry/src/index.crates.io-1949cf8c6b5b557f/objc2-core-graphics-0.3.2/Cargo.toml
build (aarch64-unknown-linux-gnu, ubuntu-24.04-arm)	Generate third-party licenses	2026-09-10T05:27:59.9087075Z [2026-09-10T05:27:59Z WARN  bundle_licenses_lib::found_license] No license found for Apache-2.0 license in objc2-core-graphics:0.3.2 - /home/runner/.cargo/registry/src/index.crates.io-1949cf8c6b5b557f/objc2-core-graphics-0.3.2/Cargo.toml
build (aarch64-unknown-linux-gnu, ubuntu-24.04-arm)	Generate third-party licenses	2026-09-10T05:27:59.9088596Z [2026-09-10T05:27:59Z WARN  bundle_licenses_lib::found_license] No license found for MIT license in objc2-core-graphics:0.3.2 - /home/runner/.cargo/registry/src/index.crates.io-1949cf8c6b5b557f/objc2-core-graphics-0.3.2/Cargo.toml
build (aarch64-unknown-linux-gnu, ubuntu-24.04-arm)	Generate third-party licenses	2026-09-10T05:27:59.9090040Z [2026-09-10T05:27:59Z WARN  bundle_licenses_lib::found_license] No license found for MIT license in objc2-encode:4.1.0 - /home/runner/.cargo/registry/src/index.crates.io-1949cf8c6b5b557f/objc2-encode-4.1.0/Cargo.toml
build (aarch64-unknown-linux-gnu, ubuntu-24.04-arm)	Generate third-party licenses	2026-09-10T05:27:59.9091609Z [2026-09-10T05:27:59Z WARN  bundle_licenses_lib::found_license] No license found for MIT license in objc2-foundation:0.3.2 - /home/runner/.cargo/registry/src/index.crates.io-1949cf8c6b5b557f/objc2-foundation-0.3.2/Cargo.toml
build (aarch64-unknown-linux-gnu, ubuntu-24.04-arm)	Generate third-party licenses	2026-09-10T05:27:59.9093057Z [2026-09-10T05:27:59Z WARN  bundle_licenses_lib::found_license] No license found for Zlib license in objc2-io-kit:0.3.2 - /home/runner/.cargo/registry/src/index.crates.io-1949cf8c6b5b557f/objc2-io-kit-0.3.2/Cargo.toml
build (aarch64-unknown-linux-gnu, ubuntu-24.04-arm)	Generate third-party licenses	2026-09-10T05:27:59.9094537Z [2026-09-10T05:27:59Z WARN  bundle_licenses_lib::found_license] No license found for Apache-2.0 license in objc2-io-kit:0.3.2 - /home/runner/.cargo/registry/src/index.crates.io-1949cf8c6b5b557f/objc2-io-kit-0.3.2/Cargo.toml
build (aarch64-unknown-linux-gnu, ubuntu-24.04-arm)	Generate third-party licenses	2026-09-10T05:27:59.9096085Z [2026-09-10T05:27:59Z WARN  bundle_licenses_lib::found_license] No license found for MIT license in objc2-io-kit:0.3.2 - /home/runner/.cargo/registry/src/index.crates.io-1949cf8c6b5b557f/objc2-io-kit-0.3.2/Cargo.toml
build (aarch64-unknown-linux-gnu, ubuntu-24.04-arm)	Generate third-party licenses	2026-09-10T05:27:59.9097504Z [2026-09-10T05:27:59Z WARN  bundle_licenses_lib::found_license] No license found for Zlib license in objc2-io-surface:0.3.2 - /home/runner/.cargo/registry/src/index.crates.io-1949cf8c6b5b557f/objc2-io-surface-0.3.2/Cargo.toml
build (aarch64-unknown-linux-gnu, ubuntu-24.04-arm)	Generate third-party licenses	2026-09-10T05:27:59.9098981Z [2026-09-10T05:27:59Z WARN  bundle_licenses_lib::found_license] No license found for Apache-2.0 license in objc2-io-surface:0.3.2 - /home/runner/.cargo/registry/src/index.crates.io-1949cf8c6b5b557f/objc2-io-surface-0.3.2/Cargo.toml
build (aarch64-unknown-linux-gnu, ubuntu-24.04-arm)	Generate third-party licenses	2026-09-10T05:27:59.9100456Z [2026-09-10T05:27:59Z WARN  bundle_licenses_lib::found_license] No license found for MIT license in objc2-io-surface:0.3.2 - /home/runner/.cargo/registry/src/index.crates.io-1949cf8c6b5b557f/objc2-io-surface-0.3.2/Cargo.toml
build (aarch64-unknown-linux-gnu, ubuntu-24.04-arm)	Generate third-party licenses	2026-09-10T05:27:59.9101906Z [2026-09-10T05:27:59Z WARN  bundle_licenses_lib::found_license] No license found for Zlib license in objc2-open-directory:0.3.2 - /home/runner/.cargo/registry/src/index.crates.io-1949cf8c6b5b557f/objc2-open-directory-0.3.2/Cargo.toml
build (aarch64-unknown-linux-gnu, ubuntu-24.04-arm)	Generate third-party licenses	2026-09-10T05:27:59.9103494Z [2026-09-10T05:27:59Z WARN  bundle_licenses_lib::found_license] No license found for Apache-2.0 license in objc2-open-directory:0.3.2 - /home/runner/.cargo/registry/src/index.crates.io-1949cf8c6b5b557f/objc2-open-directory-0.3.2/Cargo.toml
build (aarch64-unknown-linux-gnu, ubuntu-24.04-arm)	Generate third-party licenses	2026-09-10T05:27:59.9105162Z [2026-09-10T05:27:59Z WARN  bundle_licenses_lib::found_license] No license found for MIT license in objc2-open-directory:0.3.2 - /home/runner/.cargo/registry/src/index.crates.io-1949cf8c6b5b557f/objc2-open-directory-0.3.2/Cargo.toml
build (aarch64-unknown-linux-gnu, ubuntu-24.04-arm)	Generate third-party licenses	2026-09-10T05:27:59.9106741Z [2026-09-10T05:27:59Z WARN  bundle_licenses_lib::found_license] Confidence level SEMI for Apache-2.0 license in pin-project-lite:0.2.16 - /home/runner/.cargo/registry/src/index.crates.io-1949cf8c6b5b557f/pin-project-lite-0.2.16/Cargo.toml
build (aarch64-unknown-linux-gnu, ubuntu-24.04-arm)	Generate third-party licenses	2026-09-10T05:27:59.9108307Z [2026-09-10T05:27:59Z WARN  bundle_licenses_lib::found_license] Confidence level SEMI for Apache-2.0 license in portable-atomic:1.13.1 - /home/runner/.cargo/registry/src/index.crates.io-1949cf8c6b5b557f/portable-atomic-1.13.1/Cargo.toml
build (aarch64-unknown-linux-gnu, ubuntu-24.04-arm)	Generate third-party licenses	2026-09-10T05:27:59.9109799Z [2026-09-10T05:27:59Z WARN  bundle_licenses_lib::found_license] Confidence level SEMI for Unicode-3.0 license in potential_utf:0.1.4 - /home/runner/.cargo/registry/src/index.crates.io-1949cf8c6b5b557f/potential_utf-0.1.4/Cargo.toml
build (aarch64-unknown-linux-gnu, ubuntu-24.04-arm)	Generate third-party licenses	2026-09-10T05:27:59.9111327Z [2026-09-10T05:27:59Z WARN  bundle_licenses_lib::found_license] Confidence level SEMI for Apache-2.0 license in prettyplease:0.2.37 - /home/runner/.cargo/registry/src/index.crates.io-1949cf8c6b5b557f/prettyplease-0.2.37/Cargo.toml
build (aarch64-unknown-linux-gnu, ubuntu-24.04-arm)	Generate third-party licenses	2026-09-10T05:27:59.9112819Z [2026-09-10T05:27:59Z WARN  bundle_licenses_lib::found_license] Confidence level SEMI for Apache-2.0 license in proc-macro2:1.0.106 - /home/runner/.cargo/registry/src/index.crates.io-1949cf8c6b5b557f/proc-macro2-1.0.106/Cargo.toml
build (aarch64-unknown-linux-gnu, ubuntu-24.04-arm)	Generate third-party licenses	2026-09-10T05:27:59.9114253Z [2026-09-10T05:27:59Z WARN  bundle_licenses_lib::found_license] No license found for MIT license in quantette:0.6.0 - /home/runner/.cargo/registry/src/index.crates.io-1949cf8c6b5b557f/quantette-0.6.0/Cargo.toml
build (aarch64-unknown-linux-gnu, ubuntu-24.04-arm)	Generate third-party licenses	2026-09-10T05:27:59.9115896Z [2026-09-10T05:27:59Z WARN  bundle_licenses_lib::found_license] No license found for Apache-2.0 license in quantette:0.6.0 - /home/runner/.cargo/registry/src/index.crates.io-1949cf8c6b5b557f/quantette-0.6.0/Cargo.toml
build (aarch64-unknown-linux-gnu, ubuntu-24.04-arm)	Generate third-party licenses	2026-09-10T05:27:59.9117337Z [2026-09-10T05:27:59Z WARN  bundle_licenses_lib::found_license] Confidence level SEMI for Apache-2.0 license in quote:1.0.44 - /home/runner/.cargo/registry/src/index.crates.io-1949cf8c6b5b557f/quote-1.0.44/Cargo.toml
build (aarch64-unknown-linux-gnu, ubuntu-24.04-arm)	Generate third-party licenses	2026-09-10T05:27:59.9118787Z [2026-09-10T05:27:59Z WARN  bundle_licenses_lib::found_license] No license found for MIT license in r-efi:5.3.0 - /home/runner/.cargo/registry/src/index.crates.io-1949cf8c6b5b557f/r-efi-5.3.0/Cargo.toml
build (aarch64-unknown-linux-gnu, ubuntu-24.04-arm)	Generate third-party licenses	2026-09-10T05:27:59.9120074Z [2026-09-10T05:27:59Z WARN  bundle_licenses_lib::found_license] No license found for Apache-2.0 license in r-efi:5.3.0 - /home/runner/.cargo/registry/src/index.crates.io-1949cf8c6b5b557f/r-efi-5.3.0/Cargo.toml
build (aarch64-unknown-linux-gnu, ubuntu-24.04-arm)	Generate third-party licenses	2026-09-10T05:27:59.9121465Z [2026-09-10T05:27:59Z WARN  bundle_licenses_lib::found_license] No license found for LGPL-2.1-or-later license in r-efi:5.3.0 - /home/runner/.cargo/registry/src/index.crates.io-1949cf8c6b5b557f/r-efi-5.3.0/Cargo.toml
build (aarch64-unknown-linux-gnu, ubuntu-24.04-arm)	Generate third-party licenses	2026-09-10T05:27:59.9122826Z [2026-09-10T05:27:59Z WARN  bundle_licenses_lib::found_license] Confidence level SEMI for Apache-2.0 license in rand:0.8.8 - /home/runner/.cargo/registry/src/index.crates.io-1949cf8c6b5b557f/rand-0.8.8/Cargo.toml
build (aarch64-unknown-linux-gnu, ubuntu-24.04-arm)	Generate third-party licenses	2026-09-10T05:27:59.9124214Z [2026-09-10T05:27:59Z WARN  bundle_licenses_lib::found_license] Confidence level SEMI for Apache-2.0 license in rand:0.10.2 - /home/runner/.cargo/registry/src/index.crates.io-1949cf8c6b5b557f/rand-0.10.2/Cargo.toml
build (aarch64-unknown-linux-gnu, ubuntu-24.04-arm)	Generate third-party licenses	2026-09-10T05:27:59.9125714Z [2026-09-10T05:27:59Z WARN  bundle_licenses_lib::found_license] Confidence level SEMI for MIT license in rand_pcg:0.10.2 - /home/runner/.cargo/registry/src/index.crates.io-1949cf8c6b5b557f/rand_pcg-0.10.2/Cargo.toml
build (aarch64-unknown-linux-gnu, ubuntu-24.04-arm)	Generate third-party licenses	2026-09-10T05:27:59.9127118Z [2026-09-10T05:27:59Z WARN  bundle_licenses_lib::found_license] Confidence level SEMI for Apache-2.0 license in rand_xoshiro:0.8.1 - /home/runner/.cargo/registry/src/index.crates.io-1949cf8c6b5b557f/rand_xoshiro-0.8.1/Cargo.toml
build (aarch64-unknown-linux-gnu, ubuntu-24.04-arm)	Generate third-party licenses	2026-09-10T05:27:59.9128570Z [2026-09-10T05:27:59Z WARN  bundle_licenses_lib::found_license] No license found for MIT license in ratatui:0.30.0 - /home/runner/.cargo/registry/src/index.crates.io-1949cf8c6b5b557f/ratatui-0.30.0/Cargo.toml
build (aarch64-unknown-linux-gnu, ubuntu-24.04-arm)	Generate third-party licenses	2026-09-10T05:27:59.9129928Z [2026-09-10T05:27:59Z WARN  bundle_licenses_lib::found_license] No license found for MIT license in ratatui-core:0.1.0 - /home/runner/.cargo/registry/src/index.crates.io-1949cf8c6b5b557f/ratatui-core-0.1.0/Cargo.toml
build (aarch64-unknown-linux-gnu, ubuntu-24.04-arm)	Generate third-party licenses	2026-09-10T05:27:59.9131400Z [2026-09-10T05:27:59Z WARN  bundle_licenses_lib::found_license] No license found for MIT license in ratatui-crossterm:0.1.0 - /home/runner/.cargo/registry/src/index.crates.io-1949cf8c6b5b557f/ratatui-crossterm-0.1.0/Cargo.toml
build (aarch64-unknown-linux-gnu, ubuntu-24.04-arm)	Generate third-party licenses	2026-09-10T05:27:59.9132852Z [2026-09-10T05:27:59Z WARN  bundle_licenses_lib::found_license] Confidence level UNSURE for MIT license in ratatui-image:11.0.3 - /home/runner/.cargo/registry/src/index.crates.io-1949cf8c6b5b557f/ratatui-image-11.0.3/Cargo.toml
build (aarch64-unknown-linux-gnu, ubuntu-24.04-arm)	Generate third-party licenses	2026-09-10T05:27:59.9134325Z [2026-09-10T05:27:59Z WARN  bundle_licenses_lib::found_license] No license found for MIT license in ratatui-termwiz:0.1.0 - /home/runner/.cargo/registry/src/index.crates.io-1949cf8c6b5b557f/ratatui-termwiz-0.1.0/Cargo.toml
build (aarch64-unknown-linux-gnu, ubuntu-24.04-arm)	Generate third-party licenses	2026-09-10T05:27:59.9135860Z [2026-09-10T05:27:59Z WARN  bundle_licenses_lib::found_license] No license found for MIT license in ratatui-widgets:0.3.0 - /home/runner/.cargo/registry/src/index.crates.io-1949cf8c6b5b557f/ratatui-widgets-0.3.0/Cargo.toml
build (aarch64-unknown-linux-gnu, ubuntu-24.04-arm)	Generate third-party licenses	2026-09-10T05:27:59.9137338Z [2026-09-10T05:27:59Z WARN  bundle_licenses_lib::found_license] Confidence level SEMI for Apache-2.0 license in ref-cast:1.0.27 - /home/runner/.cargo/registry/src/index.crates.io-1949cf8c6b5b557f/ref-cast-1.0.27/Cargo.toml
build (aarch64-unknown-linux-gnu, ubuntu-24.04-arm)	Generate third-party licenses	2026-09-10T05:27:59.9138855Z [2026-09-10T05:27:59Z WARN  bundle_licenses_lib::found_license] Confidence level SEMI for Apache-2.0 license in ref-cast-impl:1.0.27 - /home/runner/.cargo/registry/src/index.crates.io-1949cf8c6b5b557f/ref-cast-impl-1.0.27/Cargo.toml
build (aarch64-unknown-linux-gnu, ubuntu-24.04-arm)	Generate third-party licenses	2026-09-10T05:27:59.9140447Z [2026-09-10T05:27:59Z WARN  bundle_licenses_lib::found_license] Confidence level UNSURE for Apache-2.0 license in ring:0.17.14 - /home/runner/.cargo/registry/src/index.crates.io-1949cf8c6b5b557f/ring-0.17.14/Cargo.toml
build (aarch64-unknown-linux-gnu, ubuntu-24.04-arm)	Generate third-party licenses	2026-09-10T05:27:59.9141847Z [2026-09-10T05:27:59Z WARN  bundle_licenses_lib::found_license] Confidence level UNSURE for ISC license in ring:0.17.14 - /home/runner/.cargo/registry/src/index.crates.io-1949cf8c6b5b557f/ring-0.17.14/Cargo.toml
build (aarch64-unknown-linux-gnu, ubuntu-24.04-arm)	Generate third-party licenses	2026-09-10T05:27:59.9143379Z [2026-09-10T05:27:59Z WARN  bundle_licenses_lib::found_license] Confidence level SEMI for Apache-2.0 license in rustc-hash:2.1.1 - /home/runner/.cargo/registry/src/index.crates.io-1949cf8c6b5b557f/rustc-hash-2.1.1/Cargo.toml
build (aarch64-unknown-linux-gnu, ubuntu-24.04-arm)	Generate third-party licenses	2026-09-10T05:27:59.9144933Z [2026-09-10T05:27:59Z WARN  bundle_licenses_lib::found_license] Confidence level UNSURE for ISC license in rustls-webpki:0.103.15 - /home/runner/.cargo/registry/src/index.crates.io-1949cf8c6b5b557f/rustls-webpki-0.103.15/Cargo.toml
build (aarch64-unknown-linux-gnu, ubuntu-24.04-arm)	Generate third-party licenses	2026-09-10T05:27:59.9146489Z [2026-09-10T05:27:59Z WARN  bundle_licenses_lib::found_license] Confidence level SEMI for Apache-2.0 license in rustversion:1.0.22 - /home/runner/.cargo/registry/src/index.crates.io-1949cf8c6b5b557f/rustversion-1.0.22/Cargo.toml
build (aarch64-unknown-linux-gnu, ubuntu-24.04-arm)	Generate third-party licenses	2026-09-10T05:27:59.9147911Z [2026-09-10T05:27:59Z WARN  bundle_licenses_lib::found_license] Confidence level SEMI for Apache-2.0 license in ryu:1.0.23 - /home/runner/.cargo/registry/src/index.crates.io-1949cf8c6b5b557f/ryu-1.0.23/Cargo.toml
build (aarch64-unknown-linux-gnu, ubuntu-24.04-arm)	Generate third-party licenses	2026-09-10T05:27:59.9149311Z [2026-09-10T05:27:59Z WARN  bundle_licenses_lib::found_license] No license found for GPL-2.0-only license in self_cell:1.3.0 - /home/runner/.cargo/registry/src/index.crates.io-1949cf8c6b5b557f/self_cell-1.3.0/Cargo.toml
build (aarch64-unknown-linux-gnu, ubuntu-24.04-arm)	Generate third-party licenses	2026-09-10T05:27:59.9150716Z [2026-09-10T05:27:59Z WARN  bundle_licenses_lib::found_license] Confidence level SEMI for Apache-2.0 license in semver:1.0.27 - /home/runner/.cargo/registry/src/index.crates.io-1949cf8c6b5b557f/semver-1.0.27/Cargo.toml
build (aarch64-unknown-linux-gnu, ubuntu-24.04-arm)	Generate third-party licenses	2026-09-10T05:27:59.9152139Z [2026-09-10T05:27:59Z WARN  bundle_licenses_lib::found_license] Confidence level SEMI for Apache-2.0 license in serde:1.0.228 - /home/runner/.cargo/registry/src/index.crates.io-1949cf8c6b5b557f/serde-1.0.228/Cargo.toml
build (aarch64-unknown-linux-gnu, ubuntu-24.04-arm)	Generate third-party licenses	2026-09-10T05:27:59.9153560Z [2026-09-10T05:27:59Z WARN  bundle_licenses_lib::found_license] Confidence level SEMI for Apache-2.0 license in serde_core:1.0.228 - /home/runner/.cargo/registry/src/index.crates.io-1949cf8c6b5b557f/serde_core-1.0.228/Cargo.toml
build (aarch64-unknown-linux-gnu, ubuntu-24.04-arm)	Generate third-party licenses	2026-09-10T05:27:59.9155126Z [2026-09-10T05:27:59Z WARN  bundle_licenses_lib::found_license] Confidence level SEMI for Apache-2.0 license in serde_derive:1.0.228 - /home/runner/.cargo/registry/src/index.crates.io-1949cf8c6b5b557f/serde_derive-1.0.228/Cargo.toml
build (aarch64-unknown-linux-gnu, ubuntu-24.04-arm)	Generate third-party licenses	2026-09-10T05:27:59.9156712Z [2026-09-10T05:27:59Z WARN  bundle_licenses_lib::found_license] Confidence level SEMI for Apache-2.0 license in serde_json:1.0.149 - /home/runner/.cargo/registry/src/index.crates.io-1949cf8c6b5b557f/serde_json-1.0.149/Cargo.toml
build (aarch64-unknown-linux-gnu, ubuntu-24.04-arm)	Generate third-party licenses	2026-09-10T05:27:59.9158219Z [2026-09-10T05:27:59Z WARN  bundle_licenses_lib::found_license] Confidence level SEMI for Apache-2.0 license in serde_urlencoded:0.7.1 - /home/runner/.cargo/registry/src/index.crates.io-1949cf8c6b5b557f/serde_urlencoded-0.7.1/Cargo.toml
build (aarch64-unknown-linux-gnu, ubuntu-24.04-arm)	Generate third-party licenses	2026-09-10T05:27:59.9159662Z [2026-09-10T05:27:59Z WARN  bundle_licenses_lib::found_license] Confidence level SEMI for MIT license in sha2:0.10.9 - /home/runner/.cargo/registry/src/index.crates.io-1949cf8c6b5b557f/sha2-0.10.9/Cargo.toml
build (aarch64-unknown-linux-gnu, ubuntu-24.04-arm)	Generate third-party licenses	2026-09-10T05:27:59.9161038Z [2026-09-10T05:27:59Z WARN  bundle_licenses_lib::found_license] Confidence level UNSURE for MIT license in siphasher:1.0.2 - /home/runner/.cargo/registry/src/index.crates.io-1949cf8c6b5b557f/siphasher-1.0.2/Cargo.toml
build (aarch64-unknown-linux-gnu, ubuntu-24.04-arm)	Generate third-party licenses	2026-09-10T05:27:59.9162433Z [2026-09-10T05:27:59Z WARN  bundle_licenses_lib::found_license] Confidence level UNSURE for Apache-2.0 license in siphasher:1.0.2 - /home/runner/.cargo/registry/src/index.crates.io-1949cf8c6b5b557f/siphasher-1.0.2/Cargo.toml
build (aarch64-unknown-linux-gnu, ubuntu-24.04-arm)	Generate third-party licenses	2026-09-10T05:27:59.9164094Z [2026-09-10T05:27:59Z WARN  bundle_licenses_lib::found_license] Confidence level SEMI for MIT license in strsim:0.11.1 - /home/runner/.cargo/registry/src/index.crates.io-1949cf8c6b5b557f/strsim-0.11.1/Cargo.toml
build (aarch64-unknown-linux-gnu, ubuntu-24.04-arm)	Generate third-party licenses	2026-09-10T05:27:59.9165627Z [2026-09-10T05:27:59Z WARN  bundle_licenses_lib::found_license] Confidence level SEMI for BSD-3-Clause license in subtle:2.6.1 - /home/runner/.cargo/registry/src/index.crates.io-1949cf8c6b5b557f/subtle-2.6.1/Cargo.toml
build (aarch64-unknown-linux-gnu, ubuntu-24.04-arm)	Generate third-party licenses	2026-09-10T05:27:59.9167185Z [2026-09-10T05:27:59Z WARN  bundle_licenses_lib::found_license] Confidence level SEMI for Apache-2.0 license in syn:2.0.115 - /home/runner/.cargo/registry/src/index.crates.io-1949cf8c6b5b557f/syn-2.0.115/Cargo.toml
build (aarch64-unknown-linux-gnu, ubuntu-24.04-arm)	Generate third-party licenses	2026-09-10T05:27:59.9168526Z [2026-09-10T05:27:59Z WARN  bundle_licenses_lib::found_license] Confidence level SEMI for Apache-2.0 license in syn:3.0.4 - /home/runner/.cargo/registry/src/index.crates.io-1949cf8c6b5b557f/syn-3.0.4/Cargo.toml
build (aarch64-unknown-linux-gnu, ubuntu-24.04-arm)	Generate third-party licenses	2026-09-10T05:27:59.9169914Z [2026-09-10T05:27:59Z WARN  bundle_licenses_lib::found_license] Confidence level SEMI for Apache-2.0 license in sync_wrapper:1.0.2 - /home/runner/.cargo/registry/src/index.crates.io-1949cf8c6b5b557f/sync_wrapper-1.0.2/Cargo.toml
build (aarch64-unknown-linux-gnu, ubuntu-24.04-arm)	Generate third-party licenses	2026-09-10T05:27:59.9171386Z [2026-09-10T05:27:59Z WARN  bundle_licenses_lib::found_license] No template for WTFPL license in terminfo:0.9.0 - /home/runner/.cargo/registry/src/index.crates.io-1949cf8c6b5b557f/terminfo-0.9.0/Cargo.toml
build (aarch64-unknown-linux-gnu, ubuntu-24.04-arm)	Generate third-party licenses	2026-09-10T05:27:59.9172760Z [2026-09-10T05:27:59Z WARN  bundle_licenses_lib::found_license] Confidence level SEMI for Apache-2.0 license in thiserror:1.0.69 - /home/runner/.cargo/registry/src/index.crates.io-1949cf8c6b5b557f/thiserror-1.0.69/Cargo.toml
build (aarch64-unknown-linux-gnu, ubuntu-24.04-arm)	Generate third-party licenses	2026-09-10T05:27:59.9174210Z [2026-09-10T05:27:59Z WARN  bundle_licenses_lib::found_license] Confidence level SEMI for Apache-2.0 license in thiserror:2.0.18 - /home/runner/.cargo/registry/src/index.crates.io-1949cf8c6b5b557f/thiserror-2.0.18/Cargo.toml
build (aarch64-unknown-linux-gnu, ubuntu-24.04-arm)	Generate third-party licenses	2026-09-10T05:27:59.9175919Z [2026-09-10T05:27:59Z WARN  bundle_licenses_lib::found_license] Confidence level SEMI for Apache-2.0 license in thiserror-impl:1.0.69 - /home/runner/.cargo/registry/src/index.crates.io-1949cf8c6b5b557f/thiserror-impl-1.0.69/Cargo.toml
build (aarch64-unknown-linux-gnu, ubuntu-24.04-arm)	Generate third-party licenses	2026-09-10T05:27:59.9177545Z [2026-09-10T05:27:59Z WARN  bundle_licenses_lib::found_license] Confidence level SEMI for Apache-2.0 license in thiserror-impl:2.0.18 - /home/runner/.cargo/registry/src/index.crates.io-1949cf8c6b5b557f/thiserror-impl-2.0.18/Cargo.toml
build (aarch64-unknown-linux-gnu, ubuntu-24.04-arm)	Generate third-party licenses	2026-09-10T05:27:59.9178995Z [2026-09-10T05:27:59Z WARN  bundle_licenses_lib::found_license] Confidence level SEMI for Apache-2.0 license in time:0.3.47 - /home/runner/.cargo/registry/src/index.crates.io-1949cf8c6b5b557f/time-0.3.47/Cargo.toml
build (aarch64-unknown-linux-gnu, ubuntu-24.04-arm)	Generate third-party licenses	2026-09-10T05:27:59.9180392Z [2026-09-10T05:27:59Z WARN  bundle_licenses_lib::found_license] Confidence level SEMI for Apache-2.0 license in time-core:0.1.8 - /home/runner/.cargo/registry/src/index.crates.io-1949cf8c6b5b557f/time-core-0.1.8/Cargo.toml
build (aarch64-unknown-linux-gnu, ubuntu-24.04-arm)	Generate third-party licenses	2026-09-10T05:27:59.9181881Z [2026-09-10T05:27:59Z WARN  bundle_licenses_lib::found_license] Confidence level SEMI for Apache-2.0 license in time-macros:0.2.27 - /home/runner/.cargo/registry/src/index.crates.io-1949cf8c6b5b557f/time-macros-0.2.27/Cargo.toml
build (aarch64-unknown-linux-gnu, ubuntu-24.04-arm)	Generate third-party licenses	2026-09-10T05:27:59.9183303Z [2026-09-10T05:27:59Z WARN  bundle_licenses_lib::found_license] Confidence level SEMI for Unicode-3.0 license in tinystr:0.8.2 - /home/runner/.cargo/registry/src/index.crates.io-1949cf8c6b5b557f/tinystr-0.8.2/Cargo.toml
build (aarch64-unknown-linux-gnu, ubuntu-24.04-arm)	Generate third-party licenses	2026-09-10T05:27:59.9184986Z [2026-09-10T05:27:59Z WARN  bundle_licenses_lib::found_license] Confidence level SEMI for Apache-2.0 license in unicode-ident:1.0.23 - /home/runner/.cargo/registry/src/index.crates.io-1949cf8c6b5b557f/unicode-ident-1.0.23/Cargo.toml
build (aarch64-unknown-linux-gnu, ubuntu-24.04-arm)	Generate third-party licenses	2026-09-10T05:27:59.9186436Z [2026-09-10T05:27:59Z WARN  bundle_licenses_lib::found_license] Confidence level SEMI for ISC license in untrusted:0.9.0 - /home/runner/.cargo/registry/src/index.crates.io-1949cf8c6b5b557f/untrusted-0.9.0/Cargo.toml
build (aarch64-unknown-linux-gnu, ubuntu-24.04-arm)	Generate third-party licenses	2026-09-10T05:27:59.9188015Z [2026-09-10T05:27:59Z WARN  bundle_licenses_lib::found_license] Confidence level SEMI for Apache-2.0 license in utf8parse:0.2.2 - /home/runner/.cargo/registry/src/index.crates.io-1949cf8c6b5b557f/utf8parse-0.2.2/Cargo.toml
build (aarch64-unknown-linux-gnu, ubuntu-24.04-arm)	Generate third-party licenses	2026-09-10T05:27:59.9189475Z [2026-09-10T05:27:59Z WARN  bundle_licenses_lib::found_license] Confidence level SEMI for MIT license in uuid:1.21.0 - /home/runner/.cargo/registry/src/index.crates.io-1949cf8c6b5b557f/uuid-1.21.0/Cargo.toml
build (aarch64-unknown-linux-gnu, ubuntu-24.04-arm)	Generate third-party licenses	2026-09-10T05:27:59.9190880Z [2026-09-10T05:27:59Z WARN  bundle_licenses_lib::found_license] No license found for MIT license in vsimd:0.8.0 - /home/runner/.cargo/registry/src/index.crates.io-1949cf8c6b5b557f/vsimd-0.8.0/Cargo.toml
build (aarch64-unknown-linux-gnu, ubuntu-24.04-arm)	Generate third-party licenses	2026-09-10T05:27:59.9192245Z [2026-09-10T05:27:59Z WARN  bundle_licenses_lib::found_license] No license found for MIT license in vtparse:0.6.2 - /home/runner/.cargo/registry/src/index.crates.io-1949cf8c6b5b557f/vtparse-0.6.2/Cargo.toml
build (aarch64-unknown-linux-gnu, ubuntu-24.04-arm)	Generate third-party licenses	2026-09-10T05:27:59.9193730Z [2026-09-10T05:27:59Z WARN  bundle_licenses_lib::found_license] No license found for Apache-2.0 WITH LLVM-exception license in wasip2:1.0.2+wasi-0.2.9 - /home/runner/.cargo/registry/src/index.crates.io-1949cf8c6b5b557f/wasip2-1.0.2+wasi-0.2.9/Cargo.toml
build (aarch64-unknown-linux-gnu, ubuntu-24.04-arm)	Generate third-party licenses	2026-09-10T05:27:59.9195424Z [2026-09-10T05:27:59Z WARN  bundle_licenses_lib::found_license] No license found for Apache-2.0 license in wasip2:1.0.2+wasi-0.2.9 - /home/runner/.cargo/registry/src/index.crates.io-1949cf8c6b5b557f/wasip2-1.0.2+wasi-0.2.9/Cargo.toml
build (aarch64-unknown-linux-gnu, ubuntu-24.04-arm)	Generate third-party licenses	2026-09-10T05:27:59.9196883Z [2026-09-10T05:27:59Z WARN  bundle_licenses_lib::found_license] No license found for MIT license in wasip2:1.0.2+wasi-0.2.9 - /home/runner/.cargo/registry/src/index.crates.io-1949cf8c6b5b557f/wasip2-1.0.2+wasi-0.2.9/Cargo.toml
build (aarch64-unknown-linux-gnu, ubuntu-24.04-arm)	Generate third-party licenses	2026-09-10T05:27:59.9198527Z [2026-09-10T05:27:59Z WARN  bundle_licenses_lib::found_license] No license found for Apache-2.0 WITH LLVM-exception license in wasip3:0.4.0+wasi-0.3.0-rc-2026-01-06 - /home/runner/.cargo/registry/src/index.crates.io-1949cf8c6b5b557f/wasip3-0.4.0+wasi-0.3.0-rc-2026-01-06/Cargo.toml
build (aarch64-unknown-linux-gnu, ubuntu-24.04-arm)	Generate third-party licenses	2026-09-10T05:27:59.9200327Z [2026-09-10T05:27:59Z WARN  bundle_licenses_lib::found_license] No license found for Apache-2.0 license in wasip3:0.4.0+wasi-0.3.0-rc-2026-01-06 - /home/runner/.cargo/registry/src/index.crates.io-1949cf8c6b5b557f/wasip3-0.4.0+wasi-0.3.0-rc-2026-01-06/Cargo.toml
build (aarch64-unknown-linux-gnu, ubuntu-24.04-arm)	Generate third-party licenses	2026-09-10T05:27:59.9201952Z [2026-09-10T05:27:59Z WARN  bundle_licenses_lib::found_license] No license found for MIT license in wasip3:0.4.0+wasi-0.3.0-rc-2026-01-06 - /home/runner/.cargo/registry/src/index.crates.io-1949cf8c6b5b557f/wasip3-0.4.0+wasi-0.3.0-rc-2026-01-06/Cargo.toml
build (aarch64-unknown-linux-gnu, ubuntu-24.04-arm)	Generate third-party licenses	2026-09-10T05:27:59.9203606Z [2026-09-10T05:27:59Z WARN  bundle_licenses_lib::found_license] No license found for Apache-2.0 WITH LLVM-exception license in wasm-encoder:0.244.0 - /home/runner/.cargo/registry/src/index.crates.io-1949cf8c6b5b557f/wasm-encoder-0.244.0/Cargo.toml
build (aarch64-unknown-linux-gnu, ubuntu-24.04-arm)	Generate third-party licenses	2026-09-10T05:27:59.9205237Z [2026-09-10T05:27:59Z WARN  bundle_licenses_lib::found_license] No license found for Apache-2.0 license in wasm-encoder:0.244.0 - /home/runner/.cargo/registry/src/index.crates.io-1949cf8c6b5b557f/wasm-encoder-0.244.0/Cargo.toml
build (aarch64-unknown-linux-gnu, ubuntu-24.04-arm)	Generate third-party licenses	2026-09-10T05:27:59.9206720Z [2026-09-10T05:27:59Z WARN  bundle_licenses_lib::found_license] No license found for MIT license in wasm-encoder:0.244.0 - /home/runner/.cargo/registry/src/index.crates.io-1949cf8c6b5b557f/wasm-encoder-0.244.0/Cargo.toml
build (aarch64-unknown-linux-gnu, ubuntu-24.04-arm)	Generate third-party licenses	2026-09-10T05:27:59.9208215Z [2026-09-10T05:27:59Z WARN  bundle_licenses_lib::found_license] No license found for Apache-2.0 WITH LLVM-exception license in wasm-metadata:0.244.0 - /home/runner/.cargo/registry/src/index.crates.io-1949cf8c6b5b557f/wasm-metadata-0.244.0/Cargo.toml
build (aarch64-unknown-linux-gnu, ubuntu-24.04-arm)	Generate third-party licenses	2026-09-10T05:27:59.9209742Z [2026-09-10T05:27:59Z WARN  bundle_licenses_lib::found_license] No license found for Apache-2.0 license in wasm-metadata:0.244.0 - /home/runner/.cargo/registry/src/index.crates.io-1949cf8c6b5b557f/wasm-metadata-0.244.0/Cargo.toml
build (aarch64-unknown-linux-gnu, ubuntu-24.04-arm)	Generate third-party licenses	2026-09-10T05:27:59.9211228Z [2026-09-10T05:27:59Z WARN  bundle_licenses_lib::found_license] No license found for MIT license in wasm-metadata:0.244.0 - /home/runner/.cargo/registry/src/index.crates.io-1949cf8c6b5b557f/wasm-metadata-0.244.0/Cargo.toml
build (aarch64-unknown-linux-gnu, ubuntu-24.04-arm)	Generate third-party licenses	2026-09-10T05:27:59.9212917Z [2026-09-10T05:27:59Z WARN  bundle_licenses_lib::found_license] No license found for Apache-2.0 WITH LLVM-exception license in wasmparser:0.244.0 - /home/runner/.cargo/registry/src/index.crates.io-1949cf8c6b5b557f/wasmparser-0.244.0/Cargo.toml
build (aarch64-unknown-linux-gnu, ubuntu-24.04-arm)	Generate third-party licenses	2026-09-10T05:27:59.9214429Z [2026-09-10T05:27:59Z WARN  bundle_licenses_lib::found_license] No license found for Apache-2.0 license in wasmparser:0.244.0 - /home/runner/.cargo/registry/src/index.crates.io-1949cf8c6b5b557f/wasmparser-0.244.0/Cargo.toml
build (aarch64-unknown-linux-gnu, ubuntu-24.04-arm)	Generate third-party licenses	2026-09-10T05:27:59.9216095Z [2026-09-10T05:27:59Z WARN  bundle_licenses_lib::found_license] No license found for MIT license in wasmparser:0.244.0 - /home/runner/.cargo/registry/src/index.crates.io-1949cf8c6b5b557f/wasmparser-0.244.0/Cargo.toml
build (aarch64-unknown-linux-gnu, ubuntu-24.04-arm)	Generate third-party licenses	2026-09-10T05:27:59.9217513Z [2026-09-10T05:27:59Z WARN  bundle_licenses_lib::found_license] No template for CDLA-Permissive-2.0 license in webpki-roots:1.0.6 - /home/runner/.cargo/registry/src/index.crates.io-1949cf8c6b5b557f/webpki-roots-1.0.6/Cargo.toml
build (aarch64-unknown-linux-gnu, ubuntu-24.04-arm)	Generate third-party licenses	2026-09-10T05:27:59.9219051Z [2026-09-10T05:27:59Z WARN  bundle_licenses_lib::found_license] Confidence level UNSURE for MIT license in wezterm-bidi:0.2.3 - /home/runner/.cargo/registry/src/index.crates.io-1949cf8c6b5b557f/wezterm-bidi-0.2.3/Cargo.toml
build (aarch64-unknown-linux-gnu, ubuntu-24.04-arm)	Generate third-party licenses	2026-09-10T05:27:59.9220550Z [2026-09-10T05:27:59Z WARN  bundle_licenses_lib::found_license] Confidence level UNSURE for Unicode-DFS-2016 license in wezterm-bidi:0.2.3 - /home/runner/.cargo/registry/src/index.crates.io-1949cf8c6b5b557f/wezterm-bidi-0.2.3/Cargo.toml
build (aarch64-unknown-linux-gnu, ubuntu-24.04-arm)	Generate third-party licenses	2026-09-10T05:27:59.9222088Z [2026-09-10T05:27:59Z WARN  bundle_licenses_lib::found_license] No license found for MIT license in wezterm-input-types:0.1.0 - /home/runner/.cargo/registry/src/index.crates.io-1949cf8c6b5b557f/wezterm-input-types-0.1.0/Cargo.toml
build (aarch64-unknown-linux-gnu, ubuntu-24.04-arm)	Generate third-party licenses	2026-09-10T05:27:59.9223640Z [2026-09-10T05:27:59Z WARN  bundle_licenses_lib::found_license] No license found for MIT license in winapi-i686-pc-windows-gnu:0.4.0 - /home/runner/.cargo/registry/src/index.crates.io-1949cf8c6b5b557f/winapi-i686-pc-windows-gnu-0.4.0/Cargo.toml
build (aarch64-unknown-linux-gnu, ubuntu-24.04-arm)	Generate third-party licenses	2026-09-10T05:27:59.9225421Z [2026-09-10T05:27:59Z WARN  bundle_licenses_lib::found_license] No license found for Apache-2.0 license in winapi-i686-pc-windows-gnu:0.4.0 - /home/runner/.cargo/registry/src/index.crates.io-1949cf8c6b5b557f/winapi-i686-pc-windows-gnu-0.4.0/Cargo.toml
build (aarch64-unknown-linux-gnu, ubuntu-24.04-arm)	Generate third-party licenses	2026-09-10T05:27:59.9227055Z [2026-09-10T05:27:59Z WARN  bundle_licenses_lib::found_license] No license found for MIT license in winapi-x86_64-pc-windows-gnu:0.4.0 - /home/runner/.cargo/registry/src/index.crates.io-1949cf8c6b5b557f/winapi-x86_64-pc-windows-gnu-0.4.0/Cargo.toml
build (aarch64-unknown-linux-gnu, ubuntu-24.04-arm)	Generate third-party licenses	2026-09-10T05:27:59.9228674Z [2026-09-10T05:27:59Z WARN  bundle_licenses_lib::found_license] No license found for Apache-2.0 license in winapi-x86_64-pc-windows-gnu:0.4.0 - /home/runner/.cargo/registry/src/index.crates.io-1949cf8c6b5b557f/winapi-x86_64-pc-windows-gnu-0.4.0/Cargo.toml
build (aarch64-unknown-linux-gnu, ubuntu-24.04-arm)	Generate third-party licenses	2026-09-10T05:27:59.9230351Z [2026-09-10T05:27:59Z WARN  bundle_licenses_lib::found_license] No license found for Apache-2.0 WITH LLVM-exception license in wit-component:0.244.0 - /home/runner/.cargo/registry/src/index.crates.io-1949cf8c6b5b557f/wit-component-0.244.0/Cargo.toml
build (aarch64-unknown-linux-gnu, ubuntu-24.04-arm)	Generate third-party licenses	2026-09-10T05:27:59.9231897Z [2026-09-10T05:27:59Z WARN  bundle_licenses_lib::found_license] No license found for Apache-2.0 license in wit-component:0.244.0 - /home/runner/.cargo/registry/src/index.crates.io-1949cf8c6b5b557f/wit-component-0.244.0/Cargo.toml
build (aarch64-unknown-linux-gnu, ubuntu-24.04-arm)	Generate third-party licenses	2026-09-10T05:27:59.9233360Z [2026-09-10T05:27:59Z WARN  bundle_licenses_lib::found_license] No license found for MIT license in wit-component:0.244.0 - /home/runner/.cargo/registry/src/index.crates.io-1949cf8c6b5b557f/wit-component-0.244.0/Cargo.toml
build (aarch64-unknown-linux-gnu, ubuntu-24.04-arm)	Generate third-party licenses	2026-09-10T05:27:59.9234985Z [2026-09-10T05:27:59Z WARN  bundle_licenses_lib::found_license] No license found for Apache-2.0 WITH LLVM-exception license in wit-parser:0.244.0 - /home/runner/.cargo/registry/src/index.crates.io-1949cf8c6b5b557f/wit-parser-0.244.0/Cargo.toml
build (aarch64-unknown-linux-gnu, ubuntu-24.04-arm)	Generate third-party licenses	2026-09-10T05:27:59.9236655Z [2026-09-10T05:27:59Z WARN  bundle_licenses_lib::found_license] No license found for Apache-2.0 license in wit-parser:0.244.0 - /home/runner/.cargo/registry/src/index.crates.io-1949cf8c6b5b557f/wit-parser-0.244.0/Cargo.toml
build (aarch64-unknown-linux-gnu, ubuntu-24.04-arm)	Generate third-party licenses	2026-09-10T05:27:59.9238088Z [2026-09-10T05:27:59Z WARN  bundle_licenses_lib::found_license] No license found for MIT license in wit-parser:0.244.0 - /home/runner/.cargo/registry/src/index.crates.io-1949cf8c6b5b557f/wit-parser-0.244.0/Cargo.toml
build (aarch64-unknown-linux-gnu, ubuntu-24.04-arm)	Generate third-party licenses	2026-09-10T05:27:59.9239645Z [2026-09-10T05:27:59Z WARN  bundle_licenses_lib::found_license] Confidence level SEMI for Unicode-3.0 license in writeable:0.6.2 - /home/runner/.cargo/registry/src/index.crates.io-1949cf8c6b5b557f/writeable-0.6.2/Cargo.toml
build (aarch64-unknown-linux-gnu, ubuntu-24.04-arm)	Generate third-party licenses	2026-09-10T05:27:59.9241063Z [2026-09-10T05:27:59Z WARN  bundle_licenses_lib::found_license] Confidence level SEMI for Unicode-3.0 license in yoke:0.8.1 - /home/runner/.cargo/registry/src/index.crates.io-1949cf8c6b5b557f/yoke-0.8.1/Cargo.toml
build (aarch64-unknown-linux-gnu, ubuntu-24.04-arm)	Generate third-party licenses	2026-09-10T05:27:59.9242469Z [2026-09-10T05:27:59Z WARN  bundle_licenses_lib::found_license] Confidence level SEMI for Unicode-3.0 license in yoke-derive:0.8.1 - /home/runner/.cargo/registry/src/index.crates.io-1949cf8c6b5b557f/yoke-derive-0.8.1/Cargo.toml
build (aarch64-unknown-linux-gnu, ubuntu-24.04-arm)	Generate third-party licenses	2026-09-10T05:27:59.9243942Z [2026-09-10T05:27:59Z WARN  bundle_licenses_lib::found_license] Confidence level SEMI for Unicode-3.0 license in zerofrom:0.1.6 - /home/runner/.cargo/registry/src/index.crates.io-1949cf8c6b5b557f/zerofrom-0.1.6/Cargo.toml
build (aarch64-unknown-linux-gnu, ubuntu-24.04-arm)	Generate third-party licenses	2026-09-10T05:27:59.9245529Z [2026-09-10T05:27:59Z WARN  bundle_licenses_lib::found_license] Confidence level SEMI for Unicode-3.0 license in zerofrom-derive:0.1.6 - /home/runner/.cargo/registry/src/index.crates.io-1949cf8c6b5b557f/zerofrom-derive-0.1.6/Cargo.toml
build (aarch64-unknown-linux-gnu, ubuntu-24.04-arm)	Generate third-party licenses	2026-09-10T05:27:59.9247016Z [2026-09-10T05:27:59Z WARN  bundle_licenses_lib::found_license] Confidence level SEMI for Unicode-3.0 license in zerotrie:0.2.3 - /home/runner/.cargo/registry/src/index.crates.io-1949cf8c6b5b557f/zerotrie-0.2.3/Cargo.toml
build (aarch64-unknown-linux-gnu, ubuntu-24.04-arm)	Generate third-party licenses	2026-09-10T05:27:59.9248485Z [2026-09-10T05:27:59Z WARN  bundle_licenses_lib::found_license] Confidence level SEMI for Unicode-3.0 license in zerovec:0.11.5 - /home/runner/.cargo/registry/src/index.crates.io-1949cf8c6b5b557f/zerovec-0.11.5/Cargo.toml
build (aarch64-unknown-linux-gnu, ubuntu-24.04-arm)	Generate third-party licenses	2026-09-10T05:27:59.9249932Z [2026-09-10T05:27:59Z WARN  bundle_licenses_lib::found_license] Confidence level SEMI for Unicode-3.0 license in zerovec-derive:0.11.2 - /home/runner/.cargo/registry/src/index.crates.io-1949cf8c6b5b557f/zerovec-derive-0.11.2/Cargo.toml
build (aarch64-unknown-linux-gnu, ubuntu-24.04-arm)	Generate third-party licenses	2026-09-10T05:27:59.9251445Z [2026-09-10T05:27:59Z WARN  bundle_licenses_lib::found_license] Confidence level UNSURE for Apache-2.0 license in zipsign-api:0.1.5 - /home/runner/.cargo/registry/src/index.crates.io-1949cf8c6b5b557f/zipsign-api-0.1.5/Cargo.toml
build (aarch64-unknown-linux-gnu, ubuntu-24.04-arm)	Generate third-party licenses	2026-09-10T05:27:59.9253007Z [2026-09-10T05:27:59Z WARN  bundle_licenses_lib::found_license] No license found for Apache-2.0 WITH LLVM-exception license in zipsign-api:0.1.5 - /home/runner/.cargo/registry/src/index.crates.io-1949cf8c6b5b557f/zipsign-api-0.1.5/Cargo.toml
build (aarch64-unknown-linux-gnu, ubuntu-24.04-arm)	Generate third-party licenses	2026-09-10T05:27:59.9254452Z [2026-09-10T05:27:59Z WARN  bundle_licenses_lib::found_license] No license found for MIT license in zune-core:0.4.12 - /home/runner/.cargo/registry/src/index.crates.io-1949cf8c6b5b557f/zune-core-0.4.12/Cargo.toml
build (aarch64-unknown-linux-gnu, ubuntu-24.04-arm)	Generate third-party licenses	2026-09-10T05:27:59.9255986Z [2026-09-10T05:27:59Z WARN  bundle_licenses_lib::found_license] No license found for Apache-2.0 license in zune-core:0.4.12 - /home/runner/.cargo/registry/src/index.crates.io-1949cf8c6b5b557f/zune-core-0.4.12/Cargo.toml
build (aarch64-unknown-linux-gnu, ubuntu-24.04-arm)	Generate third-party licenses	2026-09-10T05:27:59.9257384Z [2026-09-10T05:27:59Z WARN  bundle_licenses_lib::found_license] No license found for Zlib license in zune-core:0.4.12 - /home/runner/.cargo/registry/src/index.crates.io-1949cf8c6b5b557f/zune-core-0.4.12/Cargo.toml
build (aarch64-unknown-linux-gnu, ubuntu-24.04-arm)	Generate third-party licenses	2026-09-10T05:27:59.9258763Z [2026-09-10T05:27:59Z WARN  bundle_licenses_lib::found_license] No license found for MIT license in zune-jpeg:0.4.21 - /home/runner/.cargo/registry/src/index.crates.io-1949cf8c6b5b557f/zune-jpeg-0.4.21/Cargo.toml
build (aarch64-unknown-linux-gnu, ubuntu-24.04-arm)	Generate third-party licenses	2026-09-10T05:27:59.9260331Z [2026-09-10T05:27:59Z WARN  bundle_licenses_lib::found_license] No license found for Apache-2.0 license in zune-jpeg:0.4.21 - /home/runner/.cargo/registry/src/index.crates.io-1949cf8c6b5b557f/zune-jpeg-0.4.21/Cargo.toml
build (aarch64-unknown-linux-gnu, ubuntu-24.04-arm)	Generate third-party licenses	2026-09-10T05:27:59.9261749Z [2026-09-10T05:27:59Z WARN  bundle_licenses_lib::found_license] No license found for Zlib license in zune-jpeg:0.4.21 - /home/runner/.cargo/registry/src/index.crates.io-1949cf8c6b5b557f/zune-jpeg-0.4.21/Cargo.toml
build (aarch64-unknown-linux-gnu, ubuntu-24.04-arm)	Install zipsign	﻿2026-09-10T05:27:59.9713882Z ##[group]Run cargo install zipsign --locked
build (aarch64-unknown-linux-gnu, ubuntu-24.04-arm)	Install zipsign	2026-09-10T05:27:59.9714277Z ^[[36;1mcargo install zipsign --locked^[[0m
build (aarch64-unknown-linux-gnu, ubuntu-24.04-arm)	Install zipsign	2026-09-10T05:27:59.9747333Z shell: /usr/bin/bash -e {0}
build (aarch64-unknown-linux-gnu, ubuntu-24.04-arm)	Install zipsign	2026-09-10T05:27:59.9747575Z env:
build (aarch64-unknown-linux-gnu, ubuntu-24.04-arm)	Install zipsign	2026-09-10T05:27:59.9747747Z   CARGO_INCREMENTAL: 0
build (aarch64-unknown-linux-gnu, ubuntu-24.04-arm)	Install zipsign	2026-09-10T05:27:59.9747952Z   CARGO_PROFILE_DEV_DEBUG: 0
build (aarch64-unknown-linux-gnu, ubuntu-24.04-arm)	Install zipsign	2026-09-10T05:27:59.9748171Z   CARGO_TERM_COLOR: always
build (aarch64-unknown-linux-gnu, ubuntu-24.04-arm)	Install zipsign	2026-09-10T05:27:59.9748376Z   RUST_BACKTRACE: short
build (aarch64-unknown-linux-gnu, ubuntu-24.04-arm)	Install zipsign	2026-09-10T05:27:59.9748572Z   RUSTFLAGS: -D warnings
build (aarch64-unknown-linux-gnu, ubuntu-24.04-arm)	Install zipsign	2026-09-10T05:27:59.9748806Z   CARGO_UNSTABLE_SPARSE_REGISTRY: true
build (aarch64-unknown-linux-gnu, ubuntu-24.04-arm)	Install zipsign	2026-09-10T05:27:59.9749072Z   CARGO_REGISTRIES_CRATES_IO_PROTOCOL: sparse
build (aarch64-unknown-linux-gnu, ubuntu-24.04-arm)	Install zipsign	2026-09-10T05:27:59.9749333Z   CACHE_ON_FAILURE: true
build (aarch64-unknown-linux-gnu, ubuntu-24.04-arm)	Install zipsign	2026-09-10T05:27:59.9749531Z ##[endgroup]
build (aarch64-unknown-linux-gnu, ubuntu-24.04-arm)	Install zipsign	2026-09-10T05:27:59.9986565Z ^[[1m^[[92m    Updating^[[0m crates.io index
build (aarch64-unknown-linux-gnu, ubuntu-24.04-arm)	Install zipsign	2026-09-10T05:28:00.1166055Z ^[[1m^[[92m Downloading^[[0m crates ...
build (aarch64-unknown-linux-gnu, ubuntu-24.04-arm)	Install zipsign	2026-09-10T05:28:00.1657520Z ^[[1m^[[92m  Downloaded^[[0m zipsign v0.2.1
build (aarch64-unknown-linux-gnu, ubuntu-24.04-arm)	Install zipsign	2026-09-10T05:28:00.1849103Z ^[[1m^[[92m  Installing^[[0m zipsign v0.2.1
build (aarch64-unknown-linux-gnu, ubuntu-24.04-arm)	Install zipsign	2026-09-10T05:28:00.1849997Z ^[[1m^[[33mwarning^[[0m: default toolchain implicitly overridden with `stable-aarch64-unknown-linux-gnu` by rustup directory override
build (aarch64-unknown-linux-gnu, ubuntu-24.04-arm)	Install zipsign	2026-09-10T05:28:00.1850858Z   ^[[1m^[[94m|^[[0m
build (aarch64-unknown-linux-gnu, ubuntu-24.04-arm)	Install zipsign	2026-09-10T05:28:00.1851275Z   ^[[1m^[[94m= ^[[0m^[[1mhelp^[[0m: use `cargo +stable install` if you meant to use the stable toolchain
build (aarch64-unknown-linux-gnu, ubuntu-24.04-arm)	Install zipsign	2026-09-10T05:28:00.1852080Z   ^[[1m^[[94m= ^[[0m^[[1mnote^[[0m: rustup selects the toolchain based on the parent environment and not the environment of the package being installed
build (aarch64-unknown-linux-gnu, ubuntu-24.04-arm)	Install zipsign	2026-09-10T05:28:00.1863899Z ^[[1m^[[92m    Updating^[[0m crates.io index
build (aarch64-unknown-linux-gnu, ubuntu-24.04-arm)	Install zipsign	2026-09-10T05:28:00.4877958Z ^[[1m^[[92m    Updating^[[0m crates.io index
build (aarch64-unknown-linux-gnu, ubuntu-24.04-arm)	Install zipsign	2026-09-10T05:28:00.5840631Z ^[[1m^[[92m Downloading^[[0m crates ...
build (aarch64-unknown-linux-gnu, ubuntu-24.04-arm)	Install zipsign	2026-09-10T05:28:00.6026616Z ^[[1m^[[92m  Downloaded^[[0m clap_lex v0.7.7
build (aarch64-unknown-linux-gnu, ubuntu-24.04-arm)	Install zipsign	2026-09-10T05:28:00.6112745Z ^[[1m^[[92m  Downloaded^[[0m bitflags v2.10.0
build (aarch64-unknown-linux-gnu, ubuntu-24.04-arm)	Install zipsign	2026-09-10T05:28:00.6168466Z ^[[1m^[[92m  Downloaded^[[0m normalize-path v0.2.1
build (aarch64-unknown-linux-gnu, ubuntu-24.04-arm)	Install zipsign	2026-09-10T05:28:00.6190851Z ^[[1m^[[92m  Downloaded^[[0m clap v4.5.56
build (aarch64-unknown-linux-gnu, ubuntu-24.04-arm)	Install zipsign	2026-09-10T05:28:00.6239970Z ^[[1m^[[92m  Downloaded^[[0m pretty-error-debug-derive v0.3.1
build (aarch64-unknown-linux-gnu, ubuntu-24.04-arm)	Install zipsign	2026-09-10T05:28:00.6253908Z ^[[1m^[[92m  Downloaded^[[0m pretty-error-debug v0.3.2
build (aarch64-unknown-linux-gnu, ubuntu-24.04-arm)	Install zipsign	2026-09-10T05:28:00.6319133Z ^[[1m^[[92m  Downloaded^[[0m unicode-ident v1.0.22
build (aarch64-unknown-linux-gnu, ubuntu-24.04-arm)	Install zipsign	2026-09-10T05:28:00.6343478Z ^[[1m^[[92m  Downloaded^[[0m zipsign-api v0.2.1
build (aarch64-unknown-linux-gnu, ubuntu-24.04-arm)	Install zipsign	2026-09-10T05:28:00.6365254Z ^[[1m^[[92m  Downloaded^[[0m tempfile v3.24.0
build (aarch64-unknown-linux-gnu, ubuntu-24.04-arm)	Install zipsign	2026-09-10T05:28:00.6449721Z ^[[1m^[[92m  Downloaded^[[0m zip v6.0.0
build (aarch64-unknown-linux-gnu, ubuntu-24.04-arm)	Install zipsign	2026-09-10T05:28:00.6507276Z ^[[1m^[[92m  Downloaded^[[0m clap_builder v4.5.56
build (aarch64-unknown-linux-gnu, ubuntu-24.04-arm)	Install zipsign	2026-09-10T05:28:00.6545837Z ^[[1m^[[92m  Downloaded^[[0m syn v2.0.114
build (aarch64-unknown-linux-gnu, ubuntu-24.04-arm)	Install zipsign	2026-09-10T05:28:00.6614218Z ^[[1m^[[92m  Downloaded^[[0m libc v0.2.180
build (aarch64-unknown-linux-gnu, ubuntu-24.04-arm)	Install zipsign	2026-09-10T05:28:00.7090719Z ^[[1m^[[92m   Compiling^[[0m typenum v1.19.0
build (aarch64-unknown-linux-gnu, ubuntu-24.04-arm)	Install zipsign	2026-09-10T05:28:00.7091340Z ^[[1m^[[92m   Compiling^[[0m version_check v0.9.5
build (aarch64-unknown-linux-gnu, ubuntu-24.04-arm)	Install zipsign	2026-09-10T05:28:00.7092089Z ^[[1m^[[92m   Compiling^[[0m proc-macro2 v1.0.106
build (aarch64-unknown-linux-gnu, ubuntu-24.04-arm)	Install zipsign	2026-09-10T05:28:00.7102826Z ^[[1m^[[92m   Compiling^[[0m unicode-ident v1.0.22
build (aarch64-unknown-linux-gnu, ubuntu-24.04-arm)	Install zipsign	2026-09-10T05:28:00.7566629Z ^[[1m^[[92m   Compiling^[[0m quote v1.0.44
build (aarch64-unknown-linux-gnu, ubuntu-24.04-arm)	Install zipsign	2026-09-10T05:28:00.8955488Z ^[[1m^[[92m   Compiling^[[0m generic-array v0.14.7
build (aarch64-unknown-linux-gnu, ubuntu-24.04-arm)	Install zipsign	2026-09-10T05:28:00.9044970Z ^[[1m^[[92m   Compiling^[[0m libc v0.2.180
build (aarch64-unknown-linux-gnu, ubuntu-24.04-arm)	Install zipsign	2026-09-10T05:28:01.0039921Z ^[[1m^[[92m   Compiling^[[0m cfg-if v1.0.4
build (aarch64-unknown-linux-gnu, ubuntu-24.04-arm)	Install zipsign	2026-09-10T05:28:01.0243331Z ^[[1m^[[92m   Compiling^[[0m semver v1.0.27
build (aarch64-unknown-linux-gnu, ubuntu-24.04-arm)	Install zipsign	2026-09-10T05:28:01.2156348Z ^[[1m^[[92m   Compiling^[[0m rustc_version v0.4.1
build (aarch64-unknown-linux-gnu, ubuntu-24.04-arm)	Install zipsign	2026-09-10T05:28:01.4356303Z ^[[1m^[[92m   Compiling^[[0m curve25519-dalek v4.1.3
build (aarch64-unknown-linux-gnu, ubuntu-24.04-arm)	Install zipsign	2026-09-10T05:28:01.5559096Z ^[[1m^[[92m   Compiling^[[0m syn v2.0.114
build (aarch64-unknown-linux-gnu, ubuntu-24.04-arm)	Install zipsign	2026-09-10T05:28:01.5737459Z ^[[1m^[[92m   Compiling^[[0m crc32fast v1.5.0
build (aarch64-unknown-linux-gnu, ubuntu-24.04-arm)	Install zipsign	2026-09-10T05:28:01.7006134Z ^[[1m^[[92m   Compiling^[[0m utf8parse v0.2.2
build (aarch64-unknown-linux-gnu, ubuntu-24.04-arm)	Install zipsign	2026-09-10T05:28:01.7376220Z ^[[1m^[[92m   Compiling^[[0m block-buffer v0.10.4
build (aarch64-unknown-linux-gnu, ubuntu-24.04-arm)	Install zipsign	2026-09-10T05:28:01.7472498Z ^[[1m^[[92m   Compiling^[[0m crypto-common v0.1.7
build (aarch64-unknown-linux-gnu, ubuntu-24.04-arm)	Install zipsign	2026-09-10T05:28:01.7607210Z ^[[1m^[[92m   Compiling^[[0m anstyle-parse v0.2.7
build (aarch64-unknown-linux-gnu, ubuntu-24.04-arm)	Install zipsign	2026-09-10T05:28:01.8045358Z ^[[1m^[[92m   Compiling^[[0m digest v0.10.7
build (aarch64-unknown-linux-gnu, ubuntu-24.04-arm)	Install zipsign	2026-09-10T05:28:01.8056275Z ^[[1m^[[92m   Compiling^[[0m cpufeatures v0.2.17
build (aarch64-unknown-linux-gnu, ubuntu-24.04-arm)	Install zipsign	2026-09-10T05:28:01.8702706Z ^[[1m^[[92m   Compiling^[[0m hashbrown v0.16.1
build (aarch64-unknown-linux-gnu, ubuntu-24.04-arm)	Install zipsign	2026-09-10T05:28:01.8821142Z ^[[1m^[[92m   Compiling^[[0m getrandom v0.3.4
build (aarch64-unknown-linux-gnu, ubuntu-24.04-arm)	Install zipsign	2026-09-10T05:28:01.9297515Z ^[[1m^[[92m   Compiling^[[0m signature v2.2.0
build (aarch64-unknown-linux-gnu, ubuntu-24.04-arm)	Install zipsign	2026-09-10T05:28:01.9946183Z ^[[1m^[[92m   Compiling^[[0m is_terminal_polyfill v1.70.2
build (aarch64-unknown-linux-gnu, ubuntu-24.04-arm)	Install zipsign	2026-09-10T05:28:02.0256300Z ^[[1m^[[92m   Compiling^[[0m rustix v1.1.3
build (aarch64-unknown-linux-gnu, ubuntu-24.04-arm)	Install zipsign	2026-09-10T05:28:02.0606016Z ^[[1m^[[92m   Compiling^[[0m anstyle-query v1.1.5
build (aarch64-unknown-linux-gnu, ubuntu-24.04-arm)	Install zipsign	2026-09-10T05:28:02.0966231Z ^[[1m^[[92m   Compiling^[[0m thiserror v2.0.18
build (aarch64-unknown-linux-gnu, ubuntu-24.04-arm)	Install zipsign	2026-09-10T05:28:02.2016193Z ^[[1m^[[92m   Compiling^[[0m anstyle v1.0.13
build (aarch64-unknown-linux-gnu, ubuntu-24.04-arm)	Install zipsign	2026-09-10T05:28:02.2621834Z ^[[1m^[[92m   Compiling^[[0m colorchoice v1.0.4
build (aarch64-unknown-linux-gnu, ubuntu-24.04-arm)	Install zipsign	2026-09-10T05:28:02.3096194Z ^[[1m^[[92m   Compiling^[[0m zeroize v1.8.2
build (aarch64-unknown-linux-gnu, ubuntu-24.04-arm)	Install zipsign	2026-09-10T05:28:02.3791026Z ^[[1m^[[92m   Compiling^[[0m rustversion v1.0.22
build (aarch64-unknown-linux-gnu, ubuntu-24.04-arm)	Install zipsign	2026-09-10T05:28:02.4354545Z ^[[1m^[[92m   Compiling^[[0m equivalent v1.0.2
build (aarch64-unknown-linux-gnu, ubuntu-24.04-arm)	Install zipsign	2026-09-10T05:28:02.4490667Z ^[[1m^[[92m   Compiling^[[0m subtle v2.6.1
build (aarch64-unknown-linux-gnu, ubuntu-24.04-arm)	Install zipsign	2026-09-10T05:28:02.4660733Z ^[[1m^[[92m   Compiling^[[0m indexmap v2.13.0
build (aarch64-unknown-linux-gnu, ubuntu-24.04-arm)	Install zipsign	2026-09-10T05:28:02.5866266Z ^[[1m^[[92m   Compiling^[[0m anstream v0.6.21
build (aarch64-unknown-linux-gnu, ubuntu-24.04-arm)	Install zipsign	2026-09-10T05:28:03.0196184Z ^[[1m^[[92m   Compiling^[[0m ed25519 v2.2.3
build (aarch64-unknown-linux-gnu, ubuntu-24.04-arm)	Install zipsign	2026-09-10T05:28:03.1384745Z ^[[1m^[[92m   Compiling^[[0m sha2 v0.10.9
build (aarch64-unknown-linux-gnu, ubuntu-24.04-arm)	Install zipsign	2026-09-10T05:28:03.2996262Z ^[[1m^[[92m   Compiling^[[0m memchr v2.7.6
build (aarch64-unknown-linux-gnu, ubuntu-24.04-arm)	Install zipsign	2026-09-10T05:28:03.8476171Z ^[[1m^[[92m   Compiling^[[0m heck v0.5.0
build (aarch64-unknown-linux-gnu, ubuntu-24.04-arm)	Install zipsign	2026-09-10T05:28:03.8990629Z ^[[1m^[[92m   Compiling^[[0m clap_lex v0.7.7
build (aarch64-unknown-linux-gnu, ubuntu-24.04-arm)	Install zipsign	2026-09-10T05:28:03.9621854Z ^[[1m^[[92m   Compiling^[[0m linux-raw-sys v0.11.0
build (aarch64-unknown-linux-gnu, ubuntu-24.04-arm)	Install zipsign	2026-09-10T05:28:04.1424034Z ^[[1m^[[92m   Compiling^[[0m bitflags v2.10.0
build (aarch64-unknown-linux-gnu, ubuntu-24.04-arm)	Install zipsign	2026-09-10T05:28:04.1915995Z ^[[1m^[[92m   Compiling^[[0m strsim v0.11.1
build (aarch64-unknown-linux-gnu, ubuntu-24.04-arm)	Install zipsign	2026-09-10T05:28:04.3176390Z ^[[1m^[[92m   Compiling^[[0m thiserror-impl v2.0.18
build (aarch64-unknown-linux-gnu, ubuntu-24.04-arm)	Install zipsign	2026-09-10T05:28:04.3951404Z ^[[1m^[[92m   Compiling^[[0m clap_derive v4.5.55
build (aarch64-unknown-linux-gnu, ubuntu-24.04-arm)	Install zipsign	2026-09-10T05:28:04.5537082Z ^[[1m^[[92m   Compiling^[[0m pretty-error-debug-derive v0.3.1
build (aarch64-unknown-linux-gnu, ubuntu-24.04-arm)	Install zipsign	2026-09-10T05:28:04.7676666Z ^[[1m^[[92m   Compiling^[[0m clap_builder v4.5.56
build (aarch64-unknown-linux-gnu, ubuntu-24.04-arm)	Install zipsign	2026-09-10T05:28:05.3016319Z ^[[1m^[[92m   Compiling^[[0m zip v6.0.0
build (aarch64-unknown-linux-gnu, ubuntu-24.04-arm)	Install zipsign	2026-09-10T05:28:05.6516032Z ^[[1m^[[92m   Compiling^[[0m ed25519-dalek v2.2.0
build (aarch64-unknown-linux-gnu, ubuntu-24.04-arm)	Install zipsign	2026-09-10T05:28:06.4711609Z ^[[1m^[[92m   Compiling^[[0m base64 v0.22.1
build (aarch64-unknown-linux-gnu, ubuntu-24.04-arm)	Install zipsign	2026-09-10T05:28:06.8396215Z ^[[1m^[[92m   Compiling^[[0m once_cell v1.21.3
build (aarch64-unknown-linux-gnu, ubuntu-24.04-arm)	Install zipsign	2026-09-10T05:28:06.9303144Z ^[[1m^[[92m   Compiling^[[0m fastrand v2.3.0
build (aarch64-unknown-linux-gnu, ubuntu-24.04-arm)	Install zipsign	2026-09-10T05:28:06.9916196Z ^[[1m^[[92m   Compiling^[[0m zipsign-api v0.2.1
build (aarch64-unknown-linux-gnu, ubuntu-24.04-arm)	Install zipsign	2026-09-10T05:28:07.0386233Z ^[[1m^[[92m   Compiling^[[0m clap v4.5.56
build (aarch64-unknown-linux-gnu, ubuntu-24.04-arm)	Install zipsign	2026-09-10T05:28:07.0646297Z ^[[1m^[[92m   Compiling^[[0m tempfile v3.24.0
build (aarch64-unknown-linux-gnu, ubuntu-24.04-arm)	Install zipsign	2026-09-10T05:28:07.1226245Z ^[[1m^[[92m   Compiling^[[0m pretty-error-debug v0.3.2
build (aarch64-unknown-linux-gnu, ubuntu-24.04-arm)	Install zipsign	2026-09-10T05:28:07.2226217Z ^[[1m^[[92m   Compiling^[[0m normalize-path v0.2.1
build (aarch64-unknown-linux-gnu, ubuntu-24.04-arm)	Install zipsign	2026-09-10T05:28:09.5053974Z ^[[1m^[[92m   Compiling^[[0m zipsign v0.2.1
build (aarch64-unknown-linux-gnu, ubuntu-24.04-arm)	Install zipsign	2026-09-10T05:28:11.1420176Z ^[[1m^[[92m    Finished^[[0m `release` profile [optimized] target(s) in 11.15s
build (aarch64-unknown-linux-gnu, ubuntu-24.04-arm)	Install zipsign	2026-09-10T05:28:11.1475966Z ^[[1m^[[92m  Installing^[[0m /home/runner/.cargo/bin/zipsign
build (aarch64-unknown-linux-gnu, ubuntu-24.04-arm)	Install zipsign	2026-09-10T05:28:11.1476983Z ^[[1m^[[92m   Installed^[[0m package `zipsign v0.2.1` (executable `zipsign`)
build (aarch64-unknown-linux-gnu, ubuntu-24.04-arm)	Package	﻿2026-09-10T05:28:11.1723912Z ##[group]Run cp target/release/vig .
build (aarch64-unknown-linux-gnu, ubuntu-24.04-arm)	Package	2026-09-10T05:28:11.1724270Z ^[[36;1mcp target/release/vig .^[[0m
build (aarch64-unknown-linux-gnu, ubuntu-24.04-arm)	Package	2026-09-10T05:28:11.1724642Z ^[[36;1mtar czf vig-aarch64-unknown-linux-gnu.tar.gz vig LICENSE THIRDPARTY.yml^[[0m
build (aarch64-unknown-linux-gnu, ubuntu-24.04-arm)	Package	2026-09-10T05:28:11.1758128Z shell: /usr/bin/bash -e {0}
build (aarch64-unknown-linux-gnu, ubuntu-24.04-arm)	Package	2026-09-10T05:28:11.1758370Z env:
build (aarch64-unknown-linux-gnu, ubuntu-24.04-arm)	Package	2026-09-10T05:28:11.1758538Z   CARGO_INCREMENTAL: 0
build (aarch64-unknown-linux-gnu, ubuntu-24.04-arm)	Package	2026-09-10T05:28:11.1758740Z   CARGO_PROFILE_DEV_DEBUG: 0
build (aarch64-unknown-linux-gnu, ubuntu-24.04-arm)	Package	2026-09-10T05:28:11.1758958Z   CARGO_TERM_COLOR: always
build (aarch64-unknown-linux-gnu, ubuntu-24.04-arm)	Package	2026-09-10T05:28:11.1759413Z   RUST_BACKTRACE: short
build (aarch64-unknown-linux-gnu, ubuntu-24.04-arm)	Package	2026-09-10T05:28:11.1759612Z   RUSTFLAGS: -D warnings
build (aarch64-unknown-linux-gnu, ubuntu-24.04-arm)	Package	2026-09-10T05:28:11.1759825Z   CARGO_UNSTABLE_SPARSE_REGISTRY: true
build (aarch64-unknown-linux-gnu, ubuntu-24.04-arm)	Package	2026-09-10T05:28:11.1760089Z   CARGO_REGISTRIES_CRATES_IO_PROTOCOL: sparse
build (aarch64-unknown-linux-gnu, ubuntu-24.04-arm)	Package	2026-09-10T05:28:11.1760349Z   CACHE_ON_FAILURE: true
build (aarch64-unknown-linux-gnu, ubuntu-24.04-arm)	Package	2026-09-10T05:28:11.1760545Z ##[endgroup]
build (aarch64-unknown-linux-gnu, ubuntu-24.04-arm)	Sign archive	﻿2026-09-10T05:28:11.8392871Z ##[group]Run echo "$ZIPSIGN_PRIVATE_KEY" | base64 -d > /tmp/zipsign.key
build (aarch64-unknown-linux-gnu, ubuntu-24.04-arm)	Sign archive	2026-09-10T05:28:11.8393390Z ^[[36;1mecho "$ZIPSIGN_PRIVATE_KEY" | base64 -d > /tmp/zipsign.key^[[0m
build (aarch64-unknown-linux-gnu, ubuntu-24.04-arm)	Sign archive	2026-09-10T05:28:11.8393844Z ^[[36;1mzipsign sign tar vig-aarch64-unknown-linux-gnu.tar.gz /tmp/zipsign.key^[[0m
build (aarch64-unknown-linux-gnu, ubuntu-24.04-arm)	Sign archive	2026-09-10T05:28:11.8394222Z ^[[36;1mrm /tmp/zipsign.key^[[0m
build (aarch64-unknown-linux-gnu, ubuntu-24.04-arm)	Sign archive	2026-09-10T05:28:11.8394689Z ^[[36;1mshasum -a 256 vig-aarch64-unknown-linux-gnu.tar.gz > vig-aarch64-unknown-linux-gnu.tar.gz.sha256^[[0m
build (aarch64-unknown-linux-gnu, ubuntu-24.04-arm)	Sign archive	2026-09-10T05:28:11.8428048Z shell: /usr/bin/bash -e {0}
build (aarch64-unknown-linux-gnu, ubuntu-24.04-arm)	Sign archive	2026-09-10T05:28:11.8428285Z env:
build (aarch64-unknown-linux-gnu, ubuntu-24.04-arm)	Sign archive	2026-09-10T05:28:11.8428453Z   CARGO_INCREMENTAL: 0
build (aarch64-unknown-linux-gnu, ubuntu-24.04-arm)	Sign archive	2026-09-10T05:28:11.8428746Z   CARGO_PROFILE_DEV_DEBUG: 0
build (aarch64-unknown-linux-gnu, ubuntu-24.04-arm)	Sign archive	2026-09-10T05:28:11.8429101Z   CARGO_TERM_COLOR: always
build (aarch64-unknown-linux-gnu, ubuntu-24.04-arm)	Sign archive	2026-09-10T05:28:11.8429308Z   RUST_BACKTRACE: short
build (aarch64-unknown-linux-gnu, ubuntu-24.04-arm)	Sign archive	2026-09-10T05:28:11.8429507Z   RUSTFLAGS: -D warnings
build (aarch64-unknown-linux-gnu, ubuntu-24.04-arm)	Sign archive	2026-09-10T05:28:11.8429721Z   CARGO_UNSTABLE_SPARSE_REGISTRY: true
build (aarch64-unknown-linux-gnu, ubuntu-24.04-arm)	Sign archive	2026-09-10T05:28:11.8429987Z   CARGO_REGISTRIES_CRATES_IO_PROTOCOL: sparse
build (aarch64-unknown-linux-gnu, ubuntu-24.04-arm)	Sign archive	2026-09-10T05:28:11.8430247Z   CACHE_ON_FAILURE: true
build (aarch64-unknown-linux-gnu, ubuntu-24.04-arm)	Sign archive	2026-09-10T05:28:11.8431337Z   ZIPSIGN_PRIVATE_KEY: ***
build (aarch64-unknown-linux-gnu, ubuntu-24.04-arm)	Sign archive	2026-09-10T05:28:11.8431555Z ##[endgroup]
build (aarch64-unknown-linux-gnu, ubuntu-24.04-arm)	Upload artifact	﻿2026-09-10T05:28:12.0011695Z ##[group]Run actions/upload-artifact@v6
build (aarch64-unknown-linux-gnu, ubuntu-24.04-arm)	Upload artifact	2026-09-10T05:28:12.0012017Z with:
build (aarch64-unknown-linux-gnu, ubuntu-24.04-arm)	Upload artifact	2026-09-10T05:28:12.0012206Z   name: vig-aarch64-unknown-linux-gnu
build (aarch64-unknown-linux-gnu, ubuntu-24.04-arm)	Upload artifact	2026-09-10T05:28:12.0012621Z   path: vig-aarch64-unknown-linux-gnu.tar.gz
build (aarch64-unknown-linux-gnu, ubuntu-24.04-arm)	Upload artifact	vig-aarch64-unknown-linux-gnu.tar.gz.sha256
build (aarch64-unknown-linux-gnu, ubuntu-24.04-arm)	Upload artifact	
build (aarch64-unknown-linux-gnu, ubuntu-24.04-arm)	Upload artifact	2026-09-10T05:28:12.0013051Z   if-no-files-found: warn
build (aarch64-unknown-linux-gnu, ubuntu-24.04-arm)	Upload artifact	2026-09-10T05:28:12.0013259Z   compression-level: 6
build (aarch64-unknown-linux-gnu, ubuntu-24.04-arm)	Upload artifact	2026-09-10T05:28:12.0013455Z   overwrite: false
build (aarch64-unknown-linux-gnu, ubuntu-24.04-arm)	Upload artifact	2026-09-10T05:28:12.0013645Z   include-hidden-files: false
build (aarch64-unknown-linux-gnu, ubuntu-24.04-arm)	Upload artifact	2026-09-10T05:28:12.0013854Z env:
build (aarch64-unknown-linux-gnu, ubuntu-24.04-arm)	Upload artifact	2026-09-10T05:28:12.0014033Z   CARGO_INCREMENTAL: 0
build (aarch64-unknown-linux-gnu, ubuntu-24.04-arm)	Upload artifact	2026-09-10T05:28:12.0014230Z   CARGO_PROFILE_DEV_DEBUG: 0
build (aarch64-unknown-linux-gnu, ubuntu-24.04-arm)	Upload artifact	2026-09-10T05:28:12.0014439Z   CARGO_TERM_COLOR: always
build (aarch64-unknown-linux-gnu, ubuntu-24.04-arm)	Upload artifact	2026-09-10T05:28:12.0014643Z   RUST_BACKTRACE: short
build (aarch64-unknown-linux-gnu, ubuntu-24.04-arm)	Upload artifact	2026-09-10T05:28:12.0015051Z   RUSTFLAGS: -D warnings
build (aarch64-unknown-linux-gnu, ubuntu-24.04-arm)	Upload artifact	2026-09-10T05:28:12.0015281Z   CARGO_UNSTABLE_SPARSE_REGISTRY: true
build (aarch64-unknown-linux-gnu, ubuntu-24.04-arm)	Upload artifact	2026-09-10T05:28:12.0015550Z   CARGO_REGISTRIES_CRATES_IO_PROTOCOL: sparse
build (aarch64-unknown-linux-gnu, ubuntu-24.04-arm)	Upload artifact	2026-09-10T05:28:12.0015810Z   CACHE_ON_FAILURE: true
build (aarch64-unknown-linux-gnu, ubuntu-24.04-arm)	Upload artifact	2026-09-10T05:28:12.0016001Z ##[endgroup]
build (aarch64-unknown-linux-gnu, ubuntu-24.04-arm)	Upload artifact	2026-09-10T05:28:12.1390659Z Multiple search paths detected. Calculating the least common ancestor of all paths
build (aarch64-unknown-linux-gnu, ubuntu-24.04-arm)	Upload artifact	2026-09-10T05:28:12.1399773Z The least common ancestor is /home/runner/work/vig/vig. This will be the root directory of the artifact
build (aarch64-unknown-linux-gnu, ubuntu-24.04-arm)	Upload artifact	2026-09-10T05:28:12.1401561Z With the provided path, there will be 2 files uploaded
build (aarch64-unknown-linux-gnu, ubuntu-24.04-arm)	Upload artifact	2026-09-10T05:28:12.1402500Z Artifact name is valid!
build (aarch64-unknown-linux-gnu, ubuntu-24.04-arm)	Upload artifact	2026-09-10T05:28:12.1402841Z Root directory input is valid!
build (aarch64-unknown-linux-gnu, ubuntu-24.04-arm)	Upload artifact	2026-09-10T05:28:12.4582775Z Beginning upload of artifact content to blob storage
build (aarch64-unknown-linux-gnu, ubuntu-24.04-arm)	Upload artifact	2026-09-10T05:28:13.4188526Z Uploaded bytes 8388608
build (aarch64-unknown-linux-gnu, ubuntu-24.04-arm)	Upload artifact	2026-09-10T05:28:13.4790558Z Uploaded bytes 8549478
build (aarch64-unknown-linux-gnu, ubuntu-24.04-arm)	Upload artifact	2026-09-10T05:28:13.5413992Z Finished uploading artifact content to blob storage!
build (aarch64-unknown-linux-gnu, ubuntu-24.04-arm)	Upload artifact	2026-09-10T05:28:13.5414616Z SHA256 digest of uploaded artifact zip is 9319acc7e2fe886d75ad0f7c58639e8ee44268f785f7ae165d2cadc3bc94f760
build (aarch64-unknown-linux-gnu, ubuntu-24.04-arm)	Upload artifact	2026-09-10T05:28:13.5415251Z Finalizing artifact upload
build (aarch64-unknown-linux-gnu, ubuntu-24.04-arm)	Upload artifact	2026-09-10T05:28:13.8984241Z Artifact vig-aarch64-unknown-linux-gnu.zip successfully finalized. Artifact ID 10137979024
build (aarch64-unknown-linux-gnu, ubuntu-24.04-arm)	Upload artifact	2026-09-10T05:28:13.8985207Z Artifact vig-aarch64-unknown-linux-gnu has been successfully uploaded! Final size is 8549478 bytes. Artifact ID is 10137979024
build (aarch64-unknown-linux-gnu, ubuntu-24.04-arm)	Upload artifact	2026-09-10T05:28:13.8988671Z Artifact download URL: https://github.com/td72/vig/actions/runs/34440913700/artifacts/10137979024
build (aarch64-unknown-linux-gnu, ubuntu-24.04-arm)	Post Run actions-rust-lang/setup-rust-toolchain@v1	﻿2026-09-10T05:28:13.9274617Z Post job cleanup.
build (aarch64-unknown-linux-gnu, ubuntu-24.04-arm)	Post Run actions-rust-lang/setup-rust-toolchain@v1	2026-09-10T05:28:13.9278734Z ##[start-action display=Setup Rust Caching;id=__4340f1ae-9cd9-4c57-845b-9ec12a77470f.__Swatinem_rust-cache]
build (aarch64-unknown-linux-gnu, ubuntu-24.04-arm)	Post Run actions-rust-lang/setup-rust-toolchain@v1	2026-09-10T05:28:13.9320096Z Post job cleanup.
build (aarch64-unknown-linux-gnu, ubuntu-24.04-arm)	Post Run actions-rust-lang/setup-rust-toolchain@v1	2026-09-10T05:28:14.1729048Z ##[group]Cache Configuration
build (aarch64-unknown-linux-gnu, ubuntu-24.04-arm)	Post Run actions-rust-lang/setup-rust-toolchain@v1	2026-09-10T05:28:14.1729430Z Cache Provider:
build (aarch64-unknown-linux-gnu, ubuntu-24.04-arm)	Post Run actions-rust-lang/setup-rust-toolchain@v1	2026-09-10T05:28:14.1729618Z     github
build (aarch64-unknown-linux-gnu, ubuntu-24.04-arm)	Post Run actions-rust-lang/setup-rust-toolchain@v1	2026-09-10T05:28:14.1729788Z Workspaces:
build (aarch64-unknown-linux-gnu, ubuntu-24.04-arm)	Post Run actions-rust-lang/setup-rust-toolchain@v1	2026-09-10T05:28:14.1729975Z     /home/runner/work/vig/vig
build (aarch64-unknown-linux-gnu, ubuntu-24.04-arm)	Post Run actions-rust-lang/setup-rust-toolchain@v1	2026-09-10T05:28:14.1730196Z Cache Paths:
build (aarch64-unknown-linux-gnu, ubuntu-24.04-arm)	Post Run actions-rust-lang/setup-rust-toolchain@v1	2026-09-10T05:28:14.1730380Z     /home/runner/.cargo/bin
build (aarch64-unknown-linux-gnu, ubuntu-24.04-arm)	Post Run actions-rust-lang/setup-rust-toolchain@v1	2026-09-10T05:28:14.1730841Z     /home/runner/.cargo/.crates.toml
build (aarch64-unknown-linux-gnu, ubuntu-24.04-arm)	Post Run actions-rust-lang/setup-rust-toolchain@v1	2026-09-10T05:28:14.1731117Z     /home/runner/.cargo/.crates2.json
build (aarch64-unknown-linux-gnu, ubuntu-24.04-arm)	Post Run actions-rust-lang/setup-rust-toolchain@v1	2026-09-10T05:28:14.1731387Z     /home/runner/.cargo/registry
build (aarch64-unknown-linux-gnu, ubuntu-24.04-arm)	Post Run actions-rust-lang/setup-rust-toolchain@v1	2026-09-10T05:28:14.1731626Z     /home/runner/.cargo/git
build (aarch64-unknown-linux-gnu, ubuntu-24.04-arm)	Post Run actions-rust-lang/setup-rust-toolchain@v1	2026-09-10T05:28:14.1732027Z     /home/runner/work/vig/vig/target
build (aarch64-unknown-linux-gnu, ubuntu-24.04-arm)	Post Run actions-rust-lang/setup-rust-toolchain@v1	2026-09-10T05:28:14.1732361Z Restore Key:
build (aarch64-unknown-linux-gnu, ubuntu-24.04-arm)	Post Run actions-rust-lang/setup-rust-toolchain@v1	2026-09-10T05:28:14.1732659Z     v0-rust-build-Linux-arm64-dc0089af
build (aarch64-unknown-linux-gnu, ubuntu-24.04-arm)	Post Run actions-rust-lang/setup-rust-toolchain@v1	2026-09-10T05:28:14.1732992Z Cache Key:
build (aarch64-unknown-linux-gnu, ubuntu-24.04-arm)	Post Run actions-rust-lang/setup-rust-toolchain@v1	2026-09-10T05:28:14.1733498Z     v0-rust-build-Linux-arm64-dc0089af-eb78a9df
build (aarch64-unknown-linux-gnu, ubuntu-24.04-arm)	Post Run actions-rust-lang/setup-rust-toolchain@v1	2026-09-10T05:28:14.1733855Z .. Prefix:
build (aarch64-unknown-linux-gnu, ubuntu-24.04-arm)	Post Run actions-rust-lang/setup-rust-toolchain@v1	2026-09-10T05:28:14.1734070Z   - v0-rust-build-Linux-arm64
build (aarch64-unknown-linux-gnu, ubuntu-24.04-arm)	Post Run actions-rust-lang/setup-rust-toolchain@v1	2026-09-10T05:28:14.1734319Z .. Environment considered:
build (aarch64-unknown-linux-gnu, ubuntu-24.04-arm)	Post Run actions-rust-lang/setup-rust-toolchain@v1	2026-09-10T05:28:14.1734555Z   - Rust Versions:
build (aarch64-unknown-linux-gnu, ubuntu-24.04-arm)	Post Run actions-rust-lang/setup-rust-toolchain@v1	2026-09-10T05:28:14.1735063Z     - 1.98.1 aarch64-unknown-linux-gnu 48a229ceaefd4985c50990b14116b6d856af0985
build (aarch64-unknown-linux-gnu, ubuntu-24.04-arm)	Post Run actions-rust-lang/setup-rust-toolchain@v1	2026-09-10T05:28:14.1735568Z     - 1.98.1 aarch64-unknown-linux-gnu 48a229ceaefd4985c50990b14116b6d856af0985
build (aarch64-unknown-linux-gnu, ubuntu-24.04-arm)	Post Run actions-rust-lang/setup-rust-toolchain@v1	2026-09-10T05:28:14.1735967Z   - CARGO_INCREMENTAL
build (aarch64-unknown-linux-gnu, ubuntu-24.04-arm)	Post Run actions-rust-lang/setup-rust-toolchain@v1	2026-09-10T05:28:14.1736176Z   - CARGO_PROFILE_DEV_DEBUG
build (aarch64-unknown-linux-gnu, ubuntu-24.04-arm)	Post Run actions-rust-lang/setup-rust-toolchain@v1	2026-09-10T05:28:14.1736411Z   - CARGO_REGISTRIES_CRATES_IO_PROTOCOL
build (aarch64-unknown-linux-gnu, ubuntu-24.04-arm)	Post Run actions-rust-lang/setup-rust-toolchain@v1	2026-09-10T05:28:14.1736662Z   - CARGO_TERM_COLOR
build (aarch64-unknown-linux-gnu, ubuntu-24.04-arm)	Post Run actions-rust-lang/setup-rust-toolchain@v1	2026-09-10T05:28:14.1736871Z   - CARGO_UNSTABLE_SPARSE_REGISTRY
build (aarch64-unknown-linux-gnu, ubuntu-24.04-arm)	Post Run actions-rust-lang/setup-rust-toolchain@v1	2026-09-10T05:28:14.1737104Z   - RUST_BACKTRACE
build (aarch64-unknown-linux-gnu, ubuntu-24.04-arm)	Post Run actions-rust-lang/setup-rust-toolchain@v1	2026-09-10T05:28:14.1737290Z   - RUSTFLAGS
build (aarch64-unknown-linux-gnu, ubuntu-24.04-arm)	Post Run actions-rust-lang/setup-rust-toolchain@v1	2026-09-10T05:28:14.1737475Z .. Lockfiles considered:
build (aarch64-unknown-linux-gnu, ubuntu-24.04-arm)	Post Run actions-rust-lang/setup-rust-toolchain@v1	2026-09-10T05:28:14.1737701Z   - /home/runner/work/vig/vig/Cargo.lock
build (aarch64-unknown-linux-gnu, ubuntu-24.04-arm)	Post Run actions-rust-lang/setup-rust-toolchain@v1	2026-09-10T05:28:14.1737971Z   - /home/runner/work/vig/vig/Cargo.toml
build (aarch64-unknown-linux-gnu, ubuntu-24.04-arm)	Post Run actions-rust-lang/setup-rust-toolchain@v1	2026-09-10T05:28:14.1738412Z ##[endgroup]
build (aarch64-unknown-linux-gnu, ubuntu-24.04-arm)	Post Run actions-rust-lang/setup-rust-toolchain@v1	2026-09-10T05:28:14.1738517Z 
build (aarch64-unknown-linux-gnu, ubuntu-24.04-arm)	Post Run actions-rust-lang/setup-rust-toolchain@v1	2026-09-10T05:28:14.1750113Z (node:20153) [DEP0040] DeprecationWarning: The `punycode` module is deprecated. Please use a userland alternative instead.
build (aarch64-unknown-linux-gnu, ubuntu-24.04-arm)	Post Run actions-rust-lang/setup-rust-toolchain@v1	2026-09-10T05:28:14.1750839Z (Use `node --trace-deprecation ...` to show where the warning was created)
build (aarch64-unknown-linux-gnu, ubuntu-24.04-arm)	Post Run actions-rust-lang/setup-rust-toolchain@v1	2026-09-10T05:28:14.4585528Z ... Cleaning /home/runner/work/vig/vig/target ...
build (aarch64-unknown-linux-gnu, ubuntu-24.04-arm)	Post Run actions-rust-lang/setup-rust-toolchain@v1	2026-09-10T05:28:14.4768070Z ... Cleaning cargo registry (cache-all-crates: false) ...
build (aarch64-unknown-linux-gnu, ubuntu-24.04-arm)	Post Run actions-rust-lang/setup-rust-toolchain@v1	2026-09-10T05:28:15.4292137Z ... Cleaning cargo/bin ...
build (aarch64-unknown-linux-gnu, ubuntu-24.04-arm)	Post Run actions-rust-lang/setup-rust-toolchain@v1	2026-09-10T05:28:15.4308363Z ... Cleaning cargo git cache ...
build (aarch64-unknown-linux-gnu, ubuntu-24.04-arm)	Post Run actions-rust-lang/setup-rust-toolchain@v1	2026-09-10T05:28:15.4313903Z ... Saving cache ...
build (aarch64-unknown-linux-gnu, ubuntu-24.04-arm)	Post Run actions-rust-lang/setup-rust-toolchain@v1	2026-09-10T05:28:15.4462585Z [command]/usr/bin/tar --posix -cf cache.tzst --exclude cache.tzst -P -C /home/runner/work/vig/vig --files-from manifest.txt --use-compress-program zstdmt
build (aarch64-unknown-linux-gnu, ubuntu-24.04-arm)	Post Run actions-rust-lang/setup-rust-toolchain@v1	2026-09-10T05:28:18.4491896Z Sent 0 of 380888948 (0.0%), 0.0 MBs/sec
build (aarch64-unknown-linux-gnu, ubuntu-24.04-arm)	Post Run actions-rust-lang/setup-rust-toolchain@v1	2026-09-10T05:28:19.4502918Z Sent 380888948 of 380888948 (100.0%), 181.5 MBs/sec
build (aarch64-unknown-linux-gnu, ubuntu-24.04-arm)	Post Run actions-rust-lang/setup-rust-toolchain@v1	2026-09-10T05:28:19.7321182Z ##[end-action id=__4340f1ae-9cd9-4c57-845b-9ec12a77470f.__Swatinem_rust-cache;outcome=success;conclusion=success;duration_ms=5804]
build (aarch64-unknown-linux-gnu, ubuntu-24.04-arm)	Post Run actions/checkout@v6	﻿2026-09-10T05:28:19.7387655Z Post job cleanup.
build (aarch64-unknown-linux-gnu, ubuntu-24.04-arm)	Post Run actions/checkout@v6	2026-09-10T05:28:19.8155693Z [command]/usr/bin/git version
build (aarch64-unknown-linux-gnu, ubuntu-24.04-arm)	Post Run actions/checkout@v6	2026-09-10T05:28:19.8188497Z git version 2.55.0
build (aarch64-unknown-linux-gnu, ubuntu-24.04-arm)	Post Run actions/checkout@v6	2026-09-10T05:28:19.8218280Z Temporarily overriding HOME='/home/runner/work/_temp/447ac156-b812-462d-a6b5-5718d4989918' before making global git config changes
build (aarch64-unknown-linux-gnu, ubuntu-24.04-arm)	Post Run actions/checkout@v6	2026-09-10T05:28:19.8220537Z Adding repository directory to the temporary git global config as a safe directory
build (aarch64-unknown-linux-gnu, ubuntu-24.04-arm)	Post Run actions/checkout@v6	2026-09-10T05:28:19.8223144Z [command]/usr/bin/git config --global --add safe.directory /home/runner/work/vig/vig
build (aarch64-unknown-linux-gnu, ubuntu-24.04-arm)	Post Run actions/checkout@v6	2026-09-10T05:28:19.8253928Z Removing SSH command configuration
build (aarch64-unknown-linux-gnu, ubuntu-24.04-arm)	Post Run actions/checkout@v6	2026-09-10T05:28:19.8260949Z [command]/usr/bin/git config --local --name-only --get-regexp core\.sshCommand
build (aarch64-unknown-linux-gnu, ubuntu-24.04-arm)	Post Run actions/checkout@v6	2026-09-10T05:28:19.8294252Z [command]/usr/bin/git submodule foreach --recursive sh -c "git config --local --name-only --get-regexp 'core\.sshCommand' && git config --local --unset-all 'core.sshCommand' || :"
build (aarch64-unknown-linux-gnu, ubuntu-24.04-arm)	Post Run actions/checkout@v6	2026-09-10T05:28:19.8492687Z Removing HTTP extra header
build (aarch64-unknown-linux-gnu, ubuntu-24.04-arm)	Post Run actions/checkout@v6	2026-09-10T05:28:19.8498378Z [command]/usr/bin/git config --local --name-only --get-regexp http\.https\:\/\/github\.com\/\.extraheader
build (aarch64-unknown-linux-gnu, ubuntu-24.04-arm)	Post Run actions/checkout@v6	2026-09-10T05:28:19.8551262Z [command]/usr/bin/git submodule foreach --recursive sh -c "git config --local --name-only --get-regexp 'http\.https\:\/\/github\.com\/\.extraheader' && git config --local --unset-all 'http.https://github.com/.extraheader' || :"
build (aarch64-unknown-linux-gnu, ubuntu-24.04-arm)	Post Run actions/checkout@v6	2026-09-10T05:28:19.8744695Z Removing includeIf entries pointing to credentials config files
build (aarch64-unknown-linux-gnu, ubuntu-24.04-arm)	Post Run actions/checkout@v6	2026-09-10T05:28:19.8751248Z [command]/usr/bin/git config --local --name-only --get-regexp ^includeIf\.gitdir:
build (aarch64-unknown-linux-gnu, ubuntu-24.04-arm)	Post Run actions/checkout@v6	2026-09-10T05:28:19.8779229Z includeif.gitdir:/home/runner/work/vig/vig/.git.path
build (aarch64-unknown-linux-gnu, ubuntu-24.04-arm)	Post Run actions/checkout@v6	2026-09-10T05:28:19.8779862Z includeif.gitdir:/home/runner/work/vig/vig/.git/worktrees/*.path
build (aarch64-unknown-linux-gnu, ubuntu-24.04-arm)	Post Run actions/checkout@v6	2026-09-10T05:28:19.8780429Z includeif.gitdir:/github/workspace/.git.path
build (aarch64-unknown-linux-gnu, ubuntu-24.04-arm)	Post Run actions/checkout@v6	2026-09-10T05:28:19.8780935Z includeif.gitdir:/github/workspace/.git/worktrees/*.path
build (aarch64-unknown-linux-gnu, ubuntu-24.04-arm)	Post Run actions/checkout@v6	2026-09-10T05:28:19.8793239Z [command]/usr/bin/git config --local --get-all includeif.gitdir:/home/runner/work/vig/vig/.git.path
build (aarch64-unknown-linux-gnu, ubuntu-24.04-arm)	Post Run actions/checkout@v6	2026-09-10T05:28:19.8818341Z /home/runner/work/_temp/git-credentials-f93bd249-b85d-466f-bf07-164499c4fc91.config
build (aarch64-unknown-linux-gnu, ubuntu-24.04-arm)	Post Run actions/checkout@v6	2026-09-10T05:28:19.8828457Z [command]/usr/bin/git config --local --unset includeif.gitdir:/home/runner/work/vig/vig/.git.path /home/runner/work/_temp/git-credentials-f93bd249-b85d-466f-bf07-164499c4fc91.config
build (aarch64-unknown-linux-gnu, ubuntu-24.04-arm)	Post Run actions/checkout@v6	2026-09-10T05:28:19.8864657Z [command]/usr/bin/git config --local --get-all includeif.gitdir:/home/runner/work/vig/vig/.git/worktrees/*.path
build (aarch64-unknown-linux-gnu, ubuntu-24.04-arm)	Post Run actions/checkout@v6	2026-09-10T05:28:19.8888932Z /home/runner/work/_temp/git-credentials-f93bd249-b85d-466f-bf07-164499c4fc91.config
build (aarch64-unknown-linux-gnu, ubuntu-24.04-arm)	Post Run actions/checkout@v6	2026-09-10T05:28:19.8897406Z [command]/usr/bin/git config --local --unset includeif.gitdir:/home/runner/work/vig/vig/.git/worktrees/*.path /home/runner/work/_temp/git-credentials-f93bd249-b85d-466f-bf07-164499c4fc91.config
build (aarch64-unknown-linux-gnu, ubuntu-24.04-arm)	Post Run actions/checkout@v6	2026-09-10T05:28:19.8931519Z [command]/usr/bin/git config --local --get-all includeif.gitdir:/github/workspace/.git.path
build (aarch64-unknown-linux-gnu, ubuntu-24.04-arm)	Post Run actions/checkout@v6	2026-09-10T05:28:19.8953262Z /github/runner_temp/git-credentials-f93bd249-b85d-466f-bf07-164499c4fc91.config
build (aarch64-unknown-linux-gnu, ubuntu-24.04-arm)	Post Run actions/checkout@v6	2026-09-10T05:28:19.8959995Z [command]/usr/bin/git config --local --unset includeif.gitdir:/github/workspace/.git.path /github/runner_temp/git-credentials-f93bd249-b85d-466f-bf07-164499c4fc91.config
build (aarch64-unknown-linux-gnu, ubuntu-24.04-arm)	Post Run actions/checkout@v6	2026-09-10T05:28:19.8990687Z [command]/usr/bin/git config --local --get-all includeif.gitdir:/github/workspace/.git/worktrees/*.path
build (aarch64-unknown-linux-gnu, ubuntu-24.04-arm)	Post Run actions/checkout@v6	2026-09-10T05:28:19.9012926Z /github/runner_temp/git-credentials-f93bd249-b85d-466f-bf07-164499c4fc91.config
build (aarch64-unknown-linux-gnu, ubuntu-24.04-arm)	Post Run actions/checkout@v6	2026-09-10T05:28:19.9026297Z [command]/usr/bin/git config --local --unset includeif.gitdir:/github/workspace/.git/worktrees/*.path /github/runner_temp/git-credentials-f93bd249-b85d-466f-bf07-164499c4fc91.config
build (aarch64-unknown-linux-gnu, ubuntu-24.04-arm)	Post Run actions/checkout@v6	2026-09-10T05:28:19.9055019Z [command]/usr/bin/git submodule foreach --recursive git config --local --show-origin --name-only --get-regexp remote.origin.url
build (aarch64-unknown-linux-gnu, ubuntu-24.04-arm)	Post Run actions/checkout@v6	2026-09-10T05:28:19.9253932Z Removing credentials config '/home/runner/work/_temp/git-credentials-f93bd249-b85d-466f-bf07-164499c4fc91.config'
build (aarch64-unknown-linux-gnu, ubuntu-24.04-arm)	Complete job	﻿2026-09-10T05:28:19.9392525Z Cleaning up orphan processes
