build (x86_64-unknown-linux-gnu, ubuntu-latest)	Set up job	﻿2026-09-09T07:37:19.4199048Z Current runner version: '2.337.0'
build (x86_64-unknown-linux-gnu, ubuntu-latest)	Set up job	2026-09-09T07:37:19.4225801Z ##[group]Runner Image Provisioner
build (x86_64-unknown-linux-gnu, ubuntu-latest)	Set up job	2026-09-09T07:37:19.4226751Z Hosted Compute Agent
build (x86_64-unknown-linux-gnu, ubuntu-latest)	Set up job	2026-09-09T07:37:19.4227359Z Version: 20260828.587
build (x86_64-unknown-linux-gnu, ubuntu-latest)	Set up job	2026-09-09T07:37:19.4228155Z Commit: abac92662cab4cc7352de4f9f9d2e2419aad9c29
build (x86_64-unknown-linux-gnu, ubuntu-latest)	Set up job	2026-09-09T07:37:19.4228913Z Build Date: 2026-08-28T16:44:25Z
build (x86_64-unknown-linux-gnu, ubuntu-latest)	Set up job	2026-09-09T07:37:19.4229652Z Worker ID: {ba6fd76e-f056-4af6-94e2-d5ed4a57145a}
build (x86_64-unknown-linux-gnu, ubuntu-latest)	Set up job	2026-09-09T07:37:19.4230407Z Azure Region: eastus
build (x86_64-unknown-linux-gnu, ubuntu-latest)	Set up job	2026-09-09T07:37:19.4231019Z ##[endgroup]
build (x86_64-unknown-linux-gnu, ubuntu-latest)	Set up job	2026-09-09T07:37:19.4233373Z ##[group]Operating System
build (x86_64-unknown-linux-gnu, ubuntu-latest)	Set up job	2026-09-09T07:37:19.4234071Z Ubuntu
build (x86_64-unknown-linux-gnu, ubuntu-latest)	Set up job	2026-09-09T07:37:19.4234683Z 24.04.4
build (x86_64-unknown-linux-gnu, ubuntu-latest)	Set up job	2026-09-09T07:37:19.4235224Z LTS
build (x86_64-unknown-linux-gnu, ubuntu-latest)	Set up job	2026-09-09T07:37:19.4235761Z ##[endgroup]
build (x86_64-unknown-linux-gnu, ubuntu-latest)	Set up job	2026-09-09T07:37:19.4236416Z ##[group]Runner Image
build (x86_64-unknown-linux-gnu, ubuntu-latest)	Set up job	2026-09-09T07:37:19.4237052Z Image: ubuntu-24.04
build (x86_64-unknown-linux-gnu, ubuntu-latest)	Set up job	2026-09-09T07:37:19.4237653Z Version: 20260831.293.1
build (x86_64-unknown-linux-gnu, ubuntu-latest)	Set up job	2026-09-09T07:37:19.4238784Z Included Software: https://github.com/actions/runner-images/blob/ubuntu24/20260831.293/images/ubuntu/Ubuntu2404-Readme.md
build (x86_64-unknown-linux-gnu, ubuntu-latest)	Set up job	2026-09-09T07:37:19.4240727Z Image Release: https://github.com/actions/runner-images/releases/tag/ubuntu24%2F20260831.293
build (x86_64-unknown-linux-gnu, ubuntu-latest)	Set up job	2026-09-09T07:37:19.4242084Z ##[endgroup]
build (x86_64-unknown-linux-gnu, ubuntu-latest)	Set up job	2026-09-09T07:37:19.4243364Z ##[group]GITHUB_TOKEN Permissions
build (x86_64-unknown-linux-gnu, ubuntu-latest)	Set up job	2026-09-09T07:37:19.4245552Z Contents: read
build (x86_64-unknown-linux-gnu, ubuntu-latest)	Set up job	2026-09-09T07:37:19.4246283Z Metadata: read
build (x86_64-unknown-linux-gnu, ubuntu-latest)	Set up job	2026-09-09T07:37:19.4246951Z ##[endgroup]
build (x86_64-unknown-linux-gnu, ubuntu-latest)	Set up job	2026-09-09T07:37:19.4248977Z Secret source: Actions
build (x86_64-unknown-linux-gnu, ubuntu-latest)	Set up job	2026-09-09T07:37:19.4250437Z Prepare workflow directory
build (x86_64-unknown-linux-gnu, ubuntu-latest)	Set up job	2026-09-09T07:37:19.4584128Z Prepare all required actions
build (x86_64-unknown-linux-gnu, ubuntu-latest)	Set up job	2026-09-09T07:37:19.4632655Z Getting action download info
build (x86_64-unknown-linux-gnu, ubuntu-latest)	Set up job	2026-09-09T07:37:19.7129272Z Download action repository 'actions/checkout@v6' (SHA:d23441a48e516b6c34aea4fa41551a30e30af803)
build (x86_64-unknown-linux-gnu, ubuntu-latest)	Set up job	2026-09-09T07:37:19.8482037Z Download action repository 'actions-rust-lang/setup-rust-toolchain@v1' (SHA:166cdcfd11aee3cb47222f9ddb555ce30ddb9659)
build (x86_64-unknown-linux-gnu, ubuntu-latest)	Set up job	2026-09-09T07:37:19.9548157Z Download action repository 'actions/upload-artifact@v6' (SHA:b7c566a772e6b6bfb58ed0dc250532a479d7789f)
build (x86_64-unknown-linux-gnu, ubuntu-latest)	Set up job	2026-09-09T07:37:20.2085239Z Getting action download info
build (x86_64-unknown-linux-gnu, ubuntu-latest)	Set up job	2026-09-09T07:37:20.2770666Z Download action repository 'Swatinem/rust-cache@c19371144df3bb44fab255c43d04cbc2ab54d1c4' (SHA:c19371144df3bb44fab255c43d04cbc2ab54d1c4)
build (x86_64-unknown-linux-gnu, ubuntu-latest)	Set up job	2026-09-09T07:37:20.5538942Z Complete job name: build (x86_64-unknown-linux-gnu, ubuntu-latest)
build (x86_64-unknown-linux-gnu, ubuntu-latest)	Run actions/checkout@v6	﻿2026-09-09T07:37:20.6304022Z ##[group]Run actions/checkout@v6
build (x86_64-unknown-linux-gnu, ubuntu-latest)	Run actions/checkout@v6	2026-09-09T07:37:20.6304928Z with:
build (x86_64-unknown-linux-gnu, ubuntu-latest)	Run actions/checkout@v6	2026-09-09T07:37:20.6305374Z   repository: td72/vig
build (x86_64-unknown-linux-gnu, ubuntu-latest)	Run actions/checkout@v6	2026-09-09T07:37:20.6309049Z   token: ***
build (x86_64-unknown-linux-gnu, ubuntu-latest)	Run actions/checkout@v6	2026-09-09T07:37:20.6309484Z   ssh-strict: true
build (x86_64-unknown-linux-gnu, ubuntu-latest)	Run actions/checkout@v6	2026-09-09T07:37:20.6309925Z   ssh-user: git
build (x86_64-unknown-linux-gnu, ubuntu-latest)	Run actions/checkout@v6	2026-09-09T07:37:20.6310369Z   persist-credentials: true
build (x86_64-unknown-linux-gnu, ubuntu-latest)	Run actions/checkout@v6	2026-09-09T07:37:20.6310874Z   clean: true
build (x86_64-unknown-linux-gnu, ubuntu-latest)	Run actions/checkout@v6	2026-09-09T07:37:20.6311320Z   sparse-checkout-cone-mode: true
build (x86_64-unknown-linux-gnu, ubuntu-latest)	Run actions/checkout@v6	2026-09-09T07:37:20.6312067Z   fetch-depth: 1
build (x86_64-unknown-linux-gnu, ubuntu-latest)	Run actions/checkout@v6	2026-09-09T07:37:20.6312503Z   fetch-tags: false
build (x86_64-unknown-linux-gnu, ubuntu-latest)	Run actions/checkout@v6	2026-09-09T07:37:20.6312947Z   show-progress: true
build (x86_64-unknown-linux-gnu, ubuntu-latest)	Run actions/checkout@v6	2026-09-09T07:37:20.6313394Z   lfs: false
build (x86_64-unknown-linux-gnu, ubuntu-latest)	Run actions/checkout@v6	2026-09-09T07:37:20.6313806Z   submodules: false
build (x86_64-unknown-linux-gnu, ubuntu-latest)	Run actions/checkout@v6	2026-09-09T07:37:20.6314255Z   set-safe-directory: true
build (x86_64-unknown-linux-gnu, ubuntu-latest)	Run actions/checkout@v6	2026-09-09T07:37:20.6314791Z   allow-unsafe-pr-checkout: false
build (x86_64-unknown-linux-gnu, ubuntu-latest)	Run actions/checkout@v6	2026-09-09T07:37:20.6315576Z ##[endgroup]
build (x86_64-unknown-linux-gnu, ubuntu-latest)	Run actions/checkout@v6	2026-09-09T07:37:20.7429304Z Syncing repository: td72/vig
build (x86_64-unknown-linux-gnu, ubuntu-latest)	Run actions/checkout@v6	2026-09-09T07:37:20.7431169Z ##[group]Getting Git version info
build (x86_64-unknown-linux-gnu, ubuntu-latest)	Run actions/checkout@v6	2026-09-09T07:37:20.7432621Z Working directory is '/home/runner/work/vig/vig'
build (x86_64-unknown-linux-gnu, ubuntu-latest)	Run actions/checkout@v6	2026-09-09T07:37:20.7434061Z [command]/usr/bin/git version
build (x86_64-unknown-linux-gnu, ubuntu-latest)	Run actions/checkout@v6	2026-09-09T07:37:20.7527618Z git version 2.55.0
build (x86_64-unknown-linux-gnu, ubuntu-latest)	Run actions/checkout@v6	2026-09-09T07:37:20.7552844Z ##[endgroup]
build (x86_64-unknown-linux-gnu, ubuntu-latest)	Run actions/checkout@v6	2026-09-09T07:37:20.7569577Z Temporarily overriding HOME='/home/runner/work/_temp/ef4f7ead-fa18-4bd4-8078-643394fc8741' before making global git config changes
build (x86_64-unknown-linux-gnu, ubuntu-latest)	Run actions/checkout@v6	2026-09-09T07:37:20.7572685Z Adding repository directory to the temporary git global config as a safe directory
build (x86_64-unknown-linux-gnu, ubuntu-latest)	Run actions/checkout@v6	2026-09-09T07:37:20.7575291Z [command]/usr/bin/git config --global --add safe.directory /home/runner/work/vig/vig
build (x86_64-unknown-linux-gnu, ubuntu-latest)	Run actions/checkout@v6	2026-09-09T07:37:20.7631223Z Deleting the contents of '/home/runner/work/vig/vig'
build (x86_64-unknown-linux-gnu, ubuntu-latest)	Run actions/checkout@v6	2026-09-09T07:37:20.7642872Z ##[group]Determining repository object format
build (x86_64-unknown-linux-gnu, ubuntu-latest)	Run actions/checkout@v6	2026-09-09T07:37:20.7644370Z ##[endgroup]
build (x86_64-unknown-linux-gnu, ubuntu-latest)	Run actions/checkout@v6	2026-09-09T07:37:20.7650633Z ##[group]Initializing the repository
build (x86_64-unknown-linux-gnu, ubuntu-latest)	Run actions/checkout@v6	2026-09-09T07:37:20.7651989Z [command]/usr/bin/git init /home/runner/work/vig/vig
build (x86_64-unknown-linux-gnu, ubuntu-latest)	Run actions/checkout@v6	2026-09-09T07:37:20.7790868Z hint: Using 'master' as the name for the initial branch. This default branch name
build (x86_64-unknown-linux-gnu, ubuntu-latest)	Run actions/checkout@v6	2026-09-09T07:37:20.7793000Z hint: will change to "main" in Git 3.0. To configure the initial branch name
build (x86_64-unknown-linux-gnu, ubuntu-latest)	Run actions/checkout@v6	2026-09-09T07:37:20.7795496Z hint: to use in all of your new repositories, which will suppress this warning,
build (x86_64-unknown-linux-gnu, ubuntu-latest)	Run actions/checkout@v6	2026-09-09T07:37:20.7796730Z hint: call:
build (x86_64-unknown-linux-gnu, ubuntu-latest)	Run actions/checkout@v6	2026-09-09T07:37:20.7797382Z hint:
build (x86_64-unknown-linux-gnu, ubuntu-latest)	Run actions/checkout@v6	2026-09-09T07:37:20.7798214Z hint: 	git config --global init.defaultBranch <name>
build (x86_64-unknown-linux-gnu, ubuntu-latest)	Run actions/checkout@v6	2026-09-09T07:37:20.7799205Z hint:
build (x86_64-unknown-linux-gnu, ubuntu-latest)	Run actions/checkout@v6	2026-09-09T07:37:20.7800133Z hint: Names commonly chosen instead of 'master' are 'main', 'trunk' and
build (x86_64-unknown-linux-gnu, ubuntu-latest)	Run actions/checkout@v6	2026-09-09T07:37:20.7801853Z hint: 'development'. The just-created branch can be renamed via this command:
build (x86_64-unknown-linux-gnu, ubuntu-latest)	Run actions/checkout@v6	2026-09-09T07:37:20.7803089Z hint:
build (x86_64-unknown-linux-gnu, ubuntu-latest)	Run actions/checkout@v6	2026-09-09T07:37:20.7803787Z hint: 	git branch -m <name>
build (x86_64-unknown-linux-gnu, ubuntu-latest)	Run actions/checkout@v6	2026-09-09T07:37:20.7804557Z hint:
build (x86_64-unknown-linux-gnu, ubuntu-latest)	Run actions/checkout@v6	2026-09-09T07:37:20.7805583Z hint: Disable this message with "git config set advice.defaultBranchName false"
build (x86_64-unknown-linux-gnu, ubuntu-latest)	Run actions/checkout@v6	2026-09-09T07:37:20.7807284Z Initialized empty Git repository in /home/runner/work/vig/vig/.git/
build (x86_64-unknown-linux-gnu, ubuntu-latest)	Run actions/checkout@v6	2026-09-09T07:37:20.7810027Z [command]/usr/bin/git remote add origin https://github.com/td72/vig
build (x86_64-unknown-linux-gnu, ubuntu-latest)	Run actions/checkout@v6	2026-09-09T07:37:20.7871873Z ##[endgroup]
build (x86_64-unknown-linux-gnu, ubuntu-latest)	Run actions/checkout@v6	2026-09-09T07:37:20.7873346Z ##[group]Disabling automatic garbage collection
build (x86_64-unknown-linux-gnu, ubuntu-latest)	Run actions/checkout@v6	2026-09-09T07:37:20.7875611Z [command]/usr/bin/git config --local gc.auto 0
build (x86_64-unknown-linux-gnu, ubuntu-latest)	Run actions/checkout@v6	2026-09-09T07:37:20.7909655Z ##[endgroup]
build (x86_64-unknown-linux-gnu, ubuntu-latest)	Run actions/checkout@v6	2026-09-09T07:37:20.7911302Z ##[group]Setting up auth
build (x86_64-unknown-linux-gnu, ubuntu-latest)	Run actions/checkout@v6	2026-09-09T07:37:20.7912515Z Removing SSH command configuration
build (x86_64-unknown-linux-gnu, ubuntu-latest)	Run actions/checkout@v6	2026-09-09T07:37:20.7918322Z [command]/usr/bin/git config --local --name-only --get-regexp core\.sshCommand
build (x86_64-unknown-linux-gnu, ubuntu-latest)	Run actions/checkout@v6	2026-09-09T07:37:20.7956197Z [command]/usr/bin/git submodule foreach --recursive sh -c "git config --local --name-only --get-regexp 'core\.sshCommand' && git config --local --unset-all 'core.sshCommand' || :"
build (x86_64-unknown-linux-gnu, ubuntu-latest)	Run actions/checkout@v6	2026-09-09T07:37:20.8347429Z Removing HTTP extra header
build (x86_64-unknown-linux-gnu, ubuntu-latest)	Run actions/checkout@v6	2026-09-09T07:37:20.8354855Z [command]/usr/bin/git config --local --name-only --get-regexp http\.https\:\/\/github\.com\/\.extraheader
build (x86_64-unknown-linux-gnu, ubuntu-latest)	Run actions/checkout@v6	2026-09-09T07:37:20.8394510Z [command]/usr/bin/git submodule foreach --recursive sh -c "git config --local --name-only --get-regexp 'http\.https\:\/\/github\.com\/\.extraheader' && git config --local --unset-all 'http.https://github.com/.extraheader' || :"
build (x86_64-unknown-linux-gnu, ubuntu-latest)	Run actions/checkout@v6	2026-09-09T07:37:20.8616041Z Removing includeIf entries pointing to credentials config files
build (x86_64-unknown-linux-gnu, ubuntu-latest)	Run actions/checkout@v6	2026-09-09T07:37:20.8623383Z [command]/usr/bin/git config --local --name-only --get-regexp ^includeIf\.gitdir:
build (x86_64-unknown-linux-gnu, ubuntu-latest)	Run actions/checkout@v6	2026-09-09T07:37:20.8661253Z [command]/usr/bin/git submodule foreach --recursive git config --local --show-origin --name-only --get-regexp remote.origin.url
build (x86_64-unknown-linux-gnu, ubuntu-latest)	Run actions/checkout@v6	2026-09-09T07:37:20.8892477Z [command]/usr/bin/git config --file /home/runner/work/_temp/git-credentials-7f7bb859-4d64-4256-8956-f900bf45a2ce.config http.https://github.com/.extraheader AUTHORIZATION: basic ***
build (x86_64-unknown-linux-gnu, ubuntu-latest)	Run actions/checkout@v6	2026-09-09T07:37:20.8935419Z [command]/usr/bin/git config --local includeIf.gitdir:/home/runner/work/vig/vig/.git.path /home/runner/work/_temp/git-credentials-7f7bb859-4d64-4256-8956-f900bf45a2ce.config
build (x86_64-unknown-linux-gnu, ubuntu-latest)	Run actions/checkout@v6	2026-09-09T07:37:20.8969375Z [command]/usr/bin/git config --local includeIf.gitdir:/home/runner/work/vig/vig/.git/worktrees/*.path /home/runner/work/_temp/git-credentials-7f7bb859-4d64-4256-8956-f900bf45a2ce.config
build (x86_64-unknown-linux-gnu, ubuntu-latest)	Run actions/checkout@v6	2026-09-09T07:37:20.9042951Z [command]/usr/bin/git config --local includeIf.gitdir:/github/workspace/.git.path /github/runner_temp/git-credentials-7f7bb859-4d64-4256-8956-f900bf45a2ce.config
build (x86_64-unknown-linux-gnu, ubuntu-latest)	Run actions/checkout@v6	2026-09-09T07:37:20.9079600Z [command]/usr/bin/git config --local includeIf.gitdir:/github/workspace/.git/worktrees/*.path /github/runner_temp/git-credentials-7f7bb859-4d64-4256-8956-f900bf45a2ce.config
build (x86_64-unknown-linux-gnu, ubuntu-latest)	Run actions/checkout@v6	2026-09-09T07:37:20.9110212Z ##[endgroup]
build (x86_64-unknown-linux-gnu, ubuntu-latest)	Run actions/checkout@v6	2026-09-09T07:37:20.9111005Z ##[group]Fetching the repository
build (x86_64-unknown-linux-gnu, ubuntu-latest)	Run actions/checkout@v6	2026-09-09T07:37:20.9119556Z [command]/usr/bin/git -c protocol.version=2 fetch --no-tags --prune --no-recurse-submodules --depth=1 origin +762ba74f44154d3e403b30eeb31d8b646da23c35:refs/remotes/pull/179/merge
build (x86_64-unknown-linux-gnu, ubuntu-latest)	Run actions/checkout@v6	2026-09-09T07:37:21.3244116Z From https://github.com/td72/vig
build (x86_64-unknown-linux-gnu, ubuntu-latest)	Run actions/checkout@v6	2026-09-09T07:37:21.3246708Z  * [new ref]         762ba74f44154d3e403b30eeb31d8b646da23c35 -> pull/179/merge
build (x86_64-unknown-linux-gnu, ubuntu-latest)	Run actions/checkout@v6	2026-09-09T07:37:21.3256657Z ##[endgroup]
build (x86_64-unknown-linux-gnu, ubuntu-latest)	Run actions/checkout@v6	2026-09-09T07:37:21.3258745Z ##[group]Determining the checkout info
build (x86_64-unknown-linux-gnu, ubuntu-latest)	Run actions/checkout@v6	2026-09-09T07:37:21.3260961Z ##[endgroup]
build (x86_64-unknown-linux-gnu, ubuntu-latest)	Run actions/checkout@v6	2026-09-09T07:37:21.3264523Z [command]/usr/bin/git sparse-checkout disable
build (x86_64-unknown-linux-gnu, ubuntu-latest)	Run actions/checkout@v6	2026-09-09T07:37:21.3321258Z [command]/usr/bin/git config --local --unset-all extensions.worktreeConfig
build (x86_64-unknown-linux-gnu, ubuntu-latest)	Run actions/checkout@v6	2026-09-09T07:37:21.3353637Z ##[group]Checking out the ref
build (x86_64-unknown-linux-gnu, ubuntu-latest)	Run actions/checkout@v6	2026-09-09T07:37:21.3358223Z [command]/usr/bin/git checkout --progress --force refs/remotes/pull/179/merge
build (x86_64-unknown-linux-gnu, ubuntu-latest)	Run actions/checkout@v6	2026-09-09T07:37:22.0550357Z Note: switching to 'refs/remotes/pull/179/merge'.
build (x86_64-unknown-linux-gnu, ubuntu-latest)	Run actions/checkout@v6	2026-09-09T07:37:22.0551375Z 
build (x86_64-unknown-linux-gnu, ubuntu-latest)	Run actions/checkout@v6	2026-09-09T07:37:22.0552215Z You are in 'detached HEAD' state. You can look around, make experimental
build (x86_64-unknown-linux-gnu, ubuntu-latest)	Run actions/checkout@v6	2026-09-09T07:37:22.0553486Z changes and commit them, and you can discard any commits you make in this
build (x86_64-unknown-linux-gnu, ubuntu-latest)	Run actions/checkout@v6	2026-09-09T07:37:22.0554787Z state without impacting any branches by switching back to a branch.
build (x86_64-unknown-linux-gnu, ubuntu-latest)	Run actions/checkout@v6	2026-09-09T07:37:22.0555412Z 
build (x86_64-unknown-linux-gnu, ubuntu-latest)	Run actions/checkout@v6	2026-09-09T07:37:22.0555757Z If you want to create a new branch to retain commits you create, you may
build (x86_64-unknown-linux-gnu, ubuntu-latest)	Run actions/checkout@v6	2026-09-09T07:37:22.0556392Z do so (now or later) by using -c with the switch command. Example:
build (x86_64-unknown-linux-gnu, ubuntu-latest)	Run actions/checkout@v6	2026-09-09T07:37:22.0556783Z 
build (x86_64-unknown-linux-gnu, ubuntu-latest)	Run actions/checkout@v6	2026-09-09T07:37:22.0556964Z   git switch -c <new-branch-name>
build (x86_64-unknown-linux-gnu, ubuntu-latest)	Run actions/checkout@v6	2026-09-09T07:37:22.0557221Z 
build (x86_64-unknown-linux-gnu, ubuntu-latest)	Run actions/checkout@v6	2026-09-09T07:37:22.0557415Z Or undo this operation with:
build (x86_64-unknown-linux-gnu, ubuntu-latest)	Run actions/checkout@v6	2026-09-09T07:37:22.0557679Z 
build (x86_64-unknown-linux-gnu, ubuntu-latest)	Run actions/checkout@v6	2026-09-09T07:37:22.0557836Z   git switch -
build (x86_64-unknown-linux-gnu, ubuntu-latest)	Run actions/checkout@v6	2026-09-09T07:37:22.0558103Z 
build (x86_64-unknown-linux-gnu, ubuntu-latest)	Run actions/checkout@v6	2026-09-09T07:37:22.0558706Z Turn off this advice by setting config variable advice.detachedHead to false
build (x86_64-unknown-linux-gnu, ubuntu-latest)	Run actions/checkout@v6	2026-09-09T07:37:22.0559151Z 
build (x86_64-unknown-linux-gnu, ubuntu-latest)	Run actions/checkout@v6	2026-09-09T07:37:22.0559594Z HEAD is now at 762ba74 Merge d8133819eab19a9b837d55207d786090922809b5 into 074bbad486d5e36c3d911ead96587dcb29057716
build (x86_64-unknown-linux-gnu, ubuntu-latest)	Run actions/checkout@v6	2026-09-09T07:37:22.0882074Z ##[endgroup]
build (x86_64-unknown-linux-gnu, ubuntu-latest)	Run actions/checkout@v6	2026-09-09T07:37:22.0926757Z [command]/usr/bin/git log -1 --format=%H
build (x86_64-unknown-linux-gnu, ubuntu-latest)	Run actions/checkout@v6	2026-09-09T07:37:22.0954617Z 762ba74f44154d3e403b30eeb31d8b646da23c35
build (x86_64-unknown-linux-gnu, ubuntu-latest)	Run actions-rust-lang/setup-rust-toolchain@v1	﻿2026-09-09T07:37:22.1413480Z ##[group]Run actions-rust-lang/setup-rust-toolchain@v1
build (x86_64-unknown-linux-gnu, ubuntu-latest)	Run actions-rust-lang/setup-rust-toolchain@v1	2026-09-09T07:37:22.1414100Z with:
build (x86_64-unknown-linux-gnu, ubuntu-latest)	Run actions-rust-lang/setup-rust-toolchain@v1	2026-09-09T07:37:22.1414489Z   cache: true
build (x86_64-unknown-linux-gnu, ubuntu-latest)	Run actions-rust-lang/setup-rust-toolchain@v1	2026-09-09T07:37:22.1414890Z   cache-on-failure: true
build (x86_64-unknown-linux-gnu, ubuntu-latest)	Run actions-rust-lang/setup-rust-toolchain@v1	2026-09-09T07:37:22.1415309Z   cache-bin: true
build (x86_64-unknown-linux-gnu, ubuntu-latest)	Run actions-rust-lang/setup-rust-toolchain@v1	2026-09-09T07:37:22.1415726Z   cache-provider: github
build (x86_64-unknown-linux-gnu, ubuntu-latest)	Run actions-rust-lang/setup-rust-toolchain@v1	2026-09-09T07:37:22.1416162Z   cache-all-crates: false
build (x86_64-unknown-linux-gnu, ubuntu-latest)	Run actions-rust-lang/setup-rust-toolchain@v1	2026-09-09T07:37:22.1416624Z   cache-workspace-crates: false
build (x86_64-unknown-linux-gnu, ubuntu-latest)	Run actions-rust-lang/setup-rust-toolchain@v1	2026-09-09T07:37:22.1417076Z   cache-save-if: true
build (x86_64-unknown-linux-gnu, ubuntu-latest)	Run actions-rust-lang/setup-rust-toolchain@v1	2026-09-09T07:37:22.1417492Z   cache-targets: true
build (x86_64-unknown-linux-gnu, ubuntu-latest)	Run actions-rust-lang/setup-rust-toolchain@v1	2026-09-09T07:37:22.1417886Z   matcher: true
build (x86_64-unknown-linux-gnu, ubuntu-latest)	Run actions-rust-lang/setup-rust-toolchain@v1	2026-09-09T07:37:22.1418301Z   rustflags: -D warnings
build (x86_64-unknown-linux-gnu, ubuntu-latest)	Run actions-rust-lang/setup-rust-toolchain@v1	2026-09-09T07:37:22.1418712Z   override: true
build (x86_64-unknown-linux-gnu, ubuntu-latest)	Run actions-rust-lang/setup-rust-toolchain@v1	2026-09-09T07:37:22.1419103Z ##[endgroup]
build (x86_64-unknown-linux-gnu, ubuntu-latest)	Run actions-rust-lang/setup-rust-toolchain@v1	2026-09-09T07:37:22.1484194Z ##[start-action display=Unbork mac;id=__actions-rust-lang_setup-rust-toolchain.__run]
build (x86_64-unknown-linux-gnu, ubuntu-latest)	Run actions-rust-lang/setup-rust-toolchain@v1	2026-09-09T07:37:22.1505471Z ##[end-action id=__actions-rust-lang_setup-rust-toolchain.__run;outcome=skipped;conclusion=skipped;duration_ms=0]
build (x86_64-unknown-linux-gnu, ubuntu-latest)	Run actions-rust-lang/setup-rust-toolchain@v1	2026-09-09T07:37:22.1557711Z ##[start-action display=Run : construct rustup command line;id=__actions-rust-lang_setup-rust-toolchain.flags]
build (x86_64-unknown-linux-gnu, ubuntu-latest)	Run actions-rust-lang/setup-rust-toolchain@v1	2026-09-09T07:37:22.1609271Z ##[group]Run : construct rustup command line
build (x86_64-unknown-linux-gnu, ubuntu-latest)	Run actions-rust-lang/setup-rust-toolchain@v1	2026-09-09T07:37:22.1609939Z ^[[36;1m: construct rustup command line^[[0m
build (x86_64-unknown-linux-gnu, ubuntu-latest)	Run actions-rust-lang/setup-rust-toolchain@v1	2026-09-09T07:37:22.1610673Z ^[[36;1mecho "targets=$(for t in ${_srt_targets//,/ }; do echo -n ' --target' $t; done)" >> $GITHUB_OUTPUT^[[0m
build (x86_64-unknown-linux-gnu, ubuntu-latest)	Run actions-rust-lang/setup-rust-toolchain@v1	2026-09-09T07:37:22.1611881Z ^[[36;1mecho "components=$(for c in ${_srt_components//,/ }; do echo -n ' --component' $c; done)" >> $GITHUB_OUTPUT^[[0m
build (x86_64-unknown-linux-gnu, ubuntu-latest)	Run actions-rust-lang/setup-rust-toolchain@v1	2026-09-09T07:37:22.1612668Z ^[[36;1mecho "downgrade=" >> $GITHUB_OUTPUT^[[0m
build (x86_64-unknown-linux-gnu, ubuntu-latest)	Run actions-rust-lang/setup-rust-toolchain@v1	2026-09-09T07:37:22.1655330Z shell: /usr/bin/bash --noprofile --norc -e -o pipefail {0}
build (x86_64-unknown-linux-gnu, ubuntu-latest)	Run actions-rust-lang/setup-rust-toolchain@v1	2026-09-09T07:37:22.1655951Z env:
build (x86_64-unknown-linux-gnu, ubuntu-latest)	Run actions-rust-lang/setup-rust-toolchain@v1	2026-09-09T07:37:22.1656352Z   _srt_targets: 
build (x86_64-unknown-linux-gnu, ubuntu-latest)	Run actions-rust-lang/setup-rust-toolchain@v1	2026-09-09T07:37:22.1656772Z   _srt_components: 
build (x86_64-unknown-linux-gnu, ubuntu-latest)	Run actions-rust-lang/setup-rust-toolchain@v1	2026-09-09T07:37:22.1657181Z ##[endgroup]
build (x86_64-unknown-linux-gnu, ubuntu-latest)	Run actions-rust-lang/setup-rust-toolchain@v1	2026-09-09T07:37:22.1780580Z ##[end-action id=__actions-rust-lang_setup-rust-toolchain.flags;outcome=success;conclusion=success;duration_ms=22]
build (x86_64-unknown-linux-gnu, ubuntu-latest)	Run actions-rust-lang/setup-rust-toolchain@v1	2026-09-09T07:37:22.1788823Z ##[start-action display=Setting Environment Variables;id=__actions-rust-lang_setup-rust-toolchain.__run_2]
build (x86_64-unknown-linux-gnu, ubuntu-latest)	Run actions-rust-lang/setup-rust-toolchain@v1	2026-09-09T07:37:22.1865259Z ##[group]Run if [[ ! -v CARGO_INCREMENTAL ]]; then
build (x86_64-unknown-linux-gnu, ubuntu-latest)	Run actions-rust-lang/setup-rust-toolchain@v1	2026-09-09T07:37:22.1865914Z ^[[36;1mif [[ ! -v CARGO_INCREMENTAL ]]; then^[[0m
build (x86_64-unknown-linux-gnu, ubuntu-latest)	Run actions-rust-lang/setup-rust-toolchain@v1	2026-09-09T07:37:22.1866477Z ^[[36;1m  echo "CARGO_INCREMENTAL=0" >> $GITHUB_ENV^[[0m
build (x86_64-unknown-linux-gnu, ubuntu-latest)	Run actions-rust-lang/setup-rust-toolchain@v1	2026-09-09T07:37:22.1866998Z ^[[36;1mfi^[[0m
build (x86_64-unknown-linux-gnu, ubuntu-latest)	Run actions-rust-lang/setup-rust-toolchain@v1	2026-09-09T07:37:22.1867448Z ^[[36;1mif [[ ! -v CARGO_PROFILE_DEV_DEBUG ]]; then^[[0m
build (x86_64-unknown-linux-gnu, ubuntu-latest)	Run actions-rust-lang/setup-rust-toolchain@v1	2026-09-09T07:37:22.1868027Z ^[[36;1m  echo "CARGO_PROFILE_DEV_DEBUG=0" >> $GITHUB_ENV^[[0m
build (x86_64-unknown-linux-gnu, ubuntu-latest)	Run actions-rust-lang/setup-rust-toolchain@v1	2026-09-09T07:37:22.1868554Z ^[[36;1mfi^[[0m
build (x86_64-unknown-linux-gnu, ubuntu-latest)	Run actions-rust-lang/setup-rust-toolchain@v1	2026-09-09T07:37:22.1868983Z ^[[36;1mif [[ ! -v CARGO_TERM_COLOR ]]; then^[[0m
build (x86_64-unknown-linux-gnu, ubuntu-latest)	Run actions-rust-lang/setup-rust-toolchain@v1	2026-09-09T07:37:22.1869537Z ^[[36;1m  echo "CARGO_TERM_COLOR=always" >> $GITHUB_ENV^[[0m
build (x86_64-unknown-linux-gnu, ubuntu-latest)	Run actions-rust-lang/setup-rust-toolchain@v1	2026-09-09T07:37:22.1870042Z ^[[36;1mfi^[[0m
build (x86_64-unknown-linux-gnu, ubuntu-latest)	Run actions-rust-lang/setup-rust-toolchain@v1	2026-09-09T07:37:22.1870465Z ^[[36;1mif [[ ! -v RUST_BACKTRACE ]]; then^[[0m
build (x86_64-unknown-linux-gnu, ubuntu-latest)	Run actions-rust-lang/setup-rust-toolchain@v1	2026-09-09T07:37:22.1871005Z ^[[36;1m  echo "RUST_BACKTRACE=short" >> $GITHUB_ENV^[[0m
build (x86_64-unknown-linux-gnu, ubuntu-latest)	Run actions-rust-lang/setup-rust-toolchain@v1	2026-09-09T07:37:22.1871776Z ^[[36;1mfi^[[0m
build (x86_64-unknown-linux-gnu, ubuntu-latest)	Run actions-rust-lang/setup-rust-toolchain@v1	2026-09-09T07:37:22.1872396Z ^[[36;1mif [[ ( ! -v RUSTFLAGS ) && $_srt_NEW_RUSTFLAGS != "" ]]; then^[[0m
build (x86_64-unknown-linux-gnu, ubuntu-latest)	Run actions-rust-lang/setup-rust-toolchain@v1	2026-09-09T07:37:22.1873041Z ^[[36;1m  echo "RUSTFLAGS=$_srt_NEW_RUSTFLAGS" >> $GITHUB_ENV^[[0m
build (x86_64-unknown-linux-gnu, ubuntu-latest)	Run actions-rust-lang/setup-rust-toolchain@v1	2026-09-09T07:37:22.1873579Z ^[[36;1mfi^[[0m
build (x86_64-unknown-linux-gnu, ubuntu-latest)	Run actions-rust-lang/setup-rust-toolchain@v1	2026-09-09T07:37:22.1874028Z ^[[36;1m# Enable faster sparse index on nightly^[[0m
build (x86_64-unknown-linux-gnu, ubuntu-latest)	Run actions-rust-lang/setup-rust-toolchain@v1	2026-09-09T07:37:22.1874623Z ^[[36;1m# The value is ignored on stable and causes no problems^[[0m
build (x86_64-unknown-linux-gnu, ubuntu-latest)	Run actions-rust-lang/setup-rust-toolchain@v1	2026-09-09T07:37:22.1875396Z ^[[36;1m# https://internals.rust-lang.org/t/call-for-testing-cargo-sparse-registry/16862^[[0m
build (x86_64-unknown-linux-gnu, ubuntu-latest)	Run actions-rust-lang/setup-rust-toolchain@v1	2026-09-09T07:37:22.1876150Z ^[[36;1mif [[ ! -v CARGO_UNSTABLE_SPARSE_REGISTRY ]]; then^[[0m
build (x86_64-unknown-linux-gnu, ubuntu-latest)	Run actions-rust-lang/setup-rust-toolchain@v1	2026-09-09T07:37:22.1876776Z ^[[36;1m  echo "CARGO_UNSTABLE_SPARSE_REGISTRY=true" >> $GITHUB_ENV^[[0m
build (x86_64-unknown-linux-gnu, ubuntu-latest)	Run actions-rust-lang/setup-rust-toolchain@v1	2026-09-09T07:37:22.1877346Z ^[[36;1mfi^[[0m
build (x86_64-unknown-linux-gnu, ubuntu-latest)	Run actions-rust-lang/setup-rust-toolchain@v1	2026-09-09T07:37:22.1877821Z ^[[36;1mif [[ ! -v CARGO_REGISTRIES_CRATES_IO_PROTOCOL ]]; then^[[0m
build (x86_64-unknown-linux-gnu, ubuntu-latest)	Run actions-rust-lang/setup-rust-toolchain@v1	2026-09-09T07:37:22.1878490Z ^[[36;1m  echo "CARGO_REGISTRIES_CRATES_IO_PROTOCOL=sparse" >> $GITHUB_ENV^[[0m
build (x86_64-unknown-linux-gnu, ubuntu-latest)	Run actions-rust-lang/setup-rust-toolchain@v1	2026-09-09T07:37:22.1879085Z ^[[36;1mfi^[[0m
build (x86_64-unknown-linux-gnu, ubuntu-latest)	Run actions-rust-lang/setup-rust-toolchain@v1	2026-09-09T07:37:22.1917083Z shell: /usr/bin/bash --noprofile --norc -e -o pipefail {0}
build (x86_64-unknown-linux-gnu, ubuntu-latest)	Run actions-rust-lang/setup-rust-toolchain@v1	2026-09-09T07:37:22.1917683Z env:
build (x86_64-unknown-linux-gnu, ubuntu-latest)	Run actions-rust-lang/setup-rust-toolchain@v1	2026-09-09T07:37:22.1918110Z   _srt_NEW_RUSTFLAGS: -D warnings
build (x86_64-unknown-linux-gnu, ubuntu-latest)	Run actions-rust-lang/setup-rust-toolchain@v1	2026-09-09T07:37:22.1918575Z ##[endgroup]
build (x86_64-unknown-linux-gnu, ubuntu-latest)	Run actions-rust-lang/setup-rust-toolchain@v1	2026-09-09T07:37:22.1993182Z ##[end-action id=__actions-rust-lang_setup-rust-toolchain.__run_2;outcome=success;conclusion=success;duration_ms=20]
build (x86_64-unknown-linux-gnu, ubuntu-latest)	Run actions-rust-lang/setup-rust-toolchain@v1	2026-09-09T07:37:22.1996719Z ##[start-action display=Install Rust Problem Matcher;id=__actions-rust-lang_setup-rust-toolchain.__run_3]
build (x86_64-unknown-linux-gnu, ubuntu-latest)	Run actions-rust-lang/setup-rust-toolchain@v1	2026-09-09T07:37:22.2032908Z ##[group]Run echo "::add-matcher::/home/runner/work/_actions/actions-rust-lang/setup-rust-toolchain/v1/rust.json"
build (x86_64-unknown-linux-gnu, ubuntu-latest)	Run actions-rust-lang/setup-rust-toolchain@v1	2026-09-09T07:37:22.2033959Z ^[[36;1mecho "::add-matcher::/home/runner/work/_actions/actions-rust-lang/setup-rust-toolchain/v1/rust.json"^[[0m
build (x86_64-unknown-linux-gnu, ubuntu-latest)	Run actions-rust-lang/setup-rust-toolchain@v1	2026-09-09T07:37:22.2069835Z shell: /usr/bin/bash --noprofile --norc -e -o pipefail {0}
build (x86_64-unknown-linux-gnu, ubuntu-latest)	Run actions-rust-lang/setup-rust-toolchain@v1	2026-09-09T07:37:22.2070433Z env:
build (x86_64-unknown-linux-gnu, ubuntu-latest)	Run actions-rust-lang/setup-rust-toolchain@v1	2026-09-09T07:37:22.2070838Z   CARGO_INCREMENTAL: 0
build (x86_64-unknown-linux-gnu, ubuntu-latest)	Run actions-rust-lang/setup-rust-toolchain@v1	2026-09-09T07:37:22.2071298Z   CARGO_PROFILE_DEV_DEBUG: 0
build (x86_64-unknown-linux-gnu, ubuntu-latest)	Run actions-rust-lang/setup-rust-toolchain@v1	2026-09-09T07:37:22.2072169Z   CARGO_TERM_COLOR: always
build (x86_64-unknown-linux-gnu, ubuntu-latest)	Run actions-rust-lang/setup-rust-toolchain@v1	2026-09-09T07:37:22.2072664Z   RUST_BACKTRACE: short
build (x86_64-unknown-linux-gnu, ubuntu-latest)	Run actions-rust-lang/setup-rust-toolchain@v1	2026-09-09T07:37:22.2073113Z   RUSTFLAGS: -D warnings
build (x86_64-unknown-linux-gnu, ubuntu-latest)	Run actions-rust-lang/setup-rust-toolchain@v1	2026-09-09T07:37:22.2073578Z   CARGO_UNSTABLE_SPARSE_REGISTRY: true
build (x86_64-unknown-linux-gnu, ubuntu-latest)	Run actions-rust-lang/setup-rust-toolchain@v1	2026-09-09T07:37:22.2074092Z   CARGO_REGISTRIES_CRATES_IO_PROTOCOL: sparse
build (x86_64-unknown-linux-gnu, ubuntu-latest)	Run actions-rust-lang/setup-rust-toolchain@v1	2026-09-09T07:37:22.2074597Z ##[endgroup]
build (x86_64-unknown-linux-gnu, ubuntu-latest)	Run actions-rust-lang/setup-rust-toolchain@v1	2026-09-09T07:37:22.2163500Z ##[end-action id=__actions-rust-lang_setup-rust-toolchain.__run_3;outcome=success;conclusion=success;duration_ms=16]
build (x86_64-unknown-linux-gnu, ubuntu-latest)	Run actions-rust-lang/setup-rust-toolchain@v1	2026-09-09T07:37:22.2168092Z ##[start-action display=Install rustup, if needed;id=__actions-rust-lang_setup-rust-toolchain.__run_4]
build (x86_64-unknown-linux-gnu, ubuntu-latest)	Run actions-rust-lang/setup-rust-toolchain@v1	2026-09-09T07:37:22.2233286Z ##[group]Run if ! command -v rustup &> /dev/null ; then
build (x86_64-unknown-linux-gnu, ubuntu-latest)	Run actions-rust-lang/setup-rust-toolchain@v1	2026-09-09T07:37:22.2233930Z ^[[36;1mif ! command -v rustup &> /dev/null ; then^[[0m
build (x86_64-unknown-linux-gnu, ubuntu-latest)	Run actions-rust-lang/setup-rust-toolchain@v1	2026-09-09T07:37:22.2234830Z ^[[36;1m  curl --proto '=https' --tlsv1.2 --retry 10 --retry-connrefused -fsSL "https://sh.rustup.rs" | sh -s -- --default-toolchain none -y^[[0m
build (x86_64-unknown-linux-gnu, ubuntu-latest)	Run actions-rust-lang/setup-rust-toolchain@v1	2026-09-09T07:37:22.2235857Z ^[[36;1m^[[0m
build (x86_64-unknown-linux-gnu, ubuntu-latest)	Run actions-rust-lang/setup-rust-toolchain@v1	2026-09-09T07:37:22.2236335Z ^[[36;1m  # Resolve the correct CARGO_HOME path depending on OS^[[0m
build (x86_64-unknown-linux-gnu, ubuntu-latest)	Run actions-rust-lang/setup-rust-toolchain@v1	2026-09-09T07:37:22.2236931Z ^[[36;1m  if [[ "$RUNNER_OS" == "Windows" ]]; then^[[0m
build (x86_64-unknown-linux-gnu, ubuntu-latest)	Run actions-rust-lang/setup-rust-toolchain@v1	2026-09-09T07:37:22.2237576Z ^[[36;1m    echo "${CARGO_HOME:-$USERPROFILE/.cargo}/bin" | sed 's|/|\\|g' >> $GITHUB_PATH^[[0m
build (x86_64-unknown-linux-gnu, ubuntu-latest)	Run actions-rust-lang/setup-rust-toolchain@v1	2026-09-09T07:37:22.2238191Z ^[[36;1m  else^[[0m
build (x86_64-unknown-linux-gnu, ubuntu-latest)	Run actions-rust-lang/setup-rust-toolchain@v1	2026-09-09T07:37:22.2238649Z ^[[36;1m    echo "${CARGO_HOME:-$HOME/.cargo}/bin" >> $GITHUB_PATH^[[0m
build (x86_64-unknown-linux-gnu, ubuntu-latest)	Run actions-rust-lang/setup-rust-toolchain@v1	2026-09-09T07:37:22.2239166Z ^[[36;1m  fi^[[0m
build (x86_64-unknown-linux-gnu, ubuntu-latest)	Run actions-rust-lang/setup-rust-toolchain@v1	2026-09-09T07:37:22.2239551Z ^[[36;1mfi^[[0m
build (x86_64-unknown-linux-gnu, ubuntu-latest)	Run actions-rust-lang/setup-rust-toolchain@v1	2026-09-09T07:37:22.2276577Z shell: /usr/bin/bash --noprofile --norc -e -o pipefail {0}
build (x86_64-unknown-linux-gnu, ubuntu-latest)	Run actions-rust-lang/setup-rust-toolchain@v1	2026-09-09T07:37:22.2277133Z env:
build (x86_64-unknown-linux-gnu, ubuntu-latest)	Run actions-rust-lang/setup-rust-toolchain@v1	2026-09-09T07:37:22.2277588Z   CARGO_INCREMENTAL: 0
build (x86_64-unknown-linux-gnu, ubuntu-latest)	Run actions-rust-lang/setup-rust-toolchain@v1	2026-09-09T07:37:22.2278018Z   CARGO_PROFILE_DEV_DEBUG: 0
build (x86_64-unknown-linux-gnu, ubuntu-latest)	Run actions-rust-lang/setup-rust-toolchain@v1	2026-09-09T07:37:22.2278458Z   CARGO_TERM_COLOR: always
build (x86_64-unknown-linux-gnu, ubuntu-latest)	Run actions-rust-lang/setup-rust-toolchain@v1	2026-09-09T07:37:22.2278884Z   RUST_BACKTRACE: short
build (x86_64-unknown-linux-gnu, ubuntu-latest)	Run actions-rust-lang/setup-rust-toolchain@v1	2026-09-09T07:37:22.2279298Z   RUSTFLAGS: -D warnings
build (x86_64-unknown-linux-gnu, ubuntu-latest)	Run actions-rust-lang/setup-rust-toolchain@v1	2026-09-09T07:37:22.2279734Z   CARGO_UNSTABLE_SPARSE_REGISTRY: true
build (x86_64-unknown-linux-gnu, ubuntu-latest)	Run actions-rust-lang/setup-rust-toolchain@v1	2026-09-09T07:37:22.2280243Z   CARGO_REGISTRIES_CRATES_IO_PROTOCOL: sparse
build (x86_64-unknown-linux-gnu, ubuntu-latest)	Run actions-rust-lang/setup-rust-toolchain@v1	2026-09-09T07:37:22.2280748Z   RUNNER_OS: Linux
build (x86_64-unknown-linux-gnu, ubuntu-latest)	Run actions-rust-lang/setup-rust-toolchain@v1	2026-09-09T07:37:22.2281144Z ##[endgroup]
build (x86_64-unknown-linux-gnu, ubuntu-latest)	Run actions-rust-lang/setup-rust-toolchain@v1	2026-09-09T07:37:22.2353417Z ##[end-action id=__actions-rust-lang_setup-rust-toolchain.__run_4;outcome=success;conclusion=success;duration_ms=18]
build (x86_64-unknown-linux-gnu, ubuntu-latest)	Run actions-rust-lang/setup-rust-toolchain@v1	2026-09-09T07:37:22.2360876Z ##[start-action display=rustup toolchain install stable;id=__actions-rust-lang_setup-rust-toolchain.__run_5]
build (x86_64-unknown-linux-gnu, ubuntu-latest)	Run actions-rust-lang/setup-rust-toolchain@v1	2026-09-09T07:37:22.2396541Z ##[group]Run # Check if value is set
build (x86_64-unknown-linux-gnu, ubuntu-latest)	Run actions-rust-lang/setup-rust-toolchain@v1	2026-09-09T07:37:22.2397084Z ^[[36;1m# Check if value is set^[[0m
build (x86_64-unknown-linux-gnu, ubuntu-latest)	Run actions-rust-lang/setup-rust-toolchain@v1	2026-09-09T07:37:22.2397555Z ^[[36;1mif [[ -n "$_srt_rust_src_dir" ]]^[[0m
build (x86_64-unknown-linux-gnu, ubuntu-latest)	Run actions-rust-lang/setup-rust-toolchain@v1	2026-09-09T07:37:22.2398027Z ^[[36;1mthen^[[0m
build (x86_64-unknown-linux-gnu, ubuntu-latest)	Run actions-rust-lang/setup-rust-toolchain@v1	2026-09-09T07:37:22.2398467Z ^[[36;1m  # If value is set the directory must exist^[[0m
build (x86_64-unknown-linux-gnu, ubuntu-latest)	Run actions-rust-lang/setup-rust-toolchain@v1	2026-09-09T07:37:22.2398991Z ^[[36;1m  if [[ -d "$_srt_rust_src_dir" ]]^[[0m
build (x86_64-unknown-linux-gnu, ubuntu-latest)	Run actions-rust-lang/setup-rust-toolchain@v1	2026-09-09T07:37:22.2399473Z ^[[36;1m  then^[[0m
build (x86_64-unknown-linux-gnu, ubuntu-latest)	Run actions-rust-lang/setup-rust-toolchain@v1	2026-09-09T07:37:22.2399880Z ^[[36;1m    cd "$_srt_rust_src_dir"^[[0m
build (x86_64-unknown-linux-gnu, ubuntu-latest)	Run actions-rust-lang/setup-rust-toolchain@v1	2026-09-09T07:37:22.2400332Z ^[[36;1m  else^[[0m
build (x86_64-unknown-linux-gnu, ubuntu-latest)	Run actions-rust-lang/setup-rust-toolchain@v1	2026-09-09T07:37:22.2400875Z ^[[36;1m    echo "'rust-src-dir' does not point to an existing directory" >&2^[[0m
build (x86_64-unknown-linux-gnu, ubuntu-latest)	Run actions-rust-lang/setup-rust-toolchain@v1	2026-09-09T07:37:22.2402093Z ^[[36;1m    echo "The value of 'rust-src-dir' is: ${_srt_rust_src_dir}" >&2^[[0m
build (x86_64-unknown-linux-gnu, ubuntu-latest)	Run actions-rust-lang/setup-rust-toolchain@v1	2026-09-09T07:37:22.2402686Z ^[[36;1m    exit 1^[[0m
build (x86_64-unknown-linux-gnu, ubuntu-latest)	Run actions-rust-lang/setup-rust-toolchain@v1	2026-09-09T07:37:22.2403102Z ^[[36;1m  fi^[[0m
build (x86_64-unknown-linux-gnu, ubuntu-latest)	Run actions-rust-lang/setup-rust-toolchain@v1	2026-09-09T07:37:22.2403479Z ^[[36;1mfi^[[0m
build (x86_64-unknown-linux-gnu, ubuntu-latest)	Run actions-rust-lang/setup-rust-toolchain@v1	2026-09-09T07:37:22.2404030Z ^[[36;1mif [[ -z "$_srt_toolchain" && ( -f "rust-toolchain" || -f "rust-toolchain.toml") ]]^[[0m
build (x86_64-unknown-linux-gnu, ubuntu-latest)	Run actions-rust-lang/setup-rust-toolchain@v1	2026-09-09T07:37:22.2404653Z ^[[36;1mthen^[[0m
build (x86_64-unknown-linux-gnu, ubuntu-latest)	Run actions-rust-lang/setup-rust-toolchain@v1	2026-09-09T07:37:22.2405111Z ^[[36;1m  # Install the toolchain as specified in the file^[[0m
build (x86_64-unknown-linux-gnu, ubuntu-latest)	Run actions-rust-lang/setup-rust-toolchain@v1	2026-09-09T07:37:22.2405748Z ^[[36;1m  # rustup show is the old way that implicitly installed a toolchain^[[0m
build (x86_64-unknown-linux-gnu, ubuntu-latest)	Run actions-rust-lang/setup-rust-toolchain@v1	2026-09-09T07:37:22.2406398Z ^[[36;1m  # rustup toolchain install is the new explicit way^[[0m
build (x86_64-unknown-linux-gnu, ubuntu-latest)	Run actions-rust-lang/setup-rust-toolchain@v1	2026-09-09T07:37:22.2407077Z ^[[36;1m  # https://github.com/rust-lang/rustup/issues/3635#issuecomment-2343511297^[[0m
build (x86_64-unknown-linux-gnu, ubuntu-latest)	Run actions-rust-lang/setup-rust-toolchain@v1	2026-09-09T07:37:22.2407804Z ^[[36;1m  rustup show active-toolchain || rustup toolchain install^[[0m
build (x86_64-unknown-linux-gnu, ubuntu-latest)	Run actions-rust-lang/setup-rust-toolchain@v1	2026-09-09T07:37:22.2408408Z ^[[36;1m  if [[ -n $_srt_components ]]; then^[[0m
build (x86_64-unknown-linux-gnu, ubuntu-latest)	Run actions-rust-lang/setup-rust-toolchain@v1	2026-09-09T07:37:22.2408957Z ^[[36;1m    rustup component add ${_srt_components//,/ }^[[0m
build (x86_64-unknown-linux-gnu, ubuntu-latest)	Run actions-rust-lang/setup-rust-toolchain@v1	2026-09-09T07:37:22.2409458Z ^[[36;1m  fi^[[0m
build (x86_64-unknown-linux-gnu, ubuntu-latest)	Run actions-rust-lang/setup-rust-toolchain@v1	2026-09-09T07:37:22.2409870Z ^[[36;1m  if [[ -n $_srt_targets ]]; then^[[0m
build (x86_64-unknown-linux-gnu, ubuntu-latest)	Run actions-rust-lang/setup-rust-toolchain@v1	2026-09-09T07:37:22.2410382Z ^[[36;1m    rustup target add ${_srt_targets//,/ }^[[0m
build (x86_64-unknown-linux-gnu, ubuntu-latest)	Run actions-rust-lang/setup-rust-toolchain@v1	2026-09-09T07:37:22.2410870Z ^[[36;1m  fi^[[0m
build (x86_64-unknown-linux-gnu, ubuntu-latest)	Run actions-rust-lang/setup-rust-toolchain@v1	2026-09-09T07:37:22.2411286Z ^[[36;1melse^[[0m
build (x86_64-unknown-linux-gnu, ubuntu-latest)	Run actions-rust-lang/setup-rust-toolchain@v1	2026-09-09T07:37:22.2411917Z ^[[36;1m  if [[ -z "$_srt_toolchain" ]]^[[0m
build (x86_64-unknown-linux-gnu, ubuntu-latest)	Run actions-rust-lang/setup-rust-toolchain@v1	2026-09-09T07:37:22.2412391Z ^[[36;1m  then^[[0m
build (x86_64-unknown-linux-gnu, ubuntu-latest)	Run actions-rust-lang/setup-rust-toolchain@v1	2026-09-09T07:37:22.2412801Z ^[[36;1m    _srt_toolchain=stable^[[0m
build (x86_64-unknown-linux-gnu, ubuntu-latest)	Run actions-rust-lang/setup-rust-toolchain@v1	2026-09-09T07:37:22.2413241Z ^[[36;1m  fi^[[0m
build (x86_64-unknown-linux-gnu, ubuntu-latest)	Run actions-rust-lang/setup-rust-toolchain@v1	2026-09-09T07:37:22.2413825Z ^[[36;1m  rustup toolchain install ${_srt_toolchain//,/ }  --profile minimal --no-self-update^[[0m
build (x86_64-unknown-linux-gnu, ubuntu-latest)	Run actions-rust-lang/setup-rust-toolchain@v1	2026-09-09T07:37:22.2414516Z ^[[36;1m  # Take the last element from the list^[[0m
build (x86_64-unknown-linux-gnu, ubuntu-latest)	Run actions-rust-lang/setup-rust-toolchain@v1	2026-09-09T07:37:22.2415040Z ^[[36;1m  if [[ "$_srt_override" == "true" ]]^[[0m
build (x86_64-unknown-linux-gnu, ubuntu-latest)	Run actions-rust-lang/setup-rust-toolchain@v1	2026-09-09T07:37:22.2415512Z ^[[36;1m  then^[[0m
build (x86_64-unknown-linux-gnu, ubuntu-latest)	Run actions-rust-lang/setup-rust-toolchain@v1	2026-09-09T07:37:22.2416131Z ^[[36;1m    rustup override set ${_srt_toolchain//*,/ }^[[0m
build (x86_64-unknown-linux-gnu, ubuntu-latest)	Run actions-rust-lang/setup-rust-toolchain@v1	2026-09-09T07:37:22.2416645Z ^[[36;1m  fi^[[0m
build (x86_64-unknown-linux-gnu, ubuntu-latest)	Run actions-rust-lang/setup-rust-toolchain@v1	2026-09-09T07:37:22.2417030Z ^[[36;1mfi^[[0m
build (x86_64-unknown-linux-gnu, ubuntu-latest)	Run actions-rust-lang/setup-rust-toolchain@v1	2026-09-09T07:37:22.2453411Z shell: /usr/bin/bash --noprofile --norc -e -o pipefail {0}
build (x86_64-unknown-linux-gnu, ubuntu-latest)	Run actions-rust-lang/setup-rust-toolchain@v1	2026-09-09T07:37:22.2453980Z env:
build (x86_64-unknown-linux-gnu, ubuntu-latest)	Run actions-rust-lang/setup-rust-toolchain@v1	2026-09-09T07:37:22.2454364Z   CARGO_INCREMENTAL: 0
build (x86_64-unknown-linux-gnu, ubuntu-latest)	Run actions-rust-lang/setup-rust-toolchain@v1	2026-09-09T07:37:22.2454792Z   CARGO_PROFILE_DEV_DEBUG: 0
build (x86_64-unknown-linux-gnu, ubuntu-latest)	Run actions-rust-lang/setup-rust-toolchain@v1	2026-09-09T07:37:22.2455242Z   CARGO_TERM_COLOR: always
build (x86_64-unknown-linux-gnu, ubuntu-latest)	Run actions-rust-lang/setup-rust-toolchain@v1	2026-09-09T07:37:22.2455667Z   RUST_BACKTRACE: short
build (x86_64-unknown-linux-gnu, ubuntu-latest)	Run actions-rust-lang/setup-rust-toolchain@v1	2026-09-09T07:37:22.2456082Z   RUSTFLAGS: -D warnings
build (x86_64-unknown-linux-gnu, ubuntu-latest)	Run actions-rust-lang/setup-rust-toolchain@v1	2026-09-09T07:37:22.2456520Z   CARGO_UNSTABLE_SPARSE_REGISTRY: true
build (x86_64-unknown-linux-gnu, ubuntu-latest)	Run actions-rust-lang/setup-rust-toolchain@v1	2026-09-09T07:37:22.2457014Z   CARGO_REGISTRIES_CRATES_IO_PROTOCOL: sparse
build (x86_64-unknown-linux-gnu, ubuntu-latest)	Run actions-rust-lang/setup-rust-toolchain@v1	2026-09-09T07:37:22.2457506Z   _srt_toolchain: 
build (x86_64-unknown-linux-gnu, ubuntu-latest)	Run actions-rust-lang/setup-rust-toolchain@v1	2026-09-09T07:37:22.2457892Z   _srt_targets: 
build (x86_64-unknown-linux-gnu, ubuntu-latest)	Run actions-rust-lang/setup-rust-toolchain@v1	2026-09-09T07:37:22.2458277Z   _srt_components: 
build (x86_64-unknown-linux-gnu, ubuntu-latest)	Run actions-rust-lang/setup-rust-toolchain@v1	2026-09-09T07:37:22.2458668Z   _srt_override: true
build (x86_64-unknown-linux-gnu, ubuntu-latest)	Run actions-rust-lang/setup-rust-toolchain@v1	2026-09-09T07:37:22.2459071Z   _srt_rust_src_dir: 
build (x86_64-unknown-linux-gnu, ubuntu-latest)	Run actions-rust-lang/setup-rust-toolchain@v1	2026-09-09T07:37:22.2459463Z ##[endgroup]
build (x86_64-unknown-linux-gnu, ubuntu-latest)	Run actions-rust-lang/setup-rust-toolchain@v1	2026-09-09T07:37:22.4669482Z info: syncing channel updates for stable-x86_64-unknown-linux-gnu
build (x86_64-unknown-linux-gnu, ubuntu-latest)	Run actions-rust-lang/setup-rust-toolchain@v1	2026-09-09T07:37:22.6000850Z info: latest update on 2026-09-03 for version 1.98.1 (48a229cea 2026-09-01)
build (x86_64-unknown-linux-gnu, ubuntu-latest)	Run actions-rust-lang/setup-rust-toolchain@v1	2026-09-09T07:37:22.6202747Z info: removing previous version of component clippy
build (x86_64-unknown-linux-gnu, ubuntu-latest)	Run actions-rust-lang/setup-rust-toolchain@v1	2026-09-09T07:37:22.6219052Z info: removing previous version of component rustfmt
build (x86_64-unknown-linux-gnu, ubuntu-latest)	Run actions-rust-lang/setup-rust-toolchain@v1	2026-09-09T07:37:22.6229661Z info: removing previous version of component cargo
build (x86_64-unknown-linux-gnu, ubuntu-latest)	Run actions-rust-lang/setup-rust-toolchain@v1	2026-09-09T07:37:22.6278522Z info: removing previous version of component rust-std
build (x86_64-unknown-linux-gnu, ubuntu-latest)	Run actions-rust-lang/setup-rust-toolchain@v1	2026-09-09T07:37:22.6324391Z info: removing previous version of component rustc
build (x86_64-unknown-linux-gnu, ubuntu-latest)	Run actions-rust-lang/setup-rust-toolchain@v1	2026-09-09T07:37:22.6373477Z info: downloading 5 components
build (x86_64-unknown-linux-gnu, ubuntu-latest)	Run actions-rust-lang/setup-rust-toolchain@v1	2026-09-09T07:37:30.7176652Z 
build (x86_64-unknown-linux-gnu, ubuntu-latest)	Run actions-rust-lang/setup-rust-toolchain@v1	2026-09-09T07:37:30.7258541Z   stable-x86_64-unknown-linux-gnu updated - rustc 1.98.1 (48a229cea 2026-09-01) (from rustc 1.98.0 (88d9e12ae 2026-08-18))
build (x86_64-unknown-linux-gnu, ubuntu-latest)	Run actions-rust-lang/setup-rust-toolchain@v1	2026-09-09T07:37:30.7259243Z 
build (x86_64-unknown-linux-gnu, ubuntu-latest)	Run actions-rust-lang/setup-rust-toolchain@v1	2026-09-09T07:37:30.7377548Z info: override toolchain for /home/runner/work/vig/vig set to stable-x86_64-unknown-linux-gnu
build (x86_64-unknown-linux-gnu, ubuntu-latest)	Run actions-rust-lang/setup-rust-toolchain@v1	2026-09-09T07:37:30.7402841Z ##[end-action id=__actions-rust-lang_setup-rust-toolchain.__run_5;outcome=success;conclusion=success;duration_ms=8504]
build (x86_64-unknown-linux-gnu, ubuntu-latest)	Run actions-rust-lang/setup-rust-toolchain@v1	2026-09-09T07:37:30.7407625Z ##[start-action display=Print installed versions;id=__actions-rust-lang_setup-rust-toolchain.versions]
build (x86_64-unknown-linux-gnu, ubuntu-latest)	Run actions-rust-lang/setup-rust-toolchain@v1	2026-09-09T07:37:30.7443288Z ##[group]Run echo "rustc-version=$(rustc --version)" >> $GITHUB_OUTPUT
build (x86_64-unknown-linux-gnu, ubuntu-latest)	Run actions-rust-lang/setup-rust-toolchain@v1	2026-09-09T07:37:30.7443826Z ^[[36;1mecho "rustc-version=$(rustc --version)" >> $GITHUB_OUTPUT^[[0m
build (x86_64-unknown-linux-gnu, ubuntu-latest)	Run actions-rust-lang/setup-rust-toolchain@v1	2026-09-09T07:37:30.7444191Z ^[[36;1mrustc --version --verbose^[[0m
build (x86_64-unknown-linux-gnu, ubuntu-latest)	Run actions-rust-lang/setup-rust-toolchain@v1	2026-09-09T07:37:30.7444527Z ^[[36;1mecho "cargo-version=$(cargo --version)" >> $GITHUB_OUTPUT^[[0m
build (x86_64-unknown-linux-gnu, ubuntu-latest)	Run actions-rust-lang/setup-rust-toolchain@v1	2026-09-09T07:37:30.7444888Z ^[[36;1mcargo --version --verbose^[[0m
build (x86_64-unknown-linux-gnu, ubuntu-latest)	Run actions-rust-lang/setup-rust-toolchain@v1	2026-09-09T07:37:30.7445228Z ^[[36;1mecho "rustup-version=$(rustup --version)" >> $GITHUB_OUTPUT^[[0m
build (x86_64-unknown-linux-gnu, ubuntu-latest)	Run actions-rust-lang/setup-rust-toolchain@v1	2026-09-09T07:37:30.7445628Z ^[[36;1mrustup --version^[[0m
build (x86_64-unknown-linux-gnu, ubuntu-latest)	Run actions-rust-lang/setup-rust-toolchain@v1	2026-09-09T07:37:30.7445878Z ^[[36;1m^[[0m
build (x86_64-unknown-linux-gnu, ubuntu-latest)	Run actions-rust-lang/setup-rust-toolchain@v1	2026-09-09T07:37:30.7446347Z ^[[36;1m_srt_DATE=$(rustc --version --verbose | sed -ne 's/^commit-date: \(20[0-9][0-9]\)-\([01][0-9]\)-\([0-3][0-9]\)$/\1\2\3/p')^[[0m
build (x86_64-unknown-linux-gnu, ubuntu-latest)	Run actions-rust-lang/setup-rust-toolchain@v1	2026-09-09T07:37:30.7447035Z ^[[36;1m_srt_HASH=$(rustc --version --verbose | sed -ne 's/^commit-hash: //p')^[[0m
build (x86_64-unknown-linux-gnu, ubuntu-latest)	Run actions-rust-lang/setup-rust-toolchain@v1	2026-09-09T07:37:30.7447592Z ^[[36;1mecho "cachekey=$(echo $_srt_DATE$_srt_HASH | head -c12)" >> $GITHUB_OUTPUT^[[0m
build (x86_64-unknown-linux-gnu, ubuntu-latest)	Run actions-rust-lang/setup-rust-toolchain@v1	2026-09-09T07:37:30.7486191Z shell: /usr/bin/bash --noprofile --norc -e -o pipefail {0}
build (x86_64-unknown-linux-gnu, ubuntu-latest)	Run actions-rust-lang/setup-rust-toolchain@v1	2026-09-09T07:37:30.7486568Z env:
build (x86_64-unknown-linux-gnu, ubuntu-latest)	Run actions-rust-lang/setup-rust-toolchain@v1	2026-09-09T07:37:30.7486776Z   CARGO_INCREMENTAL: 0
build (x86_64-unknown-linux-gnu, ubuntu-latest)	Run actions-rust-lang/setup-rust-toolchain@v1	2026-09-09T07:37:30.7487038Z   CARGO_PROFILE_DEV_DEBUG: 0
build (x86_64-unknown-linux-gnu, ubuntu-latest)	Run actions-rust-lang/setup-rust-toolchain@v1	2026-09-09T07:37:30.7487323Z   CARGO_TERM_COLOR: always
build (x86_64-unknown-linux-gnu, ubuntu-latest)	Run actions-rust-lang/setup-rust-toolchain@v1	2026-09-09T07:37:30.7487572Z   RUST_BACKTRACE: short
build (x86_64-unknown-linux-gnu, ubuntu-latest)	Run actions-rust-lang/setup-rust-toolchain@v1	2026-09-09T07:37:30.7487804Z   RUSTFLAGS: -D warnings
build (x86_64-unknown-linux-gnu, ubuntu-latest)	Run actions-rust-lang/setup-rust-toolchain@v1	2026-09-09T07:37:30.7488071Z   CARGO_UNSTABLE_SPARSE_REGISTRY: true
build (x86_64-unknown-linux-gnu, ubuntu-latest)	Run actions-rust-lang/setup-rust-toolchain@v1	2026-09-09T07:37:30.7488376Z   CARGO_REGISTRIES_CRATES_IO_PROTOCOL: sparse
build (x86_64-unknown-linux-gnu, ubuntu-latest)	Run actions-rust-lang/setup-rust-toolchain@v1	2026-09-09T07:37:30.7488673Z ##[endgroup]
build (x86_64-unknown-linux-gnu, ubuntu-latest)	Run actions-rust-lang/setup-rust-toolchain@v1	2026-09-09T07:37:30.7794338Z rustc 1.98.1 (48a229cea 2026-09-01)
build (x86_64-unknown-linux-gnu, ubuntu-latest)	Run actions-rust-lang/setup-rust-toolchain@v1	2026-09-09T07:37:30.7795311Z binary: rustc
build (x86_64-unknown-linux-gnu, ubuntu-latest)	Run actions-rust-lang/setup-rust-toolchain@v1	2026-09-09T07:37:30.7795979Z commit-hash: 48a229ceaefd4985c50990b14116b6d856af0985
build (x86_64-unknown-linux-gnu, ubuntu-latest)	Run actions-rust-lang/setup-rust-toolchain@v1	2026-09-09T07:37:30.7796613Z commit-date: 2026-09-01
build (x86_64-unknown-linux-gnu, ubuntu-latest)	Run actions-rust-lang/setup-rust-toolchain@v1	2026-09-09T07:37:30.7797347Z host: x86_64-unknown-linux-gnu
build (x86_64-unknown-linux-gnu, ubuntu-latest)	Run actions-rust-lang/setup-rust-toolchain@v1	2026-09-09T07:37:30.7797757Z release: 1.98.1
build (x86_64-unknown-linux-gnu, ubuntu-latest)	Run actions-rust-lang/setup-rust-toolchain@v1	2026-09-09T07:37:30.7798002Z LLVM version: 22.1.8
build (x86_64-unknown-linux-gnu, ubuntu-latest)	Run actions-rust-lang/setup-rust-toolchain@v1	2026-09-09T07:37:30.8078924Z cargo 1.98.1 (797e8a9bc 2026-08-05)
build (x86_64-unknown-linux-gnu, ubuntu-latest)	Run actions-rust-lang/setup-rust-toolchain@v1	2026-09-09T07:37:30.8079811Z release: 1.98.1
build (x86_64-unknown-linux-gnu, ubuntu-latest)	Run actions-rust-lang/setup-rust-toolchain@v1	2026-09-09T07:37:30.8080153Z commit-hash: 797e8a9bca276c1c9f9f738d2a20f484fa4eea9d
build (x86_64-unknown-linux-gnu, ubuntu-latest)	Run actions-rust-lang/setup-rust-toolchain@v1	2026-09-09T07:37:30.8080654Z commit-date: 2026-08-05
build (x86_64-unknown-linux-gnu, ubuntu-latest)	Run actions-rust-lang/setup-rust-toolchain@v1	2026-09-09T07:37:30.8080960Z host: x86_64-unknown-linux-gnu
build (x86_64-unknown-linux-gnu, ubuntu-latest)	Run actions-rust-lang/setup-rust-toolchain@v1	2026-09-09T07:37:30.8081276Z libgit2: 1.9.4 (sys:0.21.0 vendored)
build (x86_64-unknown-linux-gnu, ubuntu-latest)	Run actions-rust-lang/setup-rust-toolchain@v1	2026-09-09T07:37:30.8082006Z libcurl: 8.21.0-DEV (sys:0.4.90+curl-8.21.0 vendored ssl:OpenSSL/3.6.3)
build (x86_64-unknown-linux-gnu, ubuntu-latest)	Run actions-rust-lang/setup-rust-toolchain@v1	2026-09-09T07:37:30.8082734Z ssl: OpenSSL 3.6.3 9 Jun 2026
build (x86_64-unknown-linux-gnu, ubuntu-latest)	Run actions-rust-lang/setup-rust-toolchain@v1	2026-09-09T07:37:30.8083233Z os: Ubuntu 24.4.0 (noble) [64-bit]
build (x86_64-unknown-linux-gnu, ubuntu-latest)	Run actions-rust-lang/setup-rust-toolchain@v1	2026-09-09T07:37:30.8125216Z info: This is the version for the rustup toolchain manager, not the rustc compiler.
build (x86_64-unknown-linux-gnu, ubuntu-latest)	Run actions-rust-lang/setup-rust-toolchain@v1	2026-09-09T07:37:30.8204932Z info: the currently active `rustc` version is `rustc 1.98.1 (48a229cea 2026-09-01)`
build (x86_64-unknown-linux-gnu, ubuntu-latest)	Run actions-rust-lang/setup-rust-toolchain@v1	2026-09-09T07:37:30.8256631Z info: This is the version for the rustup toolchain manager, not the rustc compiler.
build (x86_64-unknown-linux-gnu, ubuntu-latest)	Run actions-rust-lang/setup-rust-toolchain@v1	2026-09-09T07:37:30.8257438Z rustup 1.29.0 (28d1352db 2026-03-05)
build (x86_64-unknown-linux-gnu, ubuntu-latest)	Run actions-rust-lang/setup-rust-toolchain@v1	2026-09-09T07:37:30.8336868Z info: the currently active `rustc` version is `rustc 1.98.1 (48a229cea 2026-09-01)`
build (x86_64-unknown-linux-gnu, ubuntu-latest)	Run actions-rust-lang/setup-rust-toolchain@v1	2026-09-09T07:37:30.8628744Z ##[end-action id=__actions-rust-lang_setup-rust-toolchain.versions;outcome=success;conclusion=success;duration_ms=122]
build (x86_64-unknown-linux-gnu, ubuntu-latest)	Run actions-rust-lang/setup-rust-toolchain@v1	2026-09-09T07:37:30.8632145Z ##[start-action display=Downgrade registry access protocol when needed;id=__actions-rust-lang_setup-rust-toolchain.__run_6]
build (x86_64-unknown-linux-gnu, ubuntu-latest)	Run actions-rust-lang/setup-rust-toolchain@v1	2026-09-09T07:37:30.8661303Z ##[group]Run # Not all versions support setting CARGO_REGISTRIES_CRATES_IO_PROTOCOL
build (x86_64-unknown-linux-gnu, ubuntu-latest)	Run actions-rust-lang/setup-rust-toolchain@v1	2026-09-09T07:37:30.8662471Z ^[[36;1m# Not all versions support setting CARGO_REGISTRIES_CRATES_IO_PROTOCOL^[[0m
build (x86_64-unknown-linux-gnu, ubuntu-latest)	Run actions-rust-lang/setup-rust-toolchain@v1	2026-09-09T07:37:30.8663028Z ^[[36;1m# On versions 1.66, 1.67, and 1.68.0-nightly the value "sparse" is still unstable.^[[0m
build (x86_64-unknown-linux-gnu, ubuntu-latest)	Run actions-rust-lang/setup-rust-toolchain@v1	2026-09-09T07:37:30.8663620Z ^[[36;1m# https://github.com/dtolnay/rust-toolchain/pull/69#discussion_r1107268108^[[0m
build (x86_64-unknown-linux-gnu, ubuntu-latest)	Run actions-rust-lang/setup-rust-toolchain@v1	2026-09-09T07:37:30.8664222Z ^[[36;1m# If we detect an incompatible value, set it to "git" which is always supported.^[[0m
build (x86_64-unknown-linux-gnu, ubuntu-latest)	Run actions-rust-lang/setup-rust-toolchain@v1	2026-09-09T07:37:30.8665154Z ^[[36;1mif [[ "rustc 1.98.1 (48a229cea 2026-09-01)" =~ ^rustc\ (1\.6[67]\.|1\.68\.0-nightly) && "${CARGO_REGISTRIES_CRATES_IO_PROTOCOL}" == "sparse" ]]; then^[[0m
build (x86_64-unknown-linux-gnu, ubuntu-latest)	Run actions-rust-lang/setup-rust-toolchain@v1	2026-09-09T07:37:30.8665802Z ^[[36;1m  echo "Downgrade cargo registry protocol to git"^[[0m
build (x86_64-unknown-linux-gnu, ubuntu-latest)	Run actions-rust-lang/setup-rust-toolchain@v1	2026-09-09T07:37:30.8666217Z ^[[36;1m  echo "CARGO_REGISTRIES_CRATES_IO_PROTOCOL=git" >> $GITHUB_ENV^[[0m
build (x86_64-unknown-linux-gnu, ubuntu-latest)	Run actions-rust-lang/setup-rust-toolchain@v1	2026-09-09T07:37:30.8666583Z ^[[36;1mfi^[[0m
build (x86_64-unknown-linux-gnu, ubuntu-latest)	Run actions-rust-lang/setup-rust-toolchain@v1	2026-09-09T07:37:30.8704109Z shell: /usr/bin/bash --noprofile --norc -e -o pipefail {0}
build (x86_64-unknown-linux-gnu, ubuntu-latest)	Run actions-rust-lang/setup-rust-toolchain@v1	2026-09-09T07:37:30.8704477Z env:
build (x86_64-unknown-linux-gnu, ubuntu-latest)	Run actions-rust-lang/setup-rust-toolchain@v1	2026-09-09T07:37:30.8704685Z   CARGO_INCREMENTAL: 0
build (x86_64-unknown-linux-gnu, ubuntu-latest)	Run actions-rust-lang/setup-rust-toolchain@v1	2026-09-09T07:37:30.8704928Z   CARGO_PROFILE_DEV_DEBUG: 0
build (x86_64-unknown-linux-gnu, ubuntu-latest)	Run actions-rust-lang/setup-rust-toolchain@v1	2026-09-09T07:37:30.8705179Z   CARGO_TERM_COLOR: always
build (x86_64-unknown-linux-gnu, ubuntu-latest)	Run actions-rust-lang/setup-rust-toolchain@v1	2026-09-09T07:37:30.8705417Z   RUST_BACKTRACE: short
build (x86_64-unknown-linux-gnu, ubuntu-latest)	Run actions-rust-lang/setup-rust-toolchain@v1	2026-09-09T07:37:30.8705652Z   RUSTFLAGS: -D warnings
build (x86_64-unknown-linux-gnu, ubuntu-latest)	Run actions-rust-lang/setup-rust-toolchain@v1	2026-09-09T07:37:30.8705900Z   CARGO_UNSTABLE_SPARSE_REGISTRY: true
build (x86_64-unknown-linux-gnu, ubuntu-latest)	Run actions-rust-lang/setup-rust-toolchain@v1	2026-09-09T07:37:30.8706215Z   CARGO_REGISTRIES_CRATES_IO_PROTOCOL: sparse
build (x86_64-unknown-linux-gnu, ubuntu-latest)	Run actions-rust-lang/setup-rust-toolchain@v1	2026-09-09T07:37:30.8706519Z ##[endgroup]
build (x86_64-unknown-linux-gnu, ubuntu-latest)	Run actions-rust-lang/setup-rust-toolchain@v1	2026-09-09T07:37:30.8773823Z ##[end-action id=__actions-rust-lang_setup-rust-toolchain.__run_6;outcome=success;conclusion=success;duration_ms=14]
build (x86_64-unknown-linux-gnu, ubuntu-latest)	Run actions-rust-lang/setup-rust-toolchain@v1	2026-09-09T07:37:30.8776363Z ##[start-action display=Setup Rust Caching;id=__actions-rust-lang_setup-rust-toolchain.__Swatinem_rust-cache]
build (x86_64-unknown-linux-gnu, ubuntu-latest)	Run actions-rust-lang/setup-rust-toolchain@v1	2026-09-09T07:37:30.8864759Z ##[group]Run Swatinem/rust-cache@c19371144df3bb44fab255c43d04cbc2ab54d1c4
build (x86_64-unknown-linux-gnu, ubuntu-latest)	Run actions-rust-lang/setup-rust-toolchain@v1	2026-09-09T07:37:30.8865167Z with:
build (x86_64-unknown-linux-gnu, ubuntu-latest)	Run actions-rust-lang/setup-rust-toolchain@v1	2026-09-09T07:37:30.8865381Z   cache-on-failure: true
build (x86_64-unknown-linux-gnu, ubuntu-latest)	Run actions-rust-lang/setup-rust-toolchain@v1	2026-09-09T07:37:30.8865617Z   cache-bin: true
build (x86_64-unknown-linux-gnu, ubuntu-latest)	Run actions-rust-lang/setup-rust-toolchain@v1	2026-09-09T07:37:30.8865837Z   cache-provider: github
build (x86_64-unknown-linux-gnu, ubuntu-latest)	Run actions-rust-lang/setup-rust-toolchain@v1	2026-09-09T07:37:30.8866080Z   cache-all-crates: false
build (x86_64-unknown-linux-gnu, ubuntu-latest)	Run actions-rust-lang/setup-rust-toolchain@v1	2026-09-09T07:37:30.8866334Z   cache-workspace-crates: false
build (x86_64-unknown-linux-gnu, ubuntu-latest)	Run actions-rust-lang/setup-rust-toolchain@v1	2026-09-09T07:37:30.8866591Z   cache-targets: true
build (x86_64-unknown-linux-gnu, ubuntu-latest)	Run actions-rust-lang/setup-rust-toolchain@v1	2026-09-09T07:37:30.8866810Z   save-if: true
build (x86_64-unknown-linux-gnu, ubuntu-latest)	Run actions-rust-lang/setup-rust-toolchain@v1	2026-09-09T07:37:30.8867021Z   prefix-key: v0-rust
build (x86_64-unknown-linux-gnu, ubuntu-latest)	Run actions-rust-lang/setup-rust-toolchain@v1	2026-09-09T07:37:30.8867248Z   add-job-id-key: true
build (x86_64-unknown-linux-gnu, ubuntu-latest)	Run actions-rust-lang/setup-rust-toolchain@v1	2026-09-09T07:37:30.8867681Z   add-rust-environment-hash-key: true
build (x86_64-unknown-linux-gnu, ubuntu-latest)	Run actions-rust-lang/setup-rust-toolchain@v1	2026-09-09T07:37:30.8867982Z   lookup-only: false
build (x86_64-unknown-linux-gnu, ubuntu-latest)	Run actions-rust-lang/setup-rust-toolchain@v1	2026-09-09T07:37:30.8868197Z   cmd-format: {0}
build (x86_64-unknown-linux-gnu, ubuntu-latest)	Run actions-rust-lang/setup-rust-toolchain@v1	2026-09-09T07:37:30.8868400Z env:
build (x86_64-unknown-linux-gnu, ubuntu-latest)	Run actions-rust-lang/setup-rust-toolchain@v1	2026-09-09T07:37:30.8868597Z   CARGO_INCREMENTAL: 0
build (x86_64-unknown-linux-gnu, ubuntu-latest)	Run actions-rust-lang/setup-rust-toolchain@v1	2026-09-09T07:37:30.8868829Z   CARGO_PROFILE_DEV_DEBUG: 0
build (x86_64-unknown-linux-gnu, ubuntu-latest)	Run actions-rust-lang/setup-rust-toolchain@v1	2026-09-09T07:37:30.8869071Z   CARGO_TERM_COLOR: always
build (x86_64-unknown-linux-gnu, ubuntu-latest)	Run actions-rust-lang/setup-rust-toolchain@v1	2026-09-09T07:37:30.8869312Z   RUST_BACKTRACE: short
build (x86_64-unknown-linux-gnu, ubuntu-latest)	Run actions-rust-lang/setup-rust-toolchain@v1	2026-09-09T07:37:30.8869544Z   RUSTFLAGS: -D warnings
build (x86_64-unknown-linux-gnu, ubuntu-latest)	Run actions-rust-lang/setup-rust-toolchain@v1	2026-09-09T07:37:30.8869792Z   CARGO_UNSTABLE_SPARSE_REGISTRY: true
build (x86_64-unknown-linux-gnu, ubuntu-latest)	Run actions-rust-lang/setup-rust-toolchain@v1	2026-09-09T07:37:30.8870088Z   CARGO_REGISTRIES_CRATES_IO_PROTOCOL: sparse
build (x86_64-unknown-linux-gnu, ubuntu-latest)	Run actions-rust-lang/setup-rust-toolchain@v1	2026-09-09T07:37:30.8870374Z ##[endgroup]
build (x86_64-unknown-linux-gnu, ubuntu-latest)	Run actions-rust-lang/setup-rust-toolchain@v1	2026-09-09T07:37:31.1689390Z (node:2338) [DEP0040] DeprecationWarning: The `punycode` module is deprecated. Please use a userland alternative instead.
build (x86_64-unknown-linux-gnu, ubuntu-latest)	Run actions-rust-lang/setup-rust-toolchain@v1	2026-09-09T07:37:31.1691034Z (Use `node --trace-deprecation ...` to show where the warning was created)
build (x86_64-unknown-linux-gnu, ubuntu-latest)	Run actions-rust-lang/setup-rust-toolchain@v1	2026-09-09T07:37:31.3785847Z ##[group]Cache Configuration
build (x86_64-unknown-linux-gnu, ubuntu-latest)	Run actions-rust-lang/setup-rust-toolchain@v1	2026-09-09T07:37:31.3792985Z Cache Provider:
build (x86_64-unknown-linux-gnu, ubuntu-latest)	Run actions-rust-lang/setup-rust-toolchain@v1	2026-09-09T07:37:31.3793660Z     github
build (x86_64-unknown-linux-gnu, ubuntu-latest)	Run actions-rust-lang/setup-rust-toolchain@v1	2026-09-09T07:37:31.3794436Z Workspaces:
build (x86_64-unknown-linux-gnu, ubuntu-latest)	Run actions-rust-lang/setup-rust-toolchain@v1	2026-09-09T07:37:31.3796370Z     /home/runner/work/vig/vig
build (x86_64-unknown-linux-gnu, ubuntu-latest)	Run actions-rust-lang/setup-rust-toolchain@v1	2026-09-09T07:37:31.3797193Z Cache Paths:
build (x86_64-unknown-linux-gnu, ubuntu-latest)	Run actions-rust-lang/setup-rust-toolchain@v1	2026-09-09T07:37:31.3797972Z     /home/runner/.cargo/bin
build (x86_64-unknown-linux-gnu, ubuntu-latest)	Run actions-rust-lang/setup-rust-toolchain@v1	2026-09-09T07:37:31.3798755Z     /home/runner/.cargo/.crates.toml
build (x86_64-unknown-linux-gnu, ubuntu-latest)	Run actions-rust-lang/setup-rust-toolchain@v1	2026-09-09T07:37:31.3799644Z     /home/runner/.cargo/.crates2.json
build (x86_64-unknown-linux-gnu, ubuntu-latest)	Run actions-rust-lang/setup-rust-toolchain@v1	2026-09-09T07:37:31.3800421Z     /home/runner/.cargo/registry
build (x86_64-unknown-linux-gnu, ubuntu-latest)	Run actions-rust-lang/setup-rust-toolchain@v1	2026-09-09T07:37:31.3801161Z     /home/runner/.cargo/git
build (x86_64-unknown-linux-gnu, ubuntu-latest)	Run actions-rust-lang/setup-rust-toolchain@v1	2026-09-09T07:37:31.3802142Z     /home/runner/work/vig/vig/target
build (x86_64-unknown-linux-gnu, ubuntu-latest)	Run actions-rust-lang/setup-rust-toolchain@v1	2026-09-09T07:37:31.3802858Z Restore Key:
build (x86_64-unknown-linux-gnu, ubuntu-latest)	Run actions-rust-lang/setup-rust-toolchain@v1	2026-09-09T07:37:31.3803532Z     v0-rust-build-Linux-x64-09ed3713
build (x86_64-unknown-linux-gnu, ubuntu-latest)	Run actions-rust-lang/setup-rust-toolchain@v1	2026-09-09T07:37:31.3804244Z Cache Key:
build (x86_64-unknown-linux-gnu, ubuntu-latest)	Run actions-rust-lang/setup-rust-toolchain@v1	2026-09-09T07:37:31.3804885Z     v0-rust-build-Linux-x64-09ed3713-eb78a9df
build (x86_64-unknown-linux-gnu, ubuntu-latest)	Run actions-rust-lang/setup-rust-toolchain@v1	2026-09-09T07:37:31.3805664Z .. Prefix:
build (x86_64-unknown-linux-gnu, ubuntu-latest)	Run actions-rust-lang/setup-rust-toolchain@v1	2026-09-09T07:37:31.3806256Z   - v0-rust-build-Linux-x64
build (x86_64-unknown-linux-gnu, ubuntu-latest)	Run actions-rust-lang/setup-rust-toolchain@v1	2026-09-09T07:37:31.3806935Z .. Environment considered:
build (x86_64-unknown-linux-gnu, ubuntu-latest)	Run actions-rust-lang/setup-rust-toolchain@v1	2026-09-09T07:37:31.3807602Z   - Rust Versions:
build (x86_64-unknown-linux-gnu, ubuntu-latest)	Run actions-rust-lang/setup-rust-toolchain@v1	2026-09-09T07:37:31.3808445Z     - 1.98.1 x86_64-unknown-linux-gnu 48a229ceaefd4985c50990b14116b6d856af0985
build (x86_64-unknown-linux-gnu, ubuntu-latest)	Run actions-rust-lang/setup-rust-toolchain@v1	2026-09-09T07:37:31.3809798Z     - 1.98.1 x86_64-unknown-linux-gnu 48a229ceaefd4985c50990b14116b6d856af0985
build (x86_64-unknown-linux-gnu, ubuntu-latest)	Run actions-rust-lang/setup-rust-toolchain@v1	2026-09-09T07:37:31.3811292Z   - CARGO_INCREMENTAL
build (x86_64-unknown-linux-gnu, ubuntu-latest)	Run actions-rust-lang/setup-rust-toolchain@v1	2026-09-09T07:37:31.3812413Z   - CARGO_PROFILE_DEV_DEBUG
build (x86_64-unknown-linux-gnu, ubuntu-latest)	Run actions-rust-lang/setup-rust-toolchain@v1	2026-09-09T07:37:31.3813213Z   - CARGO_REGISTRIES_CRATES_IO_PROTOCOL
build (x86_64-unknown-linux-gnu, ubuntu-latest)	Run actions-rust-lang/setup-rust-toolchain@v1	2026-09-09T07:37:31.3814045Z   - CARGO_TERM_COLOR
build (x86_64-unknown-linux-gnu, ubuntu-latest)	Run actions-rust-lang/setup-rust-toolchain@v1	2026-09-09T07:37:31.3814754Z   - CARGO_UNSTABLE_SPARSE_REGISTRY
build (x86_64-unknown-linux-gnu, ubuntu-latest)	Run actions-rust-lang/setup-rust-toolchain@v1	2026-09-09T07:37:31.3815528Z   - RUST_BACKTRACE
build (x86_64-unknown-linux-gnu, ubuntu-latest)	Run actions-rust-lang/setup-rust-toolchain@v1	2026-09-09T07:37:31.3816199Z   - RUSTFLAGS
build (x86_64-unknown-linux-gnu, ubuntu-latest)	Run actions-rust-lang/setup-rust-toolchain@v1	2026-09-09T07:37:31.3816857Z .. Lockfiles considered:
build (x86_64-unknown-linux-gnu, ubuntu-latest)	Run actions-rust-lang/setup-rust-toolchain@v1	2026-09-09T07:37:31.3818174Z   - /home/runner/work/vig/vig/Cargo.lock
build (x86_64-unknown-linux-gnu, ubuntu-latest)	Run actions-rust-lang/setup-rust-toolchain@v1	2026-09-09T07:37:31.3819112Z   - /home/runner/work/vig/vig/Cargo.toml
build (x86_64-unknown-linux-gnu, ubuntu-latest)	Run actions-rust-lang/setup-rust-toolchain@v1	2026-09-09T07:37:31.3820470Z ##[endgroup]
build (x86_64-unknown-linux-gnu, ubuntu-latest)	Run actions-rust-lang/setup-rust-toolchain@v1	2026-09-09T07:37:31.3820952Z 
build (x86_64-unknown-linux-gnu, ubuntu-latest)	Run actions-rust-lang/setup-rust-toolchain@v1	2026-09-09T07:37:31.3821409Z ... Restoring cache ...
build (x86_64-unknown-linux-gnu, ubuntu-latest)	Run actions-rust-lang/setup-rust-toolchain@v1	2026-09-09T07:37:31.4673030Z No cache found.
build (x86_64-unknown-linux-gnu, ubuntu-latest)	Run actions-rust-lang/setup-rust-toolchain@v1	2026-09-09T07:37:31.4768852Z ##[end-action id=__actions-rust-lang_setup-rust-toolchain.__Swatinem_rust-cache;outcome=success;conclusion=success;duration_ms=599]
build (x86_64-unknown-linux-gnu, ubuntu-latest)	Build	﻿2026-09-09T07:37:31.4842522Z ##[group]Run cargo build --locked --release --features vendored
build (x86_64-unknown-linux-gnu, ubuntu-latest)	Build	2026-09-09T07:37:31.4843034Z ^[[36;1mcargo build --locked --release --features vendored^[[0m
build (x86_64-unknown-linux-gnu, ubuntu-latest)	Build	2026-09-09T07:37:31.4879237Z shell: /usr/bin/bash -e {0}
build (x86_64-unknown-linux-gnu, ubuntu-latest)	Build	2026-09-09T07:37:31.4879495Z env:
build (x86_64-unknown-linux-gnu, ubuntu-latest)	Build	2026-09-09T07:37:31.4879691Z   CARGO_INCREMENTAL: 0
build (x86_64-unknown-linux-gnu, ubuntu-latest)	Build	2026-09-09T07:37:31.4879931Z   CARGO_PROFILE_DEV_DEBUG: 0
build (x86_64-unknown-linux-gnu, ubuntu-latest)	Build	2026-09-09T07:37:31.4880175Z   CARGO_TERM_COLOR: always
build (x86_64-unknown-linux-gnu, ubuntu-latest)	Build	2026-09-09T07:37:31.4880410Z   RUST_BACKTRACE: short
build (x86_64-unknown-linux-gnu, ubuntu-latest)	Build	2026-09-09T07:37:31.4880631Z   RUSTFLAGS: -D warnings
build (x86_64-unknown-linux-gnu, ubuntu-latest)	Build	2026-09-09T07:37:31.4880871Z   CARGO_UNSTABLE_SPARSE_REGISTRY: true
build (x86_64-unknown-linux-gnu, ubuntu-latest)	Build	2026-09-09T07:37:31.4881170Z   CARGO_REGISTRIES_CRATES_IO_PROTOCOL: sparse
build (x86_64-unknown-linux-gnu, ubuntu-latest)	Build	2026-09-09T07:37:31.4881458Z   CACHE_ON_FAILURE: true
build (x86_64-unknown-linux-gnu, ubuntu-latest)	Build	2026-09-09T07:37:31.4881894Z ##[endgroup]
build (x86_64-unknown-linux-gnu, ubuntu-latest)	Build	2026-09-09T07:37:31.5435159Z ^[[1m^[[92m    Updating^[[0m crates.io index
build (x86_64-unknown-linux-gnu, ubuntu-latest)	Build	2026-09-09T07:37:32.2101071Z ^[[1m^[[92m Downloading^[[0m crates ...
build (x86_64-unknown-linux-gnu, ubuntu-latest)	Build	2026-09-09T07:37:32.4458550Z ^[[1m^[[92m  Downloaded^[[0m futures-core v0.3.31
build (x86_64-unknown-linux-gnu, ubuntu-latest)	Build	2026-09-09T07:37:32.4480522Z ^[[1m^[[92m  Downloaded^[[0m adler2 v2.0.1
build (x86_64-unknown-linux-gnu, ubuntu-latest)	Build	2026-09-09T07:37:32.4498867Z ^[[1m^[[92m  Downloaded^[[0m form_urlencoded v1.2.2
build (x86_64-unknown-linux-gnu, ubuntu-latest)	Build	2026-09-09T07:37:32.4510220Z ^[[1m^[[92m  Downloaded^[[0m futures-io v0.3.31
build (x86_64-unknown-linux-gnu, ubuntu-latest)	Build	2026-09-09T07:37:32.4522300Z ^[[1m^[[92m  Downloaded^[[0m inotify-sys v0.1.5
build (x86_64-unknown-linux-gnu, ubuntu-latest)	Build	2026-09-09T07:37:32.4534883Z ^[[1m^[[92m  Downloaded^[[0m lab v0.11.0
build (x86_64-unknown-linux-gnu, ubuntu-latest)	Build	2026-09-09T07:37:32.4555679Z ^[[1m^[[92m  Downloaded^[[0m mac_address v1.1.8
build (x86_64-unknown-linux-gnu, ubuntu-latest)	Build	2026-09-09T07:37:32.4578300Z ^[[1m^[[92m  Downloaded^[[0m futures-channel v0.3.31
build (x86_64-unknown-linux-gnu, ubuntu-latest)	Build	2026-09-09T07:37:32.4604868Z ^[[1m^[[92m  Downloaded^[[0m funty v2.0.0
build (x86_64-unknown-linux-gnu, ubuntu-latest)	Build	2026-09-09T07:37:32.4615362Z ^[[1m^[[92m  Downloaded^[[0m gif v0.14.2
build (x86_64-unknown-linux-gnu, ubuntu-latest)	Build	2026-09-09T07:37:32.4640808Z ^[[1m^[[92m  Downloaded^[[0m half v2.7.1
build (x86_64-unknown-linux-gnu, ubuntu-latest)	Build	2026-09-09T07:37:32.4681304Z ^[[1m^[[92m  Downloaded^[[0m notify v7.0.0
build (x86_64-unknown-linux-gnu, ubuntu-latest)	Build	2026-09-09T07:37:32.4706049Z ^[[1m^[[92m  Downloaded^[[0m icu_locale_core v2.1.1
build (x86_64-unknown-linux-gnu, ubuntu-latest)	Build	2026-09-09T07:37:32.4776957Z ^[[1m^[[92m  Downloaded^[[0m icu_normalizer v2.1.1
build (x86_64-unknown-linux-gnu, ubuntu-latest)	Build	2026-09-09T07:37:32.4814406Z ^[[1m^[[92m  Downloaded^[[0m icu_provider v2.1.1
build (x86_64-unknown-linux-gnu, ubuntu-latest)	Build	2026-09-09T07:37:32.4840307Z ^[[1m^[[92m  Downloaded^[[0m hyper-util v0.1.20
build (x86_64-unknown-linux-gnu, ubuntu-latest)	Build	2026-09-09T07:37:32.4907346Z ^[[1m^[[92m  Downloaded^[[0m icu_collections v2.1.1
build (x86_64-unknown-linux-gnu, ubuntu-latest)	Build	2026-09-09T07:37:32.4970645Z ^[[1m^[[92m  Downloaded^[[0m tap v1.0.1
build (x86_64-unknown-linux-gnu, ubuntu-latest)	Build	2026-09-09T07:37:32.4980676Z ^[[1m^[[92m  Downloaded^[[0m h2 v0.4.13
build (x86_64-unknown-linux-gnu, ubuntu-latest)	Build	2026-09-09T07:37:32.5053175Z ^[[1m^[[92m  Downloaded^[[0m moxcms v0.7.11
build (x86_64-unknown-linux-gnu, ubuntu-latest)	Build	2026-09-09T07:37:32.5160071Z ^[[1m^[[92m  Downloaded^[[0m thiserror v1.0.69
build (x86_64-unknown-linux-gnu, ubuntu-latest)	Build	2026-09-09T07:37:32.5222083Z ^[[1m^[[92m  Downloaded^[[0m git2 v0.20.4
build (x86_64-unknown-linux-gnu, ubuntu-latest)	Build	2026-09-09T07:37:32.5309179Z ^[[1m^[[92m  Downloaded^[[0m idna v1.1.0
build (x86_64-unknown-linux-gnu, ubuntu-latest)	Build	2026-09-09T07:37:32.5346386Z ^[[1m^[[92m  Downloaded^[[0m itoa v1.0.17
build (x86_64-unknown-linux-gnu, ubuntu-latest)	Build	2026-09-09T07:37:32.5361210Z ^[[1m^[[92m  Downloaded^[[0m mio v1.1.1
build (x86_64-unknown-linux-gnu, ubuntu-latest)	Build	2026-09-09T07:37:32.5424177Z ^[[1m^[[92m  Downloaded^[[0m terminfo v0.9.0
build (x86_64-unknown-linux-gnu, ubuntu-latest)	Build	2026-09-09T07:37:32.5451390Z ^[[1m^[[92m  Downloaded^[[0m termios v0.3.3
build (x86_64-unknown-linux-gnu, ubuntu-latest)	Build	2026-09-09T07:37:32.5470844Z ^[[1m^[[92m  Downloaded^[[0m thiserror v2.0.18
build (x86_64-unknown-linux-gnu, ubuntu-latest)	Build	2026-09-09T07:37:32.5542264Z ^[[1m^[[92m  Downloaded^[[0m inotify v0.10.2
build (x86_64-unknown-linux-gnu, ubuntu-latest)	Build	2026-09-09T07:37:32.5564799Z ^[[1m^[[92m  Downloaded^[[0m litemap v0.8.1
build (x86_64-unknown-linux-gnu, ubuntu-latest)	Build	2026-09-09T07:37:32.5594818Z ^[[1m^[[92m  Downloaded^[[0m log v0.4.29
build (x86_64-unknown-linux-gnu, ubuntu-latest)	Build	2026-09-09T07:37:32.5626258Z ^[[1m^[[92m  Downloaded^[[0m thiserror-impl v2.0.18
build (x86_64-unknown-linux-gnu, ubuntu-latest)	Build	2026-09-09T07:37:32.5643654Z ^[[1m^[[92m  Downloaded^[[0m tower-service v0.3.3
build (x86_64-unknown-linux-gnu, ubuntu-latest)	Build	2026-09-09T07:37:32.5651733Z ^[[1m^[[92m  Downloaded^[[0m libm v0.2.16
build (x86_64-unknown-linux-gnu, ubuntu-latest)	Build	2026-09-09T07:37:32.5823946Z ^[[1m^[[92m  Downloaded^[[0m tempfile v3.25.0
build (x86_64-unknown-linux-gnu, ubuntu-latest)	Build	2026-09-09T07:37:32.5849191Z ^[[1m^[[92m  Downloaded^[[0m gethostname v1.1.0
build (x86_64-unknown-linux-gnu, ubuntu-latest)	Build	2026-09-09T07:37:32.5859697Z ^[[1m^[[92m  Downloaded^[[0m http-body v1.0.1
build (x86_64-unknown-linux-gnu, ubuntu-latest)	Build	2026-09-09T07:37:32.5871648Z ^[[1m^[[92m  Downloaded^[[0m ident_case v1.0.1
build (x86_64-unknown-linux-gnu, ubuntu-latest)	Build	2026-09-09T07:37:32.5880403Z ^[[1m^[[92m  Downloaded^[[0m idna_adapter v1.2.1
build (x86_64-unknown-linux-gnu, ubuntu-latest)	Build	2026-09-09T07:37:32.5895993Z ^[[1m^[[92m  Downloaded^[[0m instant v0.1.13
build (x86_64-unknown-linux-gnu, ubuntu-latest)	Build	2026-09-09T07:37:32.5909396Z ^[[1m^[[92m  Downloaded^[[0m is_terminal_polyfill v1.70.2
build (x86_64-unknown-linux-gnu, ubuntu-latest)	Build	2026-09-09T07:37:32.5921749Z ^[[1m^[[92m  Downloaded^[[0m itertools v0.14.0
build (x86_64-unknown-linux-gnu, ubuntu-latest)	Build	2026-09-09T07:37:32.5993588Z ^[[1m^[[92m  Downloaded^[[0m kasuari v0.4.11
build (x86_64-unknown-linux-gnu, ubuntu-latest)	Build	2026-09-09T07:37:32.6026364Z ^[[1m^[[92m  Downloaded^[[0m kdl v6.7.1
build (x86_64-unknown-linux-gnu, ubuntu-latest)	Build	2026-09-09T07:37:32.6416197Z ^[[1m^[[92m  Downloaded^[[0m linked-hash-map v0.5.6
build (x86_64-unknown-linux-gnu, ubuntu-latest)	Build	2026-09-09T07:37:32.6426227Z ^[[1m^[[92m  Downloaded^[[0m notify-debouncer-mini v0.5.0
build (x86_64-unknown-linux-gnu, ubuntu-latest)	Build	2026-09-09T07:37:32.6434459Z ^[[1m^[[92m  Downloaded^[[0m notify-types v1.0.1
build (x86_64-unknown-linux-gnu, ubuntu-latest)	Build	2026-09-09T07:37:32.6467763Z ^[[1m^[[92m  Downloaded^[[0m num-derive v0.4.2
build (x86_64-unknown-linux-gnu, ubuntu-latest)	Build	2026-09-09T07:37:32.6485956Z ^[[1m^[[92m  Downloaded^[[0m number_prefix v0.4.0
build (x86_64-unknown-linux-gnu, ubuntu-latest)	Build	2026-09-09T07:37:32.6495041Z ^[[1m^[[92m  Downloaded^[[0m openssl-probe v0.1.6
build (x86_64-unknown-linux-gnu, ubuntu-latest)	Build	2026-09-09T07:37:32.6505879Z ^[[1m^[[92m  Downloaded^[[0m option-ext v0.2.0
build (x86_64-unknown-linux-gnu, ubuntu-latest)	Build	2026-09-09T07:37:32.6514010Z ^[[1m^[[92m  Downloaded^[[0m tar v0.4.46
build (x86_64-unknown-linux-gnu, ubuntu-latest)	Build	2026-09-09T07:37:32.6542560Z ^[[1m^[[92m  Downloaded^[[0m thiserror-impl v1.0.69
build (x86_64-unknown-linux-gnu, ubuntu-latest)	Build	2026-09-09T07:37:32.6555779Z ^[[1m^[[92m  Downloaded^[[0m tokio-rustls v0.26.4
build (x86_64-unknown-linux-gnu, ubuntu-latest)	Build	2026-09-09T07:37:32.6576271Z ^[[1m^[[92m  Downloaded^[[0m ucd-trie v0.1.7
build (x86_64-unknown-linux-gnu, ubuntu-latest)	Build	2026-09-09T07:37:32.6589720Z ^[[1m^[[92m  Downloaded^[[0m hex v0.4.3
build (x86_64-unknown-linux-gnu, ubuntu-latest)	Build	2026-09-09T07:37:32.6605506Z ^[[1m^[[92m  Downloaded^[[0m jobserver v0.1.34
build (x86_64-unknown-linux-gnu, ubuntu-latest)	Build	2026-09-09T07:37:32.6626047Z ^[[1m^[[92m  Downloaded^[[0m line-clipping v0.3.5
build (x86_64-unknown-linux-gnu, ubuntu-latest)	Build	2026-09-09T07:37:32.6647974Z ^[[1m^[[92m  Downloaded^[[0m untrusted v0.9.0
build (x86_64-unknown-linux-gnu, ubuntu-latest)	Build	2026-09-09T07:37:32.6672740Z ^[[1m^[[92m  Downloaded^[[0m unicode-truncate v2.0.1
build (x86_64-unknown-linux-gnu, ubuntu-latest)	Build	2026-09-09T07:37:32.6690584Z ^[[1m^[[92m  Downloaded^[[0m tinyvec v1.10.0
build (x86_64-unknown-linux-gnu, ubuntu-latest)	Build	2026-09-09T07:37:32.6719816Z ^[[1m^[[92m  Downloaded^[[0m wyz v0.5.1
build (x86_64-unknown-linux-gnu, ubuntu-latest)	Build	2026-09-09T07:37:32.6735615Z ^[[1m^[[92m  Downloaded^[[0m bincode v1.3.3
build (x86_64-unknown-linux-gnu, ubuntu-latest)	Build	2026-09-09T07:37:32.6758287Z ^[[1m^[[92m  Downloaded^[[0m futures-task v0.3.31
build (x86_64-unknown-linux-gnu, ubuntu-latest)	Build	2026-09-09T07:37:32.6792435Z ^[[1m^[[92m  Downloaded^[[0m ipnet v2.11.0
build (x86_64-unknown-linux-gnu, ubuntu-latest)	Build	2026-09-09T07:37:32.6808666Z ^[[1m^[[92m  Downloaded^[[0m num_threads v0.1.7
build (x86_64-unknown-linux-gnu, ubuntu-latest)	Build	2026-09-09T07:37:32.6832419Z ^[[1m^[[92m  Downloaded^[[0m vtparse v0.6.2
build (x86_64-unknown-linux-gnu, ubuntu-latest)	Build	2026-09-09T07:37:32.6833294Z ^[[1m^[[92m  Downloaded^[[0m wezterm-color-types v0.3.0
build (x86_64-unknown-linux-gnu, ubuntu-latest)	Build	2026-09-09T07:37:32.6857835Z ^[[1m^[[92m  Downloaded^[[0m wezterm-dynamic-derive v0.1.1
build (x86_64-unknown-linux-gnu, ubuntu-latest)	Build	2026-09-09T07:37:32.6858600Z ^[[1m^[[92m  Downloaded^[[0m atomic v0.6.1
build (x86_64-unknown-linux-gnu, ubuntu-latest)	Build	2026-09-09T07:37:32.6869227Z ^[[1m^[[92m  Downloaded^[[0m indoc v2.0.7
build (x86_64-unknown-linux-gnu, ubuntu-latest)	Build	2026-09-09T07:37:32.6900332Z ^[[1m^[[92m  Downloaded^[[0m instability v0.3.11
build (x86_64-unknown-linux-gnu, ubuntu-latest)	Build	2026-09-09T07:37:32.6915612Z ^[[1m^[[92m  Downloaded^[[0m lazy_static v1.5.0
build (x86_64-unknown-linux-gnu, ubuntu-latest)	Build	2026-09-09T07:37:32.6933476Z ^[[1m^[[92m  Downloaded^[[0m lru-slab v0.1.2
build (x86_64-unknown-linux-gnu, ubuntu-latest)	Build	2026-09-09T07:37:32.6941331Z ^[[1m^[[92m  Downloaded^[[0m memmem v0.1.1
build (x86_64-unknown-linux-gnu, ubuntu-latest)	Build	2026-09-09T07:37:32.6951057Z ^[[1m^[[92m  Downloaded^[[0m memoffset v0.9.1
build (x86_64-unknown-linux-gnu, ubuntu-latest)	Build	2026-09-09T07:37:32.6963434Z ^[[1m^[[92m  Downloaded^[[0m num-conv v0.2.0
build (x86_64-unknown-linux-gnu, ubuntu-latest)	Build	2026-09-09T07:37:32.6971361Z ^[[1m^[[92m  Downloaded^[[0m outref v0.5.2
build (x86_64-unknown-linux-gnu, ubuntu-latest)	Build	2026-09-09T07:37:32.6983514Z ^[[1m^[[92m  Downloaded^[[0m rand_chacha v0.3.1
build (x86_64-unknown-linux-gnu, ubuntu-latest)	Build	2026-09-09T07:37:32.6994262Z ^[[1m^[[92m  Downloaded^[[0m ref-cast v1.0.27
build (x86_64-unknown-linux-gnu, ubuntu-latest)	Build	2026-09-09T07:37:32.7023949Z ^[[1m^[[92m  Downloaded^[[0m ref-cast-impl v1.0.27
build (x86_64-unknown-linux-gnu, ubuntu-latest)	Build	2026-09-09T07:37:32.7031601Z ^[[1m^[[92m  Downloaded^[[0m same-file v1.0.6
build (x86_64-unknown-linux-gnu, ubuntu-latest)	Build	2026-09-09T07:37:32.7045360Z ^[[1m^[[92m  Downloaded^[[0m strsim v0.11.1
build (x86_64-unknown-linux-gnu, ubuntu-latest)	Build	2026-09-09T07:37:32.7058021Z ^[[1m^[[92m  Downloaded^[[0m tower-layer v0.3.3
build (x86_64-unknown-linux-gnu, ubuntu-latest)	Build	2026-09-09T07:37:32.7067296Z ^[[1m^[[92m  Downloaded^[[0m utf8_iter v1.0.4
build (x86_64-unknown-linux-gnu, ubuntu-latest)	Build	2026-09-09T07:37:32.7077323Z ^[[1m^[[92m  Downloaded^[[0m utf8parse v0.2.2
build (x86_64-unknown-linux-gnu, ubuntu-latest)	Build	2026-09-09T07:37:32.7086799Z ^[[1m^[[92m  Downloaded^[[0m want v0.3.1
build (x86_64-unknown-linux-gnu, ubuntu-latest)	Build	2026-09-09T07:37:32.7095784Z ^[[1m^[[92m  Downloaded^[[0m wezterm-blob-leases v0.1.1
build (x86_64-unknown-linux-gnu, ubuntu-latest)	Build	2026-09-09T07:37:32.7106681Z ^[[1m^[[92m  Downloaded^[[0m xattr v1.6.1
build (x86_64-unknown-linux-gnu, ubuntu-latest)	Build	2026-09-09T07:37:32.7126002Z ^[[1m^[[92m  Downloaded^[[0m zerofrom v0.1.6
build (x86_64-unknown-linux-gnu, ubuntu-latest)	Build	2026-09-09T07:37:32.7134677Z ^[[1m^[[92m  Downloaded^[[0m anstyle-query v1.1.5
build (x86_64-unknown-linux-gnu, ubuntu-latest)	Build	2026-09-09T07:37:32.7145800Z ^[[1m^[[92m  Downloaded^[[0m base64-simd v0.8.0
build (x86_64-unknown-linux-gnu, ubuntu-latest)	Build	2026-09-09T07:37:32.7159572Z ^[[1m^[[92m  Downloaded^[[0m block-buffer v0.10.4
build (x86_64-unknown-linux-gnu, ubuntu-latest)	Build	2026-09-09T07:37:32.7169759Z ^[[1m^[[92m  Downloaded^[[0m by_address v1.2.1
build (x86_64-unknown-linux-gnu, ubuntu-latest)	Build	2026-09-09T07:37:32.7178140Z ^[[1m^[[92m  Downloaded^[[0m cpufeatures v0.3.0
build (x86_64-unknown-linux-gnu, ubuntu-latest)	Build	2026-09-09T07:37:32.7192694Z ^[[1m^[[92m  Downloaded^[[0m dirs v6.0.0
build (x86_64-unknown-linux-gnu, ubuntu-latest)	Build	2026-09-09T07:37:32.7205473Z ^[[1m^[[92m  Downloaded^[[0m futures-sink v0.3.31
build (x86_64-unknown-linux-gnu, ubuntu-latest)	Build	2026-09-09T07:37:32.7213178Z ^[[1m^[[92m  Downloaded^[[0m generic-array v0.14.7
build (x86_64-unknown-linux-gnu, ubuntu-latest)	Build	2026-09-09T07:37:32.7227058Z ^[[1m^[[92m  Downloaded^[[0m getrandom v0.4.1
build (x86_64-unknown-linux-gnu, ubuntu-latest)	Build	2026-09-09T07:37:32.7265618Z ^[[1m^[[92m  Downloaded^[[0m heck v0.5.0
build (x86_64-unknown-linux-gnu, ubuntu-latest)	Build	2026-09-09T07:37:32.7278844Z ^[[1m^[[92m  Downloaded^[[0m http-body-util v0.1.3
build (x86_64-unknown-linux-gnu, ubuntu-latest)	Build	2026-09-09T07:37:32.7297014Z ^[[1m^[[92m  Downloaded^[[0m indicatif v0.17.11
build (x86_64-unknown-linux-gnu, ubuntu-latest)	Build	2026-09-09T07:37:32.7334912Z ^[[1m^[[92m  Downloaded^[[0m litrs v1.0.0
build (x86_64-unknown-linux-gnu, ubuntu-latest)	Build	2026-09-09T07:37:32.7365213Z ^[[1m^[[92m  Downloaded^[[0m lru v0.16.3
build (x86_64-unknown-linux-gnu, ubuntu-latest)	Build	2026-09-09T07:37:32.7376784Z ^[[1m^[[92m  Downloaded^[[0m once_cell v1.21.3
build (x86_64-unknown-linux-gnu, ubuntu-latest)	Build	2026-09-09T07:37:32.7402405Z ^[[1m^[[92m  Downloaded^[[0m ordered-float v4.6.0
build (x86_64-unknown-linux-gnu, ubuntu-latest)	Build	2026-09-09T07:37:32.7417463Z ^[[1m^[[92m  Downloaded^[[0m ordered-float v5.5.0
build (x86_64-unknown-linux-gnu, ubuntu-latest)	Build	2026-09-09T07:37:32.7434670Z ^[[1m^[[92m  Downloaded^[[0m palette_derive v0.7.7
build (x86_64-unknown-linux-gnu, ubuntu-latest)	Build	2026-09-09T07:37:32.7452872Z ^[[1m^[[92m  Downloaded^[[0m ratatui-crossterm v0.1.0
build (x86_64-unknown-linux-gnu, ubuntu-latest)	Build	2026-09-09T07:37:32.7462279Z ^[[1m^[[92m  Downloaded^[[0m serde_core v1.0.228
build (x86_64-unknown-linux-gnu, ubuntu-latest)	Build	2026-09-09T07:37:32.7490794Z ^[[1m^[[92m  Downloaded^[[0m serde_derive v1.0.228
build (x86_64-unknown-linux-gnu, ubuntu-latest)	Build	2026-09-09T07:37:32.7521904Z ^[[1m^[[92m  Downloaded^[[0m signal-hook-registry v1.4.8
build (x86_64-unknown-linux-gnu, ubuntu-latest)	Build	2026-09-09T07:37:32.7534245Z ^[[1m^[[92m  Downloaded^[[0m signature v2.2.0
build (x86_64-unknown-linux-gnu, ubuntu-latest)	Build	2026-09-09T07:37:32.7548943Z ^[[1m^[[92m  Downloaded^[[0m simd-adler32 v0.3.8
build (x86_64-unknown-linux-gnu, ubuntu-latest)	Build	2026-09-09T07:37:32.7567827Z ^[[1m^[[92m  Downloaded^[[0m static_assertions v1.1.0
build (x86_64-unknown-linux-gnu, ubuntu-latest)	Build	2026-09-09T07:37:32.7582123Z ^[[1m^[[92m  Downloaded^[[0m subtle v2.6.1
build (x86_64-unknown-linux-gnu, ubuntu-latest)	Build	2026-09-09T07:37:32.7593981Z ^[[1m^[[92m  Downloaded^[[0m time-core v0.1.8
build (x86_64-unknown-linux-gnu, ubuntu-latest)	Build	2026-09-09T07:37:32.7604830Z ^[[1m^[[92m  Downloaded^[[0m try-lock v0.2.5
build (x86_64-unknown-linux-gnu, ubuntu-latest)	Build	2026-09-09T07:37:32.7614135Z ^[[1m^[[92m  Downloaded^[[0m unicase v2.9.0
build (x86_64-unknown-linux-gnu, ubuntu-latest)	Build	2026-09-09T07:37:32.7628139Z ^[[1m^[[92m  Downloaded^[[0m urlencoding v2.1.3
build (x86_64-unknown-linux-gnu, ubuntu-latest)	Build	2026-09-09T07:37:32.7638007Z ^[[1m^[[92m  Downloaded^[[0m version_check v0.9.5
build (x86_64-unknown-linux-gnu, ubuntu-latest)	Build	2026-09-09T07:37:32.7650614Z ^[[1m^[[92m  Downloaded^[[0m wezterm-dynamic v0.2.1
build (x86_64-unknown-linux-gnu, ubuntu-latest)	Build	2026-09-09T07:37:32.7664517Z ^[[1m^[[92m  Downloaded^[[0m yoke-derive v0.8.1
build (x86_64-unknown-linux-gnu, ubuntu-latest)	Build	2026-09-09T07:37:32.7673916Z ^[[1m^[[92m  Downloaded^[[0m zerofrom-derive v0.1.6
build (x86_64-unknown-linux-gnu, ubuntu-latest)	Build	2026-09-09T07:37:32.7683434Z ^[[1m^[[92m  Downloaded^[[0m atomic-waker v1.1.2
build (x86_64-unknown-linux-gnu, ubuntu-latest)	Build	2026-09-09T07:37:32.7695640Z ^[[1m^[[92m  Downloaded^[[0m bit-set v0.5.3
build (x86_64-unknown-linux-gnu, ubuntu-latest)	Build	2026-09-09T07:37:32.7706106Z ^[[1m^[[92m  Downloaded^[[0m bit-set v0.8.0
build (x86_64-unknown-linux-gnu, ubuntu-latest)	Build	2026-09-09T07:37:32.7719115Z ^[[1m^[[92m  Downloaded^[[0m chacha20 v0.10.1
build (x86_64-unknown-linux-gnu, ubuntu-latest)	Build	2026-09-09T07:37:32.7743598Z ^[[1m^[[92m  Downloaded^[[0m clap v4.5.58
build (x86_64-unknown-linux-gnu, ubuntu-latest)	Build	2026-09-09T07:37:32.7841711Z ^[[1m^[[92m  Downloaded^[[0m digest v0.10.7
build (x86_64-unknown-linux-gnu, ubuntu-latest)	Build	2026-09-09T07:37:32.7860999Z ^[[1m^[[92m  Downloaded^[[0m dirs-sys v0.5.0
build (x86_64-unknown-linux-gnu, ubuntu-latest)	Build	2026-09-09T07:37:32.7877543Z ^[[1m^[[92m  Downloaded^[[0m getrandom v0.2.17
build (x86_64-unknown-linux-gnu, ubuntu-latest)	Build	2026-09-09T07:37:32.7925068Z ^[[1m^[[92m  Downloaded^[[0m getrandom v0.3.4
build (x86_64-unknown-linux-gnu, ubuntu-latest)	Build	2026-09-09T07:37:32.7980467Z ^[[1m^[[92m  Downloaded^[[0m httparse v1.10.1
build (x86_64-unknown-linux-gnu, ubuntu-latest)	Build	2026-09-09T07:37:32.8011834Z ^[[1m^[[92m  Downloaded^[[0m hyper-rustls v0.27.7
build (x86_64-unknown-linux-gnu, ubuntu-latest)	Build	2026-09-09T07:37:32.8037074Z ^[[1m^[[92m  Downloaded^[[0m icu_normalizer_data v2.1.1
build (x86_64-unknown-linux-gnu, ubuntu-latest)	Build	2026-09-09T07:37:32.8057997Z ^[[1m^[[92m  Downloaded^[[0m icu_properties v2.1.2
build (x86_64-unknown-linux-gnu, ubuntu-latest)	Build	2026-09-09T07:37:32.8079658Z ^[[1m^[[92m  Downloaded^[[0m image-webp v0.2.4
build (x86_64-unknown-linux-gnu, ubuntu-latest)	Build	2026-09-09T07:37:32.8101685Z ^[[1m^[[92m  Downloaded^[[0m lock_api v0.4.14
build (x86_64-unknown-linux-gnu, ubuntu-latest)	Build	2026-09-09T07:37:32.8114727Z ^[[1m^[[92m  Downloaded^[[0m minimal-lexical v0.2.1
build (x86_64-unknown-linux-gnu, ubuntu-latest)	Build	2026-09-09T07:37:32.8160956Z ^[[1m^[[92m  Downloaded^[[0m miniz_oxide v0.8.9
build (x86_64-unknown-linux-gnu, ubuntu-latest)	Build	2026-09-09T07:37:32.8186223Z ^[[1m^[[92m  Downloaded^[[0m num-traits v0.2.19
build (x86_64-unknown-linux-gnu, ubuntu-latest)	Build	2026-09-09T07:37:32.8212757Z ^[[1m^[[92m  Downloaded^[[0m openssl-sys v0.9.111
build (x86_64-unknown-linux-gnu, ubuntu-latest)	Build	2026-09-09T07:37:32.8270191Z ^[[1m^[[92m  Downloaded^[[0m palette_math v0.7.7
build (x86_64-unknown-linux-gnu, ubuntu-latest)	Build	2026-09-09T07:37:32.8284556Z ^[[1m^[[92m  Downloaded^[[0m percent-encoding v2.3.2
build (x86_64-unknown-linux-gnu, ubuntu-latest)	Build	2026-09-09T07:37:32.8293723Z ^[[1m^[[92m  Downloaded^[[0m phf v0.11.3
build (x86_64-unknown-linux-gnu, ubuntu-latest)	Build	2026-09-09T07:37:32.8306081Z ^[[1m^[[92m  Downloaded^[[0m phf_codegen v0.11.3
build (x86_64-unknown-linux-gnu, ubuntu-latest)	Build	2026-09-09T07:37:32.8315203Z ^[[1m^[[92m  Downloaded^[[0m phf_generator v0.11.3
build (x86_64-unknown-linux-gnu, ubuntu-latest)	Build	2026-09-09T07:37:32.8326833Z ^[[1m^[[92m  Downloaded^[[0m phf_macros v0.11.3
build (x86_64-unknown-linux-gnu, ubuntu-latest)	Build	2026-09-09T07:37:32.8336682Z ^[[1m^[[92m  Downloaded^[[0m phf_shared v0.11.3
build (x86_64-unknown-linux-gnu, ubuntu-latest)	Build	2026-09-09T07:37:32.8346152Z ^[[1m^[[92m  Downloaded^[[0m pin-project-lite v0.2.16
build (x86_64-unknown-linux-gnu, ubuntu-latest)	Build	2026-09-09T07:37:32.8406796Z ^[[1m^[[92m  Downloaded^[[0m pin-utils v0.1.0
build (x86_64-unknown-linux-gnu, ubuntu-latest)	Build	2026-09-09T07:37:32.8419205Z ^[[1m^[[92m  Downloaded^[[0m pkcs8 v0.10.2
build (x86_64-unknown-linux-gnu, ubuntu-latest)	Build	2026-09-09T07:37:32.8448289Z ^[[1m^[[92m  Downloaded^[[0m safe_arch v1.2.0
build (x86_64-unknown-linux-gnu, ubuntu-latest)	Build	2026-09-09T07:37:32.8496484Z ^[[1m^[[92m  Downloaded^[[0m strum_macros v0.27.2
build (x86_64-unknown-linux-gnu, ubuntu-latest)	Build	2026-09-09T07:37:32.8521011Z ^[[1m^[[92m  Downloaded^[[0m tinystr v0.8.2
build (x86_64-unknown-linux-gnu, ubuntu-latest)	Build	2026-09-09T07:37:32.8541584Z ^[[1m^[[92m  Downloaded^[[0m tinyvec_macros v0.1.1
build (x86_64-unknown-linux-gnu, ubuntu-latest)	Build	2026-09-09T07:37:32.8550147Z ^[[1m^[[92m  Downloaded^[[0m vsimd v0.8.0
build (x86_64-unknown-linux-gnu, ubuntu-latest)	Build	2026-09-09T07:37:32.8572054Z ^[[1m^[[92m  Downloaded^[[0m walkdir v2.5.0
build (x86_64-unknown-linux-gnu, ubuntu-latest)	Build	2026-09-09T07:37:32.8590577Z ^[[1m^[[92m  Downloaded^[[0m wezterm-input-types v0.1.0
build (x86_64-unknown-linux-gnu, ubuntu-latest)	Build	2026-09-09T07:37:32.8598806Z ^[[1m^[[92m  Downloaded^[[0m yaml-rust v0.4.5
build (x86_64-unknown-linux-gnu, ubuntu-latest)	Build	2026-09-09T07:37:32.8624271Z ^[[1m^[[92m  Downloaded^[[0m yoke v0.8.1
build (x86_64-unknown-linux-gnu, ubuntu-latest)	Build	2026-09-09T07:37:32.8641306Z ^[[1m^[[92m  Downloaded^[[0m zerovec-derive v0.11.2
build (x86_64-unknown-linux-gnu, ubuntu-latest)	Build	2026-09-09T07:37:32.8656597Z ^[[1m^[[92m  Downloaded^[[0m zipsign-api v0.1.5
build (x86_64-unknown-linux-gnu, ubuntu-latest)	Build	2026-09-09T07:37:32.8676625Z ^[[1m^[[92m  Downloaded^[[0m zmij v1.0.21
build (x86_64-unknown-linux-gnu, ubuntu-latest)	Build	2026-09-09T07:37:32.8694837Z ^[[1m^[[92m  Downloaded^[[0m zune-core v0.5.3
build (x86_64-unknown-linux-gnu, ubuntu-latest)	Build	2026-09-09T07:37:32.8718394Z ^[[1m^[[92m  Downloaded^[[0m anstream v0.6.21
build (x86_64-unknown-linux-gnu, ubuntu-latest)	Build	2026-09-09T07:37:32.8738799Z ^[[1m^[[92m  Downloaded^[[0m anstyle v1.0.13
build (x86_64-unknown-linux-gnu, ubuntu-latest)	Build	2026-09-09T07:37:32.8753878Z ^[[1m^[[92m  Downloaded^[[0m anstyle-parse v0.2.7
build (x86_64-unknown-linux-gnu, ubuntu-latest)	Build	2026-09-09T07:37:32.8770015Z ^[[1m^[[92m  Downloaded^[[0m autocfg v1.5.0
build (x86_64-unknown-linux-gnu, ubuntu-latest)	Build	2026-09-09T07:37:32.8789725Z ^[[1m^[[92m  Downloaded^[[0m base64ct v1.8.3
build (x86_64-unknown-linux-gnu, ubuntu-latest)	Build	2026-09-09T07:37:32.8815542Z ^[[1m^[[92m  Downloaded^[[0m bit-vec v0.6.3
build (x86_64-unknown-linux-gnu, ubuntu-latest)	Build	2026-09-09T07:37:32.8828154Z ^[[1m^[[92m  Downloaded^[[0m bitflags v1.3.2
build (x86_64-unknown-linux-gnu, ubuntu-latest)	Build	2026-09-09T07:37:32.8861360Z ^[[1m^[[92m  Downloaded^[[0m colorchoice v1.0.4
build (x86_64-unknown-linux-gnu, ubuntu-latest)	Build	2026-09-09T07:37:32.8871229Z ^[[1m^[[92m  Downloaded^[[0m derive_more-impl v2.1.1
build (x86_64-unknown-linux-gnu, ubuntu-latest)	Build	2026-09-09T07:37:32.8925384Z ^[[1m^[[92m  Downloaded^[[0m displaydoc v0.2.5
build (x86_64-unknown-linux-gnu, ubuntu-latest)	Build	2026-09-09T07:37:32.8956145Z ^[[1m^[[92m  Downloaded^[[0m either v1.15.0
build (x86_64-unknown-linux-gnu, ubuntu-latest)	Build	2026-09-09T07:37:32.8971166Z ^[[1m^[[92m  Downloaded^[[0m equivalent v1.0.2
build (x86_64-unknown-linux-gnu, ubuntu-latest)	Build	2026-09-09T07:37:32.8981619Z ^[[1m^[[92m  Downloaded^[[0m filetime v0.2.27
build (x86_64-unknown-linux-gnu, ubuntu-latest)	Build	2026-09-09T07:37:32.8998787Z ^[[1m^[[92m  Downloaded^[[0m hashbrown v0.16.1
build (x86_64-unknown-linux-gnu, ubuntu-latest)	Build	2026-09-09T07:37:32.9049938Z ^[[1m^[[92m  Downloaded^[[0m http v1.4.0
build (x86_64-unknown-linux-gnu, ubuntu-latest)	Build	2026-09-09T07:37:32.9087582Z ^[[1m^[[92m  Downloaded^[[0m icu_properties_data v2.1.2
build (x86_64-unknown-linux-gnu, ubuntu-latest)	Build	2026-09-09T07:37:32.9192726Z ^[[1m^[[92m  Downloaded^[[0m indexmap v2.13.0
build (x86_64-unknown-linux-gnu, ubuntu-latest)	Build	2026-09-09T07:37:32.9235839Z ^[[1m^[[92m  Downloaded^[[0m iri-string v0.7.10
build (x86_64-unknown-linux-gnu, ubuntu-latest)	Build	2026-09-09T07:37:32.9325454Z ^[[1m^[[92m  Downloaded^[[0m memchr v2.8.0
build (x86_64-unknown-linux-gnu, ubuntu-latest)	Build	2026-09-09T07:37:32.9383027Z ^[[1m^[[92m  Downloaded^[[0m miette v7.6.0
build (x86_64-unknown-linux-gnu, ubuntu-latest)	Build	2026-09-09T07:37:32.9431737Z ^[[1m^[[92m  Downloaded^[[0m nom v7.1.3
build (x86_64-unknown-linux-gnu, ubuntu-latest)	Build	2026-09-09T07:37:32.9487528Z ^[[1m^[[92m  Downloaded^[[0m parking_lot v0.12.5
build (x86_64-unknown-linux-gnu, ubuntu-latest)	Build	2026-09-09T07:37:32.9514934Z ^[[1m^[[92m  Downloaded^[[0m parking_lot_core v0.9.12
build (x86_64-unknown-linux-gnu, ubuntu-latest)	Build	2026-09-09T07:37:32.9538265Z ^[[1m^[[92m  Downloaded^[[0m pest_derive v2.8.6
build (x86_64-unknown-linux-gnu, ubuntu-latest)	Build	2026-09-09T07:37:32.9564556Z ^[[1m^[[92m  Downloaded^[[0m pest_generator v2.8.6
build (x86_64-unknown-linux-gnu, ubuntu-latest)	Build	2026-09-09T07:37:32.9582190Z ^[[1m^[[92m  Downloaded^[[0m pest_meta v2.8.6
build (x86_64-unknown-linux-gnu, ubuntu-latest)	Build	2026-09-09T07:37:32.9607888Z ^[[1m^[[92m  Downloaded^[[0m potential_utf v0.1.4
build (x86_64-unknown-linux-gnu, ubuntu-latest)	Build	2026-09-09T07:37:32.9623339Z ^[[1m^[[92m  Downloaded^[[0m powerfmt v0.2.0
build (x86_64-unknown-linux-gnu, ubuntu-latest)	Build	2026-09-09T07:37:32.9632178Z ^[[1m^[[92m  Downloaded^[[0m rand v0.10.2
build (x86_64-unknown-linux-gnu, ubuntu-latest)	Build	2026-09-09T07:37:32.9679585Z ^[[1m^[[92m  Downloaded^[[0m rand_core v0.6.4
build (x86_64-unknown-linux-gnu, ubuntu-latest)	Build	2026-09-09T07:37:32.9692120Z ^[[1m^[[92m  Downloaded^[[0m regex v1.12.3
build (x86_64-unknown-linux-gnu, ubuntu-latest)	Build	2026-09-09T07:37:32.9750014Z ^[[1m^[[92m  Downloaded^[[0m rustls-pki-types v1.14.0
build (x86_64-unknown-linux-gnu, ubuntu-latest)	Build	2026-09-09T07:37:32.9780953Z ^[[1m^[[92m  Downloaded^[[0m scopeguard v1.2.0
build (x86_64-unknown-linux-gnu, ubuntu-latest)	Build	2026-09-09T07:37:32.9795152Z ^[[1m^[[92m  Downloaded^[[0m time-macros v0.2.27
build (x86_64-unknown-linux-gnu, ubuntu-latest)	Build	2026-09-09T07:37:32.9820626Z ^[[1m^[[92m  Downloaded^[[0m unicode-ident v1.0.23
build (x86_64-unknown-linux-gnu, ubuntu-latest)	Build	2026-09-09T07:37:32.9851701Z ^[[1m^[[92m  Downloaded^[[0m unicode-segmentation v1.12.0
build (x86_64-unknown-linux-gnu, ubuntu-latest)	Build	2026-09-09T07:37:32.9883032Z ^[[1m^[[92m  Downloaded^[[0m uuid v1.21.0
build (x86_64-unknown-linux-gnu, ubuntu-latest)	Build	2026-09-09T07:37:32.9916678Z ^[[1m^[[92m  Downloaded^[[0m weezl v0.1.12
build (x86_64-unknown-linux-gnu, ubuntu-latest)	Build	2026-09-09T07:37:32.9945892Z ^[[1m^[[92m  Downloaded^[[0m writeable v0.6.2
build (x86_64-unknown-linux-gnu, ubuntu-latest)	Build	2026-09-09T07:37:32.9967035Z ^[[1m^[[92m  Downloaded^[[0m zeroize v1.8.2
build (x86_64-unknown-linux-gnu, ubuntu-latest)	Build	2026-09-09T07:37:32.9989467Z ^[[1m^[[92m  Downloaded^[[0m zune-core v0.4.12
build (x86_64-unknown-linux-gnu, ubuntu-latest)	Build	2026-09-09T07:37:33.0000446Z ^[[1m^[[92m  Downloaded^[[0m allocator-api2 v0.2.21
build (x86_64-unknown-linux-gnu, ubuntu-latest)	Build	2026-09-09T07:37:33.0032987Z ^[[1m^[[92m  Downloaded^[[0m anyhow v1.0.101
build (x86_64-unknown-linux-gnu, ubuntu-latest)	Build	2026-09-09T07:37:33.0075521Z ^[[1m^[[92m  Downloaded^[[0m arboard v3.6.1
build (x86_64-unknown-linux-gnu, ubuntu-latest)	Build	2026-09-09T07:37:33.0105081Z ^[[1m^[[92m  Downloaded^[[0m bit-vec v0.8.0
build (x86_64-unknown-linux-gnu, ubuntu-latest)	Build	2026-09-09T07:37:33.0122632Z ^[[1m^[[92m  Downloaded^[[0m clap_builder v4.5.58
build (x86_64-unknown-linux-gnu, ubuntu-latest)	Build	2026-09-09T07:37:33.0190422Z ^[[1m^[[92m  Downloaded^[[0m crc32fast v1.5.0
build (x86_64-unknown-linux-gnu, ubuntu-latest)	Build	2026-09-09T07:37:33.0210891Z ^[[1m^[[92m  Downloaded^[[0m csscolorparser v0.6.2
build (x86_64-unknown-linux-gnu, ubuntu-latest)	Build	2026-09-09T07:37:33.0223639Z ^[[1m^[[92m  Downloaded^[[0m ed25519-dalek v2.2.0
build (x86_64-unknown-linux-gnu, ubuntu-latest)	Build	2026-09-09T07:37:33.0256232Z ^[[1m^[[92m  Downloaded^[[0m errno v0.3.14
build (x86_64-unknown-linux-gnu, ubuntu-latest)	Build	2026-09-09T07:37:33.0272106Z ^[[1m^[[92m  Downloaded^[[0m find-msvc-tools v0.1.9
build (x86_64-unknown-linux-gnu, ubuntu-latest)	Build	2026-09-09T07:37:33.0288351Z ^[[1m^[[92m  Downloaded^[[0m futures-util v0.3.31
build (x86_64-unknown-linux-gnu, ubuntu-latest)	Build	2026-09-09T07:37:33.0422670Z ^[[1m^[[92m  Downloaded^[[0m hyper v1.8.1
build (x86_64-unknown-linux-gnu, ubuntu-latest)	Build	2026-09-09T07:37:33.0492940Z ^[[1m^[[92m  Downloaded^[[0m pest v2.8.6
build (x86_64-unknown-linux-gnu, ubuntu-latest)	Build	2026-09-09T07:37:33.0538973Z ^[[1m^[[92m  Downloaded^[[0m pkg-config v0.3.32
build (x86_64-unknown-linux-gnu, ubuntu-latest)	Build	2026-09-09T07:37:33.0556635Z ^[[1m^[[92m  Downloaded^[[0m plist v1.8.0
build (x86_64-unknown-linux-gnu, ubuntu-latest)	Build	2026-09-09T07:37:33.0583919Z ^[[1m^[[92m  Downloaded^[[0m ppv-lite86 v0.2.21
build (x86_64-unknown-linux-gnu, ubuntu-latest)	Build	2026-09-09T07:37:33.0597063Z ^[[1m^[[92m  Downloaded^[[0m proc-macro2 v1.0.106
build (x86_64-unknown-linux-gnu, ubuntu-latest)	Build	2026-09-09T07:37:33.0627729Z ^[[1m^[[92m  Downloaded^[[0m quick-error v2.0.1
build (x86_64-unknown-linux-gnu, ubuntu-latest)	Build	2026-09-09T07:37:33.0641887Z ^[[1m^[[92m  Downloaded^[[0m rand_xoshiro v0.8.1
build (x86_64-unknown-linux-gnu, ubuntu-latest)	Build	2026-09-09T07:37:33.0663008Z ^[[1m^[[92m  Downloaded^[[0m siphasher v1.0.2
build (x86_64-unknown-linux-gnu, ubuntu-latest)	Build	2026-09-09T07:37:33.0677120Z ^[[1m^[[92m  Downloaded^[[0m sysinfo v0.39.6
build (x86_64-unknown-linux-gnu, ubuntu-latest)	Build	2026-09-09T07:37:33.0803673Z ^[[1m^[[92m  Downloaded^[[0m tracing-core v0.1.36
build (x86_64-unknown-linux-gnu, ubuntu-latest)	Build	2026-09-09T07:37:33.0830865Z ^[[1m^[[92m  Downloaded^[[0m typenum v1.19.0
build (x86_64-unknown-linux-gnu, ubuntu-latest)	Build	2026-09-09T07:37:33.0859494Z ^[[1m^[[92m  Downloaded^[[0m url v2.5.8
build (x86_64-unknown-linux-gnu, ubuntu-latest)	Build	2026-09-09T07:37:33.0885551Z ^[[1m^[[92m  Downloaded^[[0m wezterm-bidi v0.2.3
build (x86_64-unknown-linux-gnu, ubuntu-latest)	Build	2026-09-09T07:37:33.0905575Z ^[[1m^[[92m  Downloaded^[[0m zerotrie v0.2.3
build (x86_64-unknown-linux-gnu, ubuntu-latest)	Build	2026-09-09T07:37:33.0941792Z ^[[1m^[[92m  Downloaded^[[0m zerovec v0.11.5
build (x86_64-unknown-linux-gnu, ubuntu-latest)	Build	2026-09-09T07:37:33.0998884Z ^[[1m^[[92m  Downloaded^[[0m zune-jpeg v0.4.21
build (x86_64-unknown-linux-gnu, ubuntu-latest)	Build	2026-09-09T07:37:33.1032074Z ^[[1m^[[92m  Downloaded^[[0m zune-jpeg v0.5.15
build (x86_64-unknown-linux-gnu, ubuntu-latest)	Build	2026-09-09T07:37:33.1070334Z ^[[1m^[[92m  Downloaded^[[0m base64 v0.22.1
build (x86_64-unknown-linux-gnu, ubuntu-latest)	Build	2026-09-09T07:37:33.1109745Z ^[[1m^[[92m  Downloaded^[[0m bytemuck v1.25.0
build (x86_64-unknown-linux-gnu, ubuntu-latest)	Build	2026-09-09T07:37:33.1142981Z ^[[1m^[[92m  Downloaded^[[0m image v0.25.9
build (x86_64-unknown-linux-gnu, ubuntu-latest)	Build	2026-09-09T07:37:33.1235198Z ^[[1m^[[92m  Downloaded^[[0m png v0.18.1
build (x86_64-unknown-linux-gnu, ubuntu-latest)	Build	2026-09-09T07:37:33.1277069Z ^[[1m^[[92m  Downloaded^[[0m pulldown-cmark-escape v0.11.0
build (x86_64-unknown-linux-gnu, ubuntu-latest)	Build	2026-09-09T07:37:33.1284947Z ^[[1m^[[92m  Downloaded^[[0m quinn-udp v0.5.14
build (x86_64-unknown-linux-gnu, ubuntu-latest)	Build	2026-09-09T07:37:33.1303163Z ^[[1m^[[92m  Downloaded^[[0m quote v1.0.44
build (x86_64-unknown-linux-gnu, ubuntu-latest)	Build	2026-09-09T07:37:33.1331148Z ^[[1m^[[92m  Downloaded^[[0m radium v0.7.0
build (x86_64-unknown-linux-gnu, ubuntu-latest)	Build	2026-09-09T07:37:33.1341912Z ^[[1m^[[92m  Downloaded^[[0m rand_core v0.10.1
build (x86_64-unknown-linux-gnu, ubuntu-latest)	Build	2026-09-09T07:37:33.1358714Z ^[[1m^[[92m  Downloaded^[[0m rand_pcg v0.10.2
build (x86_64-unknown-linux-gnu, ubuntu-latest)	Build	2026-09-09T07:37:33.1373860Z ^[[1m^[[92m  Downloaded^[[0m ratatui-macros v0.7.0
build (x86_64-unknown-linux-gnu, ubuntu-latest)	Build	2026-09-09T07:37:33.1389350Z ^[[1m^[[92m  Downloaded^[[0m ratatui-termwiz v0.1.0
build (x86_64-unknown-linux-gnu, ubuntu-latest)	Build	2026-09-09T07:37:33.1399717Z ^[[1m^[[92m  Downloaded^[[0m rustc-hash v2.1.1
build (x86_64-unknown-linux-gnu, ubuntu-latest)	Build	2026-09-09T07:37:33.1414457Z ^[[1m^[[92m  Downloaded^[[0m rustc_version v0.4.1
build (x86_64-unknown-linux-gnu, ubuntu-latest)	Build	2026-09-09T07:37:33.1442855Z ^[[1m^[[92m  Downloaded^[[0m serde_urlencoded v0.7.1
build (x86_64-unknown-linux-gnu, ubuntu-latest)	Build	2026-09-09T07:37:33.1451384Z ^[[1m^[[92m  Downloaded^[[0m slab v0.4.12
build (x86_64-unknown-linux-gnu, ubuntu-latest)	Build	2026-09-09T07:37:33.1462751Z ^[[1m^[[92m  Downloaded^[[0m strum v0.27.2
build (x86_64-unknown-linux-gnu, ubuntu-latest)	Build	2026-09-09T07:37:33.1475417Z ^[[1m^[[92m  Downloaded^[[0m sync_wrapper v1.0.2
build (x86_64-unknown-linux-gnu, ubuntu-latest)	Build	2026-09-09T07:37:33.1483692Z ^[[1m^[[92m  Downloaded^[[0m tower v0.5.3
build (x86_64-unknown-linux-gnu, ubuntu-latest)	Build	2026-09-09T07:37:33.1592997Z ^[[1m^[[92m  Downloaded^[[0m unicode-width v0.1.14
build (x86_64-unknown-linux-gnu, ubuntu-latest)	Build	2026-09-09T07:37:33.1650948Z ^[[1m^[[92m  Downloaded^[[0m zerocopy-derive v0.8.39
build (x86_64-unknown-linux-gnu, ubuntu-latest)	Build	2026-09-09T07:37:33.1750835Z ^[[1m^[[92m  Downloaded^[[0m bytemuck_derive v1.12.0
build (x86_64-unknown-linux-gnu, ubuntu-latest)	Build	2026-09-09T07:37:33.1765214Z ^[[1m^[[92m  Downloaded^[[0m byteorder-lite v0.1.0
build (x86_64-unknown-linux-gnu, ubuntu-latest)	Build	2026-09-09T07:37:33.1776327Z ^[[1m^[[92m  Downloaded^[[0m castaway v0.2.4
build (x86_64-unknown-linux-gnu, ubuntu-latest)	Build	2026-09-09T07:37:33.1794088Z ^[[1m^[[92m  Downloaded^[[0m cfg-if v1.0.4
build (x86_64-unknown-linux-gnu, ubuntu-latest)	Build	2026-09-09T07:37:33.1807549Z ^[[1m^[[92m  Downloaded^[[0m cfg_aliases v0.2.1
build (x86_64-unknown-linux-gnu, ubuntu-latest)	Build	2026-09-09T07:37:33.1817745Z ^[[1m^[[92m  Downloaded^[[0m clap_lex v1.0.0
build (x86_64-unknown-linux-gnu, ubuntu-latest)	Build	2026-09-09T07:37:33.1828923Z ^[[1m^[[92m  Downloaded^[[0m color_quant v1.1.0
build (x86_64-unknown-linux-gnu, ubuntu-latest)	Build	2026-09-09T07:37:33.1839950Z ^[[1m^[[92m  Downloaded^[[0m der v0.7.10
build (x86_64-unknown-linux-gnu, ubuntu-latest)	Build	2026-09-09T07:37:33.1898733Z ^[[1m^[[92m  Downloaded^[[0m document-features v0.2.12
build (x86_64-unknown-linux-gnu, ubuntu-latest)	Build	2026-09-09T07:37:33.1913482Z ^[[1m^[[92m  Downloaded^[[0m ed25519 v2.2.3
build (x86_64-unknown-linux-gnu, ubuntu-latest)	Build	2026-09-09T07:37:33.1932085Z ^[[1m^[[92m  Downloaded^[[0m palette v0.7.7
build (x86_64-unknown-linux-gnu, ubuntu-latest)	Build	2026-09-09T07:37:33.2057997Z ^[[1m^[[92m  Downloaded^[[0m quinn v0.11.9
build (x86_64-unknown-linux-gnu, ubuntu-latest)	Build	2026-09-09T07:37:33.2090947Z ^[[1m^[[92m  Downloaded^[[0m rustversion v1.0.22
build (x86_64-unknown-linux-gnu, ubuntu-latest)	Build	2026-09-09T07:37:33.2120655Z ^[[1m^[[92m  Downloaded^[[0m self_cell v1.3.0
build (x86_64-unknown-linux-gnu, ubuntu-latest)	Build	2026-09-09T07:37:33.2131441Z ^[[1m^[[92m  Downloaded^[[0m self_update v0.42.0
build (x86_64-unknown-linux-gnu, ubuntu-latest)	Build	2026-09-09T07:37:33.2157692Z ^[[1m^[[92m  Downloaded^[[0m semver v1.0.27
build (x86_64-unknown-linux-gnu, ubuntu-latest)	Build	2026-09-09T07:37:33.2181249Z ^[[1m^[[92m  Downloaded^[[0m sha2 v0.10.9
build (x86_64-unknown-linux-gnu, ubuntu-latest)	Build	2026-09-09T07:37:33.2208464Z ^[[1m^[[92m  Downloaded^[[0m signal-hook-mio v0.2.5
build (x86_64-unknown-linux-gnu, ubuntu-latest)	Build	2026-09-09T07:37:33.2221680Z ^[[1m^[[92m  Downloaded^[[0m smallvec v1.15.1
build (x86_64-unknown-linux-gnu, ubuntu-latest)	Build	2026-09-09T07:37:33.2243821Z ^[[1m^[[92m  Downloaded^[[0m stable_deref_trait v1.2.1
build (x86_64-unknown-linux-gnu, ubuntu-latest)	Build	2026-09-09T07:37:33.2253038Z ^[[1m^[[92m  Downloaded^[[0m syn v1.0.109
build (x86_64-unknown-linux-gnu, ubuntu-latest)	Build	2026-09-09T07:37:33.4008465Z ^[[1m^[[92m  Downloaded^[[0m synstructure v0.13.2
build (x86_64-unknown-linux-gnu, ubuntu-latest)	Build	2026-09-09T07:37:33.4020220Z ^[[1m^[[92m  Downloaded^[[0m tokio-util v0.7.18
build (x86_64-unknown-linux-gnu, ubuntu-latest)	Build	2026-09-09T07:37:33.4104464Z ^[[1m^[[92m  Downloaded^[[0m bitflags v2.11.0
build (x86_64-unknown-linux-gnu, ubuntu-latest)	Build	2026-09-09T07:37:33.4149853Z ^[[1m^[[92m  Downloaded^[[0m clap_derive v4.5.55
build (x86_64-unknown-linux-gnu, ubuntu-latest)	Build	2026-09-09T07:37:33.4173996Z ^[[1m^[[92m  Downloaded^[[0m cpufeatures v0.2.17
build (x86_64-unknown-linux-gnu, ubuntu-latest)	Build	2026-09-09T07:37:33.4189646Z ^[[1m^[[92m  Downloaded^[[0m crossterm v0.28.1
build (x86_64-unknown-linux-gnu, ubuntu-latest)	Build	2026-09-09T07:37:33.4261080Z ^[[1m^[[92m  Downloaded^[[0m crossterm v0.29.0
build (x86_64-unknown-linux-gnu, ubuntu-latest)	Build	2026-09-09T07:37:33.4335196Z ^[[1m^[[92m  Downloaded^[[0m crypto-common v0.1.7
build (x86_64-unknown-linux-gnu, ubuntu-latest)	Build	2026-09-09T07:37:33.4345991Z ^[[1m^[[92m  Downloaded^[[0m curve25519-dalek-derive v0.1.1
build (x86_64-unknown-linux-gnu, ubuntu-latest)	Build	2026-09-09T07:37:33.4356451Z ^[[1m^[[92m  Downloaded^[[0m euclid v0.22.13
build (x86_64-unknown-linux-gnu, ubuntu-latest)	Build	2026-09-09T07:37:33.4389177Z ^[[1m^[[92m  Downloaded^[[0m fancy-regex v0.11.0
build (x86_64-unknown-linux-gnu, ubuntu-latest)	Build	2026-09-09T07:37:33.4423986Z ^[[1m^[[92m  Downloaded^[[0m fancy-regex v0.16.2
build (x86_64-unknown-linux-gnu, ubuntu-latest)	Build	2026-09-09T07:37:33.4461901Z ^[[1m^[[92m  Downloaded^[[0m fastrand v2.3.0
build (x86_64-unknown-linux-gnu, ubuntu-latest)	Build	2026-09-09T07:37:33.4475659Z ^[[1m^[[92m  Downloaded^[[0m fax_derive v0.2.0
build (x86_64-unknown-linux-gnu, ubuntu-latest)	Build	2026-09-09T07:37:33.4482898Z ^[[1m^[[92m  Downloaded^[[0m nix v0.29.0
build (x86_64-unknown-linux-gnu, ubuntu-latest)	Build	2026-09-09T07:37:33.4595480Z ^[[1m^[[92m  Downloaded^[[0m portable-atomic v1.13.1
build (x86_64-unknown-linux-gnu, ubuntu-latest)	Build	2026-09-09T07:37:33.4669732Z ^[[1m^[[92m  Downloaded^[[0m quantette v0.6.0
build (x86_64-unknown-linux-gnu, ubuntu-latest)	Build	2026-09-09T07:37:33.4704707Z ^[[1m^[[92m  Downloaded^[[0m rand v0.8.8
build (x86_64-unknown-linux-gnu, ubuntu-latest)	Build	2026-09-09T07:37:33.4738856Z ^[[1m^[[92m  Downloaded^[[0m ratatui v0.30.0
build (x86_64-unknown-linux-gnu, ubuntu-latest)	Build	2026-09-09T07:37:33.4776274Z ^[[1m^[[92m  Downloaded^[[0m self-replace v1.5.0
build (x86_64-unknown-linux-gnu, ubuntu-latest)	Build	2026-09-09T07:37:33.4793598Z ^[[1m^[[92m  Downloaded^[[0m shlex v1.3.0
build (x86_64-unknown-linux-gnu, ubuntu-latest)	Build	2026-09-09T07:37:33.4806320Z ^[[1m^[[92m  Downloaded^[[0m tower-http v0.6.8
build (x86_64-unknown-linux-gnu, ubuntu-latest)	Build	2026-09-09T07:37:33.4893973Z ^[[1m^[[92m  Downloaded^[[0m unicode-width v0.2.2
build (x86_64-unknown-linux-gnu, ubuntu-latest)	Build	2026-09-09T07:37:33.4948563Z ^[[1m^[[92m  Downloaded^[[0m compact_str v0.9.0
build (x86_64-unknown-linux-gnu, ubuntu-latest)	Build	2026-09-09T07:37:33.4981010Z ^[[1m^[[92m  Downloaded^[[0m darling_macro v0.23.0
build (x86_64-unknown-linux-gnu, ubuntu-latest)	Build	2026-09-09T07:37:33.4988754Z ^[[1m^[[92m  Downloaded^[[0m fax v0.2.6
build (x86_64-unknown-linux-gnu, ubuntu-latest)	Build	2026-09-09T07:37:33.5004271Z ^[[1m^[[92m  Downloaded^[[0m fixedbitset v0.4.2
build (x86_64-unknown-linux-gnu, ubuntu-latest)	Build	2026-09-09T07:37:33.5017781Z ^[[1m^[[92m  Downloaded^[[0m fnv v1.0.7
build (x86_64-unknown-linux-gnu, ubuntu-latest)	Build	2026-09-09T07:37:33.5026985Z ^[[1m^[[92m  Downloaded^[[0m libssh2-sys v0.3.1
build (x86_64-unknown-linux-gnu, ubuntu-latest)	Build	2026-09-09T07:37:33.5373445Z ^[[1m^[[92m  Downloaded^[[0m rustls-webpki v0.103.15
build (x86_64-unknown-linux-gnu, ubuntu-latest)	Build	2026-09-09T07:37:33.5406577Z ^[[1m^[[92m  Downloaded^[[0m socket2 v0.6.2
build (x86_64-unknown-linux-gnu, ubuntu-latest)	Build	2026-09-09T07:37:33.5425808Z ^[[1m^[[92m  Downloaded^[[0m spki v0.7.3
build (x86_64-unknown-linux-gnu, ubuntu-latest)	Build	2026-09-09T07:37:33.5445751Z ^[[1m^[[92m  Downloaded^[[0m wide v1.6.1
build (x86_64-unknown-linux-gnu, ubuntu-latest)	Build	2026-09-09T07:37:33.5513219Z ^[[1m^[[92m  Downloaded^[[0m aho-corasick v1.1.4
build (x86_64-unknown-linux-gnu, ubuntu-latest)	Build	2026-09-09T07:37:33.5566068Z ^[[1m^[[92m  Downloaded^[[0m bytes v1.11.1
build (x86_64-unknown-linux-gnu, ubuntu-latest)	Build	2026-09-09T07:37:33.5609112Z ^[[1m^[[92m  Downloaded^[[0m cc v1.2.56
build (x86_64-unknown-linux-gnu, ubuntu-latest)	Build	2026-09-09T07:37:33.5639209Z ^[[1m^[[92m  Downloaded^[[0m console v0.15.11
build (x86_64-unknown-linux-gnu, ubuntu-latest)	Build	2026-09-09T07:37:33.5669457Z ^[[1m^[[92m  Downloaded^[[0m const-oid v0.9.6
build (x86_64-unknown-linux-gnu, ubuntu-latest)	Build	2026-09-09T07:37:33.5688635Z ^[[1m^[[92m  Downloaded^[[0m convert_case v0.10.0
build (x86_64-unknown-linux-gnu, ubuntu-latest)	Build	2026-09-09T07:37:33.5705998Z ^[[1m^[[92m  Downloaded^[[0m darling v0.23.0
build (x86_64-unknown-linux-gnu, ubuntu-latest)	Build	2026-09-09T07:37:33.5763052Z ^[[1m^[[92m  Downloaded^[[0m deranged v0.5.6
build (x86_64-unknown-linux-gnu, ubuntu-latest)	Build	2026-09-09T07:37:33.5777220Z ^[[1m^[[92m  Downloaded^[[0m fdeflate v0.3.7
build (x86_64-unknown-linux-gnu, ubuntu-latest)	Build	2026-09-09T07:37:33.5793921Z ^[[1m^[[92m  Downloaded^[[0m filedescriptor v0.8.3
build (x86_64-unknown-linux-gnu, ubuntu-latest)	Build	2026-09-09T07:37:33.5803939Z ^[[1m^[[92m  Downloaded^[[0m foldhash v0.2.0
build (x86_64-unknown-linux-gnu, ubuntu-latest)	Build	2026-09-09T07:37:33.5816822Z ^[[1m^[[92m  Downloaded^[[0m pulldown-cmark v0.13.0
build (x86_64-unknown-linux-gnu, ubuntu-latest)	Build	2026-09-09T07:37:33.5868171Z ^[[1m^[[92m  Downloaded^[[0m ryu v1.0.23
build (x86_64-unknown-linux-gnu, ubuntu-latest)	Build	2026-09-09T07:37:33.5902552Z ^[[1m^[[92m  Downloaded^[[0m serde v1.0.228
build (x86_64-unknown-linux-gnu, ubuntu-latest)	Build	2026-09-09T07:37:33.5937971Z ^[[1m^[[92m  Downloaded^[[0m signal-hook v0.3.18
build (x86_64-unknown-linux-gnu, ubuntu-latest)	Build	2026-09-09T07:37:33.5969667Z ^[[1m^[[92m  Downloaded^[[0m winnow v0.7.15
build (x86_64-unknown-linux-gnu, ubuntu-latest)	Build	2026-09-09T07:37:33.6066947Z ^[[1m^[[92m  Downloaded^[[0m darling_core v0.23.0
build (x86_64-unknown-linux-gnu, ubuntu-latest)	Build	2026-09-09T07:37:33.6123806Z ^[[1m^[[92m  Downloaded^[[0m finl_unicode v1.4.0
build (x86_64-unknown-linux-gnu, ubuntu-latest)	Build	2026-09-09T07:37:33.6157649Z ^[[1m^[[92m  Downloaded^[[0m rustix v0.38.44
build (x86_64-unknown-linux-gnu, ubuntu-latest)	Build	2026-09-09T07:37:33.6425946Z ^[[1m^[[92m  Downloaded^[[0m vcpkg v0.2.15
build (x86_64-unknown-linux-gnu, ubuntu-latest)	Build	2026-09-09T07:37:33.6987739Z ^[[1m^[[92m  Downloaded^[[0m x11rb v0.13.2
build (x86_64-unknown-linux-gnu, ubuntu-latest)	Build	2026-09-09T07:37:33.7070715Z ^[[1m^[[92m  Downloaded^[[0m derive_more v2.1.1
build (x86_64-unknown-linux-gnu, ubuntu-latest)	Build	2026-09-09T07:37:33.7205679Z ^[[1m^[[92m  Downloaded^[[0m flate2 v1.1.9
build (x86_64-unknown-linux-gnu, ubuntu-latest)	Build	2026-09-09T07:37:33.7256977Z ^[[1m^[[92m  Downloaded^[[0m ratatui-core v0.1.0
build (x86_64-unknown-linux-gnu, ubuntu-latest)	Build	2026-09-09T07:37:33.7318580Z ^[[1m^[[92m  Downloaded^[[0m serde_json v1.0.149
build (x86_64-unknown-linux-gnu, ubuntu-latest)	Build	2026-09-09T07:37:33.7391685Z ^[[1m^[[92m  Downloaded^[[0m termwiz v0.23.3
build (x86_64-unknown-linux-gnu, ubuntu-latest)	Build	2026-09-09T07:37:33.7518317Z ^[[1m^[[92m  Downloaded^[[0m time v0.3.47
build (x86_64-unknown-linux-gnu, ubuntu-latest)	Build	2026-09-09T07:37:33.7652869Z ^[[1m^[[92m  Downloaded^[[0m quick-xml v0.37.5
build (x86_64-unknown-linux-gnu, ubuntu-latest)	Build	2026-09-09T07:37:33.7705648Z ^[[1m^[[92m  Downloaded^[[0m quick-xml v0.38.4
build (x86_64-unknown-linux-gnu, ubuntu-latest)	Build	2026-09-09T07:37:33.7761206Z ^[[1m^[[92m  Downloaded^[[0m reqwest v0.12.28
build (x86_64-unknown-linux-gnu, ubuntu-latest)	Build	2026-09-09T07:37:33.7817181Z ^[[1m^[[92m  Downloaded^[[0m webpki-roots v1.0.6
build (x86_64-unknown-linux-gnu, ubuntu-latest)	Build	2026-09-09T07:37:33.7850568Z ^[[1m^[[92m  Downloaded^[[0m zerocopy v0.8.39
build (x86_64-unknown-linux-gnu, ubuntu-latest)	Build	2026-09-09T07:37:33.8094691Z ^[[1m^[[92m  Downloaded^[[0m quinn-proto v0.11.17
build (x86_64-unknown-linux-gnu, ubuntu-latest)	Build	2026-09-09T07:37:33.8162026Z ^[[1m^[[92m  Downloaded^[[0m ratatui-widgets v0.3.0
build (x86_64-unknown-linux-gnu, ubuntu-latest)	Build	2026-09-09T07:37:33.8238026Z ^[[1m^[[92m  Downloaded^[[0m syn v2.0.115
build (x86_64-unknown-linux-gnu, ubuntu-latest)	Build	2026-09-09T07:37:33.8345265Z ^[[1m^[[92m  Downloaded^[[0m regex-syntax v0.8.9
build (x86_64-unknown-linux-gnu, ubuntu-latest)	Build	2026-09-09T07:37:33.8412136Z ^[[1m^[[92m  Downloaded^[[0m syn v3.0.4
build (x86_64-unknown-linux-gnu, ubuntu-latest)	Build	2026-09-09T07:37:33.8521015Z ^[[1m^[[92m  Downloaded^[[0m bitvec v1.1.1
build (x86_64-unknown-linux-gnu, ubuntu-latest)	Build	2026-09-09T07:37:33.8696508Z ^[[1m^[[92m  Downloaded^[[0m curve25519-dalek v4.1.3
build (x86_64-unknown-linux-gnu, ubuntu-latest)	Build	2026-09-09T07:37:33.8786217Z ^[[1m^[[92m  Downloaded^[[0m tracing v0.1.44
build (x86_64-unknown-linux-gnu, ubuntu-latest)	Build	2026-09-09T07:37:33.8946765Z ^[[1m^[[92m  Downloaded^[[0m rustls v0.23.36
build (x86_64-unknown-linux-gnu, ubuntu-latest)	Build	2026-09-09T07:37:33.9066461Z ^[[1m^[[92m  Downloaded^[[0m x11rb-protocol v0.13.2
build (x86_64-unknown-linux-gnu, ubuntu-latest)	Build	2026-09-09T07:37:33.9189960Z ^[[1m^[[92m  Downloaded^[[0m rustix v1.1.3
build (x86_64-unknown-linux-gnu, ubuntu-latest)	Build	2026-09-09T07:37:33.9471011Z ^[[1m^[[92m  Downloaded^[[0m regex-automata v0.4.14
build (x86_64-unknown-linux-gnu, ubuntu-latest)	Build	2026-09-09T07:37:33.9613955Z ^[[1m^[[92m  Downloaded^[[0m libc v0.2.182
build (x86_64-unknown-linux-gnu, ubuntu-latest)	Build	2026-09-09T07:37:34.0017659Z ^[[1m^[[92m  Downloaded^[[0m syntect v5.3.0
build (x86_64-unknown-linux-gnu, ubuntu-latest)	Build	2026-09-09T07:37:34.0113357Z ^[[1m^[[92m  Downloaded^[[0m tokio v1.49.0
build (x86_64-unknown-linux-gnu, ubuntu-latest)	Build	2026-09-09T07:37:34.0561172Z ^[[1m^[[92m  Downloaded^[[0m libz-sys v1.1.23
build (x86_64-unknown-linux-gnu, ubuntu-latest)	Build	2026-09-09T07:37:34.0777466Z ^[[1m^[[92m  Downloaded^[[0m pxfm v0.1.27
build (x86_64-unknown-linux-gnu, ubuntu-latest)	Build	2026-09-09T07:37:34.1032095Z ^[[1m^[[92m  Downloaded^[[0m tiff v0.10.3
build (x86_64-unknown-linux-gnu, ubuntu-latest)	Build	2026-09-09T07:37:34.1146599Z ^[[1m^[[92m  Downloaded^[[0m ring v0.17.14
build (x86_64-unknown-linux-gnu, ubuntu-latest)	Build	2026-09-09T07:37:34.1572293Z ^[[1m^[[92m  Downloaded^[[0m deltae v0.3.2
build (x86_64-unknown-linux-gnu, ubuntu-latest)	Build	2026-09-09T07:37:34.1737559Z ^[[1m^[[92m  Downloaded^[[0m libgit2-sys v0.18.3+1.9.2
build (x86_64-unknown-linux-gnu, ubuntu-latest)	Build	2026-09-09T07:37:34.2359225Z ^[[1m^[[92m  Downloaded^[[0m linux-raw-sys v0.4.15
build (x86_64-unknown-linux-gnu, ubuntu-latest)	Build	2026-09-09T07:37:34.2818092Z ^[[1m^[[92m  Downloaded^[[0m linux-raw-sys v0.11.0
build (x86_64-unknown-linux-gnu, ubuntu-latest)	Build	2026-09-09T07:37:34.3364044Z ^[[1m^[[92m  Downloaded^[[0m icy_sixel v0.5.1
build (x86_64-unknown-linux-gnu, ubuntu-latest)	Build	2026-09-09T07:37:34.3694713Z ^[[1m^[[92m  Downloaded^[[0m ratatui-image v11.0.3
build (x86_64-unknown-linux-gnu, ubuntu-latest)	Build	2026-09-09T07:37:34.3962738Z ^[[1m^[[92m  Downloaded^[[0m openssl-src v300.5.5+3.5.5
build (x86_64-unknown-linux-gnu, ubuntu-latest)	Build	2026-09-09T07:37:34.7512703Z ^[[1m^[[92m   Compiling^[[0m libc v0.2.182
build (x86_64-unknown-linux-gnu, ubuntu-latest)	Build	2026-09-09T07:37:34.7513564Z ^[[1m^[[92m   Compiling^[[0m proc-macro2 v1.0.106
build (x86_64-unknown-linux-gnu, ubuntu-latest)	Build	2026-09-09T07:37:34.7514322Z ^[[1m^[[92m   Compiling^[[0m unicode-ident v1.0.23
build (x86_64-unknown-linux-gnu, ubuntu-latest)	Build	2026-09-09T07:37:34.7514969Z ^[[1m^[[92m   Compiling^[[0m quote v1.0.44
build (x86_64-unknown-linux-gnu, ubuntu-latest)	Build	2026-09-09T07:37:34.8203139Z ^[[1m^[[92m   Compiling^[[0m cfg-if v1.0.4
build (x86_64-unknown-linux-gnu, ubuntu-latest)	Build	2026-09-09T07:37:34.8453610Z ^[[1m^[[92m   Compiling^[[0m bitflags v2.11.0
build (x86_64-unknown-linux-gnu, ubuntu-latest)	Build	2026-09-09T07:37:35.0580650Z ^[[1m^[[92m   Compiling^[[0m find-msvc-tools v0.1.9
build (x86_64-unknown-linux-gnu, ubuntu-latest)	Build	2026-09-09T07:37:35.2183039Z ^[[1m^[[92m   Compiling^[[0m shlex v1.3.0
build (x86_64-unknown-linux-gnu, ubuntu-latest)	Build	2026-09-09T07:37:35.3413026Z ^[[1m^[[92m   Compiling^[[0m log v0.4.29
build (x86_64-unknown-linux-gnu, ubuntu-latest)	Build	2026-09-09T07:37:35.6543420Z ^[[1m^[[92m   Compiling^[[0m syn v2.0.115
build (x86_64-unknown-linux-gnu, ubuntu-latest)	Build	2026-09-09T07:37:35.6783216Z ^[[1m^[[92m   Compiling^[[0m itoa v1.0.17
build (x86_64-unknown-linux-gnu, ubuntu-latest)	Build	2026-09-09T07:37:35.8083248Z ^[[1m^[[92m   Compiling^[[0m equivalent v1.0.2
build (x86_64-unknown-linux-gnu, ubuntu-latest)	Build	2026-09-09T07:37:35.8453196Z ^[[1m^[[92m   Compiling^[[0m foldhash v0.2.0
build (x86_64-unknown-linux-gnu, ubuntu-latest)	Build	2026-09-09T07:37:35.9103494Z ^[[1m^[[92m   Compiling^[[0m jobserver v0.1.34
build (x86_64-unknown-linux-gnu, ubuntu-latest)	Build	2026-09-09T07:37:35.9273870Z ^[[1m^[[92m   Compiling^[[0m mio v1.1.1
build (x86_64-unknown-linux-gnu, ubuntu-latest)	Build	2026-09-09T07:37:35.9673203Z ^[[1m^[[92m   Compiling^[[0m memchr v2.8.0
build (x86_64-unknown-linux-gnu, ubuntu-latest)	Build	2026-09-09T07:37:36.1892876Z ^[[1m^[[92m   Compiling^[[0m cc v1.2.56
build (x86_64-unknown-linux-gnu, ubuntu-latest)	Build	2026-09-09T07:37:36.4073597Z ^[[1m^[[92m   Compiling^[[0m smallvec v1.15.1
build (x86_64-unknown-linux-gnu, ubuntu-latest)	Build	2026-09-09T07:37:36.6112979Z ^[[1m^[[92m   Compiling^[[0m allocator-api2 v0.2.21
build (x86_64-unknown-linux-gnu, ubuntu-latest)	Build	2026-09-09T07:37:36.8723159Z ^[[1m^[[92m   Compiling^[[0m once_cell v1.21.3
build (x86_64-unknown-linux-gnu, ubuntu-latest)	Build	2026-09-09T07:37:37.0153330Z ^[[1m^[[92m   Compiling^[[0m hashbrown v0.16.1
build (x86_64-unknown-linux-gnu, ubuntu-latest)	Build	2026-09-09T07:37:37.0463109Z ^[[1m^[[92m   Compiling^[[0m stable_deref_trait v1.2.1
build (x86_64-unknown-linux-gnu, ubuntu-latest)	Build	2026-09-09T07:37:37.0862853Z ^[[1m^[[92m   Compiling^[[0m rustix v1.1.3
build (x86_64-unknown-linux-gnu, ubuntu-latest)	Build	2026-09-09T07:37:37.5643096Z ^[[1m^[[92m   Compiling^[[0m linux-raw-sys v0.11.0
build (x86_64-unknown-linux-gnu, ubuntu-latest)	Build	2026-09-09T07:37:37.8523172Z ^[[1m^[[92m   Compiling^[[0m bytes v1.11.1
build (x86_64-unknown-linux-gnu, ubuntu-latest)	Build	2026-09-09T07:37:37.9843103Z ^[[1m^[[92m   Compiling^[[0m pin-project-lite v0.2.16
build (x86_64-unknown-linux-gnu, ubuntu-latest)	Build	2026-09-09T07:37:38.0642901Z ^[[1m^[[92m   Compiling^[[0m libm v0.2.16
build (x86_64-unknown-linux-gnu, ubuntu-latest)	Build	2026-09-09T07:37:38.2932969Z ^[[1m^[[92m   Compiling^[[0m thiserror v2.0.18
build (x86_64-unknown-linux-gnu, ubuntu-latest)	Build	2026-09-09T07:37:38.6348157Z ^[[1m^[[92m   Compiling^[[0m pkg-config v0.3.32
build (x86_64-unknown-linux-gnu, ubuntu-latest)	Build	2026-09-09T07:37:38.6349800Z ^[[1m^[[92m   Compiling^[[0m futures-core v0.3.31
build (x86_64-unknown-linux-gnu, ubuntu-latest)	Build	2026-09-09T07:37:38.7232894Z ^[[1m^[[92m   Compiling^[[0m version_check v0.9.5
build (x86_64-unknown-linux-gnu, ubuntu-latest)	Build	2026-09-09T07:37:39.0047957Z ^[[1m^[[92m   Compiling^[[0m typenum v1.19.0
build (x86_64-unknown-linux-gnu, ubuntu-latest)	Build	2026-09-09T07:37:39.2435550Z ^[[1m^[[92m   Compiling^[[0m generic-array v0.14.7
build (x86_64-unknown-linux-gnu, ubuntu-latest)	Build	2026-09-09T07:37:39.3561316Z ^[[1m^[[92m   Compiling^[[0m synstructure v0.13.2
build (x86_64-unknown-linux-gnu, ubuntu-latest)	Build	2026-09-09T07:37:39.8493040Z ^[[1m^[[92m   Compiling^[[0m syn v3.0.4
build (x86_64-unknown-linux-gnu, ubuntu-latest)	Build	2026-09-09T07:37:41.0442186Z ^[[1m^[[92m   Compiling^[[0m autocfg v1.5.0
build (x86_64-unknown-linux-gnu, ubuntu-latest)	Build	2026-09-09T07:37:41.2320149Z ^[[1m^[[92m   Compiling^[[0m zerofrom-derive v0.1.6
build (x86_64-unknown-linux-gnu, ubuntu-latest)	Build	2026-09-09T07:37:41.3693142Z ^[[1m^[[92m   Compiling^[[0m yoke-derive v0.8.1
build (x86_64-unknown-linux-gnu, ubuntu-latest)	Build	2026-09-09T07:37:42.2974149Z ^[[1m^[[92m   Compiling^[[0m zerovec-derive v0.11.2
build (x86_64-unknown-linux-gnu, ubuntu-latest)	Build	2026-09-09T07:37:42.3602985Z ^[[1m^[[92m   Compiling^[[0m displaydoc v0.2.5
build (x86_64-unknown-linux-gnu, ubuntu-latest)	Build	2026-09-09T07:37:42.3803160Z ^[[1m^[[92m   Compiling^[[0m zerofrom v0.1.6
build (x86_64-unknown-linux-gnu, ubuntu-latest)	Build	2026-09-09T07:37:42.5243337Z ^[[1m^[[92m   Compiling^[[0m yoke v0.8.1
build (x86_64-unknown-linux-gnu, ubuntu-latest)	Build	2026-09-09T07:37:42.7303051Z ^[[1m^[[92m   Compiling^[[0m thiserror-impl v2.0.18
build (x86_64-unknown-linux-gnu, ubuntu-latest)	Build	2026-09-09T07:37:42.9693093Z ^[[1m^[[92m   Compiling^[[0m num-traits v0.2.19
build (x86_64-unknown-linux-gnu, ubuntu-latest)	Build	2026-09-09T07:37:43.3623100Z ^[[1m^[[92m   Compiling^[[0m zerovec v0.11.5
build (x86_64-unknown-linux-gnu, ubuntu-latest)	Build	2026-09-09T07:37:43.4872816Z ^[[1m^[[92m   Compiling^[[0m getrandom v0.2.17
build (x86_64-unknown-linux-gnu, ubuntu-latest)	Build	2026-09-09T07:37:43.6373488Z ^[[1m^[[92m   Compiling^[[0m socket2 v0.6.2
build (x86_64-unknown-linux-gnu, ubuntu-latest)	Build	2026-09-09T07:37:43.6932808Z ^[[1m^[[92m   Compiling^[[0m futures-sink v0.3.31
build (x86_64-unknown-linux-gnu, ubuntu-latest)	Build	2026-09-09T07:37:43.7503366Z ^[[1m^[[92m   Compiling^[[0m serde_core v1.0.228
build (x86_64-unknown-linux-gnu, ubuntu-latest)	Build	2026-09-09T07:37:43.9123170Z ^[[1m^[[92m   Compiling^[[0m vcpkg v0.2.15
build (x86_64-unknown-linux-gnu, ubuntu-latest)	Build	2026-09-09T07:37:43.9483559Z ^[[1m^[[92m   Compiling^[[0m zeroize v1.8.2
build (x86_64-unknown-linux-gnu, ubuntu-latest)	Build	2026-09-09T07:37:43.9663142Z ^[[1m^[[92m   Compiling^[[0m tinystr v0.8.2
build (x86_64-unknown-linux-gnu, ubuntu-latest)	Build	2026-09-09T07:37:44.0693033Z ^[[1m^[[92m   Compiling^[[0m tokio v1.49.0
build (x86_64-unknown-linux-gnu, ubuntu-latest)	Build	2026-09-09T07:37:44.2652016Z ^[[1m^[[92m   Compiling^[[0m ryu v1.0.23
build (x86_64-unknown-linux-gnu, ubuntu-latest)	Build	2026-09-09T07:37:44.4372881Z ^[[1m^[[92m   Compiling^[[0m litemap v0.8.1
build (x86_64-unknown-linux-gnu, ubuntu-latest)	Build	2026-09-09T07:37:44.5233072Z ^[[1m^[[92m   Compiling^[[0m rustversion v1.0.22
build (x86_64-unknown-linux-gnu, ubuntu-latest)	Build	2026-09-09T07:37:44.5863340Z ^[[1m^[[92m   Compiling^[[0m heck v0.5.0
build (x86_64-unknown-linux-gnu, ubuntu-latest)	Build	2026-09-09T07:37:44.7183531Z ^[[1m^[[92m   Compiling^[[0m writeable v0.6.2
build (x86_64-unknown-linux-gnu, ubuntu-latest)	Build	2026-09-09T07:37:44.7403166Z ^[[1m^[[92m   Compiling^[[0m unicode-width v0.2.2
build (x86_64-unknown-linux-gnu, ubuntu-latest)	Build	2026-09-09T07:37:44.8633215Z ^[[1m^[[92m   Compiling^[[0m icu_locale_core v2.1.1
build (x86_64-unknown-linux-gnu, ubuntu-latest)	Build	2026-09-09T07:37:45.6941113Z ^[[1m^[[92m   Compiling^[[0m potential_utf v0.1.4
build (x86_64-unknown-linux-gnu, ubuntu-latest)	Build	2026-09-09T07:37:45.7853107Z ^[[1m^[[92m   Compiling^[[0m zerotrie v0.2.3
build (x86_64-unknown-linux-gnu, ubuntu-latest)	Build	2026-09-09T07:37:46.0963181Z ^[[1m^[[92m   Compiling^[[0m bytemuck_derive v1.12.0
build (x86_64-unknown-linux-gnu, ubuntu-latest)	Build	2026-09-09T07:37:46.4083186Z ^[[1m^[[92m   Compiling^[[0m http v1.4.0
build (x86_64-unknown-linux-gnu, ubuntu-latest)	Build	2026-09-09T07:37:47.1393128Z ^[[1m^[[92m   Compiling^[[0m ring v0.17.14
build (x86_64-unknown-linux-gnu, ubuntu-latest)	Build	2026-09-09T07:37:47.4723123Z ^[[1m^[[92m   Compiling^[[0m percent-encoding v2.3.2
build (x86_64-unknown-linux-gnu, ubuntu-latest)	Build	2026-09-09T07:37:47.5333120Z ^[[1m^[[92m   Compiling^[[0m crc32fast v1.5.0
build (x86_64-unknown-linux-gnu, ubuntu-latest)	Build	2026-09-09T07:37:47.6303005Z ^[[1m^[[92m   Compiling^[[0m either v1.15.0
build (x86_64-unknown-linux-gnu, ubuntu-latest)	Build	2026-09-09T07:37:47.6562933Z ^[[1m^[[92m   Compiling^[[0m strsim v0.11.1
build (x86_64-unknown-linux-gnu, ubuntu-latest)	Build	2026-09-09T07:37:47.8047006Z ^[[1m^[[92m   Compiling^[[0m serde v1.0.228
build (x86_64-unknown-linux-gnu, ubuntu-latest)	Build	2026-09-09T07:37:47.8251043Z ^[[1m^[[92m   Compiling^[[0m icu_normalizer_data v2.1.1
build (x86_64-unknown-linux-gnu, ubuntu-latest)	Build	2026-09-09T07:37:47.8915222Z ^[[1m^[[92m   Compiling^[[0m icu_properties_data v2.1.2
build (x86_64-unknown-linux-gnu, ubuntu-latest)	Build	2026-09-09T07:37:47.9073546Z ^[[1m^[[92m   Compiling^[[0m slab v0.4.12
build (x86_64-unknown-linux-gnu, ubuntu-latest)	Build	2026-09-09T07:37:47.9519141Z ^[[1m^[[92m   Compiling^[[0m ident_case v1.0.1
build (x86_64-unknown-linux-gnu, ubuntu-latest)	Build	2026-09-09T07:37:47.9673100Z ^[[1m^[[92m   Compiling^[[0m parking_lot_core v0.9.12
build (x86_64-unknown-linux-gnu, ubuntu-latest)	Build	2026-09-09T07:37:48.0092120Z ^[[1m^[[92m   Compiling^[[0m simd-adler32 v0.3.8
build (x86_64-unknown-linux-gnu, ubuntu-latest)	Build	2026-09-09T07:37:48.0439261Z ^[[1m^[[92m   Compiling^[[0m darling_core v0.23.0
build (x86_64-unknown-linux-gnu, ubuntu-latest)	Build	2026-09-09T07:37:48.1993091Z ^[[1m^[[92m   Compiling^[[0m bytemuck v1.25.0
build (x86_64-unknown-linux-gnu, ubuntu-latest)	Build	2026-09-09T07:37:48.4063568Z ^[[1m^[[92m   Compiling^[[0m icu_provider v2.1.1
build (x86_64-unknown-linux-gnu, ubuntu-latest)	Build	2026-09-09T07:37:48.6843402Z ^[[1m^[[92m   Compiling^[[0m icu_collections v2.1.1
build (x86_64-unknown-linux-gnu, ubuntu-latest)	Build	2026-09-09T07:37:49.6246724Z ^[[1m^[[92m   Compiling^[[0m crypto-common v0.1.7
build (x86_64-unknown-linux-gnu, ubuntu-latest)	Build	2026-09-09T07:37:49.7113053Z ^[[1m^[[92m   Compiling^[[0m block-buffer v0.10.4
build (x86_64-unknown-linux-gnu, ubuntu-latest)	Build	2026-09-09T07:37:49.7842872Z ^[[1m^[[92m   Compiling^[[0m serde_derive v1.0.228
build (x86_64-unknown-linux-gnu, ubuntu-latest)	Build	2026-09-09T07:37:50.0212819Z ^[[1m^[[92m   Compiling^[[0m indexmap v2.13.0
build (x86_64-unknown-linux-gnu, ubuntu-latest)	Build	2026-09-09T07:37:51.0666698Z ^[[1m^[[92m   Compiling^[[0m openssl-src v300.5.5+3.5.5
build (x86_64-unknown-linux-gnu, ubuntu-latest)	Build	2026-09-09T07:37:51.2093077Z ^[[1m^[[92m   Compiling^[[0m errno v0.3.14
build (x86_64-unknown-linux-gnu, ubuntu-latest)	Build	2026-09-09T07:37:51.2783050Z ^[[1m^[[92m   Compiling^[[0m signal-hook v0.3.18
build (x86_64-unknown-linux-gnu, ubuntu-latest)	Build	2026-09-09T07:37:51.2973482Z ^[[1m^[[92m   Compiling^[[0m scopeguard v1.2.0
build (x86_64-unknown-linux-gnu, ubuntu-latest)	Build	2026-09-09T07:37:51.3403065Z ^[[1m^[[92m   Compiling^[[0m adler2 v2.0.1
build (x86_64-unknown-linux-gnu, ubuntu-latest)	Build	2026-09-09T07:37:51.3452422Z ^[[1m^[[92m   Compiling^[[0m subtle v2.6.1
build (x86_64-unknown-linux-gnu, ubuntu-latest)	Build	2026-09-09T07:37:51.4213194Z ^[[1m^[[92m   Compiling^[[0m powerfmt v0.2.0
build (x86_64-unknown-linux-gnu, ubuntu-latest)	Build	2026-09-09T07:37:51.4362974Z ^[[1m^[[92m   Compiling^[[0m pin-utils v0.1.0
build (x86_64-unknown-linux-gnu, ubuntu-latest)	Build	2026-09-09T07:37:51.4682789Z ^[[1m^[[92m   Compiling^[[0m miniz_oxide v0.8.9
build (x86_64-unknown-linux-gnu, ubuntu-latest)	Build	2026-09-09T07:37:51.5742988Z ^[[1m^[[92m   Compiling^[[0m deranged v0.5.6
build (x86_64-unknown-linux-gnu, ubuntu-latest)	Build	2026-09-09T07:37:52.4913041Z ^[[1m^[[92m   Compiling^[[0m lock_api v0.4.14
build (x86_64-unknown-linux-gnu, ubuntu-latest)	Build	2026-09-09T07:37:52.6912887Z ^[[1m^[[92m   Compiling^[[0m openssl-sys v0.9.111
build (x86_64-unknown-linux-gnu, ubuntu-latest)	Build	2026-09-09T07:37:52.9223487Z ^[[1m^[[92m   Compiling^[[0m signal-hook-registry v1.4.8
build (x86_64-unknown-linux-gnu, ubuntu-latest)	Build	2026-09-09T07:37:53.0313342Z ^[[1m^[[92m   Compiling^[[0m darling_macro v0.23.0
build (x86_64-unknown-linux-gnu, ubuntu-latest)	Build	2026-09-09T07:37:53.1883193Z ^[[1m^[[92m   Compiling^[[0m digest v0.10.7
build (x86_64-unknown-linux-gnu, ubuntu-latest)	Build	2026-09-09T07:37:53.2179955Z ^[[1m^[[92m   Compiling^[[0m castaway v0.2.4
build (x86_64-unknown-linux-gnu, ubuntu-latest)	Build	2026-09-09T07:37:53.3943416Z ^[[1m^[[92m   Compiling^[[0m itertools v0.14.0
build (x86_64-unknown-linux-gnu, ubuntu-latest)	Build	2026-09-09T07:37:53.4372744Z ^[[1m^[[92m   Compiling^[[0m http-body v1.0.1
build (x86_64-unknown-linux-gnu, ubuntu-latest)	Build	2026-09-09T07:37:53.5103001Z ^[[1m^[[92m   Compiling^[[0m strum_macros v0.27.2
build (x86_64-unknown-linux-gnu, ubuntu-latest)	Build	2026-09-09T07:37:53.5810863Z ^[[1m^[[92m   Compiling^[[0m libz-sys v1.1.23
build (x86_64-unknown-linux-gnu, ubuntu-latest)	Build	2026-09-09T07:37:53.6953488Z ^[[1m^[[92m   Compiling^[[0m rustls-pki-types v1.14.0
build (x86_64-unknown-linux-gnu, ubuntu-latest)	Build	2026-09-09T07:37:54.2403325Z ^[[1m^[[92m   Compiling^[[0m tracing-core v0.1.36
build (x86_64-unknown-linux-gnu, ubuntu-latest)	Build	2026-09-09T07:37:54.7860741Z ^[[1m^[[92m   Compiling^[[0m base64 v0.22.1
build (x86_64-unknown-linux-gnu, ubuntu-latest)	Build	2026-09-09T07:37:55.0303028Z ^[[1m^[[92m   Compiling^[[0m static_assertions v1.1.0
build (x86_64-unknown-linux-gnu, ubuntu-latest)	Build	2026-09-09T07:37:55.0629947Z ^[[1m^[[92m   Compiling^[[0m time-core v0.1.8
build (x86_64-unknown-linux-gnu, ubuntu-latest)	Build	2026-09-09T07:37:55.0972808Z ^[[1m^[[92m   Compiling^[[0m indoc v2.0.7
build (x86_64-unknown-linux-gnu, ubuntu-latest)	Build	2026-09-09T07:37:55.1532335Z ^[[1m^[[92m   Compiling^[[0m untrusted v0.9.0
build (x86_64-unknown-linux-gnu, ubuntu-latest)	Build	2026-09-09T07:37:55.2050990Z ^[[1m^[[92m   Compiling^[[0m instability v0.3.11
build (x86_64-unknown-linux-gnu, ubuntu-latest)	Build	2026-09-09T07:37:55.2863339Z ^[[1m^[[92m   Compiling^[[0m num-conv v0.2.0
build (x86_64-unknown-linux-gnu, ubuntu-latest)	Build	2026-09-09T07:37:55.3473143Z ^[[1m^[[92m   Compiling^[[0m httparse v1.10.1
build (x86_64-unknown-linux-gnu, ubuntu-latest)	Build	2026-09-09T07:37:55.3577471Z ^[[1m^[[92m   Compiling^[[0m futures-io v0.3.31
build (x86_64-unknown-linux-gnu, ubuntu-latest)	Build	2026-09-09T07:37:55.3695944Z ^[[1m^[[92m   Compiling^[[0m futures-task v0.3.31
build (x86_64-unknown-linux-gnu, ubuntu-latest)	Build	2026-09-09T07:37:55.4573589Z ^[[1m^[[92m   Compiling^[[0m unicode-segmentation v1.12.0
build (x86_64-unknown-linux-gnu, ubuntu-latest)	Build	2026-09-09T07:37:55.4767141Z ^[[1m^[[92m   Compiling^[[0m num_threads v0.1.7
build (x86_64-unknown-linux-gnu, ubuntu-latest)	Build	2026-09-09T07:37:55.5753107Z ^[[1m^[[92m   Compiling^[[0m fnv v1.0.7
build (x86_64-unknown-linux-gnu, ubuntu-latest)	Build	2026-09-09T07:37:55.6147345Z ^[[1m^[[92m   Compiling^[[0m semver v1.0.27
build (x86_64-unknown-linux-gnu, ubuntu-latest)	Build	2026-09-09T07:37:55.7627191Z ^[[1m^[[92m   Compiling^[[0m convert_case v0.10.0
build (x86_64-unknown-linux-gnu, ubuntu-latest)	Build	2026-09-09T07:37:55.8444867Z ^[[1m^[[92m   Compiling^[[0m rustc_version v0.4.1
build (x86_64-unknown-linux-gnu, ubuntu-latest)	Build	2026-09-09T07:37:55.8499602Z ^[[1m^[[92m   Compiling^[[0m unicode-truncate v2.0.1
build (x86_64-unknown-linux-gnu, ubuntu-latest)	Build	2026-09-09T07:37:55.9478268Z ^[[1m^[[92m   Compiling^[[0m time v0.3.47
build (x86_64-unknown-linux-gnu, ubuntu-latest)	Build	2026-09-09T07:37:55.9733425Z ^[[1m^[[92m   Compiling^[[0m futures-util v0.3.31
build (x86_64-unknown-linux-gnu, ubuntu-latest)	Build	2026-09-09T07:37:56.0363096Z ^[[1m^[[92m   Compiling^[[0m strum v0.27.2
build (x86_64-unknown-linux-gnu, ubuntu-latest)	Build	2026-09-09T07:37:56.1045002Z ^[[1m^[[92m   Compiling^[[0m compact_str v0.9.0
build (x86_64-unknown-linux-gnu, ubuntu-latest)	Build	2026-09-09T07:37:56.8659966Z ^[[1m^[[92m   Compiling^[[0m tracing v0.1.44
build (x86_64-unknown-linux-gnu, ubuntu-latest)	Build	2026-09-09T07:37:57.2478353Z ^[[1m^[[92m   Compiling^[[0m parking_lot v0.12.5
build (x86_64-unknown-linux-gnu, ubuntu-latest)	Build	2026-09-09T07:37:57.8112904Z ^[[1m^[[92m   Compiling^[[0m icu_properties v2.1.2
build (x86_64-unknown-linux-gnu, ubuntu-latest)	Build	2026-09-09T07:37:58.4811234Z ^[[1m^[[92m   Compiling^[[0m icu_normalizer v2.1.1
build (x86_64-unknown-linux-gnu, ubuntu-latest)	Build	2026-09-09T07:37:58.6013579Z ^[[1m^[[92m   Compiling^[[0m flate2 v1.1.9
build (x86_64-unknown-linux-gnu, ubuntu-latest)	Build	2026-09-09T07:37:59.0338766Z ^[[1m^[[92m   Compiling^[[0m darling v0.23.0
build (x86_64-unknown-linux-gnu, ubuntu-latest)	Build	2026-09-09T07:37:59.1440868Z ^[[1m^[[92m   Compiling^[[0m tokio-util v0.7.18
build (x86_64-unknown-linux-gnu, ubuntu-latest)	Build	2026-09-09T07:37:59.3191778Z ^[[1m^[[92m   Compiling^[[0m kasuari v0.4.11
build (x86_64-unknown-linux-gnu, ubuntu-latest)	Build	2026-09-09T07:37:59.7302658Z ^[[1m^[[92m   Compiling^[[0m lru v0.16.3
build (x86_64-unknown-linux-gnu, ubuntu-latest)	Build	2026-09-09T07:37:59.8375175Z ^[[1m^[[92m   Compiling^[[0m atomic-waker v1.1.2
build (x86_64-unknown-linux-gnu, ubuntu-latest)	Build	2026-09-09T07:37:59.8743698Z ^[[1m^[[92m   Compiling^[[0m try-lock v0.2.5
build (x86_64-unknown-linux-gnu, ubuntu-latest)	Build	2026-09-09T07:37:59.9093461Z ^[[1m^[[92m   Compiling^[[0m tower-service v0.3.3
build (x86_64-unknown-linux-gnu, ubuntu-latest)	Build	2026-09-09T07:37:59.9354195Z ^[[1m^[[92m   Compiling^[[0m getrandom v0.4.1
build (x86_64-unknown-linux-gnu, ubuntu-latest)	Build	2026-09-09T07:37:59.9908462Z ^[[1m^[[92m   Compiling^[[0m zerocopy v0.8.39
build (x86_64-unknown-linux-gnu, ubuntu-latest)	Build	2026-09-09T07:38:00.0156228Z ^[[1m^[[92m   Compiling^[[0m rustls v0.23.36
build (x86_64-unknown-linux-gnu, ubuntu-latest)	Build	2026-09-09T07:38:00.0769467Z ^[[1m^[[92m   Compiling^[[0m zmij v1.0.21
build (x86_64-unknown-linux-gnu, ubuntu-latest)	Build	2026-09-09T07:38:00.1872727Z ^[[1m^[[92m   Compiling^[[0m radium v0.7.0
build (x86_64-unknown-linux-gnu, ubuntu-latest)	Build	2026-09-09T07:38:00.2383428Z ^[[1m^[[92m   Compiling^[[0m want v0.3.1
build (x86_64-unknown-linux-gnu, ubuntu-latest)	Build	2026-09-09T07:38:00.3039398Z ^[[1m^[[92m   Compiling^[[0m h2 v0.4.13
build (x86_64-unknown-linux-gnu, ubuntu-latest)	Build	2026-09-09T07:38:00.3127276Z ^[[1m^[[92m   Compiling^[[0m ratatui-core v0.1.0
build (x86_64-unknown-linux-gnu, ubuntu-latest)	Build	2026-09-09T07:38:03.5463063Z ^[[1m^[[92m   Compiling^[[0m rustls-webpki v0.103.15
build (x86_64-unknown-linux-gnu, ubuntu-latest)	Build	2026-09-09T07:38:04.2443125Z ^[[1m^[[92m   Compiling^[[0m signal-hook-mio v0.2.5
build (x86_64-unknown-linux-gnu, ubuntu-latest)	Build	2026-09-09T07:38:04.7222789Z ^[[1m^[[92m   Compiling^[[0m idna_adapter v1.2.1
build (x86_64-unknown-linux-gnu, ubuntu-latest)	Build	2026-09-09T07:38:04.7474418Z ^[[1m^[[92m   Compiling^[[0m curve25519-dalek v4.1.3
build (x86_64-unknown-linux-gnu, ubuntu-latest)	Build	2026-09-09T07:38:04.8623206Z ^[[1m^[[92m   Compiling^[[0m derive_more-impl v2.1.1
build (x86_64-unknown-linux-gnu, ubuntu-latest)	Build	2026-09-09T07:38:04.9615909Z ^[[1m^[[92m   Compiling^[[0m form_urlencoded v1.2.2
build (x86_64-unknown-linux-gnu, ubuntu-latest)	Build	2026-09-09T07:38:05.0993876Z ^[[1m^[[92m   Compiling^[[0m futures-channel v0.3.31
build (x86_64-unknown-linux-gnu, ubuntu-latest)	Build	2026-09-09T07:38:05.1057233Z ^[[1m^[[92m   Compiling^[[0m libssh2-sys v0.3.1
build (x86_64-unknown-linux-gnu, ubuntu-latest)	Build	2026-09-09T07:38:05.2812998Z ^[[1m^[[92m   Compiling^[[0m aho-corasick v1.1.4
build (x86_64-unknown-linux-gnu, ubuntu-latest)	Build	2026-09-09T07:38:05.2923275Z ^[[1m^[[92m   Compiling^[[0m litrs v1.0.0
build (x86_64-unknown-linux-gnu, ubuntu-latest)	Build	2026-09-09T07:38:05.4352955Z ^[[1m^[[92m   Compiling^[[0m serde_json v1.0.149
build (x86_64-unknown-linux-gnu, ubuntu-latest)	Build	2026-09-09T07:38:05.5253028Z ^[[1m^[[92m   Compiling^[[0m ref-cast v1.0.27
build (x86_64-unknown-linux-gnu, ubuntu-latest)	Build	2026-09-09T07:38:05.6692982Z ^[[1m^[[92m   Compiling^[[0m rand_core v0.10.1
build (x86_64-unknown-linux-gnu, ubuntu-latest)	Build	2026-09-09T07:38:05.7641208Z ^[[1m^[[92m   Compiling^[[0m regex-syntax v0.8.9
build (x86_64-unknown-linux-gnu, ubuntu-latest)	Build	2026-09-09T07:38:05.7762855Z ^[[1m^[[92m   Compiling^[[0m by_address v1.2.1
build (x86_64-unknown-linux-gnu, ubuntu-latest)	Build	2026-09-09T07:38:05.8258394Z ^[[1m^[[92m   Compiling^[[0m cpufeatures v0.2.17
build (x86_64-unknown-linux-gnu, ubuntu-latest)	Build	2026-09-09T07:38:05.8613102Z ^[[1m^[[92m   Compiling^[[0m utf8_iter v1.0.4
build (x86_64-unknown-linux-gnu, ubuntu-latest)	Build	2026-09-09T07:38:05.9432993Z ^[[1m^[[92m   Compiling^[[0m tap v1.0.1
build (x86_64-unknown-linux-gnu, ubuntu-latest)	Build	2026-09-09T07:38:06.0043376Z ^[[1m^[[92m   Compiling^[[0m wyz v0.5.1
build (x86_64-unknown-linux-gnu, ubuntu-latest)	Build	2026-09-09T07:38:06.1663256Z ^[[1m^[[92m   Compiling^[[0m idna v1.1.0
build (x86_64-unknown-linux-gnu, ubuntu-latest)	Build	2026-09-09T07:38:07.3393052Z ^[[1m^[[92m   Compiling^[[0m palette_derive v0.7.7
build (x86_64-unknown-linux-gnu, ubuntu-latest)	Build	2026-09-09T07:38:08.0872944Z ^[[1m^[[92m   Compiling^[[0m regex-automata v0.4.14
build (x86_64-unknown-linux-gnu, ubuntu-latest)	Build	2026-09-09T07:38:08.4743057Z ^[[1m^[[92m   Compiling^[[0m document-features v0.2.12
build (x86_64-unknown-linux-gnu, ubuntu-latest)	Build	2026-09-09T07:38:08.8823084Z ^[[1m^[[92m   Compiling^[[0m derive_more v2.1.1
build (x86_64-unknown-linux-gnu, ubuntu-latest)	Build	2026-09-09T07:38:08.9222972Z ^[[1m^[[92m   Compiling^[[0m hyper v1.8.1
build (x86_64-unknown-linux-gnu, ubuntu-latest)	Build	2026-09-09T07:38:15.8502632Z ^[[1m^[[92m   Compiling^[[0m signature v2.2.0
build (x86_64-unknown-linux-gnu, ubuntu-latest)	Build	2026-09-09T07:38:15.9263086Z ^[[1m^[[92m   Compiling^[[0m safe_arch v1.2.0
build (x86_64-unknown-linux-gnu, ubuntu-latest)	Build	2026-09-09T07:38:16.5093238Z ^[[1m^[[92m   Compiling^[[0m fdeflate v0.3.7
build (x86_64-unknown-linux-gnu, ubuntu-latest)	Build	2026-09-09T07:38:17.0903201Z ^[[1m^[[92m   Compiling^[[0m pxfm v0.1.27
build (x86_64-unknown-linux-gnu, ubuntu-latest)	Build	2026-09-09T07:38:17.0972968Z ^[[1m^[[92m   Compiling^[[0m ref-cast-impl v1.0.27
build (x86_64-unknown-linux-gnu, ubuntu-latest)	Build	2026-09-09T07:38:17.4133847Z ^[[1m^[[92m   Compiling^[[0m curve25519-dalek-derive v0.1.1
build (x86_64-unknown-linux-gnu, ubuntu-latest)	Build	2026-09-09T07:38:17.8191247Z ^[[1m^[[92m   Compiling^[[0m palette_math v0.7.7
build (x86_64-unknown-linux-gnu, ubuntu-latest)	Build	2026-09-09T07:38:17.9353520Z ^[[1m^[[92m   Compiling^[[0m sync_wrapper v1.0.2
build (x86_64-unknown-linux-gnu, ubuntu-latest)	Build	2026-09-09T07:38:17.9863025Z ^[[1m^[[92m   Compiling^[[0m filetime v0.2.27
build (x86_64-unknown-linux-gnu, ubuntu-latest)	Build	2026-09-09T07:38:18.1323488Z ^[[1m^[[92m   Compiling^[[0m line-clipping v0.3.5
build (x86_64-unknown-linux-gnu, ubuntu-latest)	Build	2026-09-09T07:38:18.3352912Z ^[[1m^[[92m   Compiling^[[0m same-file v1.0.6
build (x86_64-unknown-linux-gnu, ubuntu-latest)	Build	2026-09-09T07:38:18.4173506Z ^[[1m^[[92m   Compiling^[[0m utf8parse v0.2.2
build (x86_64-unknown-linux-gnu, ubuntu-latest)	Build	2026-09-09T07:38:18.4683120Z ^[[1m^[[92m   Compiling^[[0m portable-atomic v1.13.1
build (x86_64-unknown-linux-gnu, ubuntu-latest)	Build	2026-09-09T07:38:18.7643246Z ^[[1m^[[92m   Compiling^[[0m zune-core v0.5.3
build (x86_64-unknown-linux-gnu, ubuntu-latest)	Build	2026-09-09T07:38:18.9972627Z ^[[1m^[[92m   Compiling^[[0m weezl v0.1.12
build (x86_64-unknown-linux-gnu, ubuntu-latest)	Build	2026-09-09T07:38:19.6093446Z ^[[1m^[[92m   Compiling^[[0m fastrand v2.3.0
build (x86_64-unknown-linux-gnu, ubuntu-latest)	Build	2026-09-09T07:38:19.8023342Z ^[[1m^[[92m   Compiling^[[0m byteorder-lite v0.1.0
build (x86_64-unknown-linux-gnu, ubuntu-latest)	Build	2026-09-09T07:38:19.8548573Z ^[[1m^[[92m   Compiling^[[0m ipnet v2.11.0
build (x86_64-unknown-linux-gnu, ubuntu-latest)	Build	2026-09-09T07:38:20.0553402Z ^[[1m^[[92m   Compiling^[[0m rustix v0.38.44
build (x86_64-unknown-linux-gnu, ubuntu-latest)	Build	2026-09-09T07:38:20.2543647Z ^[[1m^[[92m   Compiling^[[0m color_quant v1.1.0
build (x86_64-unknown-linux-gnu, ubuntu-latest)	Build	2026-09-09T07:38:20.4253105Z ^[[1m^[[92m   Compiling^[[0m funty v2.0.0
build (x86_64-unknown-linux-gnu, ubuntu-latest)	Build	2026-09-09T07:38:20.5332878Z ^[[1m^[[92m   Compiling^[[0m tower-layer v0.3.3
build (x86_64-unknown-linux-gnu, ubuntu-latest)	Build	2026-09-09T07:38:20.6974275Z ^[[1m^[[92m   Compiling^[[0m quick-error v2.0.1
build (x86_64-unknown-linux-gnu, ubuntu-latest)	Build	2026-09-09T07:38:20.7473095Z ^[[1m^[[92m   Compiling^[[0m image-webp v0.2.4
build (x86_64-unknown-linux-gnu, ubuntu-latest)	Build	2026-09-09T07:38:21.1973081Z ^[[1m^[[92m   Compiling^[[0m bitvec v1.1.1
build (x86_64-unknown-linux-gnu, ubuntu-latest)	Build	2026-09-09T07:38:22.8183240Z ^[[1m^[[92m   Compiling^[[0m tower v0.5.3
build (x86_64-unknown-linux-gnu, ubuntu-latest)	Build	2026-09-09T07:38:23.3343127Z ^[[1m^[[92m   Compiling^[[0m gif v0.14.2
build (x86_64-unknown-linux-gnu, ubuntu-latest)	Build	2026-09-09T07:38:23.4293570Z ^[[1m^[[92m   Compiling^[[0m hyper-util v0.1.20
build (x86_64-unknown-linux-gnu, ubuntu-latest)	Build	2026-09-09T07:38:23.8993626Z ^[[1m^[[92m   Compiling^[[0m tempfile v3.25.0
build (x86_64-unknown-linux-gnu, ubuntu-latest)	Build	2026-09-09T07:38:24.4220318Z ^[[1m^[[92m   Compiling^[[0m moxcms v0.7.11
build (x86_64-unknown-linux-gnu, ubuntu-latest)	Build	2026-09-09T07:38:24.4683608Z ^[[1m^[[92m   Compiling^[[0m zune-jpeg v0.5.15
build (x86_64-unknown-linux-gnu, ubuntu-latest)	Build	2026-09-09T07:38:25.5493116Z ^[[1m^[[92m   Compiling^[[0m anstyle-parse v0.2.7
build (x86_64-unknown-linux-gnu, ubuntu-latest)	Build	2026-09-09T07:38:25.6803472Z ^[[1m^[[92m   Compiling^[[0m walkdir v2.5.0
build (x86_64-unknown-linux-gnu, ubuntu-latest)	Build	2026-09-09T07:38:25.7005289Z ^[[1m^[[92m   Compiling^[[0m ratatui-widgets v0.3.0
build (x86_64-unknown-linux-gnu, ubuntu-latest)	Build	2026-09-09T07:38:26.0803465Z ^[[1m^[[92m   Compiling^[[0m palette v0.7.7
build (x86_64-unknown-linux-gnu, ubuntu-latest)	Build	2026-09-09T07:38:30.6462927Z ^[[1m^[[92m   Compiling^[[0m png v0.18.1
build (x86_64-unknown-linux-gnu, ubuntu-latest)	Build	2026-09-09T07:38:32.5803151Z ^[[1m^[[92m   Compiling^[[0m wide v1.6.1
build (x86_64-unknown-linux-gnu, ubuntu-latest)	Build	2026-09-09T07:38:32.6013086Z ^[[1m^[[92m   Compiling^[[0m ed25519 v2.2.3
build (x86_64-unknown-linux-gnu, ubuntu-latest)	Build	2026-09-09T07:38:34.5202574Z ^[[1m^[[92m   Compiling^[[0m ppv-lite86 v0.2.21
build (x86_64-unknown-linux-gnu, ubuntu-latest)	Build	2026-09-09T07:38:34.8723072Z ^[[1m^[[92m   Compiling^[[0m tokio-rustls v0.26.4
build (x86_64-unknown-linux-gnu, ubuntu-latest)	Build	2026-09-09T07:38:35.1207457Z ^[[1m^[[92m   Compiling^[[0m crossterm v0.29.0
build (x86_64-unknown-linux-gnu, ubuntu-latest)	Build	2026-09-09T07:38:36.6573095Z ^[[1m^[[92m   Compiling^[[0m url v2.5.8
build (x86_64-unknown-linux-gnu, ubuntu-latest)	Build	2026-09-09T07:38:38.1233020Z ^[[1m^[[92m   Compiling^[[0m sha2 v0.10.9
build (x86_64-unknown-linux-gnu, ubuntu-latest)	Build	2026-09-09T07:38:38.8876413Z ^[[1m^[[92m   Compiling^[[0m rand_xoshiro v0.8.1
build (x86_64-unknown-linux-gnu, ubuntu-latest)	Build	2026-09-09T07:38:39.3005400Z ^[[1m^[[92m   Compiling^[[0m rand v0.10.2
build (x86_64-unknown-linux-gnu, ubuntu-latest)	Build	2026-09-09T07:38:39.9272995Z ^[[1m^[[92m   Compiling^[[0m webpki-roots v1.0.6
build (x86_64-unknown-linux-gnu, ubuntu-latest)	Build	2026-09-09T07:38:40.0086638Z ^[[1m^[[92m   Compiling^[[0m ordered-float v5.5.0
build (x86_64-unknown-linux-gnu, ubuntu-latest)	Build	2026-09-09T07:38:40.0128067Z ^[[1m^[[92m   Compiling^[[0m rand_core v0.6.4
build (x86_64-unknown-linux-gnu, ubuntu-latest)	Build	2026-09-09T07:38:40.1893123Z ^[[1m^[[92m   Compiling^[[0m libgit2-sys v0.18.3+1.9.2
build (x86_64-unknown-linux-gnu, ubuntu-latest)	Build	2026-09-09T07:38:40.2773029Z ^[[1m^[[92m   Compiling^[[0m inotify-sys v0.1.5
build (x86_64-unknown-linux-gnu, ubuntu-latest)	Build	2026-09-09T07:38:40.3313253Z ^[[1m^[[92m   Compiling^[[0m instant v0.1.13
build (x86_64-unknown-linux-gnu, ubuntu-latest)	Build	2026-09-09T07:38:40.3753861Z ^[[1m^[[92m   Compiling^[[0m anstyle v1.0.13
build (x86_64-unknown-linux-gnu, ubuntu-latest)	Build	2026-09-09T07:38:40.4043609Z ^[[1m^[[92m   Compiling^[[0m thiserror v1.0.69
build (x86_64-unknown-linux-gnu, ubuntu-latest)	Build	2026-09-09T07:38:40.5573137Z ^[[1m^[[92m   Compiling^[[0m is_terminal_polyfill v1.70.2
build (x86_64-unknown-linux-gnu, ubuntu-latest)	Build	2026-09-09T07:38:40.5683134Z ^[[1m^[[92m   Compiling^[[0m bit-vec v0.8.0
build (x86_64-unknown-linux-gnu, ubuntu-latest)	Build	2026-09-09T07:38:40.5993025Z ^[[1m^[[92m   Compiling^[[0m anstyle-query v1.1.5
build (x86_64-unknown-linux-gnu, ubuntu-latest)	Build	2026-09-09T07:38:40.6480590Z ^[[1m^[[92m   Compiling^[[0m iri-string v0.7.10
build (x86_64-unknown-linux-gnu, ubuntu-latest)	Build	2026-09-09T07:38:40.7923224Z ^[[1m^[[92m   Compiling^[[0m bitflags v1.3.2
build (x86_64-unknown-linux-gnu, ubuntu-latest)	Build	2026-09-09T07:38:40.8283094Z ^[[1m^[[92m   Compiling^[[0m linux-raw-sys v0.4.15
build (x86_64-unknown-linux-gnu, ubuntu-latest)	Build	2026-09-09T07:38:41.1233111Z ^[[1m^[[92m   Compiling^[[0m colorchoice v1.0.4
build (x86_64-unknown-linux-gnu, ubuntu-latest)	Build	2026-09-09T07:38:41.1703645Z ^[[1m^[[92m   Compiling^[[0m anstream v0.6.21
build (x86_64-unknown-linux-gnu, ubuntu-latest)	Build	2026-09-09T07:38:43.0297086Z ^[[1m^[[92m   Compiling^[[0m tower-http v0.6.8
build (x86_64-unknown-linux-gnu, ubuntu-latest)	Build	2026-09-09T07:38:43.0608123Z ^[[1m^[[92m   Compiling^[[0m inotify v0.10.2
build (x86_64-unknown-linux-gnu, ubuntu-latest)	Build	2026-09-09T07:38:43.3350834Z ^[[1m^[[92m   Compiling^[[0m bit-set v0.8.0
build (x86_64-unknown-linux-gnu, ubuntu-latest)	Build	2026-09-09T07:38:43.5013706Z ^[[1m^[[92m   Compiling^[[0m notify-types v1.0.1
build (x86_64-unknown-linux-gnu, ubuntu-latest)	Build	2026-09-09T07:38:43.7022898Z ^[[1m^[[92m   Compiling^[[0m quantette v0.6.0
build (x86_64-unknown-linux-gnu, ubuntu-latest)	Build	2026-09-09T07:38:43.7273414Z ^[[1m^[[92m   Compiling^[[0m rand_chacha v0.3.1
build (x86_64-unknown-linux-gnu, ubuntu-latest)	Build	2026-09-09T07:38:44.2230103Z ^[[1m^[[92m   Compiling^[[0m hyper-rustls v0.27.7
build (x86_64-unknown-linux-gnu, ubuntu-latest)	Build	2026-09-09T07:38:44.2458702Z ^[[1m^[[92m   Compiling^[[0m ed25519-dalek v2.2.0
build (x86_64-unknown-linux-gnu, ubuntu-latest)	Build	2026-09-09T07:38:44.5483057Z ^[[1m^[[92m   Compiling^[[0m ratatui-crossterm v0.1.0
build (x86_64-unknown-linux-gnu, ubuntu-latest)	Build	2026-09-09T07:38:44.5870583Z ^[[1m^[[92m   Compiling^[[0m image v0.25.9
build (x86_64-unknown-linux-gnu, ubuntu-latest)	Build	2026-09-09T07:38:44.7002888Z ^[[1m^[[92m   Compiling^[[0m ratatui-macros v0.7.0
build (x86_64-unknown-linux-gnu, ubuntu-latest)	Build	2026-09-09T07:38:45.4023038Z ^[[1m^[[92m   Compiling^[[0m serde_urlencoded v0.7.1
build (x86_64-unknown-linux-gnu, ubuntu-latest)	Build	2026-09-09T07:38:45.6243163Z ^[[1m^[[92m   Compiling^[[0m http-body-util v0.1.3
build (x86_64-unknown-linux-gnu, ubuntu-latest)	Build	2026-09-09T07:38:45.8553086Z ^[[1m^[[92m   Compiling^[[0m console v0.15.11
build (x86_64-unknown-linux-gnu, ubuntu-latest)	Build	2026-09-09T07:38:46.7642938Z ^[[1m^[[92m   Compiling^[[0m xattr v1.6.1
build (x86_64-unknown-linux-gnu, ubuntu-latest)	Build	2026-09-09T07:38:47.1276947Z ^[[1m^[[92m   Compiling^[[0m gethostname v1.1.0
build (x86_64-unknown-linux-gnu, ubuntu-latest)	Build	2026-09-09T07:38:47.1803021Z ^[[1m^[[92m   Compiling^[[0m thiserror-impl v1.0.69
build (x86_64-unknown-linux-gnu, ubuntu-latest)	Build	2026-09-09T07:38:47.2643095Z ^[[1m^[[92m   Compiling^[[0m quick-xml v0.38.4
build (x86_64-unknown-linux-gnu, ubuntu-latest)	Build	2026-09-09T07:38:48.2083403Z ^[[1m^[[92m   Compiling^[[0m x11rb-protocol v0.13.2
build (x86_64-unknown-linux-gnu, ubuntu-latest)	Build	2026-09-09T07:38:48.4463200Z ^[[1m^[[92m   Compiling^[[0m linked-hash-map v0.5.6
build (x86_64-unknown-linux-gnu, ubuntu-latest)	Build	2026-09-09T07:38:49.1083375Z ^[[1m^[[92m   Compiling^[[0m clap_lex v1.0.0
build (x86_64-unknown-linux-gnu, ubuntu-latest)	Build	2026-09-09T07:38:49.3143560Z ^[[1m^[[92m   Compiling^[[0m ratatui-image v11.0.3
build (x86_64-unknown-linux-gnu, ubuntu-latest)	Build	2026-09-09T07:38:49.3893153Z ^[[1m^[[92m   Compiling^[[0m outref v0.5.2
build (x86_64-unknown-linux-gnu, ubuntu-latest)	Build	2026-09-09T07:38:49.4373289Z ^[[1m^[[92m   Compiling^[[0m unicode-width v0.1.14
build (x86_64-unknown-linux-gnu, ubuntu-latest)	Build	2026-09-09T07:38:49.6238992Z ^[[1m^[[92m   Compiling^[[0m vsimd v0.8.0
build (x86_64-unknown-linux-gnu, ubuntu-latest)	Build	2026-09-09T07:38:50.0653160Z ^[[1m^[[92m   Compiling^[[0m anyhow v1.0.101
build (x86_64-unknown-linux-gnu, ubuntu-latest)	Build	2026-09-09T07:38:50.2313123Z ^[[1m^[[92m   Compiling^[[0m option-ext v0.2.0
build (x86_64-unknown-linux-gnu, ubuntu-latest)	Build	2026-09-09T07:38:50.2723083Z ^[[1m^[[92m   Compiling^[[0m number_prefix v0.4.0
build (x86_64-unknown-linux-gnu, ubuntu-latest)	Build	2026-09-09T07:38:50.3513130Z ^[[1m^[[92m   Compiling^[[0m self_update v0.42.0
build (x86_64-unknown-linux-gnu, ubuntu-latest)	Build	2026-09-09T07:38:50.4353024Z ^[[1m^[[92m   Compiling^[[0m pulldown-cmark v0.13.0
build (x86_64-unknown-linux-gnu, ubuntu-latest)	Build	2026-09-09T07:38:50.5353026Z ^[[1m^[[92m   Compiling^[[0m indicatif v0.17.11
build (x86_64-unknown-linux-gnu, ubuntu-latest)	Build	2026-09-09T07:38:52.2123015Z ^[[1m^[[92m   Compiling^[[0m x11rb v0.13.2
build (x86_64-unknown-linux-gnu, ubuntu-latest)	Build	2026-09-09T07:38:53.6663077Z ^[[1m^[[92m   Compiling^[[0m dirs-sys v0.5.0
build (x86_64-unknown-linux-gnu, ubuntu-latest)	Build	2026-09-09T07:38:54.0083100Z ^[[1m^[[92m   Compiling^[[0m base64-simd v0.8.0
build (x86_64-unknown-linux-gnu, ubuntu-latest)	Build	2026-09-09T07:38:54.3683029Z ^[[1m^[[92m   Compiling^[[0m miette v7.6.0
build (x86_64-unknown-linux-gnu, ubuntu-latest)	Build	2026-09-09T07:38:55.3637826Z ^[[1m^[[92m   Compiling^[[0m clap_builder v4.5.58
build (x86_64-unknown-linux-gnu, ubuntu-latest)	Build	2026-09-09T07:38:56.1212928Z ^[[1m^[[92m   Compiling^[[0m yaml-rust v0.4.5
build (x86_64-unknown-linux-gnu, ubuntu-latest)	Build	2026-09-09T07:38:57.7309782Z ^[[1m^[[92m   Compiling^[[0m plist v1.8.0
build (x86_64-unknown-linux-gnu, ubuntu-latest)	Build	2026-09-09T07:38:57.8044627Z ^[[1m^[[92m   Compiling^[[0m tar v0.4.46
build (x86_64-unknown-linux-gnu, ubuntu-latest)	Build	2026-09-09T07:38:58.9673030Z ^[[1m^[[92m   Compiling^[[0m reqwest v0.12.28
build (x86_64-unknown-linux-gnu, ubuntu-latest)	Build	2026-09-09T07:38:59.3811109Z ^[[1m^[[92m   Compiling^[[0m icy_sixel v0.5.1
build (x86_64-unknown-linux-gnu, ubuntu-latest)	Build	2026-09-09T07:38:59.9383504Z ^[[1m^[[92m   Compiling^[[0m ratatui v0.30.0
build (x86_64-unknown-linux-gnu, ubuntu-latest)	Build	2026-09-09T07:39:00.2842998Z ^[[1m^[[92m   Compiling^[[0m zipsign-api v0.1.5
build (x86_64-unknown-linux-gnu, ubuntu-latest)	Build	2026-09-09T07:39:00.7075363Z ^[[1m^[[92m   Compiling^[[0m rand v0.8.8
build (x86_64-unknown-linux-gnu, ubuntu-latest)	Build	2026-09-09T07:39:01.4773027Z ^[[1m^[[92m   Compiling^[[0m notify v7.0.0
build (x86_64-unknown-linux-gnu, ubuntu-latest)	Build	2026-09-09T07:39:01.6330839Z ^[[1m^[[92m   Compiling^[[0m fancy-regex v0.16.2
build (x86_64-unknown-linux-gnu, ubuntu-latest)	Build	2026-09-09T07:39:03.8353417Z ^[[1m^[[92m   Compiling^[[0m self-replace v1.5.0
build (x86_64-unknown-linux-gnu, ubuntu-latest)	Build	2026-09-09T07:39:03.8442745Z ^[[1m^[[92m   Compiling^[[0m regex v1.12.3
build (x86_64-unknown-linux-gnu, ubuntu-latest)	Build	2026-09-09T07:39:03.9833022Z ^[[1m^[[92m   Compiling^[[0m bincode v1.3.3
build (x86_64-unknown-linux-gnu, ubuntu-latest)	Build	2026-09-09T07:39:04.4293109Z ^[[1m^[[92m   Compiling^[[0m clap_derive v4.5.55
build (x86_64-unknown-linux-gnu, ubuntu-latest)	Build	2026-09-09T07:39:04.6829708Z ^[[1m^[[92m   Compiling^[[0m quick-xml v0.37.5
build (x86_64-unknown-linux-gnu, ubuntu-latest)	Build	2026-09-09T07:39:05.8273259Z ^[[1m^[[92m   Compiling^[[0m unicase v2.9.0
build (x86_64-unknown-linux-gnu, ubuntu-latest)	Build	2026-09-09T07:39:06.1593458Z ^[[1m^[[92m   Compiling^[[0m openssl-probe v0.1.6
build (x86_64-unknown-linux-gnu, ubuntu-latest)	Build	2026-09-09T07:39:06.3153057Z ^[[1m^[[92m   Compiling^[[0m self_cell v1.3.0
build (x86_64-unknown-linux-gnu, ubuntu-latest)	Build	2026-09-09T07:39:06.3617715Z ^[[1m^[[92m   Compiling^[[0m urlencoding v2.1.3
build (x86_64-unknown-linux-gnu, ubuntu-latest)	Build	2026-09-09T07:39:06.3702700Z ^[[1m^[[92m   Compiling^[[0m winnow v0.7.15
build (x86_64-unknown-linux-gnu, ubuntu-latest)	Build	2026-09-09T07:39:08.5542830Z ^[[1m^[[92m   Compiling^[[0m kdl v6.7.1
build (x86_64-unknown-linux-gnu, ubuntu-latest)	Build	2026-09-09T07:39:10.4742911Z ^[[1m^[[92m   Compiling^[[0m clap v4.5.58
build (x86_64-unknown-linux-gnu, ubuntu-latest)	Build	2026-09-09T07:39:12.1153939Z ^[[1m^[[92m   Compiling^[[0m syntect v5.3.0
build (x86_64-unknown-linux-gnu, ubuntu-latest)	Build	2026-09-09T07:39:13.4063615Z ^[[1m^[[92m   Compiling^[[0m notify-debouncer-mini v0.5.0
build (x86_64-unknown-linux-gnu, ubuntu-latest)	Build	2026-09-09T07:39:14.2613780Z ^[[1m^[[92m   Compiling^[[0m dirs v6.0.0
build (x86_64-unknown-linux-gnu, ubuntu-latest)	Build	2026-09-09T07:39:14.3372916Z ^[[1m^[[92m   Compiling^[[0m arboard v3.6.1
build (x86_64-unknown-linux-gnu, ubuntu-latest)	Build	2026-09-09T07:39:15.6112936Z ^[[1m^[[92m   Compiling^[[0m crossterm v0.28.1
build (x86_64-unknown-linux-gnu, ubuntu-latest)	Build	2026-09-09T07:39:17.1353594Z ^[[1m^[[92m   Compiling^[[0m sysinfo v0.39.6
build (x86_64-unknown-linux-gnu, ubuntu-latest)	Build	2026-09-09T07:40:26.9957193Z ^[[1m^[[92m   Compiling^[[0m git2 v0.20.4
build (x86_64-unknown-linux-gnu, ubuntu-latest)	Build	2026-09-09T07:40:29.2680655Z ^[[1m^[[92m   Compiling^[[0m vig v0.13.0 (/home/runner/work/vig/vig)
build (x86_64-unknown-linux-gnu, ubuntu-latest)	Build	2026-09-09T07:41:27.8706972Z ^[[1m^[[92m    Finished^[[0m `release` profile [optimized] target(s) in 3m 56s
build (x86_64-unknown-linux-gnu, ubuntu-latest)	Post Run actions-rust-lang/setup-rust-toolchain@v1	﻿2026-09-09T07:41:27.9842279Z Post job cleanup.
build (x86_64-unknown-linux-gnu, ubuntu-latest)	Post Run actions-rust-lang/setup-rust-toolchain@v1	2026-09-09T07:41:27.9845606Z ##[start-action display=Setup Rust Caching;id=__99ec2e31-410e-4e71-9c8d-f389c8945053.__Swatinem_rust-cache]
build (x86_64-unknown-linux-gnu, ubuntu-latest)	Post Run actions-rust-lang/setup-rust-toolchain@v1	2026-09-09T07:41:27.9887889Z Post job cleanup.
build (x86_64-unknown-linux-gnu, ubuntu-latest)	Post Run actions-rust-lang/setup-rust-toolchain@v1	2026-09-09T07:41:28.2772388Z ##[group]Cache Configuration
build (x86_64-unknown-linux-gnu, ubuntu-latest)	Post Run actions-rust-lang/setup-rust-toolchain@v1	2026-09-09T07:41:28.2773156Z Cache Provider:
build (x86_64-unknown-linux-gnu, ubuntu-latest)	Post Run actions-rust-lang/setup-rust-toolchain@v1	2026-09-09T07:41:28.2773582Z     github
build (x86_64-unknown-linux-gnu, ubuntu-latest)	Post Run actions-rust-lang/setup-rust-toolchain@v1	2026-09-09T07:41:28.2775352Z Workspaces:
build (x86_64-unknown-linux-gnu, ubuntu-latest)	Post Run actions-rust-lang/setup-rust-toolchain@v1	2026-09-09T07:41:28.2775759Z     /home/runner/work/vig/vig
build (x86_64-unknown-linux-gnu, ubuntu-latest)	Post Run actions-rust-lang/setup-rust-toolchain@v1	2026-09-09T07:41:28.2776237Z Cache Paths:
build (x86_64-unknown-linux-gnu, ubuntu-latest)	Post Run actions-rust-lang/setup-rust-toolchain@v1	2026-09-09T07:41:28.2776628Z     /home/runner/.cargo/bin
build (x86_64-unknown-linux-gnu, ubuntu-latest)	Post Run actions-rust-lang/setup-rust-toolchain@v1	2026-09-09T07:41:28.2777093Z     /home/runner/.cargo/.crates.toml
build (x86_64-unknown-linux-gnu, ubuntu-latest)	Post Run actions-rust-lang/setup-rust-toolchain@v1	2026-09-09T07:41:28.2777617Z     /home/runner/.cargo/.crates2.json
build (x86_64-unknown-linux-gnu, ubuntu-latest)	Post Run actions-rust-lang/setup-rust-toolchain@v1	2026-09-09T07:41:28.2778130Z     /home/runner/.cargo/registry
build (x86_64-unknown-linux-gnu, ubuntu-latest)	Post Run actions-rust-lang/setup-rust-toolchain@v1	2026-09-09T07:41:28.2778575Z     /home/runner/.cargo/git
build (x86_64-unknown-linux-gnu, ubuntu-latest)	Post Run actions-rust-lang/setup-rust-toolchain@v1	2026-09-09T07:41:28.2779069Z     /home/runner/work/vig/vig/target
build (x86_64-unknown-linux-gnu, ubuntu-latest)	Post Run actions-rust-lang/setup-rust-toolchain@v1	2026-09-09T07:41:28.2779535Z Restore Key:
build (x86_64-unknown-linux-gnu, ubuntu-latest)	Post Run actions-rust-lang/setup-rust-toolchain@v1	2026-09-09T07:41:28.2779948Z     v0-rust-build-Linux-x64-09ed3713
build (x86_64-unknown-linux-gnu, ubuntu-latest)	Post Run actions-rust-lang/setup-rust-toolchain@v1	2026-09-09T07:41:28.2780410Z Cache Key:
build (x86_64-unknown-linux-gnu, ubuntu-latest)	Post Run actions-rust-lang/setup-rust-toolchain@v1	2026-09-09T07:41:28.2780875Z     v0-rust-build-Linux-x64-09ed3713-eb78a9df
build (x86_64-unknown-linux-gnu, ubuntu-latest)	Post Run actions-rust-lang/setup-rust-toolchain@v1	2026-09-09T07:41:28.2781384Z .. Prefix:
build (x86_64-unknown-linux-gnu, ubuntu-latest)	Post Run actions-rust-lang/setup-rust-toolchain@v1	2026-09-09T07:41:28.2781994Z   - v0-rust-build-Linux-x64
build (x86_64-unknown-linux-gnu, ubuntu-latest)	Post Run actions-rust-lang/setup-rust-toolchain@v1	2026-09-09T07:41:28.2782636Z .. Environment considered:
build (x86_64-unknown-linux-gnu, ubuntu-latest)	Post Run actions-rust-lang/setup-rust-toolchain@v1	2026-09-09T07:41:28.2783090Z   - Rust Versions:
build (x86_64-unknown-linux-gnu, ubuntu-latest)	Post Run actions-rust-lang/setup-rust-toolchain@v1	2026-09-09T07:41:28.2783672Z     - 1.98.1 x86_64-unknown-linux-gnu 48a229ceaefd4985c50990b14116b6d856af0985
build (x86_64-unknown-linux-gnu, ubuntu-latest)	Post Run actions-rust-lang/setup-rust-toolchain@v1	2026-09-09T07:41:28.2784670Z     - 1.98.1 x86_64-unknown-linux-gnu 48a229ceaefd4985c50990b14116b6d856af0985
build (x86_64-unknown-linux-gnu, ubuntu-latest)	Post Run actions-rust-lang/setup-rust-toolchain@v1	2026-09-09T07:41:28.2785546Z   - CARGO_INCREMENTAL
build (x86_64-unknown-linux-gnu, ubuntu-latest)	Post Run actions-rust-lang/setup-rust-toolchain@v1	2026-09-09T07:41:28.2786078Z   - CARGO_PROFILE_DEV_DEBUG
build (x86_64-unknown-linux-gnu, ubuntu-latest)	Post Run actions-rust-lang/setup-rust-toolchain@v1	2026-09-09T07:41:28.2786755Z   - CARGO_REGISTRIES_CRATES_IO_PROTOCOL
build (x86_64-unknown-linux-gnu, ubuntu-latest)	Post Run actions-rust-lang/setup-rust-toolchain@v1	2026-09-09T07:41:28.2787742Z   - CARGO_TERM_COLOR
build (x86_64-unknown-linux-gnu, ubuntu-latest)	Post Run actions-rust-lang/setup-rust-toolchain@v1	2026-09-09T07:41:28.2788396Z   - CARGO_UNSTABLE_SPARSE_REGISTRY
build (x86_64-unknown-linux-gnu, ubuntu-latest)	Post Run actions-rust-lang/setup-rust-toolchain@v1	2026-09-09T07:41:28.2788916Z   - RUST_BACKTRACE
build (x86_64-unknown-linux-gnu, ubuntu-latest)	Post Run actions-rust-lang/setup-rust-toolchain@v1	2026-09-09T07:41:28.2791152Z   - RUSTFLAGS
build (x86_64-unknown-linux-gnu, ubuntu-latest)	Post Run actions-rust-lang/setup-rust-toolchain@v1	2026-09-09T07:41:28.2792395Z .. Lockfiles considered:
build (x86_64-unknown-linux-gnu, ubuntu-latest)	Post Run actions-rust-lang/setup-rust-toolchain@v1	2026-09-09T07:41:28.2792918Z   - /home/runner/work/vig/vig/Cargo.lock
build (x86_64-unknown-linux-gnu, ubuntu-latest)	Post Run actions-rust-lang/setup-rust-toolchain@v1	2026-09-09T07:41:28.2793475Z   - /home/runner/work/vig/vig/Cargo.toml
build (x86_64-unknown-linux-gnu, ubuntu-latest)	Post Run actions-rust-lang/setup-rust-toolchain@v1	2026-09-09T07:41:28.2794425Z ##[endgroup]
build (x86_64-unknown-linux-gnu, ubuntu-latest)	Post Run actions-rust-lang/setup-rust-toolchain@v1	2026-09-09T07:41:28.2794660Z 
build (x86_64-unknown-linux-gnu, ubuntu-latest)	Post Run actions-rust-lang/setup-rust-toolchain@v1	2026-09-09T07:41:28.2802844Z (node:18578) [DEP0040] DeprecationWarning: The `punycode` module is deprecated. Please use a userland alternative instead.
build (x86_64-unknown-linux-gnu, ubuntu-latest)	Post Run actions-rust-lang/setup-rust-toolchain@v1	2026-09-09T07:41:28.2804472Z (Use `node --trace-deprecation ...` to show where the warning was created)
build (x86_64-unknown-linux-gnu, ubuntu-latest)	Post Run actions-rust-lang/setup-rust-toolchain@v1	2026-09-09T07:41:30.3452345Z ... Cleaning /home/runner/work/vig/vig/target ...
build (x86_64-unknown-linux-gnu, ubuntu-latest)	Post Run actions-rust-lang/setup-rust-toolchain@v1	2026-09-09T07:41:30.3635357Z ... Cleaning cargo registry (cache-all-crates: false) ...
build (x86_64-unknown-linux-gnu, ubuntu-latest)	Post Run actions-rust-lang/setup-rust-toolchain@v1	2026-09-09T07:41:31.5099640Z ... Cleaning cargo/bin ...
build (x86_64-unknown-linux-gnu, ubuntu-latest)	Post Run actions-rust-lang/setup-rust-toolchain@v1	2026-09-09T07:41:31.5123964Z ... Cleaning cargo git cache ...
build (x86_64-unknown-linux-gnu, ubuntu-latest)	Post Run actions-rust-lang/setup-rust-toolchain@v1	2026-09-09T07:41:31.5128675Z ... Saving cache ...
build (x86_64-unknown-linux-gnu, ubuntu-latest)	Post Run actions-rust-lang/setup-rust-toolchain@v1	2026-09-09T07:41:31.5288598Z [command]/usr/bin/tar --posix -cf cache.tzst --exclude cache.tzst -P -C /home/runner/work/vig/vig --files-from manifest.txt --use-compress-program zstdmt
build (x86_64-unknown-linux-gnu, ubuntu-latest)	Post Run actions-rust-lang/setup-rust-toolchain@v1	2026-09-09T07:41:35.8171402Z Sent 181936288 of 383262880 (47.5%), 173.5 MBs/sec
build (x86_64-unknown-linux-gnu, ubuntu-latest)	Post Run actions-rust-lang/setup-rust-toolchain@v1	2026-09-09T07:41:36.1011427Z Sent 383262880 of 383262880 (100.0%), 284.7 MBs/sec
build (x86_64-unknown-linux-gnu, ubuntu-latest)	Post Run actions-rust-lang/setup-rust-toolchain@v1	2026-09-09T07:41:36.2267862Z ##[end-action id=__99ec2e31-410e-4e71-9c8d-f389c8945053.__Swatinem_rust-cache;outcome=success;conclusion=success;duration_ms=8242]
build (x86_64-unknown-linux-gnu, ubuntu-latest)	Post Run actions/checkout@v6	﻿2026-09-09T07:41:36.2341025Z Post job cleanup.
build (x86_64-unknown-linux-gnu, ubuntu-latest)	Post Run actions/checkout@v6	2026-09-09T07:41:36.3222767Z [command]/usr/bin/git version
build (x86_64-unknown-linux-gnu, ubuntu-latest)	Post Run actions/checkout@v6	2026-09-09T07:41:36.3265254Z git version 2.55.0
build (x86_64-unknown-linux-gnu, ubuntu-latest)	Post Run actions/checkout@v6	2026-09-09T07:41:36.3307854Z Temporarily overriding HOME='/home/runner/work/_temp/ee12194c-3ec3-4678-b5e4-fd1f926a8e36' before making global git config changes
build (x86_64-unknown-linux-gnu, ubuntu-latest)	Post Run actions/checkout@v6	2026-09-09T07:41:36.3309187Z Adding repository directory to the temporary git global config as a safe directory
build (x86_64-unknown-linux-gnu, ubuntu-latest)	Post Run actions/checkout@v6	2026-09-09T07:41:36.3314955Z [command]/usr/bin/git config --global --add safe.directory /home/runner/work/vig/vig
build (x86_64-unknown-linux-gnu, ubuntu-latest)	Post Run actions/checkout@v6	2026-09-09T07:41:36.3350994Z Removing SSH command configuration
build (x86_64-unknown-linux-gnu, ubuntu-latest)	Post Run actions/checkout@v6	2026-09-09T07:41:36.3359338Z [command]/usr/bin/git config --local --name-only --get-regexp core\.sshCommand
build (x86_64-unknown-linux-gnu, ubuntu-latest)	Post Run actions/checkout@v6	2026-09-09T07:41:36.3398505Z [command]/usr/bin/git submodule foreach --recursive sh -c "git config --local --name-only --get-regexp 'core\.sshCommand' && git config --local --unset-all 'core.sshCommand' || :"
build (x86_64-unknown-linux-gnu, ubuntu-latest)	Post Run actions/checkout@v6	2026-09-09T07:41:36.3652882Z Removing HTTP extra header
build (x86_64-unknown-linux-gnu, ubuntu-latest)	Post Run actions/checkout@v6	2026-09-09T07:41:36.3659144Z [command]/usr/bin/git config --local --name-only --get-regexp http\.https\:\/\/github\.com\/\.extraheader
build (x86_64-unknown-linux-gnu, ubuntu-latest)	Post Run actions/checkout@v6	2026-09-09T07:41:36.3700383Z [command]/usr/bin/git submodule foreach --recursive sh -c "git config --local --name-only --get-regexp 'http\.https\:\/\/github\.com\/\.extraheader' && git config --local --unset-all 'http.https://github.com/.extraheader' || :"
build (x86_64-unknown-linux-gnu, ubuntu-latest)	Post Run actions/checkout@v6	2026-09-09T07:41:36.3946639Z Removing includeIf entries pointing to credentials config files
build (x86_64-unknown-linux-gnu, ubuntu-latest)	Post Run actions/checkout@v6	2026-09-09T07:41:36.3959206Z [command]/usr/bin/git config --local --name-only --get-regexp ^includeIf\.gitdir:
build (x86_64-unknown-linux-gnu, ubuntu-latest)	Post Run actions/checkout@v6	2026-09-09T07:41:36.3991270Z includeif.gitdir:/home/runner/work/vig/vig/.git.path
build (x86_64-unknown-linux-gnu, ubuntu-latest)	Post Run actions/checkout@v6	2026-09-09T07:41:36.3992630Z includeif.gitdir:/home/runner/work/vig/vig/.git/worktrees/*.path
build (x86_64-unknown-linux-gnu, ubuntu-latest)	Post Run actions/checkout@v6	2026-09-09T07:41:36.3993389Z includeif.gitdir:/github/workspace/.git.path
build (x86_64-unknown-linux-gnu, ubuntu-latest)	Post Run actions/checkout@v6	2026-09-09T07:41:36.3993850Z includeif.gitdir:/github/workspace/.git/worktrees/*.path
build (x86_64-unknown-linux-gnu, ubuntu-latest)	Post Run actions/checkout@v6	2026-09-09T07:41:36.4006180Z [command]/usr/bin/git config --local --get-all includeif.gitdir:/home/runner/work/vig/vig/.git.path
build (x86_64-unknown-linux-gnu, ubuntu-latest)	Post Run actions/checkout@v6	2026-09-09T07:41:36.4033284Z /home/runner/work/_temp/git-credentials-7f7bb859-4d64-4256-8956-f900bf45a2ce.config
build (x86_64-unknown-linux-gnu, ubuntu-latest)	Post Run actions/checkout@v6	2026-09-09T07:41:36.4053239Z [command]/usr/bin/git config --local --unset includeif.gitdir:/home/runner/work/vig/vig/.git.path /home/runner/work/_temp/git-credentials-7f7bb859-4d64-4256-8956-f900bf45a2ce.config
build (x86_64-unknown-linux-gnu, ubuntu-latest)	Post Run actions/checkout@v6	2026-09-09T07:41:36.4089603Z [command]/usr/bin/git config --local --get-all includeif.gitdir:/home/runner/work/vig/vig/.git/worktrees/*.path
build (x86_64-unknown-linux-gnu, ubuntu-latest)	Post Run actions/checkout@v6	2026-09-09T07:41:36.4119141Z /home/runner/work/_temp/git-credentials-7f7bb859-4d64-4256-8956-f900bf45a2ce.config
build (x86_64-unknown-linux-gnu, ubuntu-latest)	Post Run actions/checkout@v6	2026-09-09T07:41:36.4132027Z [command]/usr/bin/git config --local --unset includeif.gitdir:/home/runner/work/vig/vig/.git/worktrees/*.path /home/runner/work/_temp/git-credentials-7f7bb859-4d64-4256-8956-f900bf45a2ce.config
build (x86_64-unknown-linux-gnu, ubuntu-latest)	Post Run actions/checkout@v6	2026-09-09T07:41:36.4174504Z [command]/usr/bin/git config --local --get-all includeif.gitdir:/github/workspace/.git.path
build (x86_64-unknown-linux-gnu, ubuntu-latest)	Post Run actions/checkout@v6	2026-09-09T07:41:36.4211326Z /github/runner_temp/git-credentials-7f7bb859-4d64-4256-8956-f900bf45a2ce.config
build (x86_64-unknown-linux-gnu, ubuntu-latest)	Post Run actions/checkout@v6	2026-09-09T07:41:36.4224015Z [command]/usr/bin/git config --local --unset includeif.gitdir:/github/workspace/.git.path /github/runner_temp/git-credentials-7f7bb859-4d64-4256-8956-f900bf45a2ce.config
build (x86_64-unknown-linux-gnu, ubuntu-latest)	Post Run actions/checkout@v6	2026-09-09T07:41:36.4260578Z [command]/usr/bin/git config --local --get-all includeif.gitdir:/github/workspace/.git/worktrees/*.path
build (x86_64-unknown-linux-gnu, ubuntu-latest)	Post Run actions/checkout@v6	2026-09-09T07:41:36.4295059Z /github/runner_temp/git-credentials-7f7bb859-4d64-4256-8956-f900bf45a2ce.config
build (x86_64-unknown-linux-gnu, ubuntu-latest)	Post Run actions/checkout@v6	2026-09-09T07:41:36.4306604Z [command]/usr/bin/git config --local --unset includeif.gitdir:/github/workspace/.git/worktrees/*.path /github/runner_temp/git-credentials-7f7bb859-4d64-4256-8956-f900bf45a2ce.config
build (x86_64-unknown-linux-gnu, ubuntu-latest)	Post Run actions/checkout@v6	2026-09-09T07:41:36.4352484Z [command]/usr/bin/git submodule foreach --recursive git config --local --show-origin --name-only --get-regexp remote.origin.url
build (x86_64-unknown-linux-gnu, ubuntu-latest)	Post Run actions/checkout@v6	2026-09-09T07:41:36.4575534Z Removing credentials config '/home/runner/work/_temp/git-credentials-7f7bb859-4d64-4256-8956-f900bf45a2ce.config'
build (x86_64-unknown-linux-gnu, ubuntu-latest)	Complete job	﻿2026-09-09T07:41:36.4732558Z Cleaning up orphan processes
