test (x86_64-unknown-linux-gnu, ubuntu-latest)	Set up job	﻿2026-09-08T10:01:21.4041066Z Current runner version: '2.337.0'
test (x86_64-unknown-linux-gnu, ubuntu-latest)	Set up job	2026-09-08T10:01:21.4069846Z ##[group]Runner Image Provisioner
test (x86_64-unknown-linux-gnu, ubuntu-latest)	Set up job	2026-09-08T10:01:21.4070966Z Hosted Compute Agent
test (x86_64-unknown-linux-gnu, ubuntu-latest)	Set up job	2026-09-08T10:01:21.4071548Z Version: 20260828.587
test (x86_64-unknown-linux-gnu, ubuntu-latest)	Set up job	2026-09-08T10:01:21.4072270Z Commit: abac92662cab4cc7352de4f9f9d2e2419aad9c29
test (x86_64-unknown-linux-gnu, ubuntu-latest)	Set up job	2026-09-08T10:01:21.4073057Z Build Date: 2026-08-28T16:44:25Z
test (x86_64-unknown-linux-gnu, ubuntu-latest)	Set up job	2026-09-08T10:01:21.4073807Z Worker ID: {72271721-b4ee-44df-a33c-087d0ceb5f39}
test (x86_64-unknown-linux-gnu, ubuntu-latest)	Set up job	2026-09-08T10:01:21.4074525Z Azure Region: eastus
test (x86_64-unknown-linux-gnu, ubuntu-latest)	Set up job	2026-09-08T10:01:21.4075073Z ##[endgroup]
test (x86_64-unknown-linux-gnu, ubuntu-latest)	Set up job	2026-09-08T10:01:21.4076602Z ##[group]Operating System
test (x86_64-unknown-linux-gnu, ubuntu-latest)	Set up job	2026-09-08T10:01:21.4077290Z Ubuntu
test (x86_64-unknown-linux-gnu, ubuntu-latest)	Set up job	2026-09-08T10:01:21.4078310Z 24.04.4
test (x86_64-unknown-linux-gnu, ubuntu-latest)	Set up job	2026-09-08T10:01:21.4078843Z LTS
test (x86_64-unknown-linux-gnu, ubuntu-latest)	Set up job	2026-09-08T10:01:21.4079383Z ##[endgroup]
test (x86_64-unknown-linux-gnu, ubuntu-latest)	Set up job	2026-09-08T10:01:21.4079988Z ##[group]Runner Image
test (x86_64-unknown-linux-gnu, ubuntu-latest)	Set up job	2026-09-08T10:01:21.4080795Z Image: ubuntu-24.04
test (x86_64-unknown-linux-gnu, ubuntu-latest)	Set up job	2026-09-08T10:01:21.4081436Z Version: 20260831.293.1
test (x86_64-unknown-linux-gnu, ubuntu-latest)	Set up job	2026-09-08T10:01:21.4082495Z Included Software: https://github.com/actions/runner-images/blob/ubuntu24/20260831.293/images/ubuntu/Ubuntu2404-Readme.md
test (x86_64-unknown-linux-gnu, ubuntu-latest)	Set up job	2026-09-08T10:01:21.4084308Z Image Release: https://github.com/actions/runner-images/releases/tag/ubuntu24%2F20260831.293
test (x86_64-unknown-linux-gnu, ubuntu-latest)	Set up job	2026-09-08T10:01:21.4085262Z ##[endgroup]
test (x86_64-unknown-linux-gnu, ubuntu-latest)	Set up job	2026-09-08T10:01:21.4086498Z ##[group]GITHUB_TOKEN Permissions
test (x86_64-unknown-linux-gnu, ubuntu-latest)	Set up job	2026-09-08T10:01:21.4088593Z Contents: read
test (x86_64-unknown-linux-gnu, ubuntu-latest)	Set up job	2026-09-08T10:01:21.4089334Z Metadata: read
test (x86_64-unknown-linux-gnu, ubuntu-latest)	Set up job	2026-09-08T10:01:21.4089955Z Packages: read
test (x86_64-unknown-linux-gnu, ubuntu-latest)	Set up job	2026-09-08T10:01:21.4090813Z ##[endgroup]
test (x86_64-unknown-linux-gnu, ubuntu-latest)	Set up job	2026-09-08T10:01:21.4093202Z Secret source: Actions
test (x86_64-unknown-linux-gnu, ubuntu-latest)	Set up job	2026-09-08T10:01:21.4094600Z Prepare workflow directory
test (x86_64-unknown-linux-gnu, ubuntu-latest)	Set up job	2026-09-08T10:01:21.4418173Z Prepare all required actions
test (x86_64-unknown-linux-gnu, ubuntu-latest)	Set up job	2026-09-08T10:01:21.4465480Z Getting action download info
test (x86_64-unknown-linux-gnu, ubuntu-latest)	Set up job	2026-09-08T10:01:21.6321315Z Download action repository 'actions/checkout@v6' (SHA:d23441a48e516b6c34aea4fa41551a30e30af803)
test (x86_64-unknown-linux-gnu, ubuntu-latest)	Set up job	2026-09-08T10:01:21.7607013Z Download action repository 'actions-rust-lang/setup-rust-toolchain@v1' (SHA:166cdcfd11aee3cb47222f9ddb555ce30ddb9659)
test (x86_64-unknown-linux-gnu, ubuntu-latest)	Set up job	2026-09-08T10:01:21.8559147Z Download action repository 'awalsh128/cache-apt-pkgs-action@v1' (SHA:553a35bb8ebd9fcabcb1c9451aa4c98e1b4ca8a9)
test (x86_64-unknown-linux-gnu, ubuntu-latest)	Set up job	2026-09-08T10:01:22.1264218Z Getting action download info
test (x86_64-unknown-linux-gnu, ubuntu-latest)	Set up job	2026-09-08T10:01:22.1991494Z Download action repository 'Swatinem/rust-cache@c19371144df3bb44fab255c43d04cbc2ab54d1c4' (SHA:c19371144df3bb44fab255c43d04cbc2ab54d1c4)
test (x86_64-unknown-linux-gnu, ubuntu-latest)	Set up job	2026-09-08T10:01:22.5114212Z Getting action download info
test (x86_64-unknown-linux-gnu, ubuntu-latest)	Set up job	2026-09-08T10:01:22.5874173Z Download action repository 'actions/cache@55cc8345863c7cc4c66a329aec7e433d2d1c52a9' (SHA:55cc8345863c7cc4c66a329aec7e433d2d1c52a9)
test (x86_64-unknown-linux-gnu, ubuntu-latest)	Set up job	2026-09-08T10:01:22.6964227Z Download action repository 'actions/upload-artifact@bbbca2ddaa5d8feaa63e36b76fdaad77386f024f' (SHA:bbbca2ddaa5d8feaa63e36b76fdaad77386f024f)
test (x86_64-unknown-linux-gnu, ubuntu-latest)	Set up job	2026-09-08T10:01:22.8357284Z Complete job name: test (x86_64-unknown-linux-gnu, ubuntu-latest)
test (x86_64-unknown-linux-gnu, ubuntu-latest)	Run actions/checkout@v6	﻿2026-09-08T10:01:22.9304862Z ##[group]Run actions/checkout@v6
test (x86_64-unknown-linux-gnu, ubuntu-latest)	Run actions/checkout@v6	2026-09-08T10:01:22.9306325Z with:
test (x86_64-unknown-linux-gnu, ubuntu-latest)	Run actions/checkout@v6	2026-09-08T10:01:22.9307171Z   repository: td72/vig
test (x86_64-unknown-linux-gnu, ubuntu-latest)	Run actions/checkout@v6	2026-09-08T10:01:22.9315539Z   token: ***
test (x86_64-unknown-linux-gnu, ubuntu-latest)	Run actions/checkout@v6	2026-09-08T10:01:22.9316391Z   ssh-strict: true
test (x86_64-unknown-linux-gnu, ubuntu-latest)	Run actions/checkout@v6	2026-09-08T10:01:22.9317255Z   ssh-user: git
test (x86_64-unknown-linux-gnu, ubuntu-latest)	Run actions/checkout@v6	2026-09-08T10:01:22.9318149Z   persist-credentials: true
test (x86_64-unknown-linux-gnu, ubuntu-latest)	Run actions/checkout@v6	2026-09-08T10:01:22.9319120Z   clean: true
test (x86_64-unknown-linux-gnu, ubuntu-latest)	Run actions/checkout@v6	2026-09-08T10:01:22.9320005Z   sparse-checkout-cone-mode: true
test (x86_64-unknown-linux-gnu, ubuntu-latest)	Run actions/checkout@v6	2026-09-08T10:01:22.9321193Z   fetch-depth: 1
test (x86_64-unknown-linux-gnu, ubuntu-latest)	Run actions/checkout@v6	2026-09-08T10:01:22.9322063Z   fetch-tags: false
test (x86_64-unknown-linux-gnu, ubuntu-latest)	Run actions/checkout@v6	2026-09-08T10:01:22.9322965Z   show-progress: true
test (x86_64-unknown-linux-gnu, ubuntu-latest)	Run actions/checkout@v6	2026-09-08T10:01:22.9324172Z   lfs: false
test (x86_64-unknown-linux-gnu, ubuntu-latest)	Run actions/checkout@v6	2026-09-08T10:01:22.9325528Z   submodules: false
test (x86_64-unknown-linux-gnu, ubuntu-latest)	Run actions/checkout@v6	2026-09-08T10:01:22.9327119Z   set-safe-directory: true
test (x86_64-unknown-linux-gnu, ubuntu-latest)	Run actions/checkout@v6	2026-09-08T10:01:22.9328830Z   allow-unsafe-pr-checkout: false
test (x86_64-unknown-linux-gnu, ubuntu-latest)	Run actions/checkout@v6	2026-09-08T10:01:22.9331172Z ##[endgroup]
test (x86_64-unknown-linux-gnu, ubuntu-latest)	Run actions/checkout@v6	2026-09-08T10:01:23.0387316Z Syncing repository: td72/vig
test (x86_64-unknown-linux-gnu, ubuntu-latest)	Run actions/checkout@v6	2026-09-08T10:01:23.0391821Z ##[group]Getting Git version info
test (x86_64-unknown-linux-gnu, ubuntu-latest)	Run actions/checkout@v6	2026-09-08T10:01:23.0394014Z Working directory is '/home/runner/work/vig/vig'
test (x86_64-unknown-linux-gnu, ubuntu-latest)	Run actions/checkout@v6	2026-09-08T10:01:23.0397338Z [command]/usr/bin/git version
test (x86_64-unknown-linux-gnu, ubuntu-latest)	Run actions/checkout@v6	2026-09-08T10:01:23.0417681Z git version 2.55.0
test (x86_64-unknown-linux-gnu, ubuntu-latest)	Run actions/checkout@v6	2026-09-08T10:01:23.0445169Z ##[endgroup]
test (x86_64-unknown-linux-gnu, ubuntu-latest)	Run actions/checkout@v6	2026-09-08T10:01:23.0462095Z Temporarily overriding HOME='/home/runner/work/_temp/48df2d5f-91ad-455a-8b24-8fcad9a89fbb' before making global git config changes
test (x86_64-unknown-linux-gnu, ubuntu-latest)	Run actions/checkout@v6	2026-09-08T10:01:23.0467252Z Adding repository directory to the temporary git global config as a safe directory
test (x86_64-unknown-linux-gnu, ubuntu-latest)	Run actions/checkout@v6	2026-09-08T10:01:23.0471260Z [command]/usr/bin/git config --global --add safe.directory /home/runner/work/vig/vig
test (x86_64-unknown-linux-gnu, ubuntu-latest)	Run actions/checkout@v6	2026-09-08T10:01:23.0524701Z Deleting the contents of '/home/runner/work/vig/vig'
test (x86_64-unknown-linux-gnu, ubuntu-latest)	Run actions/checkout@v6	2026-09-08T10:01:23.0531079Z ##[group]Determining repository object format
test (x86_64-unknown-linux-gnu, ubuntu-latest)	Run actions/checkout@v6	2026-09-08T10:01:23.0536925Z ##[endgroup]
test (x86_64-unknown-linux-gnu, ubuntu-latest)	Run actions/checkout@v6	2026-09-08T10:01:23.0539180Z ##[group]Initializing the repository
test (x86_64-unknown-linux-gnu, ubuntu-latest)	Run actions/checkout@v6	2026-09-08T10:01:23.0541374Z [command]/usr/bin/git init /home/runner/work/vig/vig
test (x86_64-unknown-linux-gnu, ubuntu-latest)	Run actions/checkout@v6	2026-09-08T10:01:23.0654481Z hint: Using 'master' as the name for the initial branch. This default branch name
test (x86_64-unknown-linux-gnu, ubuntu-latest)	Run actions/checkout@v6	2026-09-08T10:01:23.0657367Z hint: will change to "main" in Git 3.0. To configure the initial branch name
test (x86_64-unknown-linux-gnu, ubuntu-latest)	Run actions/checkout@v6	2026-09-08T10:01:23.0664233Z hint: to use in all of your new repositories, which will suppress this warning,
test (x86_64-unknown-linux-gnu, ubuntu-latest)	Run actions/checkout@v6	2026-09-08T10:01:23.0666332Z hint: call:
test (x86_64-unknown-linux-gnu, ubuntu-latest)	Run actions/checkout@v6	2026-09-08T10:01:23.0667879Z hint:
test (x86_64-unknown-linux-gnu, ubuntu-latest)	Run actions/checkout@v6	2026-09-08T10:01:23.0669920Z hint: 	git config --global init.defaultBranch <name>
test (x86_64-unknown-linux-gnu, ubuntu-latest)	Run actions/checkout@v6	2026-09-08T10:01:23.0671690Z hint:
test (x86_64-unknown-linux-gnu, ubuntu-latest)	Run actions/checkout@v6	2026-09-08T10:01:23.0672856Z hint: Names commonly chosen instead of 'master' are 'main', 'trunk' and
test (x86_64-unknown-linux-gnu, ubuntu-latest)	Run actions/checkout@v6	2026-09-08T10:01:23.0674866Z hint: 'development'. The just-created branch can be renamed via this command:
test (x86_64-unknown-linux-gnu, ubuntu-latest)	Run actions/checkout@v6	2026-09-08T10:01:23.0677232Z hint:
test (x86_64-unknown-linux-gnu, ubuntu-latest)	Run actions/checkout@v6	2026-09-08T10:01:23.0678661Z hint: 	git branch -m <name>
test (x86_64-unknown-linux-gnu, ubuntu-latest)	Run actions/checkout@v6	2026-09-08T10:01:23.0680247Z hint:
test (x86_64-unknown-linux-gnu, ubuntu-latest)	Run actions/checkout@v6	2026-09-08T10:01:23.0682566Z hint: Disable this message with "git config set advice.defaultBranchName false"
test (x86_64-unknown-linux-gnu, ubuntu-latest)	Run actions/checkout@v6	2026-09-08T10:01:23.0685648Z Initialized empty Git repository in /home/runner/work/vig/vig/.git/
test (x86_64-unknown-linux-gnu, ubuntu-latest)	Run actions/checkout@v6	2026-09-08T10:01:23.0688603Z [command]/usr/bin/git remote add origin https://github.com/td72/vig
test (x86_64-unknown-linux-gnu, ubuntu-latest)	Run actions/checkout@v6	2026-09-08T10:01:23.0735400Z ##[endgroup]
test (x86_64-unknown-linux-gnu, ubuntu-latest)	Run actions/checkout@v6	2026-09-08T10:01:23.0738079Z ##[group]Disabling automatic garbage collection
test (x86_64-unknown-linux-gnu, ubuntu-latest)	Run actions/checkout@v6	2026-09-08T10:01:23.0740913Z [command]/usr/bin/git config --local gc.auto 0
test (x86_64-unknown-linux-gnu, ubuntu-latest)	Run actions/checkout@v6	2026-09-08T10:01:23.0774518Z ##[endgroup]
test (x86_64-unknown-linux-gnu, ubuntu-latest)	Run actions/checkout@v6	2026-09-08T10:01:23.0777019Z ##[group]Setting up auth
test (x86_64-unknown-linux-gnu, ubuntu-latest)	Run actions/checkout@v6	2026-09-08T10:01:23.0778918Z Removing SSH command configuration
test (x86_64-unknown-linux-gnu, ubuntu-latest)	Run actions/checkout@v6	2026-09-08T10:01:23.0783110Z [command]/usr/bin/git config --local --name-only --get-regexp core\.sshCommand
test (x86_64-unknown-linux-gnu, ubuntu-latest)	Run actions/checkout@v6	2026-09-08T10:01:23.0818755Z [command]/usr/bin/git submodule foreach --recursive sh -c "git config --local --name-only --get-regexp 'core\.sshCommand' && git config --local --unset-all 'core.sshCommand' || :"
test (x86_64-unknown-linux-gnu, ubuntu-latest)	Run actions/checkout@v6	2026-09-08T10:01:23.1178076Z Removing HTTP extra header
test (x86_64-unknown-linux-gnu, ubuntu-latest)	Run actions/checkout@v6	2026-09-08T10:01:23.1187056Z [command]/usr/bin/git config --local --name-only --get-regexp http\.https\:\/\/github\.com\/\.extraheader
test (x86_64-unknown-linux-gnu, ubuntu-latest)	Run actions/checkout@v6	2026-09-08T10:01:23.1234391Z [command]/usr/bin/git submodule foreach --recursive sh -c "git config --local --name-only --get-regexp 'http\.https\:\/\/github\.com\/\.extraheader' && git config --local --unset-all 'http.https://github.com/.extraheader' || :"
test (x86_64-unknown-linux-gnu, ubuntu-latest)	Run actions/checkout@v6	2026-09-08T10:01:23.1466035Z Removing includeIf entries pointing to credentials config files
test (x86_64-unknown-linux-gnu, ubuntu-latest)	Run actions/checkout@v6	2026-09-08T10:01:23.1473913Z [command]/usr/bin/git config --local --name-only --get-regexp ^includeIf\.gitdir:
test (x86_64-unknown-linux-gnu, ubuntu-latest)	Run actions/checkout@v6	2026-09-08T10:01:23.1514157Z [command]/usr/bin/git submodule foreach --recursive git config --local --show-origin --name-only --get-regexp remote.origin.url
test (x86_64-unknown-linux-gnu, ubuntu-latest)	Run actions/checkout@v6	2026-09-08T10:01:23.1744760Z [command]/usr/bin/git config --file /home/runner/work/_temp/git-credentials-d8a2f654-2a99-4652-b268-b537114cf6c7.config http.https://github.com/.extraheader AUTHORIZATION: basic ***
test (x86_64-unknown-linux-gnu, ubuntu-latest)	Run actions/checkout@v6	2026-09-08T10:01:23.1786480Z [command]/usr/bin/git config --local includeIf.gitdir:/home/runner/work/vig/vig/.git.path /home/runner/work/_temp/git-credentials-d8a2f654-2a99-4652-b268-b537114cf6c7.config
test (x86_64-unknown-linux-gnu, ubuntu-latest)	Run actions/checkout@v6	2026-09-08T10:01:23.1823857Z [command]/usr/bin/git config --local includeIf.gitdir:/home/runner/work/vig/vig/.git/worktrees/*.path /home/runner/work/_temp/git-credentials-d8a2f654-2a99-4652-b268-b537114cf6c7.config
test (x86_64-unknown-linux-gnu, ubuntu-latest)	Run actions/checkout@v6	2026-09-08T10:01:23.1863761Z [command]/usr/bin/git config --local includeIf.gitdir:/github/workspace/.git.path /github/runner_temp/git-credentials-d8a2f654-2a99-4652-b268-b537114cf6c7.config
test (x86_64-unknown-linux-gnu, ubuntu-latest)	Run actions/checkout@v6	2026-09-08T10:01:23.1901336Z [command]/usr/bin/git config --local includeIf.gitdir:/github/workspace/.git/worktrees/*.path /github/runner_temp/git-credentials-d8a2f654-2a99-4652-b268-b537114cf6c7.config
test (x86_64-unknown-linux-gnu, ubuntu-latest)	Run actions/checkout@v6	2026-09-08T10:01:23.1938816Z ##[endgroup]
test (x86_64-unknown-linux-gnu, ubuntu-latest)	Run actions/checkout@v6	2026-09-08T10:01:23.1941588Z ##[group]Fetching the repository
test (x86_64-unknown-linux-gnu, ubuntu-latest)	Run actions/checkout@v6	2026-09-08T10:01:23.1949591Z [command]/usr/bin/git -c protocol.version=2 fetch --no-tags --prune --no-recurse-submodules --depth=1 origin +ca2b9890758636cb1cf92916180f91e2ef787106:refs/remotes/origin/main
test (x86_64-unknown-linux-gnu, ubuntu-latest)	Run actions/checkout@v6	2026-09-08T10:01:23.5730855Z From https://github.com/td72/vig
test (x86_64-unknown-linux-gnu, ubuntu-latest)	Run actions/checkout@v6	2026-09-08T10:01:23.5732281Z  * [new ref]         ca2b9890758636cb1cf92916180f91e2ef787106 -> origin/main
test (x86_64-unknown-linux-gnu, ubuntu-latest)	Run actions/checkout@v6	2026-09-08T10:01:23.5741821Z [command]/usr/bin/git branch --list --remote origin/main
test (x86_64-unknown-linux-gnu, ubuntu-latest)	Run actions/checkout@v6	2026-09-08T10:01:23.5769466Z   origin/main
test (x86_64-unknown-linux-gnu, ubuntu-latest)	Run actions/checkout@v6	2026-09-08T10:01:23.5778098Z [command]/usr/bin/git rev-parse refs/remotes/origin/main
test (x86_64-unknown-linux-gnu, ubuntu-latest)	Run actions/checkout@v6	2026-09-08T10:01:23.5805098Z ca2b9890758636cb1cf92916180f91e2ef787106
test (x86_64-unknown-linux-gnu, ubuntu-latest)	Run actions/checkout@v6	2026-09-08T10:01:23.5809957Z ##[endgroup]
test (x86_64-unknown-linux-gnu, ubuntu-latest)	Run actions/checkout@v6	2026-09-08T10:01:23.5811556Z ##[group]Determining the checkout info
test (x86_64-unknown-linux-gnu, ubuntu-latest)	Run actions/checkout@v6	2026-09-08T10:01:23.5813019Z ##[endgroup]
test (x86_64-unknown-linux-gnu, ubuntu-latest)	Run actions/checkout@v6	2026-09-08T10:01:23.5816710Z [command]/usr/bin/git sparse-checkout disable
test (x86_64-unknown-linux-gnu, ubuntu-latest)	Run actions/checkout@v6	2026-09-08T10:01:23.5879705Z [command]/usr/bin/git config --local --unset-all extensions.worktreeConfig
test (x86_64-unknown-linux-gnu, ubuntu-latest)	Run actions/checkout@v6	2026-09-08T10:01:23.5911742Z ##[group]Checking out the ref
test (x86_64-unknown-linux-gnu, ubuntu-latest)	Run actions/checkout@v6	2026-09-08T10:01:23.5914782Z [command]/usr/bin/git checkout --progress --force -B main refs/remotes/origin/main
test (x86_64-unknown-linux-gnu, ubuntu-latest)	Run actions/checkout@v6	2026-09-08T10:01:23.6838076Z Switched to a new branch 'main'
test (x86_64-unknown-linux-gnu, ubuntu-latest)	Run actions/checkout@v6	2026-09-08T10:01:23.6842073Z branch 'main' set up to track 'origin/main'.
test (x86_64-unknown-linux-gnu, ubuntu-latest)	Run actions/checkout@v6	2026-09-08T10:01:23.7111590Z ##[endgroup]
test (x86_64-unknown-linux-gnu, ubuntu-latest)	Run actions/checkout@v6	2026-09-08T10:01:23.7156012Z [command]/usr/bin/git log -1 --format=%H
test (x86_64-unknown-linux-gnu, ubuntu-latest)	Run actions/checkout@v6	2026-09-08T10:01:23.7183503Z ca2b9890758636cb1cf92916180f91e2ef787106
test (x86_64-unknown-linux-gnu, ubuntu-latest)	Run actions-rust-lang/setup-rust-toolchain@v1	﻿2026-09-08T10:01:23.7834094Z ##[group]Run actions-rust-lang/setup-rust-toolchain@v1
test (x86_64-unknown-linux-gnu, ubuntu-latest)	Run actions-rust-lang/setup-rust-toolchain@v1	2026-09-08T10:01:23.7835206Z with:
test (x86_64-unknown-linux-gnu, ubuntu-latest)	Run actions-rust-lang/setup-rust-toolchain@v1	2026-09-08T10:01:23.7835960Z   target: x86_64-unknown-linux-gnu
test (x86_64-unknown-linux-gnu, ubuntu-latest)	Run actions-rust-lang/setup-rust-toolchain@v1	2026-09-08T10:01:23.7836825Z   cache: true
test (x86_64-unknown-linux-gnu, ubuntu-latest)	Run actions-rust-lang/setup-rust-toolchain@v1	2026-09-08T10:01:23.7837571Z   cache-on-failure: true
test (x86_64-unknown-linux-gnu, ubuntu-latest)	Run actions-rust-lang/setup-rust-toolchain@v1	2026-09-08T10:01:23.7838369Z   cache-bin: true
test (x86_64-unknown-linux-gnu, ubuntu-latest)	Run actions-rust-lang/setup-rust-toolchain@v1	2026-09-08T10:01:23.7839161Z   cache-provider: github
test (x86_64-unknown-linux-gnu, ubuntu-latest)	Run actions-rust-lang/setup-rust-toolchain@v1	2026-09-08T10:01:23.7840061Z   cache-all-crates: false
test (x86_64-unknown-linux-gnu, ubuntu-latest)	Run actions-rust-lang/setup-rust-toolchain@v1	2026-09-08T10:01:23.7841116Z   cache-workspace-crates: false
test (x86_64-unknown-linux-gnu, ubuntu-latest)	Run actions-rust-lang/setup-rust-toolchain@v1	2026-09-08T10:01:23.7841997Z   cache-save-if: true
test (x86_64-unknown-linux-gnu, ubuntu-latest)	Run actions-rust-lang/setup-rust-toolchain@v1	2026-09-08T10:01:23.7842782Z   cache-targets: true
test (x86_64-unknown-linux-gnu, ubuntu-latest)	Run actions-rust-lang/setup-rust-toolchain@v1	2026-09-08T10:01:23.7843546Z   matcher: true
test (x86_64-unknown-linux-gnu, ubuntu-latest)	Run actions-rust-lang/setup-rust-toolchain@v1	2026-09-08T10:01:23.7844308Z   rustflags: -D warnings
test (x86_64-unknown-linux-gnu, ubuntu-latest)	Run actions-rust-lang/setup-rust-toolchain@v1	2026-09-08T10:01:23.7845115Z   override: true
test (x86_64-unknown-linux-gnu, ubuntu-latest)	Run actions-rust-lang/setup-rust-toolchain@v1	2026-09-08T10:01:23.7845840Z ##[endgroup]
test (x86_64-unknown-linux-gnu, ubuntu-latest)	Run actions-rust-lang/setup-rust-toolchain@v1	2026-09-08T10:01:23.7917820Z ##[start-action display=Unbork mac;id=__actions-rust-lang_setup-rust-toolchain.__run]
test (x86_64-unknown-linux-gnu, ubuntu-latest)	Run actions-rust-lang/setup-rust-toolchain@v1	2026-09-08T10:01:23.7943262Z ##[end-action id=__actions-rust-lang_setup-rust-toolchain.__run;outcome=skipped;conclusion=skipped;duration_ms=0]
test (x86_64-unknown-linux-gnu, ubuntu-latest)	Run actions-rust-lang/setup-rust-toolchain@v1	2026-09-08T10:01:23.7986825Z ##[start-action display=Run : construct rustup command line;id=__actions-rust-lang_setup-rust-toolchain.flags]
test (x86_64-unknown-linux-gnu, ubuntu-latest)	Run actions-rust-lang/setup-rust-toolchain@v1	2026-09-08T10:01:23.8041293Z ##[group]Run : construct rustup command line
test (x86_64-unknown-linux-gnu, ubuntu-latest)	Run actions-rust-lang/setup-rust-toolchain@v1	2026-09-08T10:01:23.8042433Z ^[[36;1m: construct rustup command line^[[0m
test (x86_64-unknown-linux-gnu, ubuntu-latest)	Run actions-rust-lang/setup-rust-toolchain@v1	2026-09-08T10:01:23.8043910Z ^[[36;1mecho "targets=$(for t in ${_srt_targets//,/ }; do echo -n ' --target' $t; done)" >> $GITHUB_OUTPUT^[[0m
test (x86_64-unknown-linux-gnu, ubuntu-latest)	Run actions-rust-lang/setup-rust-toolchain@v1	2026-09-08T10:01:23.8045886Z ^[[36;1mecho "components=$(for c in ${_srt_components//,/ }; do echo -n ' --component' $c; done)" >> $GITHUB_OUTPUT^[[0m
test (x86_64-unknown-linux-gnu, ubuntu-latest)	Run actions-rust-lang/setup-rust-toolchain@v1	2026-09-08T10:01:23.8047472Z ^[[36;1mecho "downgrade=" >> $GITHUB_OUTPUT^[[0m
test (x86_64-unknown-linux-gnu, ubuntu-latest)	Run actions-rust-lang/setup-rust-toolchain@v1	2026-09-08T10:01:23.8091367Z shell: /usr/bin/bash --noprofile --norc -e -o pipefail {0}
test (x86_64-unknown-linux-gnu, ubuntu-latest)	Run actions-rust-lang/setup-rust-toolchain@v1	2026-09-08T10:01:23.8092475Z env:
test (x86_64-unknown-linux-gnu, ubuntu-latest)	Run actions-rust-lang/setup-rust-toolchain@v1	2026-09-08T10:01:23.8093206Z   _srt_targets: x86_64-unknown-linux-gnu
test (x86_64-unknown-linux-gnu, ubuntu-latest)	Run actions-rust-lang/setup-rust-toolchain@v1	2026-09-08T10:01:23.8094132Z   _srt_components:
test (x86_64-unknown-linux-gnu, ubuntu-latest)	Run actions-rust-lang/setup-rust-toolchain@v1	2026-09-08T10:01:23.8094873Z ##[endgroup]
test (x86_64-unknown-linux-gnu, ubuntu-latest)	Run actions-rust-lang/setup-rust-toolchain@v1	2026-09-08T10:01:23.8226363Z ##[end-action id=__actions-rust-lang_setup-rust-toolchain.flags;outcome=success;conclusion=success;duration_ms=23]
test (x86_64-unknown-linux-gnu, ubuntu-latest)	Run actions-rust-lang/setup-rust-toolchain@v1	2026-09-08T10:01:23.8235859Z ##[start-action display=Setting Environment Variables;id=__actions-rust-lang_setup-rust-toolchain.__run_2]
test (x86_64-unknown-linux-gnu, ubuntu-latest)	Run actions-rust-lang/setup-rust-toolchain@v1	2026-09-08T10:01:23.8270803Z ##[group]Run if [[ ! -v CARGO_INCREMENTAL ]]; then
test (x86_64-unknown-linux-gnu, ubuntu-latest)	Run actions-rust-lang/setup-rust-toolchain@v1	2026-09-08T10:01:23.8272175Z ^[[36;1mif [[ ! -v CARGO_INCREMENTAL ]]; then^[[0m
test (x86_64-unknown-linux-gnu, ubuntu-latest)	Run actions-rust-lang/setup-rust-toolchain@v1	2026-09-08T10:01:23.8273306Z ^[[36;1m  echo "CARGO_INCREMENTAL=0" >> $GITHUB_ENV^[[0m
test (x86_64-unknown-linux-gnu, ubuntu-latest)	Run actions-rust-lang/setup-rust-toolchain@v1	2026-09-08T10:01:23.8274337Z ^[[36;1mfi^[[0m
test (x86_64-unknown-linux-gnu, ubuntu-latest)	Run actions-rust-lang/setup-rust-toolchain@v1	2026-09-08T10:01:23.8275214Z ^[[36;1mif [[ ! -v CARGO_PROFILE_DEV_DEBUG ]]; then^[[0m
test (x86_64-unknown-linux-gnu, ubuntu-latest)	Run actions-rust-lang/setup-rust-toolchain@v1	2026-09-08T10:01:23.8276411Z ^[[36;1m  echo "CARGO_PROFILE_DEV_DEBUG=0" >> $GITHUB_ENV^[[0m
test (x86_64-unknown-linux-gnu, ubuntu-latest)	Run actions-rust-lang/setup-rust-toolchain@v1	2026-09-08T10:01:23.8277477Z ^[[36;1mfi^[[0m
test (x86_64-unknown-linux-gnu, ubuntu-latest)	Run actions-rust-lang/setup-rust-toolchain@v1	2026-09-08T10:01:23.8278321Z ^[[36;1mif [[ ! -v CARGO_TERM_COLOR ]]; then^[[0m
test (x86_64-unknown-linux-gnu, ubuntu-latest)	Run actions-rust-lang/setup-rust-toolchain@v1	2026-09-08T10:01:23.8279403Z ^[[36;1m  echo "CARGO_TERM_COLOR=always" >> $GITHUB_ENV^[[0m
test (x86_64-unknown-linux-gnu, ubuntu-latest)	Run actions-rust-lang/setup-rust-toolchain@v1	2026-09-08T10:01:23.8280395Z ^[[36;1mfi^[[0m
test (x86_64-unknown-linux-gnu, ubuntu-latest)	Run actions-rust-lang/setup-rust-toolchain@v1	2026-09-08T10:01:23.8281360Z ^[[36;1mif [[ ! -v RUST_BACKTRACE ]]; then^[[0m
test (x86_64-unknown-linux-gnu, ubuntu-latest)	Run actions-rust-lang/setup-rust-toolchain@v1	2026-09-08T10:01:23.8282430Z ^[[36;1m  echo "RUST_BACKTRACE=short" >> $GITHUB_ENV^[[0m
test (x86_64-unknown-linux-gnu, ubuntu-latest)	Run actions-rust-lang/setup-rust-toolchain@v1	2026-09-08T10:01:23.8283407Z ^[[36;1mfi^[[0m
test (x86_64-unknown-linux-gnu, ubuntu-latest)	Run actions-rust-lang/setup-rust-toolchain@v1	2026-09-08T10:01:23.8284325Z ^[[36;1mif [[ ( ! -v RUSTFLAGS ) && $_srt_NEW_RUSTFLAGS != "" ]]; then^[[0m
test (x86_64-unknown-linux-gnu, ubuntu-latest)	Run actions-rust-lang/setup-rust-toolchain@v1	2026-09-08T10:01:23.8285612Z ^[[36;1m  echo "RUSTFLAGS=$_srt_NEW_RUSTFLAGS" >> $GITHUB_ENV^[[0m
test (x86_64-unknown-linux-gnu, ubuntu-latest)	Run actions-rust-lang/setup-rust-toolchain@v1	2026-09-08T10:01:23.8286672Z ^[[36;1mfi^[[0m
test (x86_64-unknown-linux-gnu, ubuntu-latest)	Run actions-rust-lang/setup-rust-toolchain@v1	2026-09-08T10:01:23.8287488Z ^[[36;1m# Enable faster sparse index on nightly^[[0m
test (x86_64-unknown-linux-gnu, ubuntu-latest)	Run actions-rust-lang/setup-rust-toolchain@v1	2026-09-08T10:01:23.8288679Z ^[[36;1m# The value is ignored on stable and causes no problems^[[0m
test (x86_64-unknown-linux-gnu, ubuntu-latest)	Run actions-rust-lang/setup-rust-toolchain@v1	2026-09-08T10:01:23.8290254Z ^[[36;1m# https://internals.rust-lang.org/t/call-for-testing-cargo-sparse-registry/16862^[[0m
test (x86_64-unknown-linux-gnu, ubuntu-latest)	Run actions-rust-lang/setup-rust-toolchain@v1	2026-09-08T10:01:23.8292052Z ^[[36;1mif [[ ! -v CARGO_UNSTABLE_SPARSE_REGISTRY ]]; then^[[0m
test (x86_64-unknown-linux-gnu, ubuntu-latest)	Run actions-rust-lang/setup-rust-toolchain@v1	2026-09-08T10:01:23.8293332Z ^[[36;1m  echo "CARGO_UNSTABLE_SPARSE_REGISTRY=true" >> $GITHUB_ENV^[[0m
test (x86_64-unknown-linux-gnu, ubuntu-latest)	Run actions-rust-lang/setup-rust-toolchain@v1	2026-09-08T10:01:23.8294437Z ^[[36;1mfi^[[0m
test (x86_64-unknown-linux-gnu, ubuntu-latest)	Run actions-rust-lang/setup-rust-toolchain@v1	2026-09-08T10:01:23.8295329Z ^[[36;1mif [[ ! -v CARGO_REGISTRIES_CRATES_IO_PROTOCOL ]]; then^[[0m
test (x86_64-unknown-linux-gnu, ubuntu-latest)	Run actions-rust-lang/setup-rust-toolchain@v1	2026-09-08T10:01:23.8296705Z ^[[36;1m  echo "CARGO_REGISTRIES_CRATES_IO_PROTOCOL=sparse" >> $GITHUB_ENV^[[0m
test (x86_64-unknown-linux-gnu, ubuntu-latest)	Run actions-rust-lang/setup-rust-toolchain@v1	2026-09-08T10:01:23.8298077Z ^[[36;1mfi^[[0m
test (x86_64-unknown-linux-gnu, ubuntu-latest)	Run actions-rust-lang/setup-rust-toolchain@v1	2026-09-08T10:01:23.8334271Z shell: /usr/bin/bash --noprofile --norc -e -o pipefail {0}
test (x86_64-unknown-linux-gnu, ubuntu-latest)	Run actions-rust-lang/setup-rust-toolchain@v1	2026-09-08T10:01:23.8335335Z env:
test (x86_64-unknown-linux-gnu, ubuntu-latest)	Run actions-rust-lang/setup-rust-toolchain@v1	2026-09-08T10:01:23.8336065Z   _srt_NEW_RUSTFLAGS: -D warnings
test (x86_64-unknown-linux-gnu, ubuntu-latest)	Run actions-rust-lang/setup-rust-toolchain@v1	2026-09-08T10:01:23.8336926Z ##[endgroup]
test (x86_64-unknown-linux-gnu, ubuntu-latest)	Run actions-rust-lang/setup-rust-toolchain@v1	2026-09-08T10:01:23.8414432Z ##[end-action id=__actions-rust-lang_setup-rust-toolchain.__run_2;outcome=success;conclusion=success;duration_ms=17]
test (x86_64-unknown-linux-gnu, ubuntu-latest)	Run actions-rust-lang/setup-rust-toolchain@v1	2026-09-08T10:01:23.8420291Z ##[start-action display=Install Rust Problem Matcher;id=__actions-rust-lang_setup-rust-toolchain.__run_3]
test (x86_64-unknown-linux-gnu, ubuntu-latest)	Run actions-rust-lang/setup-rust-toolchain@v1	2026-09-08T10:01:23.8460890Z ##[group]Run echo "::add-matcher::/home/runner/work/_actions/actions-rust-lang/setup-rust-toolchain/v1/rust.json"
test (x86_64-unknown-linux-gnu, ubuntu-latest)	Run actions-rust-lang/setup-rust-toolchain@v1	2026-09-08T10:01:23.8463141Z ^[[36;1mecho "::add-matcher::/home/runner/work/_actions/actions-rust-lang/setup-rust-toolchain/v1/rust.json"^[[0m
test (x86_64-unknown-linux-gnu, ubuntu-latest)	Run actions-rust-lang/setup-rust-toolchain@v1	2026-09-08T10:01:23.8499562Z shell: /usr/bin/bash --noprofile --norc -e -o pipefail {0}
test (x86_64-unknown-linux-gnu, ubuntu-latest)	Run actions-rust-lang/setup-rust-toolchain@v1	2026-09-08T10:01:23.8500841Z env:
test (x86_64-unknown-linux-gnu, ubuntu-latest)	Run actions-rust-lang/setup-rust-toolchain@v1	2026-09-08T10:01:23.8501610Z   CARGO_INCREMENTAL: 0
test (x86_64-unknown-linux-gnu, ubuntu-latest)	Run actions-rust-lang/setup-rust-toolchain@v1	2026-09-08T10:01:23.8502429Z   CARGO_PROFILE_DEV_DEBUG: 0
test (x86_64-unknown-linux-gnu, ubuntu-latest)	Run actions-rust-lang/setup-rust-toolchain@v1	2026-09-08T10:01:23.8503271Z   CARGO_TERM_COLOR: always
test (x86_64-unknown-linux-gnu, ubuntu-latest)	Run actions-rust-lang/setup-rust-toolchain@v1	2026-09-08T10:01:23.8504107Z   RUST_BACKTRACE: short
test (x86_64-unknown-linux-gnu, ubuntu-latest)	Run actions-rust-lang/setup-rust-toolchain@v1	2026-09-08T10:01:23.8504918Z   RUSTFLAGS: -D warnings
test (x86_64-unknown-linux-gnu, ubuntu-latest)	Run actions-rust-lang/setup-rust-toolchain@v1	2026-09-08T10:01:23.8505769Z   CARGO_UNSTABLE_SPARSE_REGISTRY: true
test (x86_64-unknown-linux-gnu, ubuntu-latest)	Run actions-rust-lang/setup-rust-toolchain@v1	2026-09-08T10:01:23.8506769Z   CARGO_REGISTRIES_CRATES_IO_PROTOCOL: sparse
test (x86_64-unknown-linux-gnu, ubuntu-latest)	Run actions-rust-lang/setup-rust-toolchain@v1	2026-09-08T10:01:23.8507712Z ##[endgroup]
test (x86_64-unknown-linux-gnu, ubuntu-latest)	Run actions-rust-lang/setup-rust-toolchain@v1	2026-09-08T10:01:23.8628933Z ##[end-action id=__actions-rust-lang_setup-rust-toolchain.__run_3;outcome=success;conclusion=success;duration_ms=20]
test (x86_64-unknown-linux-gnu, ubuntu-latest)	Run actions-rust-lang/setup-rust-toolchain@v1	2026-09-08T10:01:23.8636122Z ##[start-action display=Install rustup, if needed;id=__actions-rust-lang_setup-rust-toolchain.__run_4]
test (x86_64-unknown-linux-gnu, ubuntu-latest)	Run actions-rust-lang/setup-rust-toolchain@v1	2026-09-08T10:01:23.8670337Z ##[group]Run if ! command -v rustup &> /dev/null ; then
test (x86_64-unknown-linux-gnu, ubuntu-latest)	Run actions-rust-lang/setup-rust-toolchain@v1	2026-09-08T10:01:23.8671738Z ^[[36;1mif ! command -v rustup &> /dev/null ; then^[[0m
test (x86_64-unknown-linux-gnu, ubuntu-latest)	Run actions-rust-lang/setup-rust-toolchain@v1	2026-09-08T10:01:23.8673599Z ^[[36;1m  curl --proto '=https' --tlsv1.2 --retry 10 --retry-connrefused -fsSL "https://sh.rustup.rs" | sh -s -- --default-toolchain none -y^[[0m
test (x86_64-unknown-linux-gnu, ubuntu-latest)	Run actions-rust-lang/setup-rust-toolchain@v1	2026-09-08T10:01:23.8675362Z ^[[36;1m^[[0m
test (x86_64-unknown-linux-gnu, ubuntu-latest)	Run actions-rust-lang/setup-rust-toolchain@v1	2026-09-08T10:01:23.8676257Z ^[[36;1m  # Resolve the correct CARGO_HOME path depending on OS^[[0m
test (x86_64-unknown-linux-gnu, ubuntu-latest)	Run actions-rust-lang/setup-rust-toolchain@v1	2026-09-08T10:01:23.8677423Z ^[[36;1m  if [[ "$RUNNER_OS" == "Windows" ]]; then^[[0m
test (x86_64-unknown-linux-gnu, ubuntu-latest)	Run actions-rust-lang/setup-rust-toolchain@v1	2026-09-08T10:01:23.8678752Z ^[[36;1m    echo "${CARGO_HOME:-$USERPROFILE/.cargo}/bin" | sed 's|/|\\|g' >> $GITHUB_PATH^[[0m
test (x86_64-unknown-linux-gnu, ubuntu-latest)	Run actions-rust-lang/setup-rust-toolchain@v1	2026-09-08T10:01:23.8680196Z ^[[36;1m  else^[[0m
test (x86_64-unknown-linux-gnu, ubuntu-latest)	Run actions-rust-lang/setup-rust-toolchain@v1	2026-09-08T10:01:23.8681315Z ^[[36;1m    echo "${CARGO_HOME:-$HOME/.cargo}/bin" >> $GITHUB_PATH^[[0m
test (x86_64-unknown-linux-gnu, ubuntu-latest)	Run actions-rust-lang/setup-rust-toolchain@v1	2026-09-08T10:01:23.8682397Z ^[[36;1m  fi^[[0m
test (x86_64-unknown-linux-gnu, ubuntu-latest)	Run actions-rust-lang/setup-rust-toolchain@v1	2026-09-08T10:01:23.8683097Z ^[[36;1mfi^[[0m
test (x86_64-unknown-linux-gnu, ubuntu-latest)	Run actions-rust-lang/setup-rust-toolchain@v1	2026-09-08T10:01:23.8721661Z shell: /usr/bin/bash --noprofile --norc -e -o pipefail {0}
test (x86_64-unknown-linux-gnu, ubuntu-latest)	Run actions-rust-lang/setup-rust-toolchain@v1	2026-09-08T10:01:23.8722712Z env:
test (x86_64-unknown-linux-gnu, ubuntu-latest)	Run actions-rust-lang/setup-rust-toolchain@v1	2026-09-08T10:01:23.8723402Z   CARGO_INCREMENTAL: 0
test (x86_64-unknown-linux-gnu, ubuntu-latest)	Run actions-rust-lang/setup-rust-toolchain@v1	2026-09-08T10:01:23.8724198Z   CARGO_PROFILE_DEV_DEBUG: 0
test (x86_64-unknown-linux-gnu, ubuntu-latest)	Run actions-rust-lang/setup-rust-toolchain@v1	2026-09-08T10:01:23.8725026Z   CARGO_TERM_COLOR: always
test (x86_64-unknown-linux-gnu, ubuntu-latest)	Run actions-rust-lang/setup-rust-toolchain@v1	2026-09-08T10:01:23.8725841Z   RUST_BACKTRACE: short
test (x86_64-unknown-linux-gnu, ubuntu-latest)	Run actions-rust-lang/setup-rust-toolchain@v1	2026-09-08T10:01:23.8726634Z   RUSTFLAGS: -D warnings
test (x86_64-unknown-linux-gnu, ubuntu-latest)	Run actions-rust-lang/setup-rust-toolchain@v1	2026-09-08T10:01:23.8727478Z   CARGO_UNSTABLE_SPARSE_REGISTRY: true
test (x86_64-unknown-linux-gnu, ubuntu-latest)	Run actions-rust-lang/setup-rust-toolchain@v1	2026-09-08T10:01:23.8728474Z   CARGO_REGISTRIES_CRATES_IO_PROTOCOL: sparse
test (x86_64-unknown-linux-gnu, ubuntu-latest)	Run actions-rust-lang/setup-rust-toolchain@v1	2026-09-08T10:01:23.8729421Z   RUNNER_OS: Linux
test (x86_64-unknown-linux-gnu, ubuntu-latest)	Run actions-rust-lang/setup-rust-toolchain@v1	2026-09-08T10:01:23.8730141Z ##[endgroup]
test (x86_64-unknown-linux-gnu, ubuntu-latest)	Run actions-rust-lang/setup-rust-toolchain@v1	2026-09-08T10:01:23.8809385Z ##[end-action id=__actions-rust-lang_setup-rust-toolchain.__run_4;outcome=success;conclusion=success;duration_ms=17]
test (x86_64-unknown-linux-gnu, ubuntu-latest)	Run actions-rust-lang/setup-rust-toolchain@v1	2026-09-08T10:01:23.8818597Z ##[start-action display=rustup toolchain install stable;id=__actions-rust-lang_setup-rust-toolchain.__run_5]
test (x86_64-unknown-linux-gnu, ubuntu-latest)	Run actions-rust-lang/setup-rust-toolchain@v1	2026-09-08T10:01:23.8854588Z ##[group]Run # Check if value is set
test (x86_64-unknown-linux-gnu, ubuntu-latest)	Run actions-rust-lang/setup-rust-toolchain@v1	2026-09-08T10:01:23.8855568Z ^[[36;1m# Check if value is set^[[0m
test (x86_64-unknown-linux-gnu, ubuntu-latest)	Run actions-rust-lang/setup-rust-toolchain@v1	2026-09-08T10:01:23.8856471Z ^[[36;1mif [[ -n "$_srt_rust_src_dir" ]]^[[0m
test (x86_64-unknown-linux-gnu, ubuntu-latest)	Run actions-rust-lang/setup-rust-toolchain@v1	2026-09-08T10:01:23.8857361Z ^[[36;1mthen^[[0m
test (x86_64-unknown-linux-gnu, ubuntu-latest)	Run actions-rust-lang/setup-rust-toolchain@v1	2026-09-08T10:01:23.8858178Z ^[[36;1m  # If value is set the directory must exist^[[0m
test (x86_64-unknown-linux-gnu, ubuntu-latest)	Run actions-rust-lang/setup-rust-toolchain@v1	2026-09-08T10:01:23.8859211Z ^[[36;1m  if [[ -d "$_srt_rust_src_dir" ]]^[[0m
test (x86_64-unknown-linux-gnu, ubuntu-latest)	Run actions-rust-lang/setup-rust-toolchain@v1	2026-09-08T10:01:23.8860120Z ^[[36;1m  then^[[0m
test (x86_64-unknown-linux-gnu, ubuntu-latest)	Run actions-rust-lang/setup-rust-toolchain@v1	2026-09-08T10:01:23.8861231Z ^[[36;1m    cd "$_srt_rust_src_dir"^[[0m
test (x86_64-unknown-linux-gnu, ubuntu-latest)	Run actions-rust-lang/setup-rust-toolchain@v1	2026-09-08T10:01:23.8862084Z ^[[36;1m  else^[[0m
test (x86_64-unknown-linux-gnu, ubuntu-latest)	Run actions-rust-lang/setup-rust-toolchain@v1	2026-09-08T10:01:23.8863289Z ^[[36;1m    echo "'rust-src-dir' does not point to an existing directory" >&2^[[0m
test (x86_64-unknown-linux-gnu, ubuntu-latest)	Run actions-rust-lang/setup-rust-toolchain@v1	2026-09-08T10:01:23.8864756Z ^[[36;1m    echo "The value of 'rust-src-dir' is: ${_srt_rust_src_dir}" >&2^[[0m
test (x86_64-unknown-linux-gnu, ubuntu-latest)	Run actions-rust-lang/setup-rust-toolchain@v1	2026-09-08T10:01:23.8865894Z ^[[36;1m    exit 1^[[0m
test (x86_64-unknown-linux-gnu, ubuntu-latest)	Run actions-rust-lang/setup-rust-toolchain@v1	2026-09-08T10:01:23.8866634Z ^[[36;1m  fi^[[0m
test (x86_64-unknown-linux-gnu, ubuntu-latest)	Run actions-rust-lang/setup-rust-toolchain@v1	2026-09-08T10:01:23.8867317Z ^[[36;1mfi^[[0m
test (x86_64-unknown-linux-gnu, ubuntu-latest)	Run actions-rust-lang/setup-rust-toolchain@v1	2026-09-08T10:01:23.8868406Z ^[[36;1mif [[ -z "$_srt_toolchain" && ( -f "rust-toolchain" || -f "rust-toolchain.toml") ]]^[[0m
test (x86_64-unknown-linux-gnu, ubuntu-latest)	Run actions-rust-lang/setup-rust-toolchain@v1	2026-09-08T10:01:23.8869720Z ^[[36;1mthen^[[0m
test (x86_64-unknown-linux-gnu, ubuntu-latest)	Run actions-rust-lang/setup-rust-toolchain@v1	2026-09-08T10:01:23.8870721Z ^[[36;1m  # Install the toolchain as specified in the file^[[0m
test (x86_64-unknown-linux-gnu, ubuntu-latest)	Run actions-rust-lang/setup-rust-toolchain@v1	2026-09-08T10:01:23.8872046Z ^[[36;1m  # rustup show is the old way that implicitly installed a toolchain^[[0m
test (x86_64-unknown-linux-gnu, ubuntu-latest)	Run actions-rust-lang/setup-rust-toolchain@v1	2026-09-08T10:01:23.8873393Z ^[[36;1m  # rustup toolchain install is the new explicit way^[[0m
test (x86_64-unknown-linux-gnu, ubuntu-latest)	Run actions-rust-lang/setup-rust-toolchain@v1	2026-09-08T10:01:23.8874798Z ^[[36;1m  # https://github.com/rust-lang/rustup/issues/3635#issuecomment-2343511297^[[0m
test (x86_64-unknown-linux-gnu, ubuntu-latest)	Run actions-rust-lang/setup-rust-toolchain@v1	2026-09-08T10:01:23.8876292Z ^[[36;1m  rustup show active-toolchain || rustup toolchain install^[[0m
test (x86_64-unknown-linux-gnu, ubuntu-latest)	Run actions-rust-lang/setup-rust-toolchain@v1	2026-09-08T10:01:23.8877486Z ^[[36;1m  if [[ -n $_srt_components ]]; then^[[0m
test (x86_64-unknown-linux-gnu, ubuntu-latest)	Run actions-rust-lang/setup-rust-toolchain@v1	2026-09-08T10:01:23.8878558Z ^[[36;1m    rustup component add ${_srt_components//,/ }^[[0m
test (x86_64-unknown-linux-gnu, ubuntu-latest)	Run actions-rust-lang/setup-rust-toolchain@v1	2026-09-08T10:01:23.8879546Z ^[[36;1m  fi^[[0m
test (x86_64-unknown-linux-gnu, ubuntu-latest)	Run actions-rust-lang/setup-rust-toolchain@v1	2026-09-08T10:01:23.8880307Z ^[[36;1m  if [[ -n $_srt_targets ]]; then^[[0m
test (x86_64-unknown-linux-gnu, ubuntu-latest)	Run actions-rust-lang/setup-rust-toolchain@v1	2026-09-08T10:01:23.8881698Z ^[[36;1m    rustup target add ${_srt_targets//,/ }^[[0m
test (x86_64-unknown-linux-gnu, ubuntu-latest)	Run actions-rust-lang/setup-rust-toolchain@v1	2026-09-08T10:01:23.8882640Z ^[[36;1m  fi^[[0m
test (x86_64-unknown-linux-gnu, ubuntu-latest)	Run actions-rust-lang/setup-rust-toolchain@v1	2026-09-08T10:01:23.8883332Z ^[[36;1melse^[[0m
test (x86_64-unknown-linux-gnu, ubuntu-latest)	Run actions-rust-lang/setup-rust-toolchain@v1	2026-09-08T10:01:23.8884069Z ^[[36;1m  if [[ -z "$_srt_toolchain" ]]^[[0m
test (x86_64-unknown-linux-gnu, ubuntu-latest)	Run actions-rust-lang/setup-rust-toolchain@v1	2026-09-08T10:01:23.8884923Z ^[[36;1m  then^[[0m
test (x86_64-unknown-linux-gnu, ubuntu-latest)	Run actions-rust-lang/setup-rust-toolchain@v1	2026-09-08T10:01:23.8885643Z ^[[36;1m    _srt_toolchain=stable^[[0m
test (x86_64-unknown-linux-gnu, ubuntu-latest)	Run actions-rust-lang/setup-rust-toolchain@v1	2026-09-08T10:01:23.8886471Z ^[[36;1m  fi^[[0m
test (x86_64-unknown-linux-gnu, ubuntu-latest)	Run actions-rust-lang/setup-rust-toolchain@v1	2026-09-08T10:01:23.8887925Z ^[[36;1m  rustup toolchain install ${_srt_toolchain//,/ }  --target x86_64-unknown-linux-gnu --profile minimal --no-self-update^[[0m
test (x86_64-unknown-linux-gnu, ubuntu-latest)	Run actions-rust-lang/setup-rust-toolchain@v1	2026-09-08T10:01:23.8889632Z ^[[36;1m  # Take the last element from the list^[[0m
test (x86_64-unknown-linux-gnu, ubuntu-latest)	Run actions-rust-lang/setup-rust-toolchain@v1	2026-09-08T10:01:23.8890785Z ^[[36;1m  if [[ "$_srt_override" == "true" ]]^[[0m
test (x86_64-unknown-linux-gnu, ubuntu-latest)	Run actions-rust-lang/setup-rust-toolchain@v1	2026-09-08T10:01:23.8891725Z ^[[36;1m  then^[[0m
test (x86_64-unknown-linux-gnu, ubuntu-latest)	Run actions-rust-lang/setup-rust-toolchain@v1	2026-09-08T10:01:23.8892581Z ^[[36;1m    rustup override set ${_srt_toolchain//*,/ }^[[0m
test (x86_64-unknown-linux-gnu, ubuntu-latest)	Run actions-rust-lang/setup-rust-toolchain@v1	2026-09-08T10:01:23.8893555Z ^[[36;1m  fi^[[0m
test (x86_64-unknown-linux-gnu, ubuntu-latest)	Run actions-rust-lang/setup-rust-toolchain@v1	2026-09-08T10:01:23.8894228Z ^[[36;1mfi^[[0m
test (x86_64-unknown-linux-gnu, ubuntu-latest)	Run actions-rust-lang/setup-rust-toolchain@v1	2026-09-08T10:01:23.8932665Z shell: /usr/bin/bash --noprofile --norc -e -o pipefail {0}
test (x86_64-unknown-linux-gnu, ubuntu-latest)	Run actions-rust-lang/setup-rust-toolchain@v1	2026-09-08T10:01:23.8933867Z env:
test (x86_64-unknown-linux-gnu, ubuntu-latest)	Run actions-rust-lang/setup-rust-toolchain@v1	2026-09-08T10:01:23.8934550Z   CARGO_INCREMENTAL: 0
test (x86_64-unknown-linux-gnu, ubuntu-latest)	Run actions-rust-lang/setup-rust-toolchain@v1	2026-09-08T10:01:23.8935341Z   CARGO_PROFILE_DEV_DEBUG: 0
test (x86_64-unknown-linux-gnu, ubuntu-latest)	Run actions-rust-lang/setup-rust-toolchain@v1	2026-09-08T10:01:23.8936167Z   CARGO_TERM_COLOR: always
test (x86_64-unknown-linux-gnu, ubuntu-latest)	Run actions-rust-lang/setup-rust-toolchain@v1	2026-09-08T10:01:23.8936963Z   RUST_BACKTRACE: short
test (x86_64-unknown-linux-gnu, ubuntu-latest)	Run actions-rust-lang/setup-rust-toolchain@v1	2026-09-08T10:01:23.8937736Z   RUSTFLAGS: -D warnings
test (x86_64-unknown-linux-gnu, ubuntu-latest)	Run actions-rust-lang/setup-rust-toolchain@v1	2026-09-08T10:01:23.8938583Z   CARGO_UNSTABLE_SPARSE_REGISTRY: true
test (x86_64-unknown-linux-gnu, ubuntu-latest)	Run actions-rust-lang/setup-rust-toolchain@v1	2026-09-08T10:01:23.8939566Z   CARGO_REGISTRIES_CRATES_IO_PROTOCOL: sparse
test (x86_64-unknown-linux-gnu, ubuntu-latest)	Run actions-rust-lang/setup-rust-toolchain@v1	2026-09-08T10:01:23.8940689Z   _srt_toolchain:
test (x86_64-unknown-linux-gnu, ubuntu-latest)	Run actions-rust-lang/setup-rust-toolchain@v1	2026-09-08T10:01:23.8941477Z   _srt_targets: x86_64-unknown-linux-gnu
test (x86_64-unknown-linux-gnu, ubuntu-latest)	Run actions-rust-lang/setup-rust-toolchain@v1	2026-09-08T10:01:23.8942366Z   _srt_components:
test (x86_64-unknown-linux-gnu, ubuntu-latest)	Run actions-rust-lang/setup-rust-toolchain@v1	2026-09-08T10:01:23.8943097Z   _srt_override: true
test (x86_64-unknown-linux-gnu, ubuntu-latest)	Run actions-rust-lang/setup-rust-toolchain@v1	2026-09-08T10:01:23.8943846Z   _srt_rust_src_dir:
test (x86_64-unknown-linux-gnu, ubuntu-latest)	Run actions-rust-lang/setup-rust-toolchain@v1	2026-09-08T10:01:23.8944591Z ##[endgroup]
test (x86_64-unknown-linux-gnu, ubuntu-latest)	Run actions-rust-lang/setup-rust-toolchain@v1	2026-09-08T10:01:24.1050182Z info: syncing channel updates for stable-x86_64-unknown-linux-gnu
test (x86_64-unknown-linux-gnu, ubuntu-latest)	Run actions-rust-lang/setup-rust-toolchain@v1	2026-09-08T10:01:24.2087112Z info: latest update on 2026-09-03 for version 1.98.1 (48a229cea 2026-09-01)
test (x86_64-unknown-linux-gnu, ubuntu-latest)	Run actions-rust-lang/setup-rust-toolchain@v1	2026-09-08T10:01:24.2226242Z info: removing previous version of component clippy
test (x86_64-unknown-linux-gnu, ubuntu-latest)	Run actions-rust-lang/setup-rust-toolchain@v1	2026-09-08T10:01:24.2261877Z info: removing previous version of component rustfmt
test (x86_64-unknown-linux-gnu, ubuntu-latest)	Run actions-rust-lang/setup-rust-toolchain@v1	2026-09-08T10:01:24.2272066Z info: removing previous version of component cargo
test (x86_64-unknown-linux-gnu, ubuntu-latest)	Run actions-rust-lang/setup-rust-toolchain@v1	2026-09-08T10:01:24.2311043Z info: removing previous version of component rust-std
test (x86_64-unknown-linux-gnu, ubuntu-latest)	Run actions-rust-lang/setup-rust-toolchain@v1	2026-09-08T10:01:24.2356323Z info: removing previous version of component rustc
test (x86_64-unknown-linux-gnu, ubuntu-latest)	Run actions-rust-lang/setup-rust-toolchain@v1	2026-09-08T10:01:24.2403640Z info: downloading 5 components
test (x86_64-unknown-linux-gnu, ubuntu-latest)	Run actions-rust-lang/setup-rust-toolchain@v1	2026-09-08T10:01:32.2814932Z
test (x86_64-unknown-linux-gnu, ubuntu-latest)	Run actions-rust-lang/setup-rust-toolchain@v1	2026-09-08T10:01:32.2887902Z   stable-x86_64-unknown-linux-gnu updated - rustc 1.98.1 (48a229cea 2026-09-01) (from rustc 1.98.0 (88d9e12ae 2026-08-18))
test (x86_64-unknown-linux-gnu, ubuntu-latest)	Run actions-rust-lang/setup-rust-toolchain@v1	2026-09-08T10:01:32.2888880Z
test (x86_64-unknown-linux-gnu, ubuntu-latest)	Run actions-rust-lang/setup-rust-toolchain@v1	2026-09-08T10:01:32.2997917Z info: override toolchain for /home/runner/work/vig/vig set to stable-x86_64-unknown-linux-gnu
test (x86_64-unknown-linux-gnu, ubuntu-latest)	Run actions-rust-lang/setup-rust-toolchain@v1	2026-09-08T10:01:32.3027734Z ##[end-action id=__actions-rust-lang_setup-rust-toolchain.__run_5;outcome=success;conclusion=success;duration_ms=8420]
test (x86_64-unknown-linux-gnu, ubuntu-latest)	Run actions-rust-lang/setup-rust-toolchain@v1	2026-09-08T10:01:32.3032446Z ##[start-action display=Print installed versions;id=__actions-rust-lang_setup-rust-toolchain.versions]
test (x86_64-unknown-linux-gnu, ubuntu-latest)	Run actions-rust-lang/setup-rust-toolchain@v1	2026-09-08T10:01:32.3059601Z ##[group]Run echo "rustc-version=$(rustc --version)" >> $GITHUB_OUTPUT
test (x86_64-unknown-linux-gnu, ubuntu-latest)	Run actions-rust-lang/setup-rust-toolchain@v1	2026-09-08T10:01:32.3060134Z ^[[36;1mecho "rustc-version=$(rustc --version)" >> $GITHUB_OUTPUT^[[0m
test (x86_64-unknown-linux-gnu, ubuntu-latest)	Run actions-rust-lang/setup-rust-toolchain@v1	2026-09-08T10:01:32.3060731Z ^[[36;1mrustc --version --verbose^[[0m
test (x86_64-unknown-linux-gnu, ubuntu-latest)	Run actions-rust-lang/setup-rust-toolchain@v1	2026-09-08T10:01:32.3061159Z ^[[36;1mecho "cargo-version=$(cargo --version)" >> $GITHUB_OUTPUT^[[0m
test (x86_64-unknown-linux-gnu, ubuntu-latest)	Run actions-rust-lang/setup-rust-toolchain@v1	2026-09-08T10:01:32.3061513Z ^[[36;1mcargo --version --verbose^[[0m
test (x86_64-unknown-linux-gnu, ubuntu-latest)	Run actions-rust-lang/setup-rust-toolchain@v1	2026-09-08T10:01:32.3061850Z ^[[36;1mecho "rustup-version=$(rustup --version)" >> $GITHUB_OUTPUT^[[0m
test (x86_64-unknown-linux-gnu, ubuntu-latest)	Run actions-rust-lang/setup-rust-toolchain@v1	2026-09-08T10:01:32.3062200Z ^[[36;1mrustup --version^[[0m
test (x86_64-unknown-linux-gnu, ubuntu-latest)	Run actions-rust-lang/setup-rust-toolchain@v1	2026-09-08T10:01:32.3062429Z ^[[36;1m^[[0m
test (x86_64-unknown-linux-gnu, ubuntu-latest)	Run actions-rust-lang/setup-rust-toolchain@v1	2026-09-08T10:01:32.3062883Z ^[[36;1m_srt_DATE=$(rustc --version --verbose | sed -ne 's/^commit-date: \(20[0-9][0-9]\)-\([01][0-9]\)-\([0-3][0-9]\)$/\1\2\3/p')^[[0m
test (x86_64-unknown-linux-gnu, ubuntu-latest)	Run actions-rust-lang/setup-rust-toolchain@v1	2026-09-08T10:01:32.3063537Z ^[[36;1m_srt_HASH=$(rustc --version --verbose | sed -ne 's/^commit-hash: //p')^[[0m
test (x86_64-unknown-linux-gnu, ubuntu-latest)	Run actions-rust-lang/setup-rust-toolchain@v1	2026-09-08T10:01:32.3064040Z ^[[36;1mecho "cachekey=$(echo $_srt_DATE$_srt_HASH | head -c12)" >> $GITHUB_OUTPUT^[[0m
test (x86_64-unknown-linux-gnu, ubuntu-latest)	Run actions-rust-lang/setup-rust-toolchain@v1	2026-09-08T10:01:32.3099500Z shell: /usr/bin/bash --noprofile --norc -e -o pipefail {0}
test (x86_64-unknown-linux-gnu, ubuntu-latest)	Run actions-rust-lang/setup-rust-toolchain@v1	2026-09-08T10:01:32.3099857Z env:
test (x86_64-unknown-linux-gnu, ubuntu-latest)	Run actions-rust-lang/setup-rust-toolchain@v1	2026-09-08T10:01:32.3100057Z   CARGO_INCREMENTAL: 0
test (x86_64-unknown-linux-gnu, ubuntu-latest)	Run actions-rust-lang/setup-rust-toolchain@v1	2026-09-08T10:01:32.3100297Z   CARGO_PROFILE_DEV_DEBUG: 0
test (x86_64-unknown-linux-gnu, ubuntu-latest)	Run actions-rust-lang/setup-rust-toolchain@v1	2026-09-08T10:01:32.3100782Z   CARGO_TERM_COLOR: always
test (x86_64-unknown-linux-gnu, ubuntu-latest)	Run actions-rust-lang/setup-rust-toolchain@v1	2026-09-08T10:01:32.3101027Z   RUST_BACKTRACE: short
test (x86_64-unknown-linux-gnu, ubuntu-latest)	Run actions-rust-lang/setup-rust-toolchain@v1	2026-09-08T10:01:32.3101256Z   RUSTFLAGS: -D warnings
test (x86_64-unknown-linux-gnu, ubuntu-latest)	Run actions-rust-lang/setup-rust-toolchain@v1	2026-09-08T10:01:32.3101498Z   CARGO_UNSTABLE_SPARSE_REGISTRY: true
test (x86_64-unknown-linux-gnu, ubuntu-latest)	Run actions-rust-lang/setup-rust-toolchain@v1	2026-09-08T10:01:32.3101801Z   CARGO_REGISTRIES_CRATES_IO_PROTOCOL: sparse
test (x86_64-unknown-linux-gnu, ubuntu-latest)	Run actions-rust-lang/setup-rust-toolchain@v1	2026-09-08T10:01:32.3102092Z ##[endgroup]
test (x86_64-unknown-linux-gnu, ubuntu-latest)	Run actions-rust-lang/setup-rust-toolchain@v1	2026-09-08T10:01:32.3387942Z rustc 1.98.1 (48a229cea 2026-09-01)
test (x86_64-unknown-linux-gnu, ubuntu-latest)	Run actions-rust-lang/setup-rust-toolchain@v1	2026-09-08T10:01:32.3388753Z binary: rustc
test (x86_64-unknown-linux-gnu, ubuntu-latest)	Run actions-rust-lang/setup-rust-toolchain@v1	2026-09-08T10:01:32.3389141Z commit-hash: 48a229ceaefd4985c50990b14116b6d856af0985
test (x86_64-unknown-linux-gnu, ubuntu-latest)	Run actions-rust-lang/setup-rust-toolchain@v1	2026-09-08T10:01:32.3389793Z commit-date: 2026-09-01
test (x86_64-unknown-linux-gnu, ubuntu-latest)	Run actions-rust-lang/setup-rust-toolchain@v1	2026-09-08T10:01:32.3390361Z host: x86_64-unknown-linux-gnu
test (x86_64-unknown-linux-gnu, ubuntu-latest)	Run actions-rust-lang/setup-rust-toolchain@v1	2026-09-08T10:01:32.3391183Z release: 1.98.1
test (x86_64-unknown-linux-gnu, ubuntu-latest)	Run actions-rust-lang/setup-rust-toolchain@v1	2026-09-08T10:01:32.3391666Z LLVM version: 22.1.8
test (x86_64-unknown-linux-gnu, ubuntu-latest)	Run actions-rust-lang/setup-rust-toolchain@v1	2026-09-08T10:01:32.3660186Z cargo 1.98.1 (797e8a9bc 2026-08-05)
test (x86_64-unknown-linux-gnu, ubuntu-latest)	Run actions-rust-lang/setup-rust-toolchain@v1	2026-09-08T10:01:32.3661613Z release: 1.98.1
test (x86_64-unknown-linux-gnu, ubuntu-latest)	Run actions-rust-lang/setup-rust-toolchain@v1	2026-09-08T10:01:32.3662105Z commit-hash: 797e8a9bca276c1c9f9f738d2a20f484fa4eea9d
test (x86_64-unknown-linux-gnu, ubuntu-latest)	Run actions-rust-lang/setup-rust-toolchain@v1	2026-09-08T10:01:32.3662734Z commit-date: 2026-08-05
test (x86_64-unknown-linux-gnu, ubuntu-latest)	Run actions-rust-lang/setup-rust-toolchain@v1	2026-09-08T10:01:32.3663202Z host: x86_64-unknown-linux-gnu
test (x86_64-unknown-linux-gnu, ubuntu-latest)	Run actions-rust-lang/setup-rust-toolchain@v1	2026-09-08T10:01:32.3663706Z libgit2: 1.9.4 (sys:0.21.0 vendored)
test (x86_64-unknown-linux-gnu, ubuntu-latest)	Run actions-rust-lang/setup-rust-toolchain@v1	2026-09-08T10:01:32.3664297Z libcurl: 8.21.0-DEV (sys:0.4.90+curl-8.21.0 vendored ssl:OpenSSL/3.6.3)
test (x86_64-unknown-linux-gnu, ubuntu-latest)	Run actions-rust-lang/setup-rust-toolchain@v1	2026-09-08T10:01:32.3664714Z ssl: OpenSSL 3.6.3 9 Jun 2026
test (x86_64-unknown-linux-gnu, ubuntu-latest)	Run actions-rust-lang/setup-rust-toolchain@v1	2026-09-08T10:01:32.3664990Z os: Ubuntu 24.4.0 (noble) [64-bit]
test (x86_64-unknown-linux-gnu, ubuntu-latest)	Run actions-rust-lang/setup-rust-toolchain@v1	2026-09-08T10:01:32.3706014Z info: This is the version for the rustup toolchain manager, not the rustc compiler.
test (x86_64-unknown-linux-gnu, ubuntu-latest)	Run actions-rust-lang/setup-rust-toolchain@v1	2026-09-08T10:01:32.3783904Z info: the currently active `rustc` version is `rustc 1.98.1 (48a229cea 2026-09-01)`
test (x86_64-unknown-linux-gnu, ubuntu-latest)	Run actions-rust-lang/setup-rust-toolchain@v1	2026-09-08T10:01:32.3832679Z info: This is the version for the rustup toolchain manager, not the rustc compiler.
test (x86_64-unknown-linux-gnu, ubuntu-latest)	Run actions-rust-lang/setup-rust-toolchain@v1	2026-09-08T10:01:32.3833197Z rustup 1.29.0 (28d1352db 2026-03-05)
test (x86_64-unknown-linux-gnu, ubuntu-latest)	Run actions-rust-lang/setup-rust-toolchain@v1	2026-09-08T10:01:32.3907771Z info: the currently active `rustc` version is `rustc 1.98.1 (48a229cea 2026-09-01)`
test (x86_64-unknown-linux-gnu, ubuntu-latest)	Run actions-rust-lang/setup-rust-toolchain@v1	2026-09-08T10:01:32.4193775Z ##[end-action id=__actions-rust-lang_setup-rust-toolchain.versions;outcome=success;conclusion=success;duration_ms=116]
test (x86_64-unknown-linux-gnu, ubuntu-latest)	Run actions-rust-lang/setup-rust-toolchain@v1	2026-09-08T10:01:32.4196931Z ##[start-action display=Downgrade registry access protocol when needed;id=__actions-rust-lang_setup-rust-toolchain.__run_6]
test (x86_64-unknown-linux-gnu, ubuntu-latest)	Run actions-rust-lang/setup-rust-toolchain@v1	2026-09-08T10:01:32.4219350Z ##[group]Run # Not all versions support setting CARGO_REGISTRIES_CRATES_IO_PROTOCOL
test (x86_64-unknown-linux-gnu, ubuntu-latest)	Run actions-rust-lang/setup-rust-toolchain@v1	2026-09-08T10:01:32.4219945Z ^[[36;1m# Not all versions support setting CARGO_REGISTRIES_CRATES_IO_PROTOCOL^[[0m
test (x86_64-unknown-linux-gnu, ubuntu-latest)	Run actions-rust-lang/setup-rust-toolchain@v1	2026-09-08T10:01:32.4220707Z ^[[36;1m# On versions 1.66, 1.67, and 1.68.0-nightly the value "sparse" is still unstable.^[[0m
test (x86_64-unknown-linux-gnu, ubuntu-latest)	Run actions-rust-lang/setup-rust-toolchain@v1	2026-09-08T10:01:32.4221536Z ^[[36;1m# https://github.com/dtolnay/rust-toolchain/pull/69#discussion_r1107268108^[[0m
test (x86_64-unknown-linux-gnu, ubuntu-latest)	Run actions-rust-lang/setup-rust-toolchain@v1	2026-09-08T10:01:32.4222107Z ^[[36;1m# If we detect an incompatible value, set it to "git" which is always supported.^[[0m
test (x86_64-unknown-linux-gnu, ubuntu-latest)	Run actions-rust-lang/setup-rust-toolchain@v1	2026-09-08T10:01:32.4222847Z ^[[36;1mif [[ "rustc 1.98.1 (48a229cea 2026-09-01)" =~ ^rustc\ (1\.6[67]\.|1\.68\.0-nightly) && "${CARGO_REGISTRIES_CRATES_IO_PROTOCOL}" == "sparse" ]]; then^[[0m
test (x86_64-unknown-linux-gnu, ubuntu-latest)	Run actions-rust-lang/setup-rust-toolchain@v1	2026-09-08T10:01:32.4223505Z ^[[36;1m  echo "Downgrade cargo registry protocol to git"^[[0m
test (x86_64-unknown-linux-gnu, ubuntu-latest)	Run actions-rust-lang/setup-rust-toolchain@v1	2026-09-08T10:01:32.4223913Z ^[[36;1m  echo "CARGO_REGISTRIES_CRATES_IO_PROTOCOL=git" >> $GITHUB_ENV^[[0m
test (x86_64-unknown-linux-gnu, ubuntu-latest)	Run actions-rust-lang/setup-rust-toolchain@v1	2026-09-08T10:01:32.4224266Z ^[[36;1mfi^[[0m
test (x86_64-unknown-linux-gnu, ubuntu-latest)	Run actions-rust-lang/setup-rust-toolchain@v1	2026-09-08T10:01:32.4259939Z shell: /usr/bin/bash --noprofile --norc -e -o pipefail {0}
test (x86_64-unknown-linux-gnu, ubuntu-latest)	Run actions-rust-lang/setup-rust-toolchain@v1	2026-09-08T10:01:32.4260299Z env:
test (x86_64-unknown-linux-gnu, ubuntu-latest)	Run actions-rust-lang/setup-rust-toolchain@v1	2026-09-08T10:01:32.4260849Z   CARGO_INCREMENTAL: 0
test (x86_64-unknown-linux-gnu, ubuntu-latest)	Run actions-rust-lang/setup-rust-toolchain@v1	2026-09-08T10:01:32.4261111Z   CARGO_PROFILE_DEV_DEBUG: 0
test (x86_64-unknown-linux-gnu, ubuntu-latest)	Run actions-rust-lang/setup-rust-toolchain@v1	2026-09-08T10:01:32.4261356Z   CARGO_TERM_COLOR: always
test (x86_64-unknown-linux-gnu, ubuntu-latest)	Run actions-rust-lang/setup-rust-toolchain@v1	2026-09-08T10:01:32.4261585Z   RUST_BACKTRACE: short
test (x86_64-unknown-linux-gnu, ubuntu-latest)	Run actions-rust-lang/setup-rust-toolchain@v1	2026-09-08T10:01:32.4261811Z   RUSTFLAGS: -D warnings
test (x86_64-unknown-linux-gnu, ubuntu-latest)	Run actions-rust-lang/setup-rust-toolchain@v1	2026-09-08T10:01:32.4262071Z   CARGO_UNSTABLE_SPARSE_REGISTRY: true
test (x86_64-unknown-linux-gnu, ubuntu-latest)	Run actions-rust-lang/setup-rust-toolchain@v1	2026-09-08T10:01:32.4262373Z   CARGO_REGISTRIES_CRATES_IO_PROTOCOL: sparse
test (x86_64-unknown-linux-gnu, ubuntu-latest)	Run actions-rust-lang/setup-rust-toolchain@v1	2026-09-08T10:01:32.4262660Z ##[endgroup]
test (x86_64-unknown-linux-gnu, ubuntu-latest)	Run actions-rust-lang/setup-rust-toolchain@v1	2026-09-08T10:01:32.4322327Z ##[end-action id=__actions-rust-lang_setup-rust-toolchain.__run_6;outcome=success;conclusion=success;duration_ms=12]
test (x86_64-unknown-linux-gnu, ubuntu-latest)	Run actions-rust-lang/setup-rust-toolchain@v1	2026-09-08T10:01:32.4324692Z ##[start-action display=Setup Rust Caching;id=__actions-rust-lang_setup-rust-toolchain.__Swatinem_rust-cache]
test (x86_64-unknown-linux-gnu, ubuntu-latest)	Run actions-rust-lang/setup-rust-toolchain@v1	2026-09-08T10:01:32.4404301Z ##[group]Run Swatinem/rust-cache@c19371144df3bb44fab255c43d04cbc2ab54d1c4
test (x86_64-unknown-linux-gnu, ubuntu-latest)	Run actions-rust-lang/setup-rust-toolchain@v1	2026-09-08T10:01:32.4404705Z with:
test (x86_64-unknown-linux-gnu, ubuntu-latest)	Run actions-rust-lang/setup-rust-toolchain@v1	2026-09-08T10:01:32.4404913Z   cache-on-failure: true
test (x86_64-unknown-linux-gnu, ubuntu-latest)	Run actions-rust-lang/setup-rust-toolchain@v1	2026-09-08T10:01:32.4405145Z   cache-bin: true
test (x86_64-unknown-linux-gnu, ubuntu-latest)	Run actions-rust-lang/setup-rust-toolchain@v1	2026-09-08T10:01:32.4405355Z   cache-provider: github
test (x86_64-unknown-linux-gnu, ubuntu-latest)	Run actions-rust-lang/setup-rust-toolchain@v1	2026-09-08T10:01:32.4405589Z   cache-all-crates: false
test (x86_64-unknown-linux-gnu, ubuntu-latest)	Run actions-rust-lang/setup-rust-toolchain@v1	2026-09-08T10:01:32.4405829Z   cache-workspace-crates: false
test (x86_64-unknown-linux-gnu, ubuntu-latest)	Run actions-rust-lang/setup-rust-toolchain@v1	2026-09-08T10:01:32.4406076Z   cache-targets: true
test (x86_64-unknown-linux-gnu, ubuntu-latest)	Run actions-rust-lang/setup-rust-toolchain@v1	2026-09-08T10:01:32.4406285Z   save-if: true
test (x86_64-unknown-linux-gnu, ubuntu-latest)	Run actions-rust-lang/setup-rust-toolchain@v1	2026-09-08T10:01:32.4406495Z   prefix-key: v0-rust
test (x86_64-unknown-linux-gnu, ubuntu-latest)	Run actions-rust-lang/setup-rust-toolchain@v1	2026-09-08T10:01:32.4406729Z   add-job-id-key: true
test (x86_64-unknown-linux-gnu, ubuntu-latest)	Run actions-rust-lang/setup-rust-toolchain@v1	2026-09-08T10:01:32.4406962Z   add-rust-environment-hash-key: true
test (x86_64-unknown-linux-gnu, ubuntu-latest)	Run actions-rust-lang/setup-rust-toolchain@v1	2026-09-08T10:01:32.4407232Z   lookup-only: false
test (x86_64-unknown-linux-gnu, ubuntu-latest)	Run actions-rust-lang/setup-rust-toolchain@v1	2026-09-08T10:01:32.4407443Z   cmd-format: {0}
test (x86_64-unknown-linux-gnu, ubuntu-latest)	Run actions-rust-lang/setup-rust-toolchain@v1	2026-09-08T10:01:32.4407636Z env:
test (x86_64-unknown-linux-gnu, ubuntu-latest)	Run actions-rust-lang/setup-rust-toolchain@v1	2026-09-08T10:01:32.4407995Z   CARGO_INCREMENTAL: 0
test (x86_64-unknown-linux-gnu, ubuntu-latest)	Run actions-rust-lang/setup-rust-toolchain@v1	2026-09-08T10:01:32.4408218Z   CARGO_PROFILE_DEV_DEBUG: 0
test (x86_64-unknown-linux-gnu, ubuntu-latest)	Run actions-rust-lang/setup-rust-toolchain@v1	2026-09-08T10:01:32.4408454Z   CARGO_TERM_COLOR: always
test (x86_64-unknown-linux-gnu, ubuntu-latest)	Run actions-rust-lang/setup-rust-toolchain@v1	2026-09-08T10:01:32.4408687Z   RUST_BACKTRACE: short
test (x86_64-unknown-linux-gnu, ubuntu-latest)	Run actions-rust-lang/setup-rust-toolchain@v1	2026-09-08T10:01:32.4408914Z   RUSTFLAGS: -D warnings
test (x86_64-unknown-linux-gnu, ubuntu-latest)	Run actions-rust-lang/setup-rust-toolchain@v1	2026-09-08T10:01:32.4409161Z   CARGO_UNSTABLE_SPARSE_REGISTRY: true
test (x86_64-unknown-linux-gnu, ubuntu-latest)	Run actions-rust-lang/setup-rust-toolchain@v1	2026-09-08T10:01:32.4409453Z   CARGO_REGISTRIES_CRATES_IO_PROTOCOL: sparse
test (x86_64-unknown-linux-gnu, ubuntu-latest)	Run actions-rust-lang/setup-rust-toolchain@v1	2026-09-08T10:01:32.4409733Z ##[endgroup]
test (x86_64-unknown-linux-gnu, ubuntu-latest)	Run actions-rust-lang/setup-rust-toolchain@v1	2026-09-08T10:01:32.7243605Z (node:2449) [DEP0040] DeprecationWarning: The `punycode` module is deprecated. Please use a userland alternative instead.
test (x86_64-unknown-linux-gnu, ubuntu-latest)	Run actions-rust-lang/setup-rust-toolchain@v1	2026-09-08T10:01:32.7245316Z (Use `node --trace-deprecation ...` to show where the warning was created)
test (x86_64-unknown-linux-gnu, ubuntu-latest)	Run actions-rust-lang/setup-rust-toolchain@v1	2026-09-08T10:01:32.8986100Z ##[group]Cache Configuration
test (x86_64-unknown-linux-gnu, ubuntu-latest)	Run actions-rust-lang/setup-rust-toolchain@v1	2026-09-08T10:01:32.8987286Z Cache Provider:
test (x86_64-unknown-linux-gnu, ubuntu-latest)	Run actions-rust-lang/setup-rust-toolchain@v1	2026-09-08T10:01:32.8987796Z     github
test (x86_64-unknown-linux-gnu, ubuntu-latest)	Run actions-rust-lang/setup-rust-toolchain@v1	2026-09-08T10:01:32.8988158Z Workspaces:
test (x86_64-unknown-linux-gnu, ubuntu-latest)	Run actions-rust-lang/setup-rust-toolchain@v1	2026-09-08T10:01:32.8988525Z     /home/runner/work/vig/vig
test (x86_64-unknown-linux-gnu, ubuntu-latest)	Run actions-rust-lang/setup-rust-toolchain@v1	2026-09-08T10:01:32.8988950Z Cache Paths:
test (x86_64-unknown-linux-gnu, ubuntu-latest)	Run actions-rust-lang/setup-rust-toolchain@v1	2026-09-08T10:01:32.8989305Z     /home/runner/.cargo/bin
test (x86_64-unknown-linux-gnu, ubuntu-latest)	Run actions-rust-lang/setup-rust-toolchain@v1	2026-09-08T10:01:32.8989711Z     /home/runner/.cargo/.crates.toml
test (x86_64-unknown-linux-gnu, ubuntu-latest)	Run actions-rust-lang/setup-rust-toolchain@v1	2026-09-08T10:01:32.8990126Z     /home/runner/.cargo/.crates2.json
test (x86_64-unknown-linux-gnu, ubuntu-latest)	Run actions-rust-lang/setup-rust-toolchain@v1	2026-09-08T10:01:32.8990693Z     /home/runner/.cargo/registry
test (x86_64-unknown-linux-gnu, ubuntu-latest)	Run actions-rust-lang/setup-rust-toolchain@v1	2026-09-08T10:01:32.8991135Z     /home/runner/.cargo/git
test (x86_64-unknown-linux-gnu, ubuntu-latest)	Run actions-rust-lang/setup-rust-toolchain@v1	2026-09-08T10:01:32.8991530Z     /home/runner/work/vig/vig/target
test (x86_64-unknown-linux-gnu, ubuntu-latest)	Run actions-rust-lang/setup-rust-toolchain@v1	2026-09-08T10:01:32.8991927Z Restore Key:
test (x86_64-unknown-linux-gnu, ubuntu-latest)	Run actions-rust-lang/setup-rust-toolchain@v1	2026-09-08T10:01:32.8992283Z     v0-rust-test-Linux-x64-09ed3713
test (x86_64-unknown-linux-gnu, ubuntu-latest)	Run actions-rust-lang/setup-rust-toolchain@v1	2026-09-08T10:01:32.8992678Z Cache Key:
test (x86_64-unknown-linux-gnu, ubuntu-latest)	Run actions-rust-lang/setup-rust-toolchain@v1	2026-09-08T10:01:32.8993042Z     v0-rust-test-Linux-x64-09ed3713-eb78a9df
test (x86_64-unknown-linux-gnu, ubuntu-latest)	Run actions-rust-lang/setup-rust-toolchain@v1	2026-09-08T10:01:32.8993469Z .. Prefix:
test (x86_64-unknown-linux-gnu, ubuntu-latest)	Run actions-rust-lang/setup-rust-toolchain@v1	2026-09-08T10:01:32.8993809Z   - v0-rust-test-Linux-x64
test (x86_64-unknown-linux-gnu, ubuntu-latest)	Run actions-rust-lang/setup-rust-toolchain@v1	2026-09-08T10:01:32.8994186Z .. Environment considered:
test (x86_64-unknown-linux-gnu, ubuntu-latest)	Run actions-rust-lang/setup-rust-toolchain@v1	2026-09-08T10:01:32.8994554Z   - Rust Versions:
test (x86_64-unknown-linux-gnu, ubuntu-latest)	Run actions-rust-lang/setup-rust-toolchain@v1	2026-09-08T10:01:32.8995305Z     - 1.98.1 x86_64-unknown-linux-gnu 48a229ceaefd4985c50990b14116b6d856af0985
test (x86_64-unknown-linux-gnu, ubuntu-latest)	Run actions-rust-lang/setup-rust-toolchain@v1	2026-09-08T10:01:32.8995934Z     - 1.98.1 x86_64-unknown-linux-gnu 48a229ceaefd4985c50990b14116b6d856af0985
test (x86_64-unknown-linux-gnu, ubuntu-latest)	Run actions-rust-lang/setup-rust-toolchain@v1	2026-09-08T10:01:32.8996443Z   - CARGO_INCREMENTAL
test (x86_64-unknown-linux-gnu, ubuntu-latest)	Run actions-rust-lang/setup-rust-toolchain@v1	2026-09-08T10:01:32.8996817Z   - CARGO_PROFILE_DEV_DEBUG
test (x86_64-unknown-linux-gnu, ubuntu-latest)	Run actions-rust-lang/setup-rust-toolchain@v1	2026-09-08T10:01:32.8997209Z   - CARGO_REGISTRIES_CRATES_IO_PROTOCOL
test (x86_64-unknown-linux-gnu, ubuntu-latest)	Run actions-rust-lang/setup-rust-toolchain@v1	2026-09-08T10:01:32.8997615Z   - CARGO_TERM_COLOR
test (x86_64-unknown-linux-gnu, ubuntu-latest)	Run actions-rust-lang/setup-rust-toolchain@v1	2026-09-08T10:01:32.8997983Z   - CARGO_UNSTABLE_SPARSE_REGISTRY
test (x86_64-unknown-linux-gnu, ubuntu-latest)	Run actions-rust-lang/setup-rust-toolchain@v1	2026-09-08T10:01:32.8998374Z   - RUST_BACKTRACE
test (x86_64-unknown-linux-gnu, ubuntu-latest)	Run actions-rust-lang/setup-rust-toolchain@v1	2026-09-08T10:01:32.8998708Z   - RUSTFLAGS
test (x86_64-unknown-linux-gnu, ubuntu-latest)	Run actions-rust-lang/setup-rust-toolchain@v1	2026-09-08T10:01:32.8999046Z .. Lockfiles considered:
test (x86_64-unknown-linux-gnu, ubuntu-latest)	Run actions-rust-lang/setup-rust-toolchain@v1	2026-09-08T10:01:32.8999499Z   - /home/runner/work/vig/vig/Cargo.lock
test (x86_64-unknown-linux-gnu, ubuntu-latest)	Run actions-rust-lang/setup-rust-toolchain@v1	2026-09-08T10:01:32.8999922Z   - /home/runner/work/vig/vig/Cargo.toml
test (x86_64-unknown-linux-gnu, ubuntu-latest)	Run actions-rust-lang/setup-rust-toolchain@v1	2026-09-08T10:01:32.9000816Z ##[endgroup]
test (x86_64-unknown-linux-gnu, ubuntu-latest)	Run actions-rust-lang/setup-rust-toolchain@v1	2026-09-08T10:01:32.9001255Z
test (x86_64-unknown-linux-gnu, ubuntu-latest)	Run actions-rust-lang/setup-rust-toolchain@v1	2026-09-08T10:01:32.9001555Z ... Restoring cache ...
test (x86_64-unknown-linux-gnu, ubuntu-latest)	Run actions-rust-lang/setup-rust-toolchain@v1	2026-09-08T10:01:32.9695815Z Cache hit for: v0-rust-test-Linux-x64-09ed3713-eb78a9df
test (x86_64-unknown-linux-gnu, ubuntu-latest)	Run actions-rust-lang/setup-rust-toolchain@v1	2026-09-08T10:01:34.0215906Z Received 213909504 of 356787076 (60.0%), 203.4 MBs/sec
test (x86_64-unknown-linux-gnu, ubuntu-latest)	Run actions-rust-lang/setup-rust-toolchain@v1	2026-09-08T10:01:34.6278996Z Received 356787076 of 356787076 (100.0%), 211.5 MBs/sec
test (x86_64-unknown-linux-gnu, ubuntu-latest)	Run actions-rust-lang/setup-rust-toolchain@v1	2026-09-08T10:01:34.6280016Z Cache Size: ~340 MB (356787076 B)
test (x86_64-unknown-linux-gnu, ubuntu-latest)	Run actions-rust-lang/setup-rust-toolchain@v1	2026-09-08T10:01:34.6386501Z [command]/usr/bin/tar -xf /home/runner/work/_temp/057244b4-abd3-421d-bf0b-d24bc5408168/cache.tzst -P -C /home/runner/work/vig/vig --use-compress-program unzstd
test (x86_64-unknown-linux-gnu, ubuntu-latest)	Run actions-rust-lang/setup-rust-toolchain@v1	2026-09-08T10:01:36.5294075Z Cache restored successfully
test (x86_64-unknown-linux-gnu, ubuntu-latest)	Run actions-rust-lang/setup-rust-toolchain@v1	2026-09-08T10:01:36.5498233Z Restored from cache key "v0-rust-test-Linux-x64-09ed3713-eb78a9df" full match: true.
test (x86_64-unknown-linux-gnu, ubuntu-latest)	Run actions-rust-lang/setup-rust-toolchain@v1	2026-09-08T10:01:36.5635132Z ##[end-action id=__actions-rust-lang_setup-rust-toolchain.__Swatinem_rust-cache;outcome=success;conclusion=success;duration_ms=4130]
test (x86_64-unknown-linux-gnu, ubuntu-latest)	Install dependencies (Linux)	﻿2026-09-08T10:01:36.5782926Z ##[group]Run awalsh128/cache-apt-pkgs-action@v1
test (x86_64-unknown-linux-gnu, ubuntu-latest)	Install dependencies (Linux)	2026-09-08T10:01:36.5783277Z with:
test (x86_64-unknown-linux-gnu, ubuntu-latest)	Install dependencies (Linux)	2026-09-08T10:01:36.5783521Z   packages: libgit2-dev libssl-dev pkg-config
test (x86_64-unknown-linux-gnu, ubuntu-latest)	Install dependencies (Linux)	2026-09-08T10:01:36.5783836Z   execute_install_scripts: false
test (x86_64-unknown-linux-gnu, ubuntu-latest)	Install dependencies (Linux)	2026-09-08T10:01:36.5784099Z   empty_packages_behavior: error
test (x86_64-unknown-linux-gnu, ubuntu-latest)	Install dependencies (Linux)	2026-09-08T10:01:36.5784337Z   debug: false
test (x86_64-unknown-linux-gnu, ubuntu-latest)	Install dependencies (Linux)	2026-09-08T10:01:36.5784534Z env:
test (x86_64-unknown-linux-gnu, ubuntu-latest)	Install dependencies (Linux)	2026-09-08T10:01:36.5784717Z   CARGO_INCREMENTAL: 0
test (x86_64-unknown-linux-gnu, ubuntu-latest)	Install dependencies (Linux)	2026-09-08T10:01:36.5784940Z   CARGO_PROFILE_DEV_DEBUG: 0
test (x86_64-unknown-linux-gnu, ubuntu-latest)	Install dependencies (Linux)	2026-09-08T10:01:36.5785178Z   CARGO_TERM_COLOR: always
test (x86_64-unknown-linux-gnu, ubuntu-latest)	Install dependencies (Linux)	2026-09-08T10:01:36.5785592Z   RUST_BACKTRACE: short
test (x86_64-unknown-linux-gnu, ubuntu-latest)	Install dependencies (Linux)	2026-09-08T10:01:36.5785822Z   RUSTFLAGS: -D warnings
test (x86_64-unknown-linux-gnu, ubuntu-latest)	Install dependencies (Linux)	2026-09-08T10:01:36.5786063Z   CARGO_UNSTABLE_SPARSE_REGISTRY: true
test (x86_64-unknown-linux-gnu, ubuntu-latest)	Install dependencies (Linux)	2026-09-08T10:01:36.5786358Z   CARGO_REGISTRIES_CRATES_IO_PROTOCOL: sparse
test (x86_64-unknown-linux-gnu, ubuntu-latest)	Install dependencies (Linux)	2026-09-08T10:01:36.5786640Z   CACHE_ON_FAILURE: true
test (x86_64-unknown-linux-gnu, ubuntu-latest)	Install dependencies (Linux)	2026-09-08T10:01:36.5786868Z ##[endgroup]
test (x86_64-unknown-linux-gnu, ubuntu-latest)	Install dependencies (Linux)	2026-09-08T10:01:36.5794409Z ##[start-action display=Run ${GITHUB_ACTION_PATH}/pre_cache_action.sh \;id=__awalsh128_cache-apt-pkgs-action.pre-cache]
test (x86_64-unknown-linux-gnu, ubuntu-latest)	Install dependencies (Linux)	2026-09-08T10:01:36.5809340Z ##[group]Run ${GITHUB_ACTION_PATH}/pre_cache_action.sh \
test (x86_64-unknown-linux-gnu, ubuntu-latest)	Install dependencies (Linux)	2026-09-08T10:01:36.5809757Z ^[[36;1m${GITHUB_ACTION_PATH}/pre_cache_action.sh \^[[0m
test (x86_64-unknown-linux-gnu, ubuntu-latest)	Install dependencies (Linux)	2026-09-08T10:01:36.5810079Z ^[[36;1m  ~/cache-apt-pkgs \^[[0m
test (x86_64-unknown-linux-gnu, ubuntu-latest)	Install dependencies (Linux)	2026-09-08T10:01:36.5810327Z ^[[36;1m  "$VERSION" \^[[0m
test (x86_64-unknown-linux-gnu, ubuntu-latest)	Install dependencies (Linux)	2026-09-08T10:01:36.5810807Z ^[[36;1m  "$EXEC_INSTALL_SCRIPTS" \^[[0m
test (x86_64-unknown-linux-gnu, ubuntu-latest)	Install dependencies (Linux)	2026-09-08T10:01:36.5811079Z ^[[36;1m  "$DEBUG" \^[[0m
test (x86_64-unknown-linux-gnu, ubuntu-latest)	Install dependencies (Linux)	2026-09-08T10:01:36.5811300Z ^[[36;1m  "$ADD_REPOSITORY" \^[[0m
test (x86_64-unknown-linux-gnu, ubuntu-latest)	Install dependencies (Linux)	2026-09-08T10:01:36.5811540Z ^[[36;1m  "$PACKAGES"^[[0m
test (x86_64-unknown-linux-gnu, ubuntu-latest)	Install dependencies (Linux)	2026-09-08T10:01:36.5811828Z ^[[36;1mif [ -f ~/cache-apt-pkgs/cache_key.md5 ]; then^[[0m
test (x86_64-unknown-linux-gnu, ubuntu-latest)	Install dependencies (Linux)	2026-09-08T10:01:36.5812277Z ^[[36;1m  echo "CACHE_KEY=$(cat ~/cache-apt-pkgs/cache_key.md5)" >> $GITHUB_ENV^[[0m
test (x86_64-unknown-linux-gnu, ubuntu-latest)	Install dependencies (Linux)	2026-09-08T10:01:36.5812652Z ^[[36;1melse^[[0m
test (x86_64-unknown-linux-gnu, ubuntu-latest)	Install dependencies (Linux)	2026-09-08T10:01:36.5812872Z ^[[36;1m  echo "CACHE_KEY=" >> $GITHUB_ENV^[[0m
test (x86_64-unknown-linux-gnu, ubuntu-latest)	Install dependencies (Linux)	2026-09-08T10:01:36.5813138Z ^[[36;1mfi^[[0m
test (x86_64-unknown-linux-gnu, ubuntu-latest)	Install dependencies (Linux)	2026-09-08T10:01:36.5858439Z shell: /usr/bin/bash --noprofile --norc -e -o pipefail {0}
test (x86_64-unknown-linux-gnu, ubuntu-latest)	Install dependencies (Linux)	2026-09-08T10:01:36.5858794Z env:
test (x86_64-unknown-linux-gnu, ubuntu-latest)	Install dependencies (Linux)	2026-09-08T10:01:36.5859003Z   CARGO_INCREMENTAL: 0
test (x86_64-unknown-linux-gnu, ubuntu-latest)	Install dependencies (Linux)	2026-09-08T10:01:36.5859239Z   CARGO_PROFILE_DEV_DEBUG: 0
test (x86_64-unknown-linux-gnu, ubuntu-latest)	Install dependencies (Linux)	2026-09-08T10:01:36.5859550Z   CARGO_TERM_COLOR: always
test (x86_64-unknown-linux-gnu, ubuntu-latest)	Install dependencies (Linux)	2026-09-08T10:01:36.5859841Z   RUST_BACKTRACE: short
test (x86_64-unknown-linux-gnu, ubuntu-latest)	Install dependencies (Linux)	2026-09-08T10:01:36.5860071Z   RUSTFLAGS: -D warnings
test (x86_64-unknown-linux-gnu, ubuntu-latest)	Install dependencies (Linux)	2026-09-08T10:01:36.5860318Z   CARGO_UNSTABLE_SPARSE_REGISTRY: true
test (x86_64-unknown-linux-gnu, ubuntu-latest)	Install dependencies (Linux)	2026-09-08T10:01:36.5860987Z   CARGO_REGISTRIES_CRATES_IO_PROTOCOL: sparse
test (x86_64-unknown-linux-gnu, ubuntu-latest)	Install dependencies (Linux)	2026-09-08T10:01:36.5861385Z   CACHE_ON_FAILURE: true
test (x86_64-unknown-linux-gnu, ubuntu-latest)	Install dependencies (Linux)	2026-09-08T10:01:36.5861612Z   VERSION:
test (x86_64-unknown-linux-gnu, ubuntu-latest)	Install dependencies (Linux)	2026-09-08T10:01:36.5861821Z   EXEC_INSTALL_SCRIPTS: false
test (x86_64-unknown-linux-gnu, ubuntu-latest)	Install dependencies (Linux)	2026-09-08T10:01:36.5862141Z   EMPTY_PACKAGES_BEHAVIOR: error
test (x86_64-unknown-linux-gnu, ubuntu-latest)	Install dependencies (Linux)	2026-09-08T10:01:36.5862394Z   DEBUG: false
test (x86_64-unknown-linux-gnu, ubuntu-latest)	Install dependencies (Linux)	2026-09-08T10:01:36.5862663Z   ADD_REPOSITORY:
test (x86_64-unknown-linux-gnu, ubuntu-latest)	Install dependencies (Linux)	2026-09-08T10:01:36.5862917Z   PACKAGES: libgit2-dev libssl-dev pkg-config
test (x86_64-unknown-linux-gnu, ubuntu-latest)	Install dependencies (Linux)	2026-09-08T10:01:36.5863230Z ##[endgroup]
test (x86_64-unknown-linux-gnu, ubuntu-latest)	Install dependencies (Linux)	2026-09-08T10:01:36.5966568Z Normalizing package list...
test (x86_64-unknown-linux-gnu, ubuntu-latest)	Install dependencies (Linux)	2026-09-08T10:01:37.8205719Z done
test (x86_64-unknown-linux-gnu, ubuntu-latest)	Install dependencies (Linux)	2026-09-08T10:01:37.8222733Z Validating action arguments (version='', packages='libgit2-dev=1.7.2+ds-1ubuntu3.1 libssl-dev=3.0.13-0ubuntu3.15 pkg-config=1.8.1-2build1')...
test (x86_64-unknown-linux-gnu, ubuntu-latest)	Install dependencies (Linux)	2026-09-08T10:01:37.8238332Z done
test (x86_64-unknown-linux-gnu, ubuntu-latest)	Install dependencies (Linux)	2026-09-08T10:01:37.8238628Z
test (x86_64-unknown-linux-gnu, ubuntu-latest)	Install dependencies (Linux)	2026-09-08T10:01:37.8238954Z Creating cache key...
test (x86_64-unknown-linux-gnu, ubuntu-latest)	Install dependencies (Linux)	2026-09-08T10:01:37.8257108Z - CPU architecture is 'x86_64'.
test (x86_64-unknown-linux-gnu, ubuntu-latest)	Install dependencies (Linux)	2026-09-08T10:01:37.8257800Z - Value to hash is 'libgit2-dev=1.7.2+ds-1ubuntu3.1 libssl-dev=3.0.13-0ubuntu3.15 pkg-config=1.8.1-2build1 @  3'.
test (x86_64-unknown-linux-gnu, ubuntu-latest)	Install dependencies (Linux)	2026-09-08T10:01:37.8287965Z - Value hashed as 'f383ff6fc98053745e76aa2f6d3abfb7'.
test (x86_64-unknown-linux-gnu, ubuntu-latest)	Install dependencies (Linux)	2026-09-08T10:01:37.8288677Z done
test (x86_64-unknown-linux-gnu, ubuntu-latest)	Install dependencies (Linux)	2026-09-08T10:01:37.8289236Z Hash value written to /home/runner/cache-apt-pkgs/cache_key.md5
test (x86_64-unknown-linux-gnu, ubuntu-latest)	Install dependencies (Linux)	2026-09-08T10:01:37.8313299Z ##[end-action id=__awalsh128_cache-apt-pkgs-action.pre-cache;outcome=success;conclusion=success;duration_ms=1251]
test (x86_64-unknown-linux-gnu, ubuntu-latest)	Install dependencies (Linux)	2026-09-08T10:01:37.8316775Z ##[start-action display=Run actions/cache/restore@55cc8345863c7cc4c66a329aec7e433d2d1c52a9;id=__awalsh128_cache-apt-pkgs-action.load-cache]
test (x86_64-unknown-linux-gnu, ubuntu-latest)	Install dependencies (Linux)	2026-09-08T10:01:37.8352992Z ##[group]Run actions/cache/restore@55cc8345863c7cc4c66a329aec7e433d2d1c52a9
test (x86_64-unknown-linux-gnu, ubuntu-latest)	Install dependencies (Linux)	2026-09-08T10:01:37.8353570Z with:
test (x86_64-unknown-linux-gnu, ubuntu-latest)	Install dependencies (Linux)	2026-09-08T10:01:37.8353777Z   path: ~/cache-apt-pkgs
test (x86_64-unknown-linux-gnu, ubuntu-latest)	Install dependencies (Linux)	2026-09-08T10:01:37.8354063Z   key: cache-apt-pkgs_f383ff6fc98053745e76aa2f6d3abfb7
test (x86_64-unknown-linux-gnu, ubuntu-latest)	Install dependencies (Linux)	2026-09-08T10:01:37.8354390Z   enableCrossOsArchive: false
test (x86_64-unknown-linux-gnu, ubuntu-latest)	Install dependencies (Linux)	2026-09-08T10:01:37.8354642Z   fail-on-cache-miss: false
test (x86_64-unknown-linux-gnu, ubuntu-latest)	Install dependencies (Linux)	2026-09-08T10:01:37.8354880Z   lookup-only: false
test (x86_64-unknown-linux-gnu, ubuntu-latest)	Install dependencies (Linux)	2026-09-08T10:01:37.8355082Z env:
test (x86_64-unknown-linux-gnu, ubuntu-latest)	Install dependencies (Linux)	2026-09-08T10:01:37.8355266Z   CARGO_INCREMENTAL: 0
test (x86_64-unknown-linux-gnu, ubuntu-latest)	Install dependencies (Linux)	2026-09-08T10:01:37.8355484Z   CARGO_PROFILE_DEV_DEBUG: 0
test (x86_64-unknown-linux-gnu, ubuntu-latest)	Install dependencies (Linux)	2026-09-08T10:01:37.8355720Z   CARGO_TERM_COLOR: always
test (x86_64-unknown-linux-gnu, ubuntu-latest)	Install dependencies (Linux)	2026-09-08T10:01:37.8356087Z   RUST_BACKTRACE: short
test (x86_64-unknown-linux-gnu, ubuntu-latest)	Install dependencies (Linux)	2026-09-08T10:01:37.8356308Z   RUSTFLAGS: -D warnings
test (x86_64-unknown-linux-gnu, ubuntu-latest)	Install dependencies (Linux)	2026-09-08T10:01:37.8356543Z   CARGO_UNSTABLE_SPARSE_REGISTRY: true
test (x86_64-unknown-linux-gnu, ubuntu-latest)	Install dependencies (Linux)	2026-09-08T10:01:37.8356833Z   CARGO_REGISTRIES_CRATES_IO_PROTOCOL: sparse
test (x86_64-unknown-linux-gnu, ubuntu-latest)	Install dependencies (Linux)	2026-09-08T10:01:37.8357123Z   CACHE_ON_FAILURE: true
test (x86_64-unknown-linux-gnu, ubuntu-latest)	Install dependencies (Linux)	2026-09-08T10:01:37.8357363Z   CACHE_KEY: f383ff6fc98053745e76aa2f6d3abfb7
test (x86_64-unknown-linux-gnu, ubuntu-latest)	Install dependencies (Linux)	2026-09-08T10:01:37.8357631Z ##[endgroup]
test (x86_64-unknown-linux-gnu, ubuntu-latest)	Install dependencies (Linux)	2026-09-08T10:01:38.0512455Z Cache hit for: cache-apt-pkgs_f383ff6fc98053745e76aa2f6d3abfb7
test (x86_64-unknown-linux-gnu, ubuntu-latest)	Install dependencies (Linux)	2026-09-08T10:01:38.1739740Z Received 2668034 of 2668034 (100.0%), 29.9 MBs/sec
test (x86_64-unknown-linux-gnu, ubuntu-latest)	Install dependencies (Linux)	2026-09-08T10:01:38.1740417Z Cache Size: ~3 MB (2668034 B)
test (x86_64-unknown-linux-gnu, ubuntu-latest)	Install dependencies (Linux)	2026-09-08T10:01:38.1768694Z [command]/usr/bin/tar -xf /home/runner/work/_temp/df46cf29-13a1-4fc3-8fab-84985e044c89/cache.tzst -P -C /home/runner/work/vig/vig --use-compress-program unzstd
test (x86_64-unknown-linux-gnu, ubuntu-latest)	Install dependencies (Linux)	2026-09-08T10:01:38.1966027Z Cache restored successfully
test (x86_64-unknown-linux-gnu, ubuntu-latest)	Install dependencies (Linux)	2026-09-08T10:01:38.2089344Z Cache restored from key: cache-apt-pkgs_f383ff6fc98053745e76aa2f6d3abfb7
test (x86_64-unknown-linux-gnu, ubuntu-latest)	Install dependencies (Linux)	2026-09-08T10:01:38.2168611Z ##[end-action id=__awalsh128_cache-apt-pkgs-action.load-cache;outcome=success;conclusion=success;duration_ms=385]
test (x86_64-unknown-linux-gnu, ubuntu-latest)	Install dependencies (Linux)	2026-09-08T10:01:38.2173676Z ##[start-action display=Run ${GITHUB_ACTION_PATH}/post_cache_action.sh \;id=__awalsh128_cache-apt-pkgs-action.post-cache]
test (x86_64-unknown-linux-gnu, ubuntu-latest)	Install dependencies (Linux)	2026-09-08T10:01:38.2191009Z ##[group]Run ${GITHUB_ACTION_PATH}/post_cache_action.sh \
test (x86_64-unknown-linux-gnu, ubuntu-latest)	Install dependencies (Linux)	2026-09-08T10:01:38.2191465Z ^[[36;1m${GITHUB_ACTION_PATH}/post_cache_action.sh \^[[0m
test (x86_64-unknown-linux-gnu, ubuntu-latest)	Install dependencies (Linux)	2026-09-08T10:01:38.2191795Z ^[[36;1m  ~/cache-apt-pkgs \^[[0m
test (x86_64-unknown-linux-gnu, ubuntu-latest)	Install dependencies (Linux)	2026-09-08T10:01:38.2192055Z ^[[36;1m  / \^[[0m
test (x86_64-unknown-linux-gnu, ubuntu-latest)	Install dependencies (Linux)	2026-09-08T10:01:38.2192271Z ^[[36;1m  "$CACHE_HIT" \^[[0m
test (x86_64-unknown-linux-gnu, ubuntu-latest)	Install dependencies (Linux)	2026-09-08T10:01:38.2192527Z ^[[36;1m  "$EXEC_INSTALL_SCRIPTS" \^[[0m
test (x86_64-unknown-linux-gnu, ubuntu-latest)	Install dependencies (Linux)	2026-09-08T10:01:38.2192793Z ^[[36;1m  "$DEBUG" \^[[0m
test (x86_64-unknown-linux-gnu, ubuntu-latest)	Install dependencies (Linux)	2026-09-08T10:01:38.2193020Z ^[[36;1m  "$ADD_REPOSITORY" \^[[0m
test (x86_64-unknown-linux-gnu, ubuntu-latest)	Install dependencies (Linux)	2026-09-08T10:01:38.2193275Z ^[[36;1m  "$PACKAGES"^[[0m
test (x86_64-unknown-linux-gnu, ubuntu-latest)	Install dependencies (Linux)	2026-09-08T10:01:38.2193772Z ^[[36;1mfunction create_list { local list=$(cat ~/cache-apt-pkgs/manifest_${1}.log | tr '\n' ','); echo ${list:0:-1}; };^[[0m
test (x86_64-unknown-linux-gnu, ubuntu-latest)	Install dependencies (Linux)	2026-09-08T10:01:38.2194440Z ^[[36;1mecho "package-version-list=$(create_list main)" >> $GITHUB_OUTPUT^[[0m
test (x86_64-unknown-linux-gnu, ubuntu-latest)	Install dependencies (Linux)	2026-09-08T10:01:38.2194964Z ^[[36;1mecho "all-package-version-list=$(create_list all)" >> $GITHUB_OUTPUT^[[0m
test (x86_64-unknown-linux-gnu, ubuntu-latest)	Install dependencies (Linux)	2026-09-08T10:01:38.2239255Z shell: /usr/bin/bash --noprofile --norc -e -o pipefail {0}
test (x86_64-unknown-linux-gnu, ubuntu-latest)	Install dependencies (Linux)	2026-09-08T10:01:38.2239859Z env:
test (x86_64-unknown-linux-gnu, ubuntu-latest)	Install dependencies (Linux)	2026-09-08T10:01:38.2240188Z   CARGO_INCREMENTAL: 0
test (x86_64-unknown-linux-gnu, ubuntu-latest)	Install dependencies (Linux)	2026-09-08T10:01:38.2240756Z   CARGO_PROFILE_DEV_DEBUG: 0
test (x86_64-unknown-linux-gnu, ubuntu-latest)	Install dependencies (Linux)	2026-09-08T10:01:38.2241202Z   CARGO_TERM_COLOR: always
test (x86_64-unknown-linux-gnu, ubuntu-latest)	Install dependencies (Linux)	2026-09-08T10:01:38.2241618Z   RUST_BACKTRACE: short
test (x86_64-unknown-linux-gnu, ubuntu-latest)	Install dependencies (Linux)	2026-09-08T10:01:38.2242007Z   RUSTFLAGS: -D warnings
test (x86_64-unknown-linux-gnu, ubuntu-latest)	Install dependencies (Linux)	2026-09-08T10:01:38.2242420Z   CARGO_UNSTABLE_SPARSE_REGISTRY: true
test (x86_64-unknown-linux-gnu, ubuntu-latest)	Install dependencies (Linux)	2026-09-08T10:01:38.2242937Z   CARGO_REGISTRIES_CRATES_IO_PROTOCOL: sparse
test (x86_64-unknown-linux-gnu, ubuntu-latest)	Install dependencies (Linux)	2026-09-08T10:01:38.2243432Z   CACHE_ON_FAILURE: true
test (x86_64-unknown-linux-gnu, ubuntu-latest)	Install dependencies (Linux)	2026-09-08T10:01:38.2243855Z   CACHE_KEY: f383ff6fc98053745e76aa2f6d3abfb7
test (x86_64-unknown-linux-gnu, ubuntu-latest)	Install dependencies (Linux)	2026-09-08T10:01:38.2244333Z   CACHE_HIT: true
test (x86_64-unknown-linux-gnu, ubuntu-latest)	Install dependencies (Linux)	2026-09-08T10:01:38.2244697Z   EXEC_INSTALL_SCRIPTS: false
test (x86_64-unknown-linux-gnu, ubuntu-latest)	Install dependencies (Linux)	2026-09-08T10:01:38.2245103Z   DEBUG: false
test (x86_64-unknown-linux-gnu, ubuntu-latest)	Install dependencies (Linux)	2026-09-08T10:01:38.2245445Z   ADD_REPOSITORY:
test (x86_64-unknown-linux-gnu, ubuntu-latest)	Install dependencies (Linux)	2026-09-08T10:01:38.2245859Z   PACKAGES: libgit2-dev libssl-dev pkg-config
test (x86_64-unknown-linux-gnu, ubuntu-latest)	Install dependencies (Linux)	2026-09-08T10:01:38.2246350Z ##[endgroup]
test (x86_64-unknown-linux-gnu, ubuntu-latest)	Install dependencies (Linux)	2026-09-08T10:01:38.2442564Z Found 9 files in the cache.
test (x86_64-unknown-linux-gnu, ubuntu-latest)	Install dependencies (Linux)	2026-09-08T10:01:38.2455328Z - cache_key.md5
test (x86_64-unknown-linux-gnu, ubuntu-latest)	Install dependencies (Linux)	2026-09-08T10:01:38.2468072Z - install.log
test (x86_64-unknown-linux-gnu, ubuntu-latest)	Install dependencies (Linux)	2026-09-08T10:01:38.2481029Z - libgit2-1.7=1.7.2+ds-1ubuntu3.1.tar
test (x86_64-unknown-linux-gnu, ubuntu-latest)	Install dependencies (Linux)	2026-09-08T10:01:38.2494137Z - libgit2-dev=1.7.2+ds-1ubuntu3.1.tar
test (x86_64-unknown-linux-gnu, ubuntu-latest)	Install dependencies (Linux)	2026-09-08T10:01:38.2507045Z - libhttp-parser-dev=2.9.4-6build1.tar
test (x86_64-unknown-linux-gnu, ubuntu-latest)	Install dependencies (Linux)	2026-09-08T10:01:38.2519974Z - libhttp-parser2.9=2.9.4-6build1.tar
test (x86_64-unknown-linux-gnu, ubuntu-latest)	Install dependencies (Linux)	2026-09-08T10:01:38.2533857Z - libssh2-1-dev=1.11.0-4.1ubuntu0.24.04.3.tar
test (x86_64-unknown-linux-gnu, ubuntu-latest)	Install dependencies (Linux)	2026-09-08T10:01:38.2547341Z - manifest_all.log
test (x86_64-unknown-linux-gnu, ubuntu-latest)	Install dependencies (Linux)	2026-09-08T10:01:38.2559342Z - manifest_main.log
test (x86_64-unknown-linux-gnu, ubuntu-latest)	Install dependencies (Linux)	2026-09-08T10:01:38.2559794Z
test (x86_64-unknown-linux-gnu, ubuntu-latest)	Install dependencies (Linux)	2026-09-08T10:01:38.2560255Z Reading from main requested packages manifest...
test (x86_64-unknown-linux-gnu, ubuntu-latest)	Install dependencies (Linux)	2026-09-08T10:01:38.2596283Z - libgit2-dev=1.7.2+ds-1ubuntu3.1
test (x86_64-unknown-linux-gnu, ubuntu-latest)	Install dependencies (Linux)	2026-09-08T10:01:38.2613806Z - libssl-dev=3.0.13-0ubuntu3.15
test (x86_64-unknown-linux-gnu, ubuntu-latest)	Install dependencies (Linux)	2026-09-08T10:01:38.2631163Z - pkg-config=1.8.1-2build1
test (x86_64-unknown-linux-gnu, ubuntu-latest)	Install dependencies (Linux)	2026-09-08T10:01:38.2632227Z done
test (x86_64-unknown-linux-gnu, ubuntu-latest)	Install dependencies (Linux)	2026-09-08T10:01:38.2632539Z
test (x86_64-unknown-linux-gnu, ubuntu-latest)	Install dependencies (Linux)	2026-09-08T10:01:38.2674433Z Restoring 5 packages from cache...
test (x86_64-unknown-linux-gnu, ubuntu-latest)	Install dependencies (Linux)	2026-09-08T10:01:38.2687681Z - libgit2-1.7=1.7.2+ds-1ubuntu3.1.tar restoring...
test (x86_64-unknown-linux-gnu, ubuntu-latest)	Install dependencies (Linux)	2026-09-08T10:01:38.2779469Z   done
test (x86_64-unknown-linux-gnu, ubuntu-latest)	Install dependencies (Linux)	2026-09-08T10:01:38.2792600Z - libgit2-dev=1.7.2+ds-1ubuntu3.1.tar restoring...
test (x86_64-unknown-linux-gnu, ubuntu-latest)	Install dependencies (Linux)	2026-09-08T10:01:38.2968501Z   done
test (x86_64-unknown-linux-gnu, ubuntu-latest)	Install dependencies (Linux)	2026-09-08T10:01:38.2982180Z - libhttp-parser-dev=2.9.4-6build1.tar restoring...
test (x86_64-unknown-linux-gnu, ubuntu-latest)	Install dependencies (Linux)	2026-09-08T10:01:38.3068044Z   done
test (x86_64-unknown-linux-gnu, ubuntu-latest)	Install dependencies (Linux)	2026-09-08T10:01:38.3081523Z - libhttp-parser2.9=2.9.4-6build1.tar restoring...
test (x86_64-unknown-linux-gnu, ubuntu-latest)	Install dependencies (Linux)	2026-09-08T10:01:38.3158592Z   done
test (x86_64-unknown-linux-gnu, ubuntu-latest)	Install dependencies (Linux)	2026-09-08T10:01:38.3171889Z - libssh2-1-dev=1.11.0-4.1ubuntu0.24.04.3.tar restoring...
test (x86_64-unknown-linux-gnu, ubuntu-latest)	Install dependencies (Linux)	2026-09-08T10:01:38.3473291Z   done
test (x86_64-unknown-linux-gnu, ubuntu-latest)	Install dependencies (Linux)	2026-09-08T10:01:38.3473679Z done
test (x86_64-unknown-linux-gnu, ubuntu-latest)	Install dependencies (Linux)	2026-09-08T10:01:38.3476174Z
test (x86_64-unknown-linux-gnu, ubuntu-latest)	Install dependencies (Linux)	2026-09-08T10:01:38.3533539Z ##[end-action id=__awalsh128_cache-apt-pkgs-action.post-cache;outcome=success;conclusion=success;duration_ms=135]
test (x86_64-unknown-linux-gnu, ubuntu-latest)	Install dependencies (Linux)	2026-09-08T10:01:38.3536566Z ##[start-action display=Run actions/upload-artifact@bbbca2ddaa5d8feaa63e36b76fdaad77386f024f;id=__awalsh128_cache-apt-pkgs-action.upload-logs]
test (x86_64-unknown-linux-gnu, ubuntu-latest)	Install dependencies (Linux)	2026-09-08T10:01:38.3542930Z ##[end-action id=__awalsh128_cache-apt-pkgs-action.upload-logs;outcome=skipped;conclusion=skipped;duration_ms=0]
test (x86_64-unknown-linux-gnu, ubuntu-latest)	Install dependencies (Linux)	2026-09-08T10:01:38.3545293Z ##[start-action display=Run actions/cache/save@55cc8345863c7cc4c66a329aec7e433d2d1c52a9;id=__awalsh128_cache-apt-pkgs-action.save-cache]
test (x86_64-unknown-linux-gnu, ubuntu-latest)	Install dependencies (Linux)	2026-09-08T10:01:38.3555202Z ##[end-action id=__awalsh128_cache-apt-pkgs-action.save-cache;outcome=skipped;conclusion=skipped;duration_ms=0]
test (x86_64-unknown-linux-gnu, ubuntu-latest)	Install dependencies (Linux)	2026-09-08T10:01:38.3557380Z ##[start-action display=Run rm -rf ~/cache-apt-pkgs;id=__awalsh128_cache-apt-pkgs-action.clean-cache]
test (x86_64-unknown-linux-gnu, ubuntu-latest)	Install dependencies (Linux)	2026-09-08T10:01:38.3572390Z ##[group]Run rm -rf ~/cache-apt-pkgs
test (x86_64-unknown-linux-gnu, ubuntu-latest)	Install dependencies (Linux)	2026-09-08T10:01:38.3572776Z ^[[36;1mrm -rf ~/cache-apt-pkgs^[[0m
test (x86_64-unknown-linux-gnu, ubuntu-latest)	Install dependencies (Linux)	2026-09-08T10:01:38.3608419Z shell: /usr/bin/bash --noprofile --norc -e -o pipefail {0}
test (x86_64-unknown-linux-gnu, ubuntu-latest)	Install dependencies (Linux)	2026-09-08T10:01:38.3608784Z env:
test (x86_64-unknown-linux-gnu, ubuntu-latest)	Install dependencies (Linux)	2026-09-08T10:01:38.3608991Z   CARGO_INCREMENTAL: 0
test (x86_64-unknown-linux-gnu, ubuntu-latest)	Install dependencies (Linux)	2026-09-08T10:01:38.3609232Z   CARGO_PROFILE_DEV_DEBUG: 0
test (x86_64-unknown-linux-gnu, ubuntu-latest)	Install dependencies (Linux)	2026-09-08T10:01:38.3609493Z   CARGO_TERM_COLOR: always
test (x86_64-unknown-linux-gnu, ubuntu-latest)	Install dependencies (Linux)	2026-09-08T10:01:38.3609747Z   RUST_BACKTRACE: short
test (x86_64-unknown-linux-gnu, ubuntu-latest)	Install dependencies (Linux)	2026-09-08T10:01:38.3609983Z   RUSTFLAGS: -D warnings
test (x86_64-unknown-linux-gnu, ubuntu-latest)	Install dependencies (Linux)	2026-09-08T10:01:38.3610230Z   CARGO_UNSTABLE_SPARSE_REGISTRY: true
test (x86_64-unknown-linux-gnu, ubuntu-latest)	Install dependencies (Linux)	2026-09-08T10:01:38.3610714Z   CARGO_REGISTRIES_CRATES_IO_PROTOCOL: sparse
test (x86_64-unknown-linux-gnu, ubuntu-latest)	Install dependencies (Linux)	2026-09-08T10:01:38.3611024Z   CACHE_ON_FAILURE: true
test (x86_64-unknown-linux-gnu, ubuntu-latest)	Install dependencies (Linux)	2026-09-08T10:01:38.3611284Z   CACHE_KEY: f383ff6fc98053745e76aa2f6d3abfb7
test (x86_64-unknown-linux-gnu, ubuntu-latest)	Install dependencies (Linux)	2026-09-08T10:01:38.3611564Z ##[endgroup]
test (x86_64-unknown-linux-gnu, ubuntu-latest)	Install dependencies (Linux)	2026-09-08T10:01:38.3696807Z ##[end-action id=__awalsh128_cache-apt-pkgs-action.clean-cache;outcome=success;conclusion=success;duration_ms=13]
test (x86_64-unknown-linux-gnu, ubuntu-latest)	cargo test	﻿2026-09-08T10:01:38.3752841Z ##[group]Run cargo test --target x86_64-unknown-linux-gnu
test (x86_64-unknown-linux-gnu, ubuntu-latest)	cargo test	2026-09-08T10:01:38.3753288Z ^[[36;1mcargo test --target x86_64-unknown-linux-gnu^[[0m
test (x86_64-unknown-linux-gnu, ubuntu-latest)	cargo test	2026-09-08T10:01:38.3788363Z shell: /usr/bin/bash -e {0}
test (x86_64-unknown-linux-gnu, ubuntu-latest)	cargo test	2026-09-08T10:01:38.3788624Z env:
test (x86_64-unknown-linux-gnu, ubuntu-latest)	cargo test	2026-09-08T10:01:38.3788821Z   CARGO_INCREMENTAL: 0
test (x86_64-unknown-linux-gnu, ubuntu-latest)	cargo test	2026-09-08T10:01:38.3789058Z   CARGO_PROFILE_DEV_DEBUG: 0
test (x86_64-unknown-linux-gnu, ubuntu-latest)	cargo test	2026-09-08T10:01:38.3789310Z   CARGO_TERM_COLOR: always
test (x86_64-unknown-linux-gnu, ubuntu-latest)	cargo test	2026-09-08T10:01:38.3789562Z   RUST_BACKTRACE: short
test (x86_64-unknown-linux-gnu, ubuntu-latest)	cargo test	2026-09-08T10:01:38.3789799Z   RUSTFLAGS: -D warnings
test (x86_64-unknown-linux-gnu, ubuntu-latest)	cargo test	2026-09-08T10:01:38.3790047Z   CARGO_UNSTABLE_SPARSE_REGISTRY: true
test (x86_64-unknown-linux-gnu, ubuntu-latest)	cargo test	2026-09-08T10:01:38.3790359Z   CARGO_REGISTRIES_CRATES_IO_PROTOCOL: sparse
test (x86_64-unknown-linux-gnu, ubuntu-latest)	cargo test	2026-09-08T10:01:38.3790991Z   CACHE_ON_FAILURE: true
test (x86_64-unknown-linux-gnu, ubuntu-latest)	cargo test	2026-09-08T10:01:38.3791310Z   CACHE_KEY: f383ff6fc98053745e76aa2f6d3abfb7
test (x86_64-unknown-linux-gnu, ubuntu-latest)	cargo test	2026-09-08T10:01:38.3791589Z ##[endgroup]
test (x86_64-unknown-linux-gnu, ubuntu-latest)	cargo test	2026-09-08T10:01:38.4302081Z ^[[1m^[[92m    Updating^[[0m crates.io index
test (x86_64-unknown-linux-gnu, ubuntu-latest)	cargo test	2026-09-08T10:01:40.0637376Z ^[[1m^[[92m   Compiling^[[0m vig v0.12.0 (/home/runner/work/vig/vig)
test (x86_64-unknown-linux-gnu, ubuntu-latest)	cargo test	2026-09-08T10:01:47.2817620Z ^[[1m^[[92m    Finished^[[0m `test` profile [unoptimized] target(s) in 8.88s
test (x86_64-unknown-linux-gnu, ubuntu-latest)	cargo test	2026-09-08T10:01:47.3018648Z ^[[1m^[[92m     Running^[[0m unittests src/main.rs (target/x86_64-unknown-linux-gnu/debug/deps/vig-f792d735b3bb19dd)
test (x86_64-unknown-linux-gnu, ubuntu-latest)	cargo test	2026-09-08T10:01:47.3048743Z
test (x86_64-unknown-linux-gnu, ubuntu-latest)	cargo test	2026-09-08T10:01:47.3049011Z running 390 tests
test (x86_64-unknown-linux-gnu, ubuntu-latest)	cargo test	2026-09-08T10:01:47.3086973Z test core::api_budget::tests::thresholds ... ok
test (x86_64-unknown-linux-gnu, ubuntu-latest)	cargo test	2026-09-08T10:01:47.3091419Z test core::app::tests::page_keys_helper_groups_by_page_in_insertion_order ... ok
test (x86_64-unknown-linux-gnu, ubuntu-latest)	cargo test	2026-09-08T10:01:47.3122051Z test core::app::tests::refresh_notice_reports_idle_and_off ... ok
test (x86_64-unknown-linux-gnu, ubuntu-latest)	cargo test	2026-09-08T10:01:47.3141394Z test core::app::tests::refresh_scale_compounds_idle_and_quota_and_stops ... ok
test (x86_64-unknown-linux-gnu, ubuntu-latest)	cargo test	2026-09-08T10:01:53.5201541Z test core::app::tests::user_pages_disable_pages ... ok
test (x86_64-unknown-linux-gnu, ubuntu-latest)	cargo test	2026-09-08T10:01:53.5779217Z test core::app::tests::app_keymap_resolves_page_switch_bindings ... ok
test (x86_64-unknown-linux-gnu, ubuntu-latest)	cargo test	2026-09-08T10:01:53.5801284Z test core::browser::tests::unix_launcher_uses_xdg_open_or_the_app ... ok
test (x86_64-unknown-linux-gnu, ubuntu-latest)	cargo test	2026-09-08T10:01:53.5831267Z test core::config::constraint::tests::errors ... ok
test (x86_64-unknown-linux-gnu, ubuntu-latest)	cargo test	2026-09-08T10:01:53.5861146Z test core::config::constraint::tests::length ... ok
test (x86_64-unknown-linux-gnu, ubuntu-latest)	cargo test	2026-09-08T10:01:53.5890998Z test core::config::constraint::tests::min ... ok
test (x86_64-unknown-linux-gnu, ubuntu-latest)	cargo test	2026-09-08T10:01:53.5921138Z test core::config::constraint::tests::percentage ... ok
test (x86_64-unknown-linux-gnu, ubuntu-latest)	cargo test	2026-09-08T10:01:53.6542313Z test core::app::tests::page_keys_follow_the_builtin_app_block ... ok
test (x86_64-unknown-linux-gnu, ubuntu-latest)	cargo test	2026-09-08T10:01:53.6561902Z test core::config::guide_examples::extractor_tests::extracts_blocks_with_info_and_line_numbers ... ok
test (x86_64-unknown-linux-gnu, ubuntu-latest)	cargo test	2026-09-08T10:01:53.6579264Z test core::config::guide_examples::extractor_tests::finds_the_guide_chapters ... ok
test (x86_64-unknown-linux-gnu, ubuntu-latest)	cargo test	2026-09-08T10:01:53.6581375Z test core::config::guide_examples::extractor_tests::ignore_annotation_is_a_distinct_info_string ... ok
test (x86_64-unknown-linux-gnu, ubuntu-latest)	cargo test	2026-09-08T10:01:53.6582614Z test core::config::guide_examples::extractor_tests::indented_fences_and_unclosed_blocks ... ok
test (x86_64-unknown-linux-gnu, ubuntu-latest)	cargo test	2026-09-08T10:01:53.6583779Z test core::config::guide_examples::extractor_tests::text_between_blocks_is_not_captured ... ok
test (x86_64-unknown-linux-gnu, ubuntu-latest)	cargo test	2026-09-08T10:01:53.6584806Z test core::config::keymap_builder::tests::explicit_overrides_preset ... ok
test (x86_64-unknown-linux-gnu, ubuntu-latest)	cargo test	2026-09-08T10:01:53.6591327Z test core::config::keymap_builder::tests::invalid_action_fails ... ok
test (x86_64-unknown-linux-gnu, ubuntu-latest)	cargo test	2026-09-08T10:01:53.6611224Z test core::config::keymap_builder::tests::invalid_key_fails ... ok
test (x86_64-unknown-linux-gnu, ubuntu-latest)	cargo test	2026-09-08T10:01:53.6621155Z test core::config::keymap_builder::tests::none_unbinds_key ... ok
test (x86_64-unknown-linux-gnu, ubuntu-latest)	cargo test	2026-09-08T10:01:53.6622067Z test core::config::keymap_builder::tests::preset_nav_expands ... ok
test (x86_64-unknown-linux-gnu, ubuntu-latest)	cargo test	2026-09-08T10:01:53.6641208Z test core::config::keymap_builder::tests::preset_search_expands ... ok
test (x86_64-unknown-linux-gnu, ubuntu-latest)	cargo test	2026-09-08T10:01:53.6681273Z test core::config::keymap_builder::tests::unknown_preset_fails ... ok
test (x86_64-unknown-linux-gnu, ubuntu-latest)	cargo test	2026-09-08T10:01:53.7879915Z test core::config::loader::tests::app_entries_populated ... ok
test (x86_64-unknown-linux-gnu, ubuntu-latest)	cargo test	2026-09-08T10:01:54.0398778Z test core::config::loader::tests::builtin_pages_list_every_page_in_declaration_order ... ok
test (x86_64-unknown-linux-gnu, ubuntu-latest)	cargo test	2026-09-08T10:01:54.2891934Z test core::config::loader::tests::docker_page_ids_keys_and_bindings ... ok
test (x86_64-unknown-linux-gnu, ubuntu-latest)	cargo test	2026-09-08T10:01:54.6434136Z test core::config::loader::tests::empty_user_config_equals_builtin ... ok
test (x86_64-unknown-linux-gnu, ubuntu-latest)	cargo test	2026-09-08T10:01:54.8691999Z test core::config::loader::tests::files_page_ids_keys_and_bindings ... ok
test (x86_64-unknown-linux-gnu, ubuntu-latest)	cargo test	2026-09-08T10:01:54.9793557Z test core::config::loader::tests::git_bindings_correct ... ok
test (x86_64-unknown-linux-gnu, ubuntu-latest)	cargo test	2026-09-08T10:01:55.0910085Z test core::config::loader::tests::git_pane_ids_correct ... ok
test (x86_64-unknown-linux-gnu, ubuntu-latest)	cargo test	2026-09-08T10:01:55.2041730Z test core::config::loader::tests::git_pane_keys_present ... ok
test (x86_64-unknown-linux-gnu, ubuntu-latest)	cargo test	2026-09-08T10:01:55.5620271Z test core::config::loader::tests::github_auto_refresh_default_override_and_validation ... ok
test (x86_64-unknown-linux-gnu, ubuntu-latest)	cargo test	2026-09-08T10:01:55.6956416Z test core::config::loader::tests::github_bindings_correct ... ok
test (x86_64-unknown-linux-gnu, ubuntu-latest)	cargo test	2026-09-08T10:01:55.8151698Z test core::config::loader::tests::github_bindings_distinct_instances ... ok
test (x86_64-unknown-linux-gnu, ubuntu-latest)	cargo test	2026-09-08T10:01:56.1802029Z test core::config::loader::tests::github_page_runs_column_ids_keys_and_bindings ... ok
test (x86_64-unknown-linux-gnu, ubuntu-latest)	cargo test	2026-09-08T10:01:56.2981366Z test core::config::loader::tests::github_pane_ids_correct ... ok
test (x86_64-unknown-linux-gnu, ubuntu-latest)	cargo test	2026-09-08T10:01:56.4191728Z test core::config::loader::tests::github_pane_keys_present ... ok
test (x86_64-unknown-linux-gnu, ubuntu-latest)	cargo test	2026-09-08T10:01:57.2761635Z test core::config::loader::tests::github_poll_interval_default_override_and_validation ... ok
test (x86_64-unknown-linux-gnu, ubuntu-latest)	cargo test	2026-09-08T10:01:57.6821643Z test core::config::loader::tests::icons_default_override_and_validation ... ok
test (x86_64-unknown-linux-gnu, ubuntu-latest)	cargo test	2026-09-08T10:01:58.0521806Z test core::config::loader::tests::image_preview_default_override_and_validation ... ok
test (x86_64-unknown-linux-gnu, ubuntu-latest)	cargo test	2026-09-08T10:01:58.1621500Z test core::config::loader::tests::load_git_page ... ok
test (x86_64-unknown-linux-gnu, ubuntu-latest)	cargo test	2026-09-08T10:01:58.2761502Z test core::config::loader::tests::load_github_page ... ok
test (x86_64-unknown-linux-gnu, ubuntu-latest)	cargo test	2026-09-08T10:01:58.6239623Z test core::config::loader::tests::markdown_preview_default_override_and_validation ... ok
test (x86_64-unknown-linux-gnu, ubuntu-latest)	cargo test	2026-09-08T10:01:58.8795158Z test core::app::tests::page_keys_follow_user_rebindings ... ok
test (x86_64-unknown-linux-gnu, ubuntu-latest)	cargo test	2026-09-08T10:01:59.1029815Z test core::config::loader::tests::procs_page_ids_keys_and_bindings ... ok
test (x86_64-unknown-linux-gnu, ubuntu-latest)	cargo test	2026-09-08T10:01:59.7481996Z test core::config::loader::tests::procs_refresh_interval_default_override_and_validation ... ok
test (x86_64-unknown-linux-gnu, ubuntu-latest)	cargo test	2026-09-08T10:01:59.7891586Z test core::config::loader::tests::procs_history_default_override_and_validation ... ok
test (x86_64-unknown-linux-gnu, ubuntu-latest)	cargo test	2026-09-08T10:02:00.0091702Z test core::config::loader::tests::projects_page_ids_keys_and_bindings ... ok
test (x86_64-unknown-linux-gnu, ubuntu-latest)	cargo test	2026-09-08T10:02:00.4541839Z test core::config::loader::tests::removed_actions_page_fails_fast_with_a_hint ... ok
test (x86_64-unknown-linux-gnu, ubuntu-latest)	cargo test	2026-09-08T10:02:00.9492173Z test core::config::loader::tests::repo_config_kill_switch_parses_and_validates ... ok
test (x86_64-unknown-linux-gnu, ubuntu-latest)	cargo test	2026-09-08T10:02:01.0101682Z test core::app::tests::user_pages_reorder_slots_and_keep_keys_by_name ... ok
test (x86_64-unknown-linux-gnu, ubuntu-latest)	cargo test	2026-09-08T10:02:01.0956003Z test core::config::loader::tests::repo_layer_error_names_the_repo_file_and_leaves_base_usable ... ok
test (x86_64-unknown-linux-gnu, ubuntu-latest)	cargo test	2026-09-08T10:02:01.1611456Z test core::config::loader::tests::repo_layer_overrides_user ... ok
test (x86_64-unknown-linux-gnu, ubuntu-latest)	cargo test	2026-09-08T10:02:01.1841614Z test core::config::loader::tests::projects_board_default_override_and_validation ... ok
test (x86_64-unknown-linux-gnu, ubuntu-latest)	cargo test	2026-09-08T10:02:01.3201744Z test core::config::loader::tests::user_app_keys_merge ... ok
test (x86_64-unknown-linux-gnu, ubuntu-latest)	cargo test	2026-09-08T10:02:01.3714343Z test core::config::loader::tests::repo_layer_rejects_repo_config_node ... ok
test (x86_64-unknown-linux-gnu, ubuntu-latest)	cargo test	2026-09-08T10:02:01.5081572Z test core::config::loader::tests::user_invalid_action_mentions_file_page_and_pane ... ok
test (x86_64-unknown-linux-gnu, ubuntu-latest)	cargo test	2026-09-08T10:02:01.6571528Z test core::config::loader::tests::user_layer_survives_where_repo_is_silent ... ok
test (x86_64-unknown-linux-gnu, ubuntu-latest)	cargo test	2026-09-08T10:02:01.6911601Z test core::config::loader::tests::theme_default_override_and_validation ... ok
test (x86_64-unknown-linux-gnu, ubuntu-latest)	cargo test	2026-09-08T10:02:01.6941390Z test core::config::loader::tests::user_binding_to_disabled_or_unknown_page_fails ... ok
test (x86_64-unknown-linux-gnu, ubuntu-latest)	cargo test	2026-09-08T10:02:01.9119809Z test core::config::loader::tests::user_layout_can_place_the_projects_list_pane ... ok
test (x86_64-unknown-linux-gnu, ubuntu-latest)	cargo test	2026-09-08T10:02:02.0806963Z test core::config::loader::tests::user_layout_may_leave_panes_unplaced ... ok
test (x86_64-unknown-linux-gnu, ubuntu-latest)	cargo test	2026-09-08T10:02:02.1721674Z test core::config::loader::tests::user_layout_replaces_without_renumbering_panes ... ok
test (x86_64-unknown-linux-gnu, ubuntu-latest)	cargo test	2026-09-08T10:02:02.3367802Z test core::config::loader::tests::user_overrides_and_unbinds_pane_keys ... ok
test (x86_64-unknown-linux-gnu, ubuntu-latest)	cargo test	2026-09-08T10:02:02.4711321Z test core::config::loader::tests::user_pages_reorder_and_disable ... ok
test (x86_64-unknown-linux-gnu, ubuntu-latest)	cargo test	2026-09-08T10:02:02.5661644Z test core::config::loader::tests::user_layout_rejects_unknown_repeated_or_no_panes ... ok
test (x86_64-unknown-linux-gnu, ubuntu-latest)	cargo test	2026-09-08T10:02:02.6544462Z test core::config::loader::tests::user_pages_errors_mention_file_and_page ... ok
test (x86_64-unknown-linux-gnu, ubuntu-latest)	cargo test	2026-09-08T10:02:02.8949685Z test core::config::loader::tests::worktrees_page_ids_keys_and_bindings ... ok
test (x86_64-unknown-linux-gnu, ubuntu-latest)	cargo test	2026-09-08T10:02:02.9035166Z test core::config::merge::tests::app_keys_merge_per_key ... ok
test (x86_64-unknown-linux-gnu, ubuntu-latest)	cargo test	2026-09-08T10:02:02.9099106Z test core::config::merge::tests::github_poll_interval_replaced ... ok
test (x86_64-unknown-linux-gnu, ubuntu-latest)	cargo test	2026-09-08T10:02:02.9179606Z test core::config::merge::tests::layout_tabs_bind_replaced_wholesale ... ok
test (x86_64-unknown-linux-gnu, ubuntu-latest)	cargo test	2026-09-08T10:02:02.9251364Z test core::config::merge::tests::pages_replaced_wholesale ... ok
test (x86_64-unknown-linux-gnu, ubuntu-latest)	cargo test	2026-09-08T10:02:02.9301286Z test core::config::merge::tests::pane_keys_override_add_and_keep_presets ... ok
test (x86_64-unknown-linux-gnu, ubuntu-latest)	cargo test	2026-09-08T10:02:02.9361256Z test core::config::merge::tests::projects_board_replaced_wholesale ... ok
test (x86_64-unknown-linux-gnu, ubuntu-latest)	cargo test	2026-09-08T10:02:02.9391244Z test core::config::merge::tests::theme_replaced ... ok
test (x86_64-unknown-linux-gnu, ubuntu-latest)	cargo test	2026-09-08T10:02:02.9646685Z test core::config::merge::tests::unknown_page_pane_and_blocks_fail ... ok
test (x86_64-unknown-linux-gnu, ubuntu-latest)	cargo test	2026-09-08T10:02:03.1061652Z test core::config::repo::tests::apply_error_degrades_and_names_the_file ... ok
test (x86_64-unknown-linux-gnu, ubuntu-latest)	cargo test	2026-09-08T10:02:03.1081378Z test core::config::repo::tests::classify_absent_disabled_untracked ... ok
test (x86_64-unknown-linux-gnu, ubuntu-latest)	cargo test	2026-09-08T10:02:03.1121334Z test core::config::repo::tests::classify_tracked_consults_trust_store ... ok
test (x86_64-unknown-linux-gnu, ubuntu-latest)	cargo test	2026-09-08T10:02:03.1142102Z test core::config::repo::tests::content_hash_is_sha256_hex ... ok
test (x86_64-unknown-linux-gnu, ubuntu-latest)	cargo test	2026-09-08T10:02:03.1143272Z test core::config::repo::tests::interpret_ls_files_distinguishes_untracked_from_failure ... ok
test (x86_64-unknown-linux-gnu, ubuntu-latest)	cargo test	2026-09-08T10:02:03.1144420Z test core::config::repo::tests::spawn_failure_is_undeterminable ... ok
test (x86_64-unknown-linux-gnu, ubuntu-latest)	cargo test	2026-09-08T10:02:03.1145411Z test core::config::repo::tests::status_text_covers_every_outcome ... ok
test (x86_64-unknown-linux-gnu, ubuntu-latest)	cargo test	2026-09-08T10:02:03.1146403Z test core::config::repo::tests::undeterminable_tracking_fails_closed ... ok
test (x86_64-unknown-linux-gnu, ubuntu-latest)	cargo test	2026-09-08T10:02:03.1147354Z test core::config::source::tests::explicit_path_wins ... ok
test (x86_64-unknown-linux-gnu, ubuntu-latest)	cargo test	2026-09-08T10:02:03.1148211Z test core::config::source::tests::line_col_basic ... ok
test (x86_64-unknown-linux-gnu, ubuntu-latest)	cargo test	2026-09-08T10:02:03.1149099Z test core::config::source::tests::parse_error_mentions_path_and_line ... ok
test (x86_64-unknown-linux-gnu, ubuntu-latest)	cargo test	2026-09-08T10:02:03.1150119Z test core::config::trust::tests::changed_hash_invalidates_decision ... ok
test (x86_64-unknown-linux-gnu, ubuntu-latest)	cargo test	2026-09-08T10:02:03.1151410Z test core::config::trust::tests::corrupt_or_missing_store_is_empty ... ok
test (x86_64-unknown-linux-gnu, ubuntu-latest)	cargo test	2026-09-08T10:02:03.1152540Z test core::config::trust::tests::forget_by_normalized_listing_output_always_matches ... ok
test (x86_64-unknown-linux-gnu, ubuntu-latest)	cargo test	2026-09-08T10:02:03.1153618Z test core::config::trust::tests::forget_removes_one_entry ... ok
test (x86_64-unknown-linux-gnu, ubuntu-latest)	cargo test	2026-09-08T10:02:03.1154521Z test core::config::trust::tests::format_unix_is_utc_civil ... ok
test (x86_64-unknown-linux-gnu, ubuntu-latest)	cargo test	2026-09-08T10:02:03.1155327Z test core::config::trust::tests::roundtrip ... ok
test (x86_64-unknown-linux-gnu, ubuntu-latest)	cargo test	2026-09-08T10:02:03.1156255Z test core::config::trust::tests::trailing_slash_and_plain_paths_share_one_key ... ok
test (x86_64-unknown-linux-gnu, ubuntu-latest)	cargo test	2026-09-08T10:02:03.1157222Z test core::keymap::tests::parse_ctrl_modifier ... ok
test (x86_64-unknown-linux-gnu, ubuntu-latest)	cargo test	2026-09-08T10:02:03.1157985Z test core::keymap::tests::parse_invalid ... ok
test (x86_64-unknown-linux-gnu, ubuntu-latest)	cargo test	2026-09-08T10:02:03.1158731Z test core::keymap::tests::parse_nav_action ... ok
test (x86_64-unknown-linux-gnu, ubuntu-latest)	cargo test	2026-09-08T10:02:03.1159448Z test core::keymap::tests::parse_plain_char ... ok
test (x86_64-unknown-linux-gnu, ubuntu-latest)	cargo test	2026-09-08T10:02:03.1160176Z test core::keymap::tests::parse_roundtrip ... ok
test (x86_64-unknown-linux-gnu, ubuntu-latest)	cargo test	2026-09-08T10:02:03.1161233Z test core::keymap::tests::parse_search_action ... ok
test (x86_64-unknown-linux-gnu, ubuntu-latest)	cargo test	2026-09-08T10:02:03.1162011Z test core::keymap::tests::parse_special_keys ... ok
test (x86_64-unknown-linux-gnu, ubuntu-latest)	cargo test	2026-09-08T10:02:03.1162812Z test core::keymap::tests::parse_uppercase_char ... ok
test (x86_64-unknown-linux-gnu, ubuntu-latest)	cargo test	2026-09-08T10:02:03.1163565Z test core::keymap::tests::parse_view_action ... ok
test (x86_64-unknown-linux-gnu, ubuntu-latest)	cargo test	2026-09-08T10:02:03.1164312Z test core::layout::tests::horizontal_split ... ok
test (x86_64-unknown-linux-gnu, ubuntu-latest)	cargo test	2026-09-08T10:02:03.1165210Z test core::layout::tests::multi_case_slot_rule_takes_the_first_matching_case ... ok
test (x86_64-unknown-linux-gnu, ubuntu-latest)	cargo test	2026-09-08T10:02:03.1166180Z test core::layout::tests::multiple_slot_rules ... ok
test (x86_64-unknown-linux-gnu, ubuntu-latest)	cargo test	2026-09-08T10:02:03.1191210Z test core::layout::tests::nested_split ... ok
test (x86_64-unknown-linux-gnu, ubuntu-latest)	cargo test	2026-09-08T10:02:03.1191953Z test core::layout::tests::page_frame_splits_correctly ... ok
test (x86_64-unknown-linux-gnu, ubuntu-latest)	cargo test	2026-09-08T10:02:03.1193083Z test core::layout::tests::single_pane_fills_area ... ok
test (x86_64-unknown-linux-gnu, ubuntu-latest)	cargo test	2026-09-08T10:02:03.1221233Z test core::layout::tests::slot_resolution ... ok
test (x86_64-unknown-linux-gnu, ubuntu-latest)	cargo test	2026-09-08T10:02:03.1241270Z test core::layout::tests::slot_rule_trigger ... ok
test (x86_64-unknown-linux-gnu, ubuntu-latest)	cargo test	2026-09-08T10:02:03.1242482Z test core::pane::focus_tests::unplaced_focus_falls_back_to_the_first_placed_tab_pane ... ok
test (x86_64-unknown-linux-gnu, ubuntu-latest)	cargo test	2026-09-08T10:02:03.1243848Z test core::tree::tests::children_follow_their_parent_with_guides ... ok
test (x86_64-unknown-linux-gnu, ubuntu-latest)	cargo test	2026-09-08T10:02:03.1246834Z test core::tree::tests::cycles_do_not_drop_items ... ok
test (x86_64-unknown-linux-gnu, ubuntu-latest)	cargo test	2026-09-08T10:02:03.1247760Z test core::tree::tests::flat_list_keeps_order ... ok
test (x86_64-unknown-linux-gnu, ubuntu-latest)	cargo test	2026-09-08T10:02:03.1248754Z test core::tree::tests::guides_continue_past_siblings_with_children ... ok
test (x86_64-unknown-linux-gnu, ubuntu-latest)	cargo test	2026-09-08T10:02:03.1249799Z test core::tree::tests::orphans_and_self_parent_are_top_level ... ok
test (x86_64-unknown-linux-gnu, ubuntu-latest)	cargo test	2026-09-08T10:02:03.1251157Z test core::ui::markdown::tests::fit_widths_lowers_widest_columns_evenly ... ok
test (x86_64-unknown-linux-gnu, ubuntu-latest)	cargo test	2026-09-08T10:02:03.1252315Z test core::ui::markdown::tests::narrowing_accounts_for_padding_and_wide_chars ... ok
test (x86_64-unknown-linux-gnu, ubuntu-latest)	cargo test	2026-09-08T10:02:03.1281428Z test core::ui::markdown::tests::padding_is_prepended_to_table_lines ... ok
test (x86_64-unknown-linux-gnu, ubuntu-latest)	cargo test	2026-09-08T10:02:03.1282436Z test core::ui::markdown::tests::table_between_paragraphs_keeps_surrounding_text ... ok
test (x86_64-unknown-linux-gnu, ubuntu-latest)	cargo test	2026-09-08T10:02:03.1283444Z test core::ui::markdown::tests::table_header_is_bold_and_inline_code_keeps_style ... ok
test (x86_64-unknown-linux-gnu, ubuntu-latest)	cargo test	2026-09-08T10:02:03.1321435Z test core::ui::markdown::tests::table_honours_column_alignment ... ok
test (x86_64-unknown-linux-gnu, ubuntu-latest)	cargo test	2026-09-08T10:02:03.1361621Z test core::ui::markdown::tests::table_renders_aligned_columns_with_header_rule ... ok
test (x86_64-unknown-linux-gnu, ubuntu-latest)	cargo test	2026-09-08T10:02:03.1371653Z test core::ui::markdown::tests::table_with_too_many_columns_keeps_min_width ... ok
test (x86_64-unknown-linux-gnu, ubuntu-latest)	cargo test	2026-09-08T10:02:03.1392335Z test core::ui::markdown::tests::wide_table_is_narrowed_to_fit_and_cells_truncated ... ok
test (x86_64-unknown-linux-gnu, ubuntu-latest)	cargo test	2026-09-08T10:02:03.1421613Z test core::ui::tail_pane::tests::cap_evicts_oldest_and_keeps_paused_view_stable ... ok
test (x86_64-unknown-linux-gnu, ubuntu-latest)	cargo test	2026-09-08T10:02:03.1445864Z test core::ui::tail_pane::tests::clear_and_set_lines_reset_state ... ok
test (x86_64-unknown-linux-gnu, ubuntu-latest)	cargo test	2026-09-08T10:02:03.1461839Z test core::ui::tail_pane::tests::follows_the_end_as_lines_arrive ... ok
test (x86_64-unknown-linux-gnu, ubuntu-latest)	cargo test	2026-09-08T10:02:03.1462919Z test core::ui::tail_pane::tests::half_page_and_top_navigation_clamp ... ok
test (x86_64-unknown-linux-gnu, ubuntu-latest)	cargo test	2026-09-08T10:02:03.1464053Z test core::ui::tail_pane::tests::last_lines_returns_tail_in_order ... ok
test (x86_64-unknown-linux-gnu, ubuntu-latest)	cargo test	2026-09-08T10:02:03.1465101Z test core::ui::tail_pane::tests::manual_scroll_pauses_and_g_resumes ... ok
test (x86_64-unknown-linux-gnu, ubuntu-latest)	cargo test	2026-09-08T10:02:03.1466312Z test core::ui::tail_pane::tests::search_matches_are_case_insensitive_line_entries ... ok
test (x86_64-unknown-linux-gnu, ubuntu-latest)	cargo test	2026-09-08T10:02:03.1467395Z test core::ui::tail_pane::tests::short_buffers_never_scroll ... ok
test (x86_64-unknown-linux-gnu, ubuntu-latest)	cargo test	2026-09-08T10:02:03.1468440Z test docker::domain::client::tests::merges_streams_by_timestamp_and_strips_ansi ... ok
test (x86_64-unknown-linux-gnu, ubuntu-latest)	cargo test	2026-09-08T10:02:03.1469612Z test docker::domain::client::tests::parses_container_inspect_without_env ... ok
test (x86_64-unknown-linux-gnu, ubuntu-latest)	cargo test	2026-09-08T10:02:03.1470921Z test docker::domain::client::tests::parses_docker_images_json_lines ... ok
test (x86_64-unknown-linux-gnu, ubuntu-latest)	cargo test	2026-09-08T10:02:03.1471997Z test docker::domain::client::tests::parses_docker_ps_json_lines ... ok
test (x86_64-unknown-linux-gnu, ubuntu-latest)	cargo test	2026-09-08T10:02:03.1474188Z test docker::domain::client::tests::parses_image_inspect_without_env ... ok
test (x86_64-unknown-linux-gnu, ubuntu-latest)	cargo test	2026-09-08T10:02:03.1475794Z test docker::domain::client::tests::split_timestamp_recognises_rfc3339_prefix ... ok
test (x86_64-unknown-linux-gnu, ubuntu-latest)	cargo test	2026-09-08T10:02:03.1476993Z test docker::domain::client::tests::strip_ansi_handles_csi_osc_and_bare_escapes ... ok
test (x86_64-unknown-linux-gnu, ubuntu-latest)	cargo test	2026-09-08T10:02:03.1478112Z test docker::domain::types::tests::container_state_parses_and_ranks ... ok
test (x86_64-unknown-linux-gnu, ubuntu-latest)	cargo test	2026-09-08T10:02:03.1479126Z test docker::domain::types::tests::image_dangling_and_name ... ok
test (x86_64-unknown-linux-gnu, ubuntu-latest)	cargo test	2026-09-08T10:02:03.1480158Z test docker::domain::types::tests::label_string_keeps_commas_inside_values ... ok
test (x86_64-unknown-linux-gnu, ubuntu-latest)	cargo test	2026-09-08T10:02:03.1481719Z test docker::panes::containers::tests::groups_compose_members_under_a_project_row_running_first ... ok
test (x86_64-unknown-linux-gnu, ubuntu-latest)	cargo test	2026-09-08T10:02:03.1483167Z test docker::panes::containers::tests::set_containers_keeps_selection_by_id ... ok
test (x86_64-unknown-linux-gnu, ubuntu-latest)	cargo test	2026-09-08T10:02:03.1484363Z test docker::panes::detail::tests::container_lines_render_sections_and_never_env ... ok
test (x86_64-unknown-linux-gnu, ubuntu-latest)	cargo test	2026-09-08T10:02:03.1485887Z test docker::panes::detail::tests::detail_pane_load_uses_cache_and_ignores_stale_results ... ok
test (x86_64-unknown-linux-gnu, ubuntu-latest)	cargo test	2026-09-08T10:02:03.1487085Z test docker::panes::detail::tests::fmt_time_trims_nanos_and_hides_zero_time ... ok
test (x86_64-unknown-linux-gnu, ubuntu-latest)	cargo test	2026-09-08T10:02:03.1488181Z test docker::panes::detail::tests::short_id_strips_sha_prefix ... ok
test (x86_64-unknown-linux-gnu, ubuntu-latest)	cargo test	2026-09-08T10:02:03.1489181Z test docker::panes::images::tests::dangling_images_sort_last ... ok
test (x86_64-unknown-linux-gnu, ubuntu-latest)	cargo test	2026-09-08T10:02:03.1501628Z test docker::panes::images::tests::set_images_keeps_selection ... ok
test (x86_64-unknown-linux-gnu, ubuntu-latest)	cargo test	2026-09-08T10:02:03.1504536Z test docker::panes::logs::tests::apply_tracks_last_timestamp_and_ignores_stale_requests ... ok
test (x86_64-unknown-linux-gnu, ubuntu-latest)	cargo test	2026-09-08T10:02:03.1505950Z test docker::panes::logs::tests::since_filter_drops_old_and_duplicate_lines ... ok
test (x86_64-unknown-linux-gnu, ubuntu-latest)	cargo test	2026-09-08T10:02:03.2873700Z test docker::state::tests::docker_page_builds_from_builtin_config ... ok
test (x86_64-unknown-linux-gnu, ubuntu-latest)	cargo test	2026-09-08T10:02:03.2888562Z test files::domain::fs::tests::git_file_hidden_and_symlinks_marked ... ok
test (x86_64-unknown-linux-gnu, ubuntu-latest)	cargo test	2026-09-08T10:02:03.2902367Z test files::domain::fs::tests::human_size_formats ... ok
test (x86_64-unknown-linux-gnu, ubuntu-latest)	cargo test	2026-09-08T10:02:03.2911099Z test files::domain::fs::tests::list_dir_sorts_dirs_first_and_hides_git ... ok
test (x86_64-unknown-linux-gnu, ubuntu-latest)	cargo test	2026-09-08T10:02:03.2991126Z test files::domain::fs::tests::preview_exactly_at_limit_is_not_truncated ... ok
test (x86_64-unknown-linux-gnu, ubuntu-latest)	cargo test	2026-09-08T10:02:03.2992763Z test core::config::loader::tests::user_slot_accepts_single_and_multi_case_forms ... ok
test (x86_64-unknown-linux-gnu, ubuntu-latest)	cargo test	2026-09-08T10:02:03.2994386Z test files::domain::icons::tests::glyphs_are_single_column ... ok
test (x86_64-unknown-linux-gnu, ubuntu-latest)	cargo test	2026-09-08T10:02:03.3012102Z test files::domain::icons::tests::picks_dir_name_extension_and_fallbacks ... ok
test (x86_64-unknown-linux-gnu, ubuntu-latest)	cargo test	2026-09-08T10:02:03.3013099Z test files::domain::fs::tests::preview_kinds ... ok
test (x86_64-unknown-linux-gnu, ubuntu-latest)	cargo test	2026-09-08T10:02:03.3014155Z test files::domain::image::tests::image_paths_by_extension ... ok
test (x86_64-unknown-linux-gnu, ubuntu-latest)	cargo test	2026-09-08T10:02:03.3015334Z test files::domain::image::tests::mode_parsing_matches_the_listed_modes ... ok
test (x86_64-unknown-linux-gnu, ubuntu-latest)	cargo test	2026-09-08T10:02:03.3031822Z test files::domain::image::tests::probe_reads_dimensions_and_rejects_non_images ... ok
test (x86_64-unknown-linux-gnu, ubuntu-latest)	cargo test	2026-09-08T10:02:03.3231462Z test core::config::loader::tests::user_structural_errors_mention_file ... ok
test (x86_64-unknown-linux-gnu, ubuntu-latest)	cargo test	2026-09-08T10:02:05.1184031Z test files::panes::preview::tests::front_matter_is_kept_verbatim_and_body_rendered ... ok
test (x86_64-unknown-linux-gnu, ubuntu-latest)	cargo test	2026-09-08T10:02:05.1491659Z test files::panes::preview::tests::horizontal_scroll_clamps_to_the_longest_line ... ok
test (x86_64-unknown-linux-gnu, ubuntu-latest)	cargo test	2026-09-08T10:02:05.2812220Z test core::config::guide_examples::every_guide_kdl_example_loads_as_a_user_config ... ok
test (x86_64-unknown-linux-gnu, ubuntu-latest)	cargo test	2026-09-08T10:02:07.0661594Z test files::panes::preview::tests::jump_scrolls_the_match_into_view_both_ways ... ok
test (x86_64-unknown-linux-gnu, ubuntu-latest)	cargo test	2026-09-08T10:02:07.1513395Z test files::panes::preview::tests::markdown_lines_reflow_on_width_change ... ok
test (x86_64-unknown-linux-gnu, ubuntu-latest)	cargo test	2026-09-08T10:02:07.1516138Z test files::panes::preview::tests::shift_and_highlight_drops_scrolled_chars_and_marks_matches ... ok
test (x86_64-unknown-linux-gnu, ubuntu-latest)	cargo test	2026-09-08T10:02:08.9111932Z test files::panes::preview::tests::raw_default_needs_toggle_to_render ... ok
test (x86_64-unknown-linux-gnu, ubuntu-latest)	cargo test	2026-09-08T10:02:08.9131446Z test files::state::tests::open_with_prompt_confirms_trimmed_name_and_remembers_it ... ok
test (x86_64-unknown-linux-gnu, ubuntu-latest)	cargo test	2026-09-08T10:02:08.9151489Z test files::state::tests::open_with_prompt_esc_and_empty_enter_cancel ... ok
test (x86_64-unknown-linux-gnu, ubuntu-latest)	cargo test	2026-09-08T10:02:09.0005204Z test files::panes::preview::tests::toggle_flips_markdown_and_resets_scroll ... ok
test (x86_64-unknown-linux-gnu, ubuntu-latest)	cargo test	2026-09-08T10:02:09.0224358Z test git::state::kdl_regression::bindings_match_expected_pairs ... ok
test (x86_64-unknown-linux-gnu, ubuntu-latest)	cargo test	2026-09-08T10:02:09.0421805Z test files::panes::preview::tests::content_search_finds_char_ranges_in_raw_and_rendered_text ... ok
test (x86_64-unknown-linux-gnu, ubuntu-latest)	cargo test	2026-09-08T10:02:09.1188646Z test git::state::kdl_regression::branch_list_keymap_matches ... ok
test (x86_64-unknown-linux-gnu, ubuntu-latest)	cargo test	2026-09-08T10:02:09.1571509Z test git::state::kdl_regression::diff_view_keymap_matches ... ok
test (x86_64-unknown-linux-gnu, ubuntu-latest)	cargo test	2026-09-08T10:02:09.1631456Z test git::state::kdl_regression::file_tree_keymap_matches ... ok
test (x86_64-unknown-linux-gnu, ubuntu-latest)	cargo test	2026-09-08T10:02:09.2514173Z test git::state::kdl_regression::git_log_keymap_matches ... ok
test (x86_64-unknown-linux-gnu, ubuntu-latest)	cargo test	2026-09-08T10:02:09.2754598Z test git::state::kdl_regression::reflog_keymap_matches ... ok
test (x86_64-unknown-linux-gnu, ubuntu-latest)	cargo test	2026-09-08T10:02:09.2981274Z test git::state::kdl_regression::layout_tree_structure_matches ... ok
test (x86_64-unknown-linux-gnu, ubuntu-latest)	cargo test	2026-09-08T10:02:09.3761623Z test git::state::kdl_regression::select_bindings_drive_sync_dispatch ... ok
test (x86_64-unknown-linux-gnu, ubuntu-latest)	cargo test	2026-09-08T10:02:09.3941321Z test git::state::kdl_regression::slot_rules_match ... ok
test (x86_64-unknown-linux-gnu, ubuntu-latest)	cargo test	2026-09-08T10:02:09.3947052Z test github::domain::actions::client::tests::parses_jobs_json ... ok
test (x86_64-unknown-linux-gnu, ubuntu-latest)	cargo test	2026-09-08T10:02:09.3961771Z test github::domain::actions::client::tests::parses_run_list_json ... ok
test (x86_64-unknown-linux-gnu, ubuntu-latest)	cargo test	2026-09-08T10:02:09.3963400Z test github::domain::actions::log::tests::finds_failed_and_named_steps ... ok
test (x86_64-unknown-linux-gnu, ubuntu-latest)	cargo test	2026-09-08T10:02:09.3991483Z test github::domain::actions::log::tests::new_tail_extends_or_replaces ... ok
test (x86_64-unknown-linux-gnu, ubuntu-latest)	cargo test	2026-09-08T10:02:09.3992581Z test github::domain::actions::log::tests::parses_gh_columns_into_sections_and_text ... ok
test (x86_64-unknown-linux-gnu, ubuntu-latest)	cargo test	2026-09-08T10:02:09.3993661Z test github::domain::actions::log::tests::parses_rest_output_without_columns ... ok
test (x86_64-unknown-linux-gnu, ubuntu-latest)	cargo test	2026-09-08T10:02:09.4021437Z test github::domain::actions::log::tests::strips_ansi_and_marker_bytes ... ok
test (x86_64-unknown-linux-gnu, ubuntu-latest)	cargo test	2026-09-08T10:02:09.4022413Z test github::domain::actions::time::tests::clock_of_extracts_hh_mm_ss ... ok
test (x86_64-unknown-linux-gnu, ubuntu-latest)	cargo test	2026-09-08T10:02:09.4023467Z test github::domain::actions::time::tests::duration_between_uses_now_for_running_objects ... ok
test (x86_64-unknown-linux-gnu, ubuntu-latest)	cargo test	2026-09-08T10:02:09.4051497Z test github::domain::actions::time::tests::formats_durations ... ok
test (x86_64-unknown-linux-gnu, ubuntu-latest)	cargo test	2026-09-08T10:02:09.4061438Z test github::domain::actions::time::tests::formats_relative_times ... ok
test (x86_64-unknown-linux-gnu, ubuntu-latest)	cargo test	2026-09-08T10:02:09.4063233Z test github::domain::actions::time::tests::parse_iso8601_rejects_impossible_dates ... ok
test (x86_64-unknown-linux-gnu, ubuntu-latest)	cargo test	2026-09-08T10:02:09.4064928Z test github::domain::actions::time::tests::parses_iso8601_utc ... ok
test (x86_64-unknown-linux-gnu, ubuntu-latest)	cargo test	2026-09-08T10:02:09.4066094Z test github::domain::actions::types::tests::state_from_status_and_conclusion ... ok
test (x86_64-unknown-linux-gnu, ubuntu-latest)	cargo test	2026-09-08T10:02:09.4067225Z test github::domain::client::tests::recognises_rate_limit_messages ... ok
test (x86_64-unknown-linux-gnu, ubuntu-latest)	cargo test	2026-09-08T10:02:09.4068283Z test github::domain::disk_cache::tests::test_cache_dir_resolves ... ok
test (x86_64-unknown-linux-gnu, ubuntu-latest)	cargo test	2026-09-08T10:02:09.4069421Z test github::domain::disk_cache::tests::test_parse_github_nwo_https_with_git_suffix ... ok
test (x86_64-unknown-linux-gnu, ubuntu-latest)	cargo test	2026-09-08T10:02:09.4071060Z test github::domain::disk_cache::tests::test_parse_github_nwo_https_without_git_suffix ... ok
test (x86_64-unknown-linux-gnu, ubuntu-latest)	cargo test	2026-09-08T10:02:09.4092535Z test github::domain::disk_cache::tests::test_parse_github_nwo_invalid_url ... ok
test (x86_64-unknown-linux-gnu, ubuntu-latest)	cargo test	2026-09-08T10:02:09.4102877Z test github::domain::disk_cache::tests::test_parse_github_nwo_no_repo ... ok
test (x86_64-unknown-linux-gnu, ubuntu-latest)	cargo test	2026-09-08T10:02:09.4112651Z test github::domain::disk_cache::tests::test_parse_github_nwo_ssh_with_git_suffix ... ok
test (x86_64-unknown-linux-gnu, ubuntu-latest)	cargo test	2026-09-08T10:02:09.4115426Z test github::domain::disk_cache::tests::test_parse_github_nwo_ssh_without_git_suffix ... ok
test (x86_64-unknown-linux-gnu, ubuntu-latest)	cargo test	2026-09-08T10:02:09.4132430Z test github::domain::disk_cache::tests::test_repo_nwo_resolves ... ok
test (x86_64-unknown-linux-gnu, ubuntu-latest)	cargo test	2026-09-08T10:02:09.4148073Z test github::domain::disk_cache::tests::test_save_and_load_json_roundtrip ... ok
test (x86_64-unknown-linux-gnu, ubuntu-latest)	cargo test	2026-09-08T10:02:09.4149943Z test github::domain::remote::tests::parses_the_common_github_remote_forms ... ok
test (x86_64-unknown-linux-gnu, ubuntu-latest)	cargo test	2026-09-08T10:02:09.4151784Z test github::domain::remote::tests::rejects_non_github_or_malformed_urls ... ok
test (x86_64-unknown-linux-gnu, ubuntu-latest)	cargo test	2026-09-08T10:02:09.4154244Z test git::state::kdl_regression::tab_panes_match ... ok
test (x86_64-unknown-linux-gnu, ubuntu-latest)	cargo test	2026-09-08T10:02:09.4155814Z test github::panes::detail_view::jobs::tests::polls_only_while_the_run_is_active ... ok
test (x86_64-unknown-linux-gnu, ubuntu-latest)	cargo test	2026-09-08T10:02:09.4159040Z test github::panes::detail_view::jobs::tests::selected_target_resolves_steps_to_their_job ... ok
test (x86_64-unknown-linux-gnu, ubuntu-latest)	cargo test	2026-09-08T10:02:09.4165128Z test github::panes::detail_view::jobs::tests::steps_nest_under_their_job ... ok
test (x86_64-unknown-linux-gnu, ubuntu-latest)	cargo test	2026-09-08T10:02:09.4170780Z test github::panes::detail_view::log::tests::failed_step_jumps_wrap_around ... ok
test (x86_64-unknown-linux-gnu, ubuntu-latest)	cargo test	2026-09-08T10:02:09.4173083Z test github::panes::detail_view::jobs::tests::nav_and_search_over_rows ... ok
test (x86_64-unknown-linux-gnu, ubuntu-latest)	cargo test	2026-09-08T10:02:09.4176480Z test github::panes::detail_view::log::tests::load_apply_and_stale_requests ... ok
test (x86_64-unknown-linux-gnu, ubuntu-latest)	cargo test	2026-09-08T10:02:09.4179973Z test github::panes::detail_view::log::tests::running_jobs_append_and_finish_with_a_final_fetch ... ok
test (x86_64-unknown-linux-gnu, ubuntu-latest)	cargo test	2026-09-08T10:02:09.4196788Z test github::panes::detail_view::log::tests::search_matches_are_line_entries ... ok
test (x86_64-unknown-linux-gnu, ubuntu-latest)	cargo test	2026-09-08T10:02:09.4212693Z test github::panes::detail_view::log::tests::step_jump_waits_for_the_log ... ok
test (x86_64-unknown-linux-gnu, ubuntu-latest)	cargo test	2026-09-08T10:02:09.4243870Z test github::panes::detail_view::tests::enter_loads_the_selected_jobs_log_and_focuses_it ... ok
test (x86_64-unknown-linux-gnu, ubuntu-latest)	cargo test	2026-09-08T10:02:09.4244811Z test github::panes::detail_view::tests::failed_step_jumps_report_when_there_is_no_log ... ok
test (x86_64-unknown-linux-gnu, ubuntu-latest)	cargo test	2026-09-08T10:02:09.4245981Z test github::panes::detail_view::tests::loading_a_run_shows_jobs_first_and_keeps_the_same_run ... ok
test (x86_64-unknown-linux-gnu, ubuntu-latest)	cargo test	2026-09-08T10:02:09.4250082Z test github::panes::detail_view::tests::open_item_falls_back_to_the_run_url ... ok
test (x86_64-unknown-linux-gnu, ubuntu-latest)	cargo test	2026-09-08T10:02:09.4260020Z test github::panes::detail_view::tests::run_actions_are_no_ops_for_issue_and_pr_content ... ok
test (x86_64-unknown-linux-gnu, ubuntu-latest)	cargo test	2026-09-08T10:02:09.4307814Z test github::panes::detail_view::tests::search_targets_the_active_sub_pane ... ok
test (x86_64-unknown-linux-gnu, ubuntu-latest)	cargo test	2026-09-08T10:02:09.4311461Z test github::panes::detail_view::view::tests::run_header_shows_title_state_branch_event_duration_and_age ... ok
test (x86_64-unknown-linux-gnu, ubuntu-latest)	cargo test	2026-09-08T10:02:09.4315635Z test github::panes::gh_list::tests::copy_url_event_copies_or_explains ... ok
test (x86_64-unknown-linux-gnu, ubuntu-latest)	cargo test	2026-09-08T10:02:09.4319508Z test github::panes::pr_list::tests::stack_entries_nest_under_the_closest_lower_position ... ok
test (x86_64-unknown-linux-gnu, ubuntu-latest)	cargo test	2026-09-08T10:02:09.4321550Z test github::panes::detail_view::tests::run_sub_panes_switch_with_h_l_and_tab ... ok
test (x86_64-unknown-linux-gnu, ubuntu-latest)	cargo test	2026-09-08T10:02:09.4323652Z test github::panes::run_list::tests::active_runs_are_counted ... ok
test (x86_64-unknown-linux-gnu, ubuntu-latest)	cargo test	2026-09-08T10:02:09.4324919Z test github::panes::run_list::tests::identity_is_the_database_id_not_the_run_number ... ok
test (x86_64-unknown-linux-gnu, ubuntu-latest)	cargo test	2026-09-08T10:02:09.4327603Z test github::panes::run_list::tests::refresh_keeps_the_selection_on_the_same_run ... ok
test (x86_64-unknown-linux-gnu, ubuntu-latest)	cargo test	2026-09-08T10:02:09.4329228Z test github::panes::run_list::tests::row_shows_icon_workflow_number_branch_event_duration_and_age ... ok
test (x86_64-unknown-linux-gnu, ubuntu-latest)	cargo test	2026-09-08T10:02:09.4331338Z test github::panes::run_list::tests::search_covers_workflow_branch_and_event ... ok
test (x86_64-unknown-linux-gnu, ubuntu-latest)	cargo test	2026-09-08T10:02:09.8090821Z test git::state::kdl_regression::view_keymap_matches ... ok
test (x86_64-unknown-linux-gnu, ubuntu-latest)	cargo test	2026-09-08T10:02:09.9061867Z test github::state::kdl_regression::bindings_match_expected_pairs ... ok
test (x86_64-unknown-linux-gnu, ubuntu-latest)	cargo test	2026-09-08T10:02:09.9111670Z test github::state::kdl_regression::active_tab_follows_focus_through_the_bindings ... ok
test (x86_64-unknown-linux-gnu, ubuntu-latest)	cargo test	2026-09-08T10:02:09.9531386Z test github::state::kdl_regression::detail_keymap_matches ... ok
test (x86_64-unknown-linux-gnu, ubuntu-latest)	cargo test	2026-09-08T10:02:10.0296583Z test github::state::kdl_regression::gh_select_bindings_drive_sync_dispatch ... ok
test (x86_64-unknown-linux-gnu, ubuntu-latest)	cargo test	2026-09-08T10:02:10.0311421Z test github::state::kdl_regression::issue_list_keymap_matches ... ok
test (x86_64-unknown-linux-gnu, ubuntu-latest)	cargo test	2026-09-08T10:02:10.0701490Z test github::state::kdl_regression::layout_tree_structure_matches ... ok
test (x86_64-unknown-linux-gnu, ubuntu-latest)	cargo test	2026-09-08T10:02:10.1498529Z test github::state::kdl_regression::pane_ids_from_config ... ok
test (x86_64-unknown-linux-gnu, ubuntu-latest)	cargo test	2026-09-08T10:02:10.1506192Z test github::state::kdl_regression::pr_list_keymap_matches ... ok
test (x86_64-unknown-linux-gnu, ubuntu-latest)	cargo test	2026-09-08T10:02:10.1854598Z test github::state::kdl_regression::run_detail_keymap_has_log_keys_and_search ... ok
test (x86_64-unknown-linux-gnu, ubuntu-latest)	cargo test	2026-09-08T10:02:10.2645184Z test github::state::kdl_regression::selecting_a_run_loads_its_jobs_into_the_run_detail ... ok
test (x86_64-unknown-linux-gnu, ubuntu-latest)	cargo test	2026-09-08T10:02:10.2701406Z test github::state::kdl_regression::run_list_keymap_matches ... ok
test (x86_64-unknown-linux-gnu, ubuntu-latest)	cargo test	2026-09-08T10:02:10.3100738Z test github::state::kdl_regression::slot_rules_match ... ok
test (x86_64-unknown-linux-gnu, ubuntu-latest)	cargo test	2026-09-08T10:02:10.4081755Z test github::state::kdl_regression::tab_cycles_the_three_list_columns ... ok
test (x86_64-unknown-linux-gnu, ubuntu-latest)	cargo test	2026-09-08T10:02:10.4113723Z test github::state::kdl_regression::tab_in_a_detail_pane_cycles_its_sub_panes ... ok
test (x86_64-unknown-linux-gnu, ubuntu-latest)	cargo test	2026-09-08T10:02:10.4623973Z test github::state::kdl_regression::tab_panes_match ... ok
test (x86_64-unknown-linux-gnu, ubuntu-latest)	cargo test	2026-09-08T10:02:10.4661534Z test github::state::rate_limit::backoff_progression_doubles_to_the_cap ... ok
test (x86_64-unknown-linux-gnu, ubuntu-latest)	cargo test	2026-09-08T10:02:10.5422897Z test github::state::rate_limit::a_rate_limited_fetch_starts_the_backoff_not_the_error_line ... ok
test (x86_64-unknown-linux-gnu, ubuntu-latest)	cargo test	2026-09-08T10:02:10.5441655Z test github::state::rate_limit::reset_time_formatting ... ok
test (x86_64-unknown-linux-gnu, ubuntu-latest)	cargo test	2026-09-08T10:02:10.5541300Z test github::state::rate_limit::a_failed_retry_doubles_the_delay_and_success_clears_it ... ok
test (x86_64-unknown-linux-gnu, ubuntu-latest)	cargo test	2026-09-08T10:02:10.5571364Z test procs::domain::history::tests::proc_history_new_pid_starts_fresh ... ok
test (x86_64-unknown-linux-gnu, ubuntu-latest)	cargo test	2026-09-08T10:02:10.5601606Z test procs::domain::history::tests::proc_history_tracks_caps_and_prunes ... ok
test (x86_64-unknown-linux-gnu, ubuntu-latest)	cargo test	2026-09-08T10:02:10.5631240Z test procs::domain::history::tests::ring_capacity_is_at_least_one ... ok
test (x86_64-unknown-linux-gnu, ubuntu-latest)	cargo test	2026-09-08T10:02:10.5661237Z test procs::domain::history::tests::ring_pushes_and_evicts_oldest ... ok
test (x86_64-unknown-linux-gnu, ubuntu-latest)	cargo test	2026-09-08T10:02:10.5681187Z test procs::domain::ports::tests::host_port_split ... ok
test (x86_64-unknown-linux-gnu, ubuntu-latest)	cargo test	2026-09-08T10:02:10.5711289Z test procs::domain::ports::tests::lsof_parses_listening_sockets_and_skips_the_rest ... ok
test (x86_64-unknown-linux-gnu, ubuntu-latest)	cargo test	2026-09-08T10:02:10.5712390Z test procs::domain::ports::tests::lsof_row_without_numeric_pid_is_kept_as_no_access ... ok
test (x86_64-unknown-linux-gnu, ubuntu-latest)	cargo test	2026-09-08T10:02:10.5713382Z test procs::domain::ports::tests::ss_parses_rows_and_marks_hidden_owners ... ok
test (x86_64-unknown-linux-gnu, ubuntu-latest)	cargo test	2026-09-08T10:02:10.5714199Z test procs::domain::ports::tests::ss_process_field ... ok
test (x86_64-unknown-linux-gnu, ubuntu-latest)	cargo test	2026-09-08T10:02:10.5861395Z test github::state::rate_limit::other_errors_still_reach_the_error_line ... ok
test (x86_64-unknown-linux-gnu, ubuntu-latest)	cargo test	2026-09-08T10:02:10.5862763Z test procs::domain::snapshot::tests::subtree_ignores_a_process_that_claims_to_be_its_own_parent ... ok
test (x86_64-unknown-linux-gnu, ubuntu-latest)	cargo test	2026-09-08T10:02:10.5891414Z test procs::domain::snapshot::tests::subtree_keeps_root_and_transitive_children_only ... ok
test (x86_64-unknown-linux-gnu, ubuntu-latest)	cargo test	2026-09-08T10:02:10.5921378Z test procs::domain::snapshot::tests::subtree_of_unknown_root_is_empty ... ok
test (x86_64-unknown-linux-gnu, ubuntu-latest)	cargo test	2026-09-08T10:02:10.5922478Z test procs::domain::types::tests::elapsed_formats ... ok
test (x86_64-unknown-linux-gnu, ubuntu-latest)	cargo test	2026-09-08T10:02:10.5951218Z test procs::domain::types::tests::port_entry_address ... ok
test (x86_64-unknown-linux-gnu, ubuntu-latest)	cargo test	2026-09-08T10:02:10.5952074Z test procs::domain::types::tests::sort_key_cycles_cpu_mem_pid ... ok
test (x86_64-unknown-linux-gnu, ubuntu-latest)	cargo test	2026-09-08T10:02:10.5953275Z test procs::domain::types::tests::sort_orders_by_key_with_pid_tie_break ... ok
test (x86_64-unknown-linux-gnu, ubuntu-latest)	cargo test	2026-09-08T10:02:10.5954247Z test procs::panes::detail::tests::history_charts_sit_under_cpu_and_mem ... ok
test (x86_64-unknown-linux-gnu, ubuntu-latest)	cargo test	2026-09-08T10:02:10.5961557Z test procs::panes::detail::tests::lines_cover_every_field_and_mark_no_access ... ok
test (x86_64-unknown-linux-gnu, ubuntu-latest)	cargo test	2026-09-08T10:02:10.5963124Z test procs::panes::detail::tests::load_resets_scroll_only_on_a_different_pid ... ok
test (x86_64-unknown-linux-gnu, ubuntu-latest)	cargo test	2026-09-08T10:02:10.5964266Z test procs::panes::detail::tests::wrap_splits_at_width ... ok
test (x86_64-unknown-linux-gnu, ubuntu-latest)	cargo test	2026-09-08T10:02:10.5965351Z test procs::panes::graphs::tests::core_grid_lays_cores_out_in_columns ... ok
test (x86_64-unknown-linux-gnu, ubuntu-latest)	cargo test	2026-09-08T10:02:10.5966492Z test procs::panes::graphs::tests::labels_format_ratios_and_percentages ... ok
test (x86_64-unknown-linux-gnu, ubuntu-latest)	cargo test	2026-09-08T10:02:10.5967638Z test procs::panes::graphs::tests::record_caps_history_and_tracks_peak ... ok
test (x86_64-unknown-linux-gnu, ubuntu-latest)	cargo test	2026-09-08T10:02:10.5968820Z test procs::panes::graphs::tests::toggle_emits_event_and_esc_returns_to_processes ... ok
test (x86_64-unknown-linux-gnu, ubuntu-latest)	cargo test	2026-09-08T10:02:10.5970080Z test procs::panes::ports::tests::apply_keeps_selection_and_reports_notice ... ok
test (x86_64-unknown-linux-gnu, ubuntu-latest)	cargo test	2026-09-08T10:02:10.5971448Z test procs::panes::ports::tests::jump_needs_a_visible_owner ... ok
test (x86_64-unknown-linux-gnu, ubuntu-latest)	cargo test	2026-09-08T10:02:10.5972469Z test procs::panes::processes::tests::children_and_names ... ok
test (x86_64-unknown-linux-gnu, ubuntu-latest)	cargo test	2026-09-08T10:02:10.5973609Z test procs::panes::processes::tests::rows_nest_children_under_parent_in_sorted_order ... ok
test (x86_64-unknown-linux-gnu, ubuntu-latest)	cargo test	2026-09-08T10:02:10.5975016Z test procs::panes::processes::tests::selection_follows_pid_across_refresh_and_sort ... ok
test (x86_64-unknown-linux-gnu, ubuntu-latest)	cargo test	2026-09-08T10:02:10.5976184Z test procs::panes::tests::area_chart_colors_columns_by_load ... ok
test (x86_64-unknown-linux-gnu, ubuntu-latest)	cargo test	2026-09-08T10:02:10.5977234Z test procs::panes::tests::area_chart_fills_columns_bottom_up ... ok
test (x86_64-unknown-linux-gnu, ubuntu-latest)	cargo test	2026-09-08T10:02:10.5978251Z test procs::panes::tests::area_chart_plain_uses_one_style ... ok
test (x86_64-unknown-linux-gnu, ubuntu-latest)	cargo test	2026-09-08T10:02:10.5979278Z test procs::panes::tests::area_chart_right_aligns_and_keeps_newest ... ok
test (x86_64-unknown-linux-gnu, ubuntu-latest)	cargo test	2026-09-08T10:02:10.5980419Z test procs::panes::tests::area_chart_rounds_eighths_and_shows_tiny_loads ... ok
test (x86_64-unknown-linux-gnu, ubuntu-latest)	cargo test	2026-09-08T10:02:10.5981878Z test procs::panes::tests::area_chart_scales_to_max_and_handles_degenerate_sizes ... ok
test (x86_64-unknown-linux-gnu, ubuntu-latest)	cargo test	2026-09-08T10:02:10.5982987Z test procs::panes::tests::truncate_marks_the_cut ... ok
test (x86_64-unknown-linux-gnu, ubuntu-latest)	cargo test	2026-09-08T10:02:10.5984069Z test procs::domain::snapshot::tests::snapshot_contains_this_process_with_its_parent ... ok
test (x86_64-unknown-linux-gnu, ubuntu-latest)	cargo test	2026-09-08T10:02:10.6704353Z test github::state::rate_limit::the_backoff_suspends_the_runs_watch ... ok
test (x86_64-unknown-linux-gnu, ubuntu-latest)	cargo test	2026-09-08T10:02:10.7214958Z test procs::state::tests::detail_gets_the_selected_pid_history ... ok
test (x86_64-unknown-linux-gnu, ubuntu-latest)	cargo test	2026-09-08T10:02:10.7382005Z test procs::state::tests::c_toggles_per_core_from_the_list_and_the_graphs_pane ... ok
test (x86_64-unknown-linux-gnu, ubuntu-latest)	cargo test	2026-09-08T10:02:10.7952281Z test procs::state::tests::enter_on_port_jumps_to_owner_and_focuses_processes ... ok
test (x86_64-unknown-linux-gnu, ubuntu-latest)	cargo test	2026-09-08T10:02:10.8461290Z test procs::state::tests::help_lists_every_pane ... ok
test (x86_64-unknown-linux-gnu, ubuntu-latest)	cargo test	2026-09-08T10:02:10.8686546Z test procs::state::tests::keys_from_default_kdl_match_hardcoded_defaults ... ok
test (x86_64-unknown-linux-gnu, ubuntu-latest)	cargo test	2026-09-08T10:02:10.9196147Z test procs::state::tests::pane_ids_tabs_and_bindings_from_default_kdl ... ok
test (x86_64-unknown-linux-gnu, ubuntu-latest)	cargo test	2026-09-08T10:02:10.9197421Z test projects::domain::client::tests::bigger_fetch_only_when_the_first_page_was_full ... ok
test (x86_64-unknown-linux-gnu, ubuntu-latest)	cargo test	2026-09-08T10:02:10.9198643Z test projects::domain::client::tests::missing_cli_is_recognised ... ok
test (x86_64-unknown-linux-gnu, ubuntu-latest)	cargo test	2026-09-08T10:02:10.9199734Z test projects::domain::client::tests::scope_errors_are_recognised ... ok
test (x86_64-unknown-linux-gnu, ubuntu-latest)	cargo test	2026-09-08T10:02:10.9211975Z test projects::domain::disk_cache::tests::board_roundtrips_through_json_with_custom_fields ... ok
test (x86_64-unknown-linux-gnu, ubuntu-latest)	cargo test	2026-09-08T10:02:10.9238949Z test projects::domain::filter::tests::field_values_lists_and_negation ... ok
test (x86_64-unknown-linux-gnu, ubuntu-latest)	cargo test	2026-09-08T10:02:10.9266869Z test projects::domain::filter::tests::is_no_has_label_assignee_repo_text ... ok
test (x86_64-unknown-linux-gnu, ubuntu-latest)	cargo test	2026-09-08T10:02:10.9285740Z test projects::domain::filter::tests::tokenizer_keeps_quoted_values_together ... ok
test (x86_64-unknown-linux-gnu, ubuntu-latest)	cargo test	2026-09-08T10:02:10.9287041Z test projects::domain::filter::tests::unsupported_tokens_are_reported_not_applied ... ok
test (x86_64-unknown-linux-gnu, ubuntu-latest)	cargo test	2026-09-08T10:02:10.9288233Z test projects::domain::graphql::tests::fields_take_the_field_list_shape ... ok
test (x86_64-unknown-linux-gnu, ubuntu-latest)	cargo test	2026-09-08T10:02:10.9289598Z test projects::domain::graphql::tests::items_take_the_item_list_shape ... ok
test (x86_64-unknown-linux-gnu, ubuntu-latest)	cargo test	2026-09-08T10:02:10.9291012Z test projects::domain::graphql::tests::queries_mention_every_value_type_and_page_by_cursor ... ok
test (x86_64-unknown-linux-gnu, ubuntu-latest)	cargo test	2026-09-08T10:02:10.9292282Z test projects::domain::graphql::tests::views_parse_and_skip_unknown_layouts ... ok
test (x86_64-unknown-linux-gnu, ubuntu-latest)	cargo test	2026-09-08T10:02:10.9293347Z test projects::domain::roadmap::tests::civil_round_trip_and_parse ... ok
test (x86_64-unknown-linux-gnu, ubuntu-latest)	cargo test	2026-09-08T10:02:10.9294455Z test projects::domain::roadmap::tests::item_spans_from_dates_and_iterations ... ok
test (x86_64-unknown-linux-gnu, ubuntu-latest)	cargo test	2026-09-08T10:02:10.9295553Z test projects::domain::roadmap::tests::iterations_are_distinct_and_sorted ... ok
test (x86_64-unknown-linux-gnu, ubuntu-latest)	cargo test	2026-09-08T10:02:10.9296692Z test projects::domain::roadmap::tests::span_spec_finds_start_and_iteration_fields ... ok
test (x86_64-unknown-linux-gnu, ubuntu-latest)	cargo test	2026-09-08T10:02:10.9297769Z test projects::domain::roadmap::tests::zoom_scales_and_cycles ... ok
test (x86_64-unknown-linux-gnu, ubuntu-latest)	cargo test	2026-09-08T10:02:10.9298840Z test projects::domain::types::tests::board_without_views_deserializes_from_old_cache ... ok
test (x86_64-unknown-linux-gnu, ubuntu-latest)	cargo test	2026-09-08T10:02:10.9300111Z test projects::domain::types::tests::columns_follow_option_order_then_unknown_then_no_status ... ok
test (x86_64-unknown-linux-gnu, ubuntu-latest)	cargo test	2026-09-08T10:02:10.9301581Z test projects::domain::types::tests::field_values_follow_field_order_with_status_first ... ok
test (x86_64-unknown-linux-gnu, ubuntu-latest)	cargo test	2026-09-08T10:02:10.9302801Z test projects::domain::types::tests::group_rows_use_option_order_and_no_group_last ... ok
test (x86_64-unknown-linux-gnu, ubuntu-latest)	cargo test	2026-09-08T10:02:10.9304005Z test projects::domain::types::tests::parses_field_list_and_derives_item_keys ... ok
test (x86_64-unknown-linux-gnu, ubuntu-latest)	cargo test	2026-09-08T10:02:10.9314876Z test projects::domain::types::tests::parses_item_list_with_issue_pr_draft_and_redacted_items ... ok
test (x86_64-unknown-linux-gnu, ubuntu-latest)	cargo test	2026-09-08T10:02:10.9318902Z test projects::domain::types::tests::parses_repo_info_into_the_linked_projects ... ok
test (x86_64-unknown-linux-gnu, ubuntu-latest)	cargo test	2026-09-08T10:02:10.9321135Z test projects::domain::types::tests::sort_items_dir_desc_keeps_empty_cells_last ... ok
test (x86_64-unknown-linux-gnu, ubuntu-latest)	cargo test	2026-09-08T10:02:10.9324663Z test projects::domain::types::tests::table_columns_and_sorting ... ok
test (x86_64-unknown-linux-gnu, ubuntu-latest)	cargo test	2026-09-08T10:02:10.9325876Z test projects::domain::types::tests::value_text_covers_every_gh_shape ... ok
test (x86_64-unknown-linux-gnu, ubuntu-latest)	cargo test	2026-09-08T10:02:10.9327089Z test projects::domain::types::tests::view_layout_parses_graphql_enum ... ok
test (x86_64-unknown-linux-gnu, ubuntu-latest)	cargo test	2026-09-08T10:02:10.9328201Z test projects::domain::types::tests::view_table_columns_follow_the_view ... ok
test (x86_64-unknown-linux-gnu, ubuntu-latest)	cargo test	2026-09-08T10:02:10.9365615Z test projects::panes::board::roadmap_render_tests::selected_roadmap_row_keeps_its_bar ... ok
test (x86_64-unknown-linux-gnu, ubuntu-latest)	cargo test	2026-09-08T10:02:10.9391699Z test projects::panes::board::tests::a_notice_replaces_the_missing_board ... ok
test (x86_64-unknown-linux-gnu, ubuntu-latest)	cargo test	2026-09-08T10:02:10.9392889Z test projects::panes::board::tests::board_view_columns_come_from_vertical_group_by ... ok
test (x86_64-unknown-linux-gnu, ubuntu-latest)	cargo test	2026-09-08T10:02:10.9403255Z test projects::panes::board::tests::board_view_group_by_builds_swimlanes_and_j_crosses_them ... ok
test (x86_64-unknown-linux-gnu, ubuntu-latest)	cargo test	2026-09-08T10:02:10.9404605Z test projects::panes::board::tests::board_view_sort_orders_cards_inside_columns ... ok
test (x86_64-unknown-linux-gnu, ubuntu-latest)	cargo test	2026-09-08T10:02:10.9405848Z test projects::panes::board::tests::cards_of_other_repositories_carry_a_dimmed_prefix ... ok
test (x86_64-unknown-linux-gnu, ubuntu-latest)	cargo test	2026-09-08T10:02:10.9407024Z test projects::panes::board::tests::cards_truncate_and_pad_to_the_column_width ... ok
test (x86_64-unknown-linux-gnu, ubuntu-latest)	cargo test	2026-09-08T10:02:10.9408147Z test projects::panes::board::tests::columns_and_cards_navigate_with_hjkl ... ok
test (x86_64-unknown-linux-gnu, ubuntu-latest)	cargo test	2026-09-08T10:02:10.9419816Z test projects::panes::board::tests::group_headers_offset_the_visual_selection ... ok
test (x86_64-unknown-linux-gnu, ubuntu-latest)	cargo test	2026-09-08T10:02:10.9429177Z test projects::panes::board::tests::open_browser_uses_the_item_url_or_the_project_url ... ok
test (x86_64-unknown-linux-gnu, ubuntu-latest)	cargo test	2026-09-08T10:02:10.9430461Z test projects::panes::board::tests::refresh_keeps_the_selection_by_item_id ... ok
test (x86_64-unknown-linux-gnu, ubuntu-latest)	cargo test	2026-09-08T10:02:10.9438026Z test projects::panes::board::tests::roadmap_view_drives_mode_zoom_and_scroll ... ok
test (x86_64-unknown-linux-gnu, ubuntu-latest)	cargo test	2026-09-08T10:02:10.9439311Z test projects::panes::board::tests::search_matches_titles_and_numbers_across_columns ... ok
test (x86_64-unknown-linux-gnu, ubuntu-latest)	cargo test	2026-09-08T10:02:10.9455080Z test projects::panes::board::tests::table_mode_keeps_the_selected_item_and_sorts ... ok
test (x86_64-unknown-linux-gnu, ubuntu-latest)	cargo test	2026-09-08T10:02:10.9461133Z test projects::panes::board::tests::table_view_drives_mode_columns_sort_and_groups ... ok
test (x86_64-unknown-linux-gnu, ubuntu-latest)	cargo test	2026-09-08T10:02:10.9481574Z test projects::panes::board::tests::v_cycles_saved_views_and_survives_refresh ... ok
test (x86_64-unknown-linux-gnu, ubuntu-latest)	cargo test	2026-09-08T10:02:10.9511533Z test projects::panes::board::tests::view_filter_hides_items_in_every_layout_and_reports_unsupported ... ok
test (x86_64-unknown-linux-gnu, ubuntu-latest)	cargo test	2026-09-08T10:02:10.9541516Z test projects::panes::detail::tests::a_failed_fetch_keeps_the_fields_and_shows_the_error ... ok
test (x86_64-unknown-linux-gnu, ubuntu-latest)	cargo test	2026-09-08T10:02:10.9571398Z test projects::panes::detail::tests::drafts_show_fields_and_body_without_a_fetch ... ok
test (x86_64-unknown-linux-gnu, ubuntu-latest)	cargo test	2026-09-08T10:02:10.9572857Z test projects::panes::detail::tests::issues_list_every_field_then_the_fetched_body_and_comments ... ok
test (x86_64-unknown-linux-gnu, ubuntu-latest)	cargo test	2026-09-08T10:02:10.9601417Z test projects::panes::projects::tests::enter_focuses_the_board_and_o_opens_the_project ... ok
test (x86_64-unknown-linux-gnu, ubuntu-latest)	cargo test	2026-09-08T10:02:10.9631404Z test projects::panes::projects::tests::rows_show_number_title_owner_and_count ... ok
test (x86_64-unknown-linux-gnu, ubuntu-latest)	cargo test	2026-09-08T10:02:10.9661314Z test projects::panes::projects::tests::selection_survives_refresh_and_counts_come_from_boards ... ok
test (x86_64-unknown-linux-gnu, ubuntu-latest)	cargo test	2026-09-08T10:02:10.9682611Z test procs::state::tests::selection_drives_detail_with_children_and_ports ... ok
test (x86_64-unknown-linux-gnu, ubuntu-latest)	cargo test	2026-09-08T10:02:11.0414114Z test procs::state::tests::sort_cycles_and_keeps_selection ... ok
test (x86_64-unknown-linux-gnu, ubuntu-latest)	cargo test	2026-09-08T10:02:11.1241588Z test projects::state::tests::a_failed_fetch_does_not_suppress_the_retry ... ok
test (x86_64-unknown-linux-gnu, ubuntu-latest)	cargo test	2026-09-08T10:02:11.1821336Z test projects::state::tests::a_placed_list_pane_takes_focus_and_drives_the_board ... ok
test (x86_64-unknown-linux-gnu, ubuntu-latest)	cargo test	2026-09-08T10:02:11.2091913Z test projects::state::tests::a_repository_without_linked_projects_shows_the_notice ... ok
test (x86_64-unknown-linux-gnu, ubuntu-latest)	cargo test	2026-09-08T10:02:11.3952039Z test projects::state::tests::an_unmatched_projects_board_pin_names_itself_in_the_notice ... ok
test (x86_64-unknown-linux-gnu, ubuntu-latest)	cargo test	2026-09-08T10:02:11.4042123Z test projects::state::tests::a_stale_board_is_refetched_on_activation_and_a_fresh_one_is_not ... ok
test (x86_64-unknown-linux-gnu, ubuntu-latest)	cargo test	2026-09-08T10:02:11.4941478Z test projects::state::tests::enter_and_esc_walk_board_and_detail_without_the_list ... ok
test (x86_64-unknown-linux-gnu, ubuntu-latest)	cargo test	2026-09-08T10:02:11.6241850Z test projects::state::tests::linked_projects_drive_the_board_and_p_cycles_them ... ok
test (x86_64-unknown-linux-gnu, ubuntu-latest)	cargo test	2026-09-08T10:02:11.6961994Z test projects::state::tests::projects_board_pins_the_board_by_number ... ok
test (x86_64-unknown-linux-gnu, ubuntu-latest)	cargo test	2026-09-08T10:02:11.7283170Z test projects::state::tests::projects_board_pins_the_board_by_title_case_insensitively ... ok
test (x86_64-unknown-linux-gnu, ubuntu-latest)	cargo test	2026-09-08T10:02:11.9282645Z test projects::state::tests::projects_page_builds_from_builtin_config ... ok
test (x86_64-unknown-linux-gnu, ubuntu-latest)	cargo test	2026-09-08T10:02:11.9291656Z test worktrees::domain::stash::tests::falls_back_only_when_include_untracked_is_unknown ... ok
test (x86_64-unknown-linux-gnu, ubuntu-latest)	cargo test	2026-09-08T10:02:11.9312222Z test worktrees::domain::stash::tests::parses_stash_list ... ok
test (x86_64-unknown-linux-gnu, ubuntu-latest)	cargo test	2026-09-08T10:02:11.9341793Z test worktrees::domain::stash::tests::patch_buffer_becomes_side_by_side_files ... ok
test (x86_64-unknown-linux-gnu, ubuntu-latest)	cargo test	2026-09-08T10:02:11.9371666Z test worktrees::domain::stash::tests::splits_subject_variants ... ok
test (x86_64-unknown-linux-gnu, ubuntu-latest)	cargo test	2026-09-08T10:02:11.9381317Z test worktrees::domain::worktree::tests::current_worktree_is_detected ... ok
test (x86_64-unknown-linux-gnu, ubuntu-latest)	cargo test	2026-09-08T10:02:11.9411327Z test worktrees::domain::worktree::tests::current_worktree_survives_symlinked_root ... ok
test (x86_64-unknown-linux-gnu, ubuntu-latest)	cargo test	2026-09-08T10:02:11.9429045Z test worktrees::domain::worktree::tests::display_path_sibling_and_unrelated ... ok
test (x86_64-unknown-linux-gnu, ubuntu-latest)	cargo test	2026-09-08T10:02:11.9438382Z test worktrees::domain::worktree::tests::display_paths_are_relative_to_main ... ok
test (x86_64-unknown-linux-gnu, ubuntu-latest)	cargo test	2026-09-08T10:02:11.9466282Z test worktrees::domain::worktree::tests::parses_porcelain_entries ... ok
test (x86_64-unknown-linux-gnu, ubuntu-latest)	cargo test	2026-09-08T10:02:11.9469657Z test worktrees::domain::worktree::tests::parses_show_output ... ok
test (x86_64-unknown-linux-gnu, ubuntu-latest)	cargo test	2026-09-08T10:02:11.9474527Z test worktrees::domain::worktree::tests::unquotes_git_style_paths ... ok
test (x86_64-unknown-linux-gnu, ubuntu-latest)	cargo test	2026-09-08T10:02:12.0091691Z test projects::state::tests::the_status_bar_shows_the_board_age ... ok
test (x86_64-unknown-linux-gnu, ubuntu-latest)	cargo test	2026-09-08T10:02:12.1114477Z test projects::state::tests::scope_errors_replace_the_panes_with_the_notice ... ok
test (x86_64-unknown-linux-gnu, ubuntu-latest)	cargo test	2026-09-08T10:02:12.1142187Z test worktrees::panes::preview::tests::summary_lines_layout ... ok
test (x86_64-unknown-linux-gnu, ubuntu-latest)	cargo test	2026-09-08T10:02:12.1143317Z test worktrees::panes::stashes::tests::right_column_degrades_gracefully ... ok
test (x86_64-unknown-linux-gnu, ubuntu-latest)	cargo test	2026-09-08T10:02:12.1144266Z test worktrees::panes::tests::fit_head_truncates ... ok
test (x86_64-unknown-linux-gnu, ubuntu-latest)	cargo test	2026-09-08T10:02:12.1145124Z test worktrees::panes::tests::fit_tail_pads_and_truncates ... ok
test (x86_64-unknown-linux-gnu, ubuntu-latest)	cargo test	2026-09-08T10:02:12.2391924Z test worktrees::state::tests::default_kdl_wires_panes_bindings_and_keys ... ok
test (x86_64-unknown-linux-gnu, ubuntu-latest)	cargo test	2026-09-08T10:02:13.8006516Z test worktrees::panes::preview::tests::normal_and_visual_mode_keys_reach_the_diff_widget ... ok
test (x86_64-unknown-linux-gnu, ubuntu-latest)	cargo test	2026-09-08T10:02:13.8728701Z test worktrees::panes::preview::tests::scroll_mode_uses_the_pane_keymap_only ... ok
test (x86_64-unknown-linux-gnu, ubuntu-latest)	cargo test	2026-09-08T10:02:14.1424294Z test worktrees::state::tests::page_loads_for_this_repository ... ok
test (x86_64-unknown-linux-gnu, ubuntu-latest)	cargo test	2026-09-08T10:02:14.6677564Z test files::panes::preview::tests::markdown_detection_is_by_extension ... ok
test (x86_64-unknown-linux-gnu, ubuntu-latest)	cargo test	2026-09-08T10:02:14.6678428Z
test (x86_64-unknown-linux-gnu, ubuntu-latest)	cargo test	2026-09-08T10:02:14.6679010Z test result: ok. 390 passed; 0 failed; 0 ignored; 0 measured; 0 filtered out; finished in 27.36s
test (x86_64-unknown-linux-gnu, ubuntu-latest)	cargo test	2026-09-08T10:02:14.6679619Z
test (x86_64-unknown-linux-gnu, ubuntu-latest)	cargo build	﻿2026-09-08T10:02:14.6862018Z ##[group]Run cargo build --target x86_64-unknown-linux-gnu
test (x86_64-unknown-linux-gnu, ubuntu-latest)	cargo build	2026-09-08T10:02:14.6862795Z ^[[36;1mcargo build --target x86_64-unknown-linux-gnu^[[0m
test (x86_64-unknown-linux-gnu, ubuntu-latest)	cargo build	2026-09-08T10:02:14.6901913Z shell: /usr/bin/bash -e {0}
test (x86_64-unknown-linux-gnu, ubuntu-latest)	cargo build	2026-09-08T10:02:14.6902189Z env:
test (x86_64-unknown-linux-gnu, ubuntu-latest)	cargo build	2026-09-08T10:02:14.6902398Z   CARGO_INCREMENTAL: 0
test (x86_64-unknown-linux-gnu, ubuntu-latest)	cargo build	2026-09-08T10:02:14.6902659Z   CARGO_PROFILE_DEV_DEBUG: 0
test (x86_64-unknown-linux-gnu, ubuntu-latest)	cargo build	2026-09-08T10:02:14.6902909Z   CARGO_TERM_COLOR: always
test (x86_64-unknown-linux-gnu, ubuntu-latest)	cargo build	2026-09-08T10:02:14.6903149Z   RUST_BACKTRACE: short
test (x86_64-unknown-linux-gnu, ubuntu-latest)	cargo build	2026-09-08T10:02:14.6903391Z   RUSTFLAGS: -D warnings
test (x86_64-unknown-linux-gnu, ubuntu-latest)	cargo build	2026-09-08T10:02:14.6903640Z   CARGO_UNSTABLE_SPARSE_REGISTRY: true
test (x86_64-unknown-linux-gnu, ubuntu-latest)	cargo build	2026-09-08T10:02:14.6903949Z   CARGO_REGISTRIES_CRATES_IO_PROTOCOL: sparse
test (x86_64-unknown-linux-gnu, ubuntu-latest)	cargo build	2026-09-08T10:02:14.6913594Z   CACHE_ON_FAILURE: true
test (x86_64-unknown-linux-gnu, ubuntu-latest)	cargo build	2026-09-08T10:02:14.6913920Z   CACHE_KEY: f383ff6fc98053745e76aa2f6d3abfb7
test (x86_64-unknown-linux-gnu, ubuntu-latest)	cargo build	2026-09-08T10:02:14.6914271Z ##[endgroup]
test (x86_64-unknown-linux-gnu, ubuntu-latest)	cargo build	2026-09-08T10:02:14.9291985Z ^[[1m^[[92m   Compiling^[[0m vig v0.12.0 (/home/runner/work/vig/vig)
test (x86_64-unknown-linux-gnu, ubuntu-latest)	cargo build	2026-09-08T10:02:20.4718397Z ^[[1m^[[92m    Finished^[[0m `dev` profile [unoptimized] target(s) in 5.76s
test (x86_64-unknown-linux-gnu, ubuntu-latest)	Post Run actions-rust-lang/setup-rust-toolchain@v1	﻿2026-09-08T10:02:20.5183082Z Post job cleanup.
test (x86_64-unknown-linux-gnu, ubuntu-latest)	Post Run actions-rust-lang/setup-rust-toolchain@v1	2026-09-08T10:02:20.5186547Z ##[start-action display=Setup Rust Caching;id=__9d3ad5c3-98b1-412d-99e4-7ef35bdcbc70.__Swatinem_rust-cache]
test (x86_64-unknown-linux-gnu, ubuntu-latest)	Post Run actions-rust-lang/setup-rust-toolchain@v1	2026-09-08T10:02:20.5227255Z Post job cleanup.
test (x86_64-unknown-linux-gnu, ubuntu-latest)	Post Run actions-rust-lang/setup-rust-toolchain@v1	2026-09-08T10:02:20.7976222Z Cache up-to-date.
test (x86_64-unknown-linux-gnu, ubuntu-latest)	Post Run actions-rust-lang/setup-rust-toolchain@v1	2026-09-08T10:02:20.7978839Z (node:3522) [DEP0040] DeprecationWarning: The `punycode` module is deprecated. Please use a userland alternative instead.
test (x86_64-unknown-linux-gnu, ubuntu-latest)	Post Run actions-rust-lang/setup-rust-toolchain@v1	2026-09-08T10:02:20.7979583Z (Use `node --trace-deprecation ...` to show where the warning was created)
test (x86_64-unknown-linux-gnu, ubuntu-latest)	Post Run actions-rust-lang/setup-rust-toolchain@v1	2026-09-08T10:02:20.8106760Z ##[end-action id=__9d3ad5c3-98b1-412d-99e4-7ef35bdcbc70.__Swatinem_rust-cache;outcome=success;conclusion=success;duration_ms=291]
test (x86_64-unknown-linux-gnu, ubuntu-latest)	Post Run actions/checkout@v6	﻿2026-09-08T10:02:20.8207138Z Post job cleanup.
test (x86_64-unknown-linux-gnu, ubuntu-latest)	Post Run actions/checkout@v6	2026-09-08T10:02:20.9081401Z [command]/usr/bin/git version
test (x86_64-unknown-linux-gnu, ubuntu-latest)	Post Run actions/checkout@v6	2026-09-08T10:02:20.9125129Z git version 2.55.0
test (x86_64-unknown-linux-gnu, ubuntu-latest)	Post Run actions/checkout@v6	2026-09-08T10:02:20.9170014Z Temporarily overriding HOME='/home/runner/work/_temp/2279ffaa-15c1-468c-9a75-845fb5945291' before making global git config changes
test (x86_64-unknown-linux-gnu, ubuntu-latest)	Post Run actions/checkout@v6	2026-09-08T10:02:20.9171959Z Adding repository directory to the temporary git global config as a safe directory
test (x86_64-unknown-linux-gnu, ubuntu-latest)	Post Run actions/checkout@v6	2026-09-08T10:02:20.9177196Z [command]/usr/bin/git config --global --add safe.directory /home/runner/work/vig/vig
test (x86_64-unknown-linux-gnu, ubuntu-latest)	Post Run actions/checkout@v6	2026-09-08T10:02:20.9212618Z Removing SSH command configuration
test (x86_64-unknown-linux-gnu, ubuntu-latest)	Post Run actions/checkout@v6	2026-09-08T10:02:20.9221267Z [command]/usr/bin/git config --local --name-only --get-regexp core\.sshCommand
test (x86_64-unknown-linux-gnu, ubuntu-latest)	Post Run actions/checkout@v6	2026-09-08T10:02:20.9261741Z [command]/usr/bin/git submodule foreach --recursive sh -c "git config --local --name-only --get-regexp 'core\.sshCommand' && git config --local --unset-all 'core.sshCommand' || :"
test (x86_64-unknown-linux-gnu, ubuntu-latest)	Post Run actions/checkout@v6	2026-09-08T10:02:20.9523147Z Removing HTTP extra header
test (x86_64-unknown-linux-gnu, ubuntu-latest)	Post Run actions/checkout@v6	2026-09-08T10:02:20.9528716Z [command]/usr/bin/git config --local --name-only --get-regexp http\.https\:\/\/github\.com\/\.extraheader
test (x86_64-unknown-linux-gnu, ubuntu-latest)	Post Run actions/checkout@v6	2026-09-08T10:02:20.9565748Z [command]/usr/bin/git submodule foreach --recursive sh -c "git config --local --name-only --get-regexp 'http\.https\:\/\/github\.com\/\.extraheader' && git config --local --unset-all 'http.https://github.com/.extraheader' || :"
test (x86_64-unknown-linux-gnu, ubuntu-latest)	Post Run actions/checkout@v6	2026-09-08T10:02:20.9826191Z Removing includeIf entries pointing to credentials config files
test (x86_64-unknown-linux-gnu, ubuntu-latest)	Post Run actions/checkout@v6	2026-09-08T10:02:20.9837954Z [command]/usr/bin/git config --local --name-only --get-regexp ^includeIf\.gitdir:
test (x86_64-unknown-linux-gnu, ubuntu-latest)	Post Run actions/checkout@v6	2026-09-08T10:02:20.9867099Z includeif.gitdir:/home/runner/work/vig/vig/.git.path
test (x86_64-unknown-linux-gnu, ubuntu-latest)	Post Run actions/checkout@v6	2026-09-08T10:02:20.9868308Z includeif.gitdir:/home/runner/work/vig/vig/.git/worktrees/*.path
test (x86_64-unknown-linux-gnu, ubuntu-latest)	Post Run actions/checkout@v6	2026-09-08T10:02:20.9869048Z includeif.gitdir:/github/workspace/.git.path
test (x86_64-unknown-linux-gnu, ubuntu-latest)	Post Run actions/checkout@v6	2026-09-08T10:02:20.9869706Z includeif.gitdir:/github/workspace/.git/worktrees/*.path
test (x86_64-unknown-linux-gnu, ubuntu-latest)	Post Run actions/checkout@v6	2026-09-08T10:02:20.9878901Z [command]/usr/bin/git config --local --get-all includeif.gitdir:/home/runner/work/vig/vig/.git.path
test (x86_64-unknown-linux-gnu, ubuntu-latest)	Post Run actions/checkout@v6	2026-09-08T10:02:20.9912990Z /home/runner/work/_temp/git-credentials-d8a2f654-2a99-4652-b268-b537114cf6c7.config
test (x86_64-unknown-linux-gnu, ubuntu-latest)	Post Run actions/checkout@v6	2026-09-08T10:02:20.9927255Z [command]/usr/bin/git config --local --unset includeif.gitdir:/home/runner/work/vig/vig/.git.path /home/runner/work/_temp/git-credentials-d8a2f654-2a99-4652-b268-b537114cf6c7.config
test (x86_64-unknown-linux-gnu, ubuntu-latest)	Post Run actions/checkout@v6	2026-09-08T10:02:20.9970401Z [command]/usr/bin/git config --local --get-all includeif.gitdir:/home/runner/work/vig/vig/.git/worktrees/*.path
test (x86_64-unknown-linux-gnu, ubuntu-latest)	Post Run actions/checkout@v6	2026-09-08T10:02:21.0001765Z /home/runner/work/_temp/git-credentials-d8a2f654-2a99-4652-b268-b537114cf6c7.config
test (x86_64-unknown-linux-gnu, ubuntu-latest)	Post Run actions/checkout@v6	2026-09-08T10:02:21.0015289Z [command]/usr/bin/git config --local --unset includeif.gitdir:/home/runner/work/vig/vig/.git/worktrees/*.path /home/runner/work/_temp/git-credentials-d8a2f654-2a99-4652-b268-b537114cf6c7.config
test (x86_64-unknown-linux-gnu, ubuntu-latest)	Post Run actions/checkout@v6	2026-09-08T10:02:21.0057428Z [command]/usr/bin/git config --local --get-all includeif.gitdir:/github/workspace/.git.path
test (x86_64-unknown-linux-gnu, ubuntu-latest)	Post Run actions/checkout@v6	2026-09-08T10:02:21.0085233Z /github/runner_temp/git-credentials-d8a2f654-2a99-4652-b268-b537114cf6c7.config
test (x86_64-unknown-linux-gnu, ubuntu-latest)	Post Run actions/checkout@v6	2026-09-08T10:02:21.0094099Z [command]/usr/bin/git config --local --unset includeif.gitdir:/github/workspace/.git.path /github/runner_temp/git-credentials-d8a2f654-2a99-4652-b268-b537114cf6c7.config
test (x86_64-unknown-linux-gnu, ubuntu-latest)	Post Run actions/checkout@v6	2026-09-08T10:02:21.0133052Z [command]/usr/bin/git config --local --get-all includeif.gitdir:/github/workspace/.git/worktrees/*.path
test (x86_64-unknown-linux-gnu, ubuntu-latest)	Post Run actions/checkout@v6	2026-09-08T10:02:21.0160372Z /github/runner_temp/git-credentials-d8a2f654-2a99-4652-b268-b537114cf6c7.config
test (x86_64-unknown-linux-gnu, ubuntu-latest)	Post Run actions/checkout@v6	2026-09-08T10:02:21.0171497Z [command]/usr/bin/git config --local --unset includeif.gitdir:/github/workspace/.git/worktrees/*.path /github/runner_temp/git-credentials-d8a2f654-2a99-4652-b268-b537114cf6c7.config
test (x86_64-unknown-linux-gnu, ubuntu-latest)	Post Run actions/checkout@v6	2026-09-08T10:02:21.0209181Z [command]/usr/bin/git submodule foreach --recursive git config --local --show-origin --name-only --get-regexp remote.origin.url
test (x86_64-unknown-linux-gnu, ubuntu-latest)	Post Run actions/checkout@v6	2026-09-08T10:02:21.0436265Z Removing credentials config '/home/runner/work/_temp/git-credentials-d8a2f654-2a99-4652-b268-b537114cf6c7.config'
test (x86_64-unknown-linux-gnu, ubuntu-latest)	Complete job	﻿2026-09-08T10:02:21.0574919Z Cleaning up orphan processes
