build (x86_64-unknown-linux-gnu, ubuntu-latest)	Set up job	﻿2026-09-10T05:24:08.8515645Z Current runner version: '2.337.0'
build (x86_64-unknown-linux-gnu, ubuntu-latest)	Set up job	2026-09-10T05:24:08.8551281Z ##[group]Runner Image Provisioner
build (x86_64-unknown-linux-gnu, ubuntu-latest)	Set up job	2026-09-10T05:24:08.8552827Z Hosted Compute Agent
build (x86_64-unknown-linux-gnu, ubuntu-latest)	Set up job	2026-09-10T05:24:08.8553890Z Version: 20260828.587
build (x86_64-unknown-linux-gnu, ubuntu-latest)	Set up job	2026-09-10T05:24:08.8555072Z Commit: abac92662cab4cc7352de4f9f9d2e2419aad9c29
build (x86_64-unknown-linux-gnu, ubuntu-latest)	Set up job	2026-09-10T05:24:08.8556459Z Build Date: 2026-08-28T16:44:25Z
build (x86_64-unknown-linux-gnu, ubuntu-latest)	Set up job	2026-09-10T05:24:08.8557487Z Worker ID: {5bdf0521-481d-4e60-bbfa-e22ec359c8d2}
build (x86_64-unknown-linux-gnu, ubuntu-latest)	Set up job	2026-09-10T05:24:08.8558754Z Azure Region: centralus
build (x86_64-unknown-linux-gnu, ubuntu-latest)	Set up job	2026-09-10T05:24:08.8559741Z ##[endgroup]
build (x86_64-unknown-linux-gnu, ubuntu-latest)	Set up job	2026-09-10T05:24:08.8562859Z ##[group]Operating System
build (x86_64-unknown-linux-gnu, ubuntu-latest)	Set up job	2026-09-10T05:24:08.8563907Z Ubuntu
build (x86_64-unknown-linux-gnu, ubuntu-latest)	Set up job	2026-09-10T05:24:08.8564837Z 24.04.4
build (x86_64-unknown-linux-gnu, ubuntu-latest)	Set up job	2026-09-10T05:24:08.8566038Z LTS
build (x86_64-unknown-linux-gnu, ubuntu-latest)	Set up job	2026-09-10T05:24:08.8566967Z ##[endgroup]
build (x86_64-unknown-linux-gnu, ubuntu-latest)	Set up job	2026-09-10T05:24:08.8567948Z ##[group]Runner Image
build (x86_64-unknown-linux-gnu, ubuntu-latest)	Set up job	2026-09-10T05:24:08.8569143Z Image: ubuntu-24.04
build (x86_64-unknown-linux-gnu, ubuntu-latest)	Set up job	2026-09-10T05:24:08.8570176Z Version: 20260831.293.1
build (x86_64-unknown-linux-gnu, ubuntu-latest)	Set up job	2026-09-10T05:24:08.8571930Z Included Software: https://github.com/actions/runner-images/blob/ubuntu24/20260831.293/images/ubuntu/Ubuntu2404-Readme.md
build (x86_64-unknown-linux-gnu, ubuntu-latest)	Set up job	2026-09-10T05:24:08.8575032Z Image Release: https://github.com/actions/runner-images/releases/tag/ubuntu24%2F20260831.293
build (x86_64-unknown-linux-gnu, ubuntu-latest)	Set up job	2026-09-10T05:24:08.8576876Z ##[endgroup]
build (x86_64-unknown-linux-gnu, ubuntu-latest)	Set up job	2026-09-10T05:24:08.8579302Z ##[group]GITHUB_TOKEN Permissions
build (x86_64-unknown-linux-gnu, ubuntu-latest)	Set up job	2026-09-10T05:24:08.8582169Z Contents: read
build (x86_64-unknown-linux-gnu, ubuntu-latest)	Set up job	2026-09-10T05:24:08.8583354Z Metadata: read
build (x86_64-unknown-linux-gnu, ubuntu-latest)	Set up job	2026-09-10T05:24:08.8584301Z ##[endgroup]
build (x86_64-unknown-linux-gnu, ubuntu-latest)	Set up job	2026-09-10T05:24:08.8587604Z Secret source: Actions
build (x86_64-unknown-linux-gnu, ubuntu-latest)	Set up job	2026-09-10T05:24:08.8589185Z Cache mode: write
build (x86_64-unknown-linux-gnu, ubuntu-latest)	Set up job	2026-09-10T05:24:08.8590464Z Prepare workflow directory
build (x86_64-unknown-linux-gnu, ubuntu-latest)	Set up job	2026-09-10T05:24:08.8968907Z Prepare all required actions
build (x86_64-unknown-linux-gnu, ubuntu-latest)	Set up job	2026-09-10T05:24:08.9035799Z Getting action download info
build (x86_64-unknown-linux-gnu, ubuntu-latest)	Set up job	2026-09-10T05:24:09.1642060Z Download action repository 'actions/checkout@v6' (SHA:d23441a48e516b6c34aea4fa41551a30e30af803)
build (x86_64-unknown-linux-gnu, ubuntu-latest)	Set up job	2026-09-10T05:24:09.3123323Z Download action repository 'actions-rust-lang/setup-rust-toolchain@v1' (SHA:166cdcfd11aee3cb47222f9ddb555ce30ddb9659)
build (x86_64-unknown-linux-gnu, ubuntu-latest)	Set up job	2026-09-10T05:24:09.4845005Z Download action repository 'actions/upload-artifact@v6' (SHA:b7c566a772e6b6bfb58ed0dc250532a479d7789f)
build (x86_64-unknown-linux-gnu, ubuntu-latest)	Set up job	2026-09-10T05:24:09.7001459Z Getting action download info
build (x86_64-unknown-linux-gnu, ubuntu-latest)	Set up job	2026-09-10T05:24:09.8130350Z Download action repository 'Swatinem/rust-cache@c19371144df3bb44fab255c43d04cbc2ab54d1c4' (SHA:c19371144df3bb44fab255c43d04cbc2ab54d1c4)
build (x86_64-unknown-linux-gnu, ubuntu-latest)	Set up job	2026-09-10T05:24:10.6190572Z Complete job name: build (x86_64-unknown-linux-gnu, ubuntu-latest)
build (x86_64-unknown-linux-gnu, ubuntu-latest)	Run actions/checkout@v6	﻿2026-09-10T05:24:10.7041597Z ##[group]Run actions/checkout@v6
build (x86_64-unknown-linux-gnu, ubuntu-latest)	Run actions/checkout@v6	2026-09-10T05:24:10.7042525Z with:
build (x86_64-unknown-linux-gnu, ubuntu-latest)	Run actions/checkout@v6	2026-09-10T05:24:10.7043003Z   repository: td72/vig
build (x86_64-unknown-linux-gnu, ubuntu-latest)	Run actions/checkout@v6	2026-09-10T05:24:10.7047294Z   token: ***
build (x86_64-unknown-linux-gnu, ubuntu-latest)	Run actions/checkout@v6	2026-09-10T05:24:10.7047793Z   ssh-strict: true
build (x86_64-unknown-linux-gnu, ubuntu-latest)	Run actions/checkout@v6	2026-09-10T05:24:10.7048284Z   ssh-user: git
build (x86_64-unknown-linux-gnu, ubuntu-latest)	Run actions/checkout@v6	2026-09-10T05:24:10.7048773Z   persist-credentials: true
build (x86_64-unknown-linux-gnu, ubuntu-latest)	Run actions/checkout@v6	2026-09-10T05:24:10.7049307Z   clean: true
build (x86_64-unknown-linux-gnu, ubuntu-latest)	Run actions/checkout@v6	2026-09-10T05:24:10.7049808Z   sparse-checkout-cone-mode: true
build (x86_64-unknown-linux-gnu, ubuntu-latest)	Run actions/checkout@v6	2026-09-10T05:24:10.7050381Z   fetch-depth: 1
build (x86_64-unknown-linux-gnu, ubuntu-latest)	Run actions/checkout@v6	2026-09-10T05:24:10.7050863Z   fetch-tags: false
build (x86_64-unknown-linux-gnu, ubuntu-latest)	Run actions/checkout@v6	2026-09-10T05:24:10.7051348Z   show-progress: true
build (x86_64-unknown-linux-gnu, ubuntu-latest)	Run actions/checkout@v6	2026-09-10T05:24:10.7051834Z   lfs: false
build (x86_64-unknown-linux-gnu, ubuntu-latest)	Run actions/checkout@v6	2026-09-10T05:24:10.7052290Z   submodules: false
build (x86_64-unknown-linux-gnu, ubuntu-latest)	Run actions/checkout@v6	2026-09-10T05:24:10.7052841Z   set-safe-directory: true
build (x86_64-unknown-linux-gnu, ubuntu-latest)	Run actions/checkout@v6	2026-09-10T05:24:10.7053396Z   allow-unsafe-pr-checkout: false
build (x86_64-unknown-linux-gnu, ubuntu-latest)	Run actions/checkout@v6	2026-09-10T05:24:10.7054204Z ##[endgroup]
build (x86_64-unknown-linux-gnu, ubuntu-latest)	Run actions/checkout@v6	2026-09-10T05:24:10.8112715Z Syncing repository: td72/vig
build (x86_64-unknown-linux-gnu, ubuntu-latest)	Run actions/checkout@v6	2026-09-10T05:24:10.8115903Z ##[group]Getting Git version info
build (x86_64-unknown-linux-gnu, ubuntu-latest)	Run actions/checkout@v6	2026-09-10T05:24:10.8117276Z Working directory is '/home/runner/work/vig/vig'
build (x86_64-unknown-linux-gnu, ubuntu-latest)	Run actions/checkout@v6	2026-09-10T05:24:10.8119293Z [command]/usr/bin/git version
build (x86_64-unknown-linux-gnu, ubuntu-latest)	Run actions/checkout@v6	2026-09-10T05:24:10.8146481Z git version 2.55.0
build (x86_64-unknown-linux-gnu, ubuntu-latest)	Run actions/checkout@v6	2026-09-10T05:24:10.8183860Z ##[endgroup]
build (x86_64-unknown-linux-gnu, ubuntu-latest)	Run actions/checkout@v6	2026-09-10T05:24:10.8270214Z Temporarily overriding HOME='/home/runner/work/_temp/61f1458a-1d36-4607-a5e7-2ffa6b0a82cf' before making global git config changes
build (x86_64-unknown-linux-gnu, ubuntu-latest)	Run actions/checkout@v6	2026-09-10T05:24:10.8275898Z Adding repository directory to the temporary git global config as a safe directory
build (x86_64-unknown-linux-gnu, ubuntu-latest)	Run actions/checkout@v6	2026-09-10T05:24:10.8277852Z [command]/usr/bin/git config --global --add safe.directory /home/runner/work/vig/vig
build (x86_64-unknown-linux-gnu, ubuntu-latest)	Run actions/checkout@v6	2026-09-10T05:24:10.8335525Z Deleting the contents of '/home/runner/work/vig/vig'
build (x86_64-unknown-linux-gnu, ubuntu-latest)	Run actions/checkout@v6	2026-09-10T05:24:10.8340341Z ##[group]Determining repository object format
build (x86_64-unknown-linux-gnu, ubuntu-latest)	Run actions/checkout@v6	2026-09-10T05:24:10.8342566Z ##[endgroup]
build (x86_64-unknown-linux-gnu, ubuntu-latest)	Run actions/checkout@v6	2026-09-10T05:24:10.8343853Z ##[group]Initializing the repository
build (x86_64-unknown-linux-gnu, ubuntu-latest)	Run actions/checkout@v6	2026-09-10T05:24:10.8346788Z [command]/usr/bin/git init /home/runner/work/vig/vig
build (x86_64-unknown-linux-gnu, ubuntu-latest)	Run actions/checkout@v6	2026-09-10T05:24:10.8430636Z hint: Using 'master' as the name for the initial branch. This default branch name
build (x86_64-unknown-linux-gnu, ubuntu-latest)	Run actions/checkout@v6	2026-09-10T05:24:10.8432824Z hint: will change to "main" in Git 3.0. To configure the initial branch name
build (x86_64-unknown-linux-gnu, ubuntu-latest)	Run actions/checkout@v6	2026-09-10T05:24:10.8435393Z hint: to use in all of your new repositories, which will suppress this warning,
build (x86_64-unknown-linux-gnu, ubuntu-latest)	Run actions/checkout@v6	2026-09-10T05:24:10.8436986Z hint: call:
build (x86_64-unknown-linux-gnu, ubuntu-latest)	Run actions/checkout@v6	2026-09-10T05:24:10.8438175Z hint:
build (x86_64-unknown-linux-gnu, ubuntu-latest)	Run actions/checkout@v6	2026-09-10T05:24:10.8439264Z hint: 	git config --global init.defaultBranch <name>
build (x86_64-unknown-linux-gnu, ubuntu-latest)	Run actions/checkout@v6	2026-09-10T05:24:10.8440452Z hint:
build (x86_64-unknown-linux-gnu, ubuntu-latest)	Run actions/checkout@v6	2026-09-10T05:24:10.8441586Z hint: Names commonly chosen instead of 'master' are 'main', 'trunk' and
build (x86_64-unknown-linux-gnu, ubuntu-latest)	Run actions/checkout@v6	2026-09-10T05:24:10.8443426Z hint: 'development'. The just-created branch can be renamed via this command:
build (x86_64-unknown-linux-gnu, ubuntu-latest)	Run actions/checkout@v6	2026-09-10T05:24:10.8444802Z hint:
build (x86_64-unknown-linux-gnu, ubuntu-latest)	Run actions/checkout@v6	2026-09-10T05:24:10.8446004Z hint: 	git branch -m <name>
build (x86_64-unknown-linux-gnu, ubuntu-latest)	Run actions/checkout@v6	2026-09-10T05:24:10.8447047Z hint:
build (x86_64-unknown-linux-gnu, ubuntu-latest)	Run actions/checkout@v6	2026-09-10T05:24:10.8546048Z hint: Disable this message with "git config set advice.defaultBranchName false"
build (x86_64-unknown-linux-gnu, ubuntu-latest)	Run actions/checkout@v6	2026-09-10T05:24:10.8548320Z Initialized empty Git repository in /home/runner/work/vig/vig/.git/
build (x86_64-unknown-linux-gnu, ubuntu-latest)	Run actions/checkout@v6	2026-09-10T05:24:10.8551605Z [command]/usr/bin/git remote add origin https://github.com/td72/vig
build (x86_64-unknown-linux-gnu, ubuntu-latest)	Run actions/checkout@v6	2026-09-10T05:24:10.8554594Z ##[endgroup]
build (x86_64-unknown-linux-gnu, ubuntu-latest)	Run actions/checkout@v6	2026-09-10T05:24:10.8556268Z ##[group]Disabling automatic garbage collection
build (x86_64-unknown-linux-gnu, ubuntu-latest)	Run actions/checkout@v6	2026-09-10T05:24:10.8557547Z [command]/usr/bin/git config --local gc.auto 0
build (x86_64-unknown-linux-gnu, ubuntu-latest)	Run actions/checkout@v6	2026-09-10T05:24:10.8565983Z ##[endgroup]
build (x86_64-unknown-linux-gnu, ubuntu-latest)	Run actions/checkout@v6	2026-09-10T05:24:10.8567311Z ##[group]Setting up auth
build (x86_64-unknown-linux-gnu, ubuntu-latest)	Run actions/checkout@v6	2026-09-10T05:24:10.8568306Z Removing SSH command configuration
build (x86_64-unknown-linux-gnu, ubuntu-latest)	Run actions/checkout@v6	2026-09-10T05:24:10.8569688Z [command]/usr/bin/git config --local --name-only --get-regexp core\.sshCommand
build (x86_64-unknown-linux-gnu, ubuntu-latest)	Run actions/checkout@v6	2026-09-10T05:24:10.8617568Z [command]/usr/bin/git submodule foreach --recursive sh -c "git config --local --name-only --get-regexp 'core\.sshCommand' && git config --local --unset-all 'core.sshCommand' || :"
build (x86_64-unknown-linux-gnu, ubuntu-latest)	Run actions/checkout@v6	2026-09-10T05:24:10.9007612Z Removing HTTP extra header
build (x86_64-unknown-linux-gnu, ubuntu-latest)	Run actions/checkout@v6	2026-09-10T05:24:10.9009387Z [command]/usr/bin/git config --local --name-only --get-regexp http\.https\:\/\/github\.com\/\.extraheader
build (x86_64-unknown-linux-gnu, ubuntu-latest)	Run actions/checkout@v6	2026-09-10T05:24:10.9114365Z [command]/usr/bin/git submodule foreach --recursive sh -c "git config --local --name-only --get-regexp 'http\.https\:\/\/github\.com\/\.extraheader' && git config --local --unset-all 'http.https://github.com/.extraheader' || :"
build (x86_64-unknown-linux-gnu, ubuntu-latest)	Run actions/checkout@v6	2026-09-10T05:24:10.9376502Z Removing includeIf entries pointing to credentials config files
build (x86_64-unknown-linux-gnu, ubuntu-latest)	Run actions/checkout@v6	2026-09-10T05:24:10.9378885Z [command]/usr/bin/git config --local --name-only --get-regexp ^includeIf\.gitdir:
build (x86_64-unknown-linux-gnu, ubuntu-latest)	Run actions/checkout@v6	2026-09-10T05:24:10.9415563Z [command]/usr/bin/git submodule foreach --recursive git config --local --show-origin --name-only --get-regexp remote.origin.url
build (x86_64-unknown-linux-gnu, ubuntu-latest)	Run actions/checkout@v6	2026-09-10T05:24:10.9671305Z [command]/usr/bin/git config --file /home/runner/work/_temp/git-credentials-c65e52ad-74c6-4d0f-b93b-f50b5a975a8b.config http.https://github.com/.extraheader AUTHORIZATION: basic ***
build (x86_64-unknown-linux-gnu, ubuntu-latest)	Run actions/checkout@v6	2026-09-10T05:24:10.9715771Z [command]/usr/bin/git config --local includeIf.gitdir:/home/runner/work/vig/vig/.git.path /home/runner/work/_temp/git-credentials-c65e52ad-74c6-4d0f-b93b-f50b5a975a8b.config
build (x86_64-unknown-linux-gnu, ubuntu-latest)	Run actions/checkout@v6	2026-09-10T05:24:10.9752526Z [command]/usr/bin/git config --local includeIf.gitdir:/home/runner/work/vig/vig/.git/worktrees/*.path /home/runner/work/_temp/git-credentials-c65e52ad-74c6-4d0f-b93b-f50b5a975a8b.config
build (x86_64-unknown-linux-gnu, ubuntu-latest)	Run actions/checkout@v6	2026-09-10T05:24:10.9790221Z [command]/usr/bin/git config --local includeIf.gitdir:/github/workspace/.git.path /github/runner_temp/git-credentials-c65e52ad-74c6-4d0f-b93b-f50b5a975a8b.config
build (x86_64-unknown-linux-gnu, ubuntu-latest)	Run actions/checkout@v6	2026-09-10T05:24:10.9829252Z [command]/usr/bin/git config --local includeIf.gitdir:/github/workspace/.git/worktrees/*.path /github/runner_temp/git-credentials-c65e52ad-74c6-4d0f-b93b-f50b5a975a8b.config
build (x86_64-unknown-linux-gnu, ubuntu-latest)	Run actions/checkout@v6	2026-09-10T05:24:10.9864931Z ##[endgroup]
build (x86_64-unknown-linux-gnu, ubuntu-latest)	Run actions/checkout@v6	2026-09-10T05:24:10.9866480Z ##[group]Fetching the repository
build (x86_64-unknown-linux-gnu, ubuntu-latest)	Run actions/checkout@v6	2026-09-10T05:24:10.9872708Z [command]/usr/bin/git -c protocol.version=2 fetch --no-tags --prune --no-recurse-submodules --depth=1 origin +refs/tags/v0.15.0:refs/tags/v0.15.0
build (x86_64-unknown-linux-gnu, ubuntu-latest)	Run actions/checkout@v6	2026-09-10T05:24:11.6931686Z From https://github.com/td72/vig
build (x86_64-unknown-linux-gnu, ubuntu-latest)	Run actions/checkout@v6	2026-09-10T05:24:11.6934452Z  * [new tag]         v0.15.0    -> v0.15.0
build (x86_64-unknown-linux-gnu, ubuntu-latest)	Run actions/checkout@v6	2026-09-10T05:24:11.6944264Z [command]/usr/bin/git tag --list v0.15.0
build (x86_64-unknown-linux-gnu, ubuntu-latest)	Run actions/checkout@v6	2026-09-10T05:24:11.6978857Z v0.15.0
build (x86_64-unknown-linux-gnu, ubuntu-latest)	Run actions/checkout@v6	2026-09-10T05:24:11.6988366Z [command]/usr/bin/git rev-parse refs/tags/v0.15.0^{commit}
build (x86_64-unknown-linux-gnu, ubuntu-latest)	Run actions/checkout@v6	2026-09-10T05:24:11.7017086Z 1bd14efedbab67c12b4e48f234008c581d850d59
build (x86_64-unknown-linux-gnu, ubuntu-latest)	Run actions/checkout@v6	2026-09-10T05:24:11.7022227Z ##[endgroup]
build (x86_64-unknown-linux-gnu, ubuntu-latest)	Run actions/checkout@v6	2026-09-10T05:24:11.7023845Z ##[group]Determining the checkout info
build (x86_64-unknown-linux-gnu, ubuntu-latest)	Run actions/checkout@v6	2026-09-10T05:24:11.7025947Z ##[endgroup]
build (x86_64-unknown-linux-gnu, ubuntu-latest)	Run actions/checkout@v6	2026-09-10T05:24:11.7027414Z [command]/usr/bin/git sparse-checkout disable
build (x86_64-unknown-linux-gnu, ubuntu-latest)	Run actions/checkout@v6	2026-09-10T05:24:11.7077941Z [command]/usr/bin/git config --local --unset-all extensions.worktreeConfig
build (x86_64-unknown-linux-gnu, ubuntu-latest)	Run actions/checkout@v6	2026-09-10T05:24:11.7110354Z ##[group]Checking out the ref
build (x86_64-unknown-linux-gnu, ubuntu-latest)	Run actions/checkout@v6	2026-09-10T05:24:11.7112965Z [command]/usr/bin/git checkout --progress --force refs/tags/v0.15.0
build (x86_64-unknown-linux-gnu, ubuntu-latest)	Run actions/checkout@v6	2026-09-10T05:24:12.5131686Z Note: switching to 'refs/tags/v0.15.0'.
build (x86_64-unknown-linux-gnu, ubuntu-latest)	Run actions/checkout@v6	2026-09-10T05:24:12.5136996Z 
build (x86_64-unknown-linux-gnu, ubuntu-latest)	Run actions/checkout@v6	2026-09-10T05:24:12.5137535Z You are in 'detached HEAD' state. You can look around, make experimental
build (x86_64-unknown-linux-gnu, ubuntu-latest)	Run actions/checkout@v6	2026-09-10T05:24:12.5138437Z changes and commit them, and you can discard any commits you make in this
build (x86_64-unknown-linux-gnu, ubuntu-latest)	Run actions/checkout@v6	2026-09-10T05:24:12.5139230Z state without impacting any branches by switching back to a branch.
build (x86_64-unknown-linux-gnu, ubuntu-latest)	Run actions/checkout@v6	2026-09-10T05:24:12.5139686Z 
build (x86_64-unknown-linux-gnu, ubuntu-latest)	Run actions/checkout@v6	2026-09-10T05:24:12.5140055Z If you want to create a new branch to retain commits you create, you may
build (x86_64-unknown-linux-gnu, ubuntu-latest)	Run actions/checkout@v6	2026-09-10T05:24:12.5141358Z do so (now or later) by using -c with the switch command. Example:
build (x86_64-unknown-linux-gnu, ubuntu-latest)	Run actions/checkout@v6	2026-09-10T05:24:12.5141819Z 
build (x86_64-unknown-linux-gnu, ubuntu-latest)	Run actions/checkout@v6	2026-09-10T05:24:12.5142012Z   git switch -c <new-branch-name>
build (x86_64-unknown-linux-gnu, ubuntu-latest)	Run actions/checkout@v6	2026-09-10T05:24:12.5142313Z 
build (x86_64-unknown-linux-gnu, ubuntu-latest)	Run actions/checkout@v6	2026-09-10T05:24:12.5142505Z Or undo this operation with:
build (x86_64-unknown-linux-gnu, ubuntu-latest)	Run actions/checkout@v6	2026-09-10T05:24:12.5142771Z 
build (x86_64-unknown-linux-gnu, ubuntu-latest)	Run actions/checkout@v6	2026-09-10T05:24:12.5142935Z   git switch -
build (x86_64-unknown-linux-gnu, ubuntu-latest)	Run actions/checkout@v6	2026-09-10T05:24:12.5143133Z 
build (x86_64-unknown-linux-gnu, ubuntu-latest)	Run actions/checkout@v6	2026-09-10T05:24:12.5143537Z Turn off this advice by setting config variable advice.detachedHead to false
build (x86_64-unknown-linux-gnu, ubuntu-latest)	Run actions/checkout@v6	2026-09-10T05:24:12.5144055Z 
build (x86_64-unknown-linux-gnu, ubuntu-latest)	Run actions/checkout@v6	2026-09-10T05:24:12.5144365Z HEAD is now at 1bd14ef Merge pull request #184 from td72/release/0.15.0
build (x86_64-unknown-linux-gnu, ubuntu-latest)	Run actions/checkout@v6	2026-09-10T05:24:12.5498294Z ##[endgroup]
build (x86_64-unknown-linux-gnu, ubuntu-latest)	Run actions/checkout@v6	2026-09-10T05:24:12.5548598Z [command]/usr/bin/git log -1 --format=%H
build (x86_64-unknown-linux-gnu, ubuntu-latest)	Run actions/checkout@v6	2026-09-10T05:24:12.5578592Z 1bd14efedbab67c12b4e48f234008c581d850d59
build (x86_64-unknown-linux-gnu, ubuntu-latest)	Run actions-rust-lang/setup-rust-toolchain@v1	﻿2026-09-10T05:24:12.6018422Z ##[group]Run actions-rust-lang/setup-rust-toolchain@v1
build (x86_64-unknown-linux-gnu, ubuntu-latest)	Run actions-rust-lang/setup-rust-toolchain@v1	2026-09-10T05:24:12.6018804Z with:
build (x86_64-unknown-linux-gnu, ubuntu-latest)	Run actions-rust-lang/setup-rust-toolchain@v1	2026-09-10T05:24:12.6019014Z   cache: true
build (x86_64-unknown-linux-gnu, ubuntu-latest)	Run actions-rust-lang/setup-rust-toolchain@v1	2026-09-10T05:24:12.6019232Z   cache-on-failure: true
build (x86_64-unknown-linux-gnu, ubuntu-latest)	Run actions-rust-lang/setup-rust-toolchain@v1	2026-09-10T05:24:12.6019492Z   cache-bin: true
build (x86_64-unknown-linux-gnu, ubuntu-latest)	Run actions-rust-lang/setup-rust-toolchain@v1	2026-09-10T05:24:12.6019715Z   cache-provider: github
build (x86_64-unknown-linux-gnu, ubuntu-latest)	Run actions-rust-lang/setup-rust-toolchain@v1	2026-09-10T05:24:12.6019950Z   cache-all-crates: false
build (x86_64-unknown-linux-gnu, ubuntu-latest)	Run actions-rust-lang/setup-rust-toolchain@v1	2026-09-10T05:24:12.6020200Z   cache-workspace-crates: false
build (x86_64-unknown-linux-gnu, ubuntu-latest)	Run actions-rust-lang/setup-rust-toolchain@v1	2026-09-10T05:24:12.6020478Z   cache-save-if: true
build (x86_64-unknown-linux-gnu, ubuntu-latest)	Run actions-rust-lang/setup-rust-toolchain@v1	2026-09-10T05:24:12.6020724Z   cache-targets: true
build (x86_64-unknown-linux-gnu, ubuntu-latest)	Run actions-rust-lang/setup-rust-toolchain@v1	2026-09-10T05:24:12.6020946Z   matcher: true
build (x86_64-unknown-linux-gnu, ubuntu-latest)	Run actions-rust-lang/setup-rust-toolchain@v1	2026-09-10T05:24:12.6021198Z   rustflags: -D warnings
build (x86_64-unknown-linux-gnu, ubuntu-latest)	Run actions-rust-lang/setup-rust-toolchain@v1	2026-09-10T05:24:12.6021430Z   override: true
build (x86_64-unknown-linux-gnu, ubuntu-latest)	Run actions-rust-lang/setup-rust-toolchain@v1	2026-09-10T05:24:12.6021644Z ##[endgroup]
build (x86_64-unknown-linux-gnu, ubuntu-latest)	Run actions-rust-lang/setup-rust-toolchain@v1	2026-09-10T05:24:12.6081401Z ##[start-action display=Unbork mac;id=__actions-rust-lang_setup-rust-toolchain.__run]
build (x86_64-unknown-linux-gnu, ubuntu-latest)	Run actions-rust-lang/setup-rust-toolchain@v1	2026-09-10T05:24:12.6099805Z ##[end-action id=__actions-rust-lang_setup-rust-toolchain.__run;outcome=skipped;conclusion=skipped;duration_ms=0]
build (x86_64-unknown-linux-gnu, ubuntu-latest)	Run actions-rust-lang/setup-rust-toolchain@v1	2026-09-10T05:24:12.6147613Z ##[start-action display=Run : construct rustup command line;id=__actions-rust-lang_setup-rust-toolchain.flags]
build (x86_64-unknown-linux-gnu, ubuntu-latest)	Run actions-rust-lang/setup-rust-toolchain@v1	2026-09-10T05:24:12.6188948Z ##[group]Run : construct rustup command line
build (x86_64-unknown-linux-gnu, ubuntu-latest)	Run actions-rust-lang/setup-rust-toolchain@v1	2026-09-10T05:24:12.6189426Z ^[[36;1m: construct rustup command line^[[0m
build (x86_64-unknown-linux-gnu, ubuntu-latest)	Run actions-rust-lang/setup-rust-toolchain@v1	2026-09-10T05:24:12.6189955Z ^[[36;1mecho "targets=$(for t in ${_srt_targets//,/ }; do echo -n ' --target' $t; done)" >> $GITHUB_OUTPUT^[[0m
build (x86_64-unknown-linux-gnu, ubuntu-latest)	Run actions-rust-lang/setup-rust-toolchain@v1	2026-09-10T05:24:12.6190647Z ^[[36;1mecho "components=$(for c in ${_srt_components//,/ }; do echo -n ' --component' $c; done)" >> $GITHUB_OUTPUT^[[0m
build (x86_64-unknown-linux-gnu, ubuntu-latest)	Run actions-rust-lang/setup-rust-toolchain@v1	2026-09-10T05:24:12.6191169Z ^[[36;1mecho "downgrade=" >> $GITHUB_OUTPUT^[[0m
build (x86_64-unknown-linux-gnu, ubuntu-latest)	Run actions-rust-lang/setup-rust-toolchain@v1	2026-09-10T05:24:12.6238910Z shell: /usr/bin/bash --noprofile --norc -e -o pipefail {0}
build (x86_64-unknown-linux-gnu, ubuntu-latest)	Run actions-rust-lang/setup-rust-toolchain@v1	2026-09-10T05:24:12.6239304Z env:
build (x86_64-unknown-linux-gnu, ubuntu-latest)	Run actions-rust-lang/setup-rust-toolchain@v1	2026-09-10T05:24:12.6239523Z   _srt_targets: 
build (x86_64-unknown-linux-gnu, ubuntu-latest)	Run actions-rust-lang/setup-rust-toolchain@v1	2026-09-10T05:24:12.6239748Z   _srt_components: 
build (x86_64-unknown-linux-gnu, ubuntu-latest)	Run actions-rust-lang/setup-rust-toolchain@v1	2026-09-10T05:24:12.6240199Z ##[endgroup]
build (x86_64-unknown-linux-gnu, ubuntu-latest)	Run actions-rust-lang/setup-rust-toolchain@v1	2026-09-10T05:24:12.6396866Z ##[end-action id=__actions-rust-lang_setup-rust-toolchain.flags;outcome=success;conclusion=success;duration_ms=24]
build (x86_64-unknown-linux-gnu, ubuntu-latest)	Run actions-rust-lang/setup-rust-toolchain@v1	2026-09-10T05:24:12.6403202Z ##[start-action display=Setting Environment Variables;id=__actions-rust-lang_setup-rust-toolchain.__run_2]
build (x86_64-unknown-linux-gnu, ubuntu-latest)	Run actions-rust-lang/setup-rust-toolchain@v1	2026-09-10T05:24:12.6423434Z ##[group]Run if [[ ! -v CARGO_INCREMENTAL ]]; then
build (x86_64-unknown-linux-gnu, ubuntu-latest)	Run actions-rust-lang/setup-rust-toolchain@v1	2026-09-10T05:24:12.6423850Z ^[[36;1mif [[ ! -v CARGO_INCREMENTAL ]]; then^[[0m
build (x86_64-unknown-linux-gnu, ubuntu-latest)	Run actions-rust-lang/setup-rust-toolchain@v1	2026-09-10T05:24:12.6424193Z ^[[36;1m  echo "CARGO_INCREMENTAL=0" >> $GITHUB_ENV^[[0m
build (x86_64-unknown-linux-gnu, ubuntu-latest)	Run actions-rust-lang/setup-rust-toolchain@v1	2026-09-10T05:24:12.6424501Z ^[[36;1mfi^[[0m
build (x86_64-unknown-linux-gnu, ubuntu-latest)	Run actions-rust-lang/setup-rust-toolchain@v1	2026-09-10T05:24:12.6424746Z ^[[36;1mif [[ ! -v CARGO_PROFILE_DEV_DEBUG ]]; then^[[0m
build (x86_64-unknown-linux-gnu, ubuntu-latest)	Run actions-rust-lang/setup-rust-toolchain@v1	2026-09-10T05:24:12.6425101Z ^[[36;1m  echo "CARGO_PROFILE_DEV_DEBUG=0" >> $GITHUB_ENV^[[0m
build (x86_64-unknown-linux-gnu, ubuntu-latest)	Run actions-rust-lang/setup-rust-toolchain@v1	2026-09-10T05:24:12.6425656Z ^[[36;1mfi^[[0m
build (x86_64-unknown-linux-gnu, ubuntu-latest)	Run actions-rust-lang/setup-rust-toolchain@v1	2026-09-10T05:24:12.6425886Z ^[[36;1mif [[ ! -v CARGO_TERM_COLOR ]]; then^[[0m
build (x86_64-unknown-linux-gnu, ubuntu-latest)	Run actions-rust-lang/setup-rust-toolchain@v1	2026-09-10T05:24:12.6426237Z ^[[36;1m  echo "CARGO_TERM_COLOR=always" >> $GITHUB_ENV^[[0m
build (x86_64-unknown-linux-gnu, ubuntu-latest)	Run actions-rust-lang/setup-rust-toolchain@v1	2026-09-10T05:24:12.6426566Z ^[[36;1mfi^[[0m
build (x86_64-unknown-linux-gnu, ubuntu-latest)	Run actions-rust-lang/setup-rust-toolchain@v1	2026-09-10T05:24:12.6426796Z ^[[36;1mif [[ ! -v RUST_BACKTRACE ]]; then^[[0m
build (x86_64-unknown-linux-gnu, ubuntu-latest)	Run actions-rust-lang/setup-rust-toolchain@v1	2026-09-10T05:24:12.6427126Z ^[[36;1m  echo "RUST_BACKTRACE=short" >> $GITHUB_ENV^[[0m
build (x86_64-unknown-linux-gnu, ubuntu-latest)	Run actions-rust-lang/setup-rust-toolchain@v1	2026-09-10T05:24:12.6427429Z ^[[36;1mfi^[[0m
build (x86_64-unknown-linux-gnu, ubuntu-latest)	Run actions-rust-lang/setup-rust-toolchain@v1	2026-09-10T05:24:12.6427719Z ^[[36;1mif [[ ( ! -v RUSTFLAGS ) && $_srt_NEW_RUSTFLAGS != "" ]]; then^[[0m
build (x86_64-unknown-linux-gnu, ubuntu-latest)	Run actions-rust-lang/setup-rust-toolchain@v1	2026-09-10T05:24:12.6428130Z ^[[36;1m  echo "RUSTFLAGS=$_srt_NEW_RUSTFLAGS" >> $GITHUB_ENV^[[0m
build (x86_64-unknown-linux-gnu, ubuntu-latest)	Run actions-rust-lang/setup-rust-toolchain@v1	2026-09-10T05:24:12.6428449Z ^[[36;1mfi^[[0m
build (x86_64-unknown-linux-gnu, ubuntu-latest)	Run actions-rust-lang/setup-rust-toolchain@v1	2026-09-10T05:24:12.6428697Z ^[[36;1m# Enable faster sparse index on nightly^[[0m
build (x86_64-unknown-linux-gnu, ubuntu-latest)	Run actions-rust-lang/setup-rust-toolchain@v1	2026-09-10T05:24:12.6429082Z ^[[36;1m# The value is ignored on stable and causes no problems^[[0m
build (x86_64-unknown-linux-gnu, ubuntu-latest)	Run actions-rust-lang/setup-rust-toolchain@v1	2026-09-10T05:24:12.6429647Z ^[[36;1m# https://internals.rust-lang.org/t/call-for-testing-cargo-sparse-registry/16862^[[0m
build (x86_64-unknown-linux-gnu, ubuntu-latest)	Run actions-rust-lang/setup-rust-toolchain@v1	2026-09-10T05:24:12.6430204Z ^[[36;1mif [[ ! -v CARGO_UNSTABLE_SPARSE_REGISTRY ]]; then^[[0m
build (x86_64-unknown-linux-gnu, ubuntu-latest)	Run actions-rust-lang/setup-rust-toolchain@v1	2026-09-10T05:24:12.6430770Z ^[[36;1m  echo "CARGO_UNSTABLE_SPARSE_REGISTRY=true" >> $GITHUB_ENV^[[0m
build (x86_64-unknown-linux-gnu, ubuntu-latest)	Run actions-rust-lang/setup-rust-toolchain@v1	2026-09-10T05:24:12.6431223Z ^[[36;1mfi^[[0m
build (x86_64-unknown-linux-gnu, ubuntu-latest)	Run actions-rust-lang/setup-rust-toolchain@v1	2026-09-10T05:24:12.6431598Z ^[[36;1mif [[ ! -v CARGO_REGISTRIES_CRATES_IO_PROTOCOL ]]; then^[[0m
build (x86_64-unknown-linux-gnu, ubuntu-latest)	Run actions-rust-lang/setup-rust-toolchain@v1	2026-09-10T05:24:12.6432040Z ^[[36;1m  echo "CARGO_REGISTRIES_CRATES_IO_PROTOCOL=sparse" >> $GITHUB_ENV^[[0m
build (x86_64-unknown-linux-gnu, ubuntu-latest)	Run actions-rust-lang/setup-rust-toolchain@v1	2026-09-10T05:24:12.6432413Z ^[[36;1mfi^[[0m
build (x86_64-unknown-linux-gnu, ubuntu-latest)	Run actions-rust-lang/setup-rust-toolchain@v1	2026-09-10T05:24:12.6475720Z shell: /usr/bin/bash --noprofile --norc -e -o pipefail {0}
build (x86_64-unknown-linux-gnu, ubuntu-latest)	Run actions-rust-lang/setup-rust-toolchain@v1	2026-09-10T05:24:12.6476148Z env:
build (x86_64-unknown-linux-gnu, ubuntu-latest)	Run actions-rust-lang/setup-rust-toolchain@v1	2026-09-10T05:24:12.6476383Z   _srt_NEW_RUSTFLAGS: -D warnings
build (x86_64-unknown-linux-gnu, ubuntu-latest)	Run actions-rust-lang/setup-rust-toolchain@v1	2026-09-10T05:24:12.6476712Z ##[endgroup]
build (x86_64-unknown-linux-gnu, ubuntu-latest)	Run actions-rust-lang/setup-rust-toolchain@v1	2026-09-10T05:24:12.6558682Z ##[end-action id=__actions-rust-lang_setup-rust-toolchain.__run_2;outcome=success;conclusion=success;duration_ms=15]
build (x86_64-unknown-linux-gnu, ubuntu-latest)	Run actions-rust-lang/setup-rust-toolchain@v1	2026-09-10T05:24:12.6562094Z ##[start-action display=Install Rust Problem Matcher;id=__actions-rust-lang_setup-rust-toolchain.__run_3]
build (x86_64-unknown-linux-gnu, ubuntu-latest)	Run actions-rust-lang/setup-rust-toolchain@v1	2026-09-10T05:24:12.6592269Z ##[group]Run echo "::add-matcher::/home/runner/work/_actions/actions-rust-lang/setup-rust-toolchain/v1/rust.json"
build (x86_64-unknown-linux-gnu, ubuntu-latest)	Run actions-rust-lang/setup-rust-toolchain@v1	2026-09-10T05:24:12.6593157Z ^[[36;1mecho "::add-matcher::/home/runner/work/_actions/actions-rust-lang/setup-rust-toolchain/v1/rust.json"^[[0m
build (x86_64-unknown-linux-gnu, ubuntu-latest)	Run actions-rust-lang/setup-rust-toolchain@v1	2026-09-10T05:24:12.6645024Z shell: /usr/bin/bash --noprofile --norc -e -o pipefail {0}
build (x86_64-unknown-linux-gnu, ubuntu-latest)	Run actions-rust-lang/setup-rust-toolchain@v1	2026-09-10T05:24:12.6645749Z env:
build (x86_64-unknown-linux-gnu, ubuntu-latest)	Run actions-rust-lang/setup-rust-toolchain@v1	2026-09-10T05:24:12.6646059Z   CARGO_INCREMENTAL: 0
build (x86_64-unknown-linux-gnu, ubuntu-latest)	Run actions-rust-lang/setup-rust-toolchain@v1	2026-09-10T05:24:12.6646423Z   CARGO_PROFILE_DEV_DEBUG: 0
build (x86_64-unknown-linux-gnu, ubuntu-latest)	Run actions-rust-lang/setup-rust-toolchain@v1	2026-09-10T05:24:12.6646819Z   CARGO_TERM_COLOR: always
build (x86_64-unknown-linux-gnu, ubuntu-latest)	Run actions-rust-lang/setup-rust-toolchain@v1	2026-09-10T05:24:12.6647193Z   RUST_BACKTRACE: short
build (x86_64-unknown-linux-gnu, ubuntu-latest)	Run actions-rust-lang/setup-rust-toolchain@v1	2026-09-10T05:24:12.6647543Z   RUSTFLAGS: -D warnings
build (x86_64-unknown-linux-gnu, ubuntu-latest)	Run actions-rust-lang/setup-rust-toolchain@v1	2026-09-10T05:24:12.6647920Z   CARGO_UNSTABLE_SPARSE_REGISTRY: true
build (x86_64-unknown-linux-gnu, ubuntu-latest)	Run actions-rust-lang/setup-rust-toolchain@v1	2026-09-10T05:24:12.6648366Z   CARGO_REGISTRIES_CRATES_IO_PROTOCOL: sparse
build (x86_64-unknown-linux-gnu, ubuntu-latest)	Run actions-rust-lang/setup-rust-toolchain@v1	2026-09-10T05:24:12.6648796Z ##[endgroup]
build (x86_64-unknown-linux-gnu, ubuntu-latest)	Run actions-rust-lang/setup-rust-toolchain@v1	2026-09-10T05:24:12.6773859Z ##[end-action id=__actions-rust-lang_setup-rust-toolchain.__run_3;outcome=success;conclusion=success;duration_ms=21]
build (x86_64-unknown-linux-gnu, ubuntu-latest)	Run actions-rust-lang/setup-rust-toolchain@v1	2026-09-10T05:24:12.6779286Z ##[start-action display=Install rustup, if needed;id=__actions-rust-lang_setup-rust-toolchain.__run_4]
build (x86_64-unknown-linux-gnu, ubuntu-latest)	Run actions-rust-lang/setup-rust-toolchain@v1	2026-09-10T05:24:12.6805893Z ##[group]Run if ! command -v rustup &> /dev/null ; then
build (x86_64-unknown-linux-gnu, ubuntu-latest)	Run actions-rust-lang/setup-rust-toolchain@v1	2026-09-10T05:24:12.6806319Z ^[[36;1mif ! command -v rustup &> /dev/null ; then^[[0m
build (x86_64-unknown-linux-gnu, ubuntu-latest)	Run actions-rust-lang/setup-rust-toolchain@v1	2026-09-10T05:24:12.6807186Z ^[[36;1m  curl --proto '=https' --tlsv1.2 --retry 10 --retry-connrefused -fsSL "https://sh.rustup.rs" | sh -s -- --default-toolchain none -y^[[0m
build (x86_64-unknown-linux-gnu, ubuntu-latest)	Run actions-rust-lang/setup-rust-toolchain@v1	2026-09-10T05:24:12.6807773Z ^[[36;1m^[[0m
build (x86_64-unknown-linux-gnu, ubuntu-latest)	Run actions-rust-lang/setup-rust-toolchain@v1	2026-09-10T05:24:12.6808186Z ^[[36;1m  # Resolve the correct CARGO_HOME path depending on OS^[[0m
build (x86_64-unknown-linux-gnu, ubuntu-latest)	Run actions-rust-lang/setup-rust-toolchain@v1	2026-09-10T05:24:12.6808855Z ^[[36;1m  if [[ "$RUNNER_OS" == "Windows" ]]; then^[[0m
build (x86_64-unknown-linux-gnu, ubuntu-latest)	Run actions-rust-lang/setup-rust-toolchain@v1	2026-09-10T05:24:12.6809531Z ^[[36;1m    echo "${CARGO_HOME:-$USERPROFILE/.cargo}/bin" | sed 's|/|\\|g' >> $GITHUB_PATH^[[0m
build (x86_64-unknown-linux-gnu, ubuntu-latest)	Run actions-rust-lang/setup-rust-toolchain@v1	2026-09-10T05:24:12.6810009Z ^[[36;1m  else^[[0m
build (x86_64-unknown-linux-gnu, ubuntu-latest)	Run actions-rust-lang/setup-rust-toolchain@v1	2026-09-10T05:24:12.6810292Z ^[[36;1m    echo "${CARGO_HOME:-$HOME/.cargo}/bin" >> $GITHUB_PATH^[[0m
build (x86_64-unknown-linux-gnu, ubuntu-latest)	Run actions-rust-lang/setup-rust-toolchain@v1	2026-09-10T05:24:12.6810622Z ^[[36;1m  fi^[[0m
build (x86_64-unknown-linux-gnu, ubuntu-latest)	Run actions-rust-lang/setup-rust-toolchain@v1	2026-09-10T05:24:12.6810827Z ^[[36;1mfi^[[0m
build (x86_64-unknown-linux-gnu, ubuntu-latest)	Run actions-rust-lang/setup-rust-toolchain@v1	2026-09-10T05:24:12.6868370Z shell: /usr/bin/bash --noprofile --norc -e -o pipefail {0}
build (x86_64-unknown-linux-gnu, ubuntu-latest)	Run actions-rust-lang/setup-rust-toolchain@v1	2026-09-10T05:24:12.6868914Z env:
build (x86_64-unknown-linux-gnu, ubuntu-latest)	Run actions-rust-lang/setup-rust-toolchain@v1	2026-09-10T05:24:12.6869219Z   CARGO_INCREMENTAL: 0
build (x86_64-unknown-linux-gnu, ubuntu-latest)	Run actions-rust-lang/setup-rust-toolchain@v1	2026-09-10T05:24:12.6869579Z   CARGO_PROFILE_DEV_DEBUG: 0
build (x86_64-unknown-linux-gnu, ubuntu-latest)	Run actions-rust-lang/setup-rust-toolchain@v1	2026-09-10T05:24:12.6869953Z   CARGO_TERM_COLOR: always
build (x86_64-unknown-linux-gnu, ubuntu-latest)	Run actions-rust-lang/setup-rust-toolchain@v1	2026-09-10T05:24:12.6870334Z   RUST_BACKTRACE: short
build (x86_64-unknown-linux-gnu, ubuntu-latest)	Run actions-rust-lang/setup-rust-toolchain@v1	2026-09-10T05:24:12.6870749Z   RUSTFLAGS: -D warnings
build (x86_64-unknown-linux-gnu, ubuntu-latest)	Run actions-rust-lang/setup-rust-toolchain@v1	2026-09-10T05:24:12.6871172Z   CARGO_UNSTABLE_SPARSE_REGISTRY: true
build (x86_64-unknown-linux-gnu, ubuntu-latest)	Run actions-rust-lang/setup-rust-toolchain@v1	2026-09-10T05:24:12.6871688Z   CARGO_REGISTRIES_CRATES_IO_PROTOCOL: sparse
build (x86_64-unknown-linux-gnu, ubuntu-latest)	Run actions-rust-lang/setup-rust-toolchain@v1	2026-09-10T05:24:12.6872141Z   RUNNER_OS: Linux
build (x86_64-unknown-linux-gnu, ubuntu-latest)	Run actions-rust-lang/setup-rust-toolchain@v1	2026-09-10T05:24:12.6872454Z ##[endgroup]
build (x86_64-unknown-linux-gnu, ubuntu-latest)	Run actions-rust-lang/setup-rust-toolchain@v1	2026-09-10T05:24:12.6972612Z ##[end-action id=__actions-rust-lang_setup-rust-toolchain.__run_4;outcome=success;conclusion=success;duration_ms=19]
build (x86_64-unknown-linux-gnu, ubuntu-latest)	Run actions-rust-lang/setup-rust-toolchain@v1	2026-09-10T05:24:12.6978549Z ##[start-action display=rustup toolchain install stable;id=__actions-rust-lang_setup-rust-toolchain.__run_5]
build (x86_64-unknown-linux-gnu, ubuntu-latest)	Run actions-rust-lang/setup-rust-toolchain@v1	2026-09-10T05:24:12.7032382Z ##[group]Run # Check if value is set
build (x86_64-unknown-linux-gnu, ubuntu-latest)	Run actions-rust-lang/setup-rust-toolchain@v1	2026-09-10T05:24:12.7032763Z ^[[36;1m# Check if value is set^[[0m
build (x86_64-unknown-linux-gnu, ubuntu-latest)	Run actions-rust-lang/setup-rust-toolchain@v1	2026-09-10T05:24:12.7033055Z ^[[36;1mif [[ -n "$_srt_rust_src_dir" ]]^[[0m
build (x86_64-unknown-linux-gnu, ubuntu-latest)	Run actions-rust-lang/setup-rust-toolchain@v1	2026-09-10T05:24:12.7033393Z ^[[36;1mthen^[[0m
build (x86_64-unknown-linux-gnu, ubuntu-latest)	Run actions-rust-lang/setup-rust-toolchain@v1	2026-09-10T05:24:12.7033652Z ^[[36;1m  # If value is set the directory must exist^[[0m
build (x86_64-unknown-linux-gnu, ubuntu-latest)	Run actions-rust-lang/setup-rust-toolchain@v1	2026-09-10T05:24:12.7034006Z ^[[36;1m  if [[ -d "$_srt_rust_src_dir" ]]^[[0m
build (x86_64-unknown-linux-gnu, ubuntu-latest)	Run actions-rust-lang/setup-rust-toolchain@v1	2026-09-10T05:24:12.7034316Z ^[[36;1m  then^[[0m
build (x86_64-unknown-linux-gnu, ubuntu-latest)	Run actions-rust-lang/setup-rust-toolchain@v1	2026-09-10T05:24:12.7034539Z ^[[36;1m    cd "$_srt_rust_src_dir"^[[0m
build (x86_64-unknown-linux-gnu, ubuntu-latest)	Run actions-rust-lang/setup-rust-toolchain@v1	2026-09-10T05:24:12.7034802Z ^[[36;1m  else^[[0m
build (x86_64-unknown-linux-gnu, ubuntu-latest)	Run actions-rust-lang/setup-rust-toolchain@v1	2026-09-10T05:24:12.7035389Z ^[[36;1m    echo "'rust-src-dir' does not point to an existing directory" >&2^[[0m
build (x86_64-unknown-linux-gnu, ubuntu-latest)	Run actions-rust-lang/setup-rust-toolchain@v1	2026-09-10T05:24:12.7036098Z ^[[36;1m    echo "The value of 'rust-src-dir' is: ${_srt_rust_src_dir}" >&2^[[0m
build (x86_64-unknown-linux-gnu, ubuntu-latest)	Run actions-rust-lang/setup-rust-toolchain@v1	2026-09-10T05:24:12.7036461Z ^[[36;1m    exit 1^[[0m
build (x86_64-unknown-linux-gnu, ubuntu-latest)	Run actions-rust-lang/setup-rust-toolchain@v1	2026-09-10T05:24:12.7036680Z ^[[36;1m  fi^[[0m
build (x86_64-unknown-linux-gnu, ubuntu-latest)	Run actions-rust-lang/setup-rust-toolchain@v1	2026-09-10T05:24:12.7036889Z ^[[36;1mfi^[[0m
build (x86_64-unknown-linux-gnu, ubuntu-latest)	Run actions-rust-lang/setup-rust-toolchain@v1	2026-09-10T05:24:12.7037263Z ^[[36;1mif [[ -z "$_srt_toolchain" && ( -f "rust-toolchain" || -f "rust-toolchain.toml") ]]^[[0m
build (x86_64-unknown-linux-gnu, ubuntu-latest)	Run actions-rust-lang/setup-rust-toolchain@v1	2026-09-10T05:24:12.7037678Z ^[[36;1mthen^[[0m
build (x86_64-unknown-linux-gnu, ubuntu-latest)	Run actions-rust-lang/setup-rust-toolchain@v1	2026-09-10T05:24:12.7037949Z ^[[36;1m  # Install the toolchain as specified in the file^[[0m
build (x86_64-unknown-linux-gnu, ubuntu-latest)	Run actions-rust-lang/setup-rust-toolchain@v1	2026-09-10T05:24:12.7038381Z ^[[36;1m  # rustup show is the old way that implicitly installed a toolchain^[[0m
build (x86_64-unknown-linux-gnu, ubuntu-latest)	Run actions-rust-lang/setup-rust-toolchain@v1	2026-09-10T05:24:12.7038823Z ^[[36;1m  # rustup toolchain install is the new explicit way^[[0m
build (x86_64-unknown-linux-gnu, ubuntu-latest)	Run actions-rust-lang/setup-rust-toolchain@v1	2026-09-10T05:24:12.7039312Z ^[[36;1m  # https://github.com/rust-lang/rustup/issues/3635#issuecomment-2343511297^[[0m
build (x86_64-unknown-linux-gnu, ubuntu-latest)	Run actions-rust-lang/setup-rust-toolchain@v1	2026-09-10T05:24:12.7039816Z ^[[36;1m  rustup show active-toolchain || rustup toolchain install^[[0m
build (x86_64-unknown-linux-gnu, ubuntu-latest)	Run actions-rust-lang/setup-rust-toolchain@v1	2026-09-10T05:24:12.7040199Z ^[[36;1m  if [[ -n $_srt_components ]]; then^[[0m
build (x86_64-unknown-linux-gnu, ubuntu-latest)	Run actions-rust-lang/setup-rust-toolchain@v1	2026-09-10T05:24:12.7040552Z ^[[36;1m    rustup component add ${_srt_components//,/ }^[[0m
build (x86_64-unknown-linux-gnu, ubuntu-latest)	Run actions-rust-lang/setup-rust-toolchain@v1	2026-09-10T05:24:12.7040861Z ^[[36;1m  fi^[[0m
build (x86_64-unknown-linux-gnu, ubuntu-latest)	Run actions-rust-lang/setup-rust-toolchain@v1	2026-09-10T05:24:12.7041094Z ^[[36;1m  if [[ -n $_srt_targets ]]; then^[[0m
build (x86_64-unknown-linux-gnu, ubuntu-latest)	Run actions-rust-lang/setup-rust-toolchain@v1	2026-09-10T05:24:12.7041408Z ^[[36;1m    rustup target add ${_srt_targets//,/ }^[[0m
build (x86_64-unknown-linux-gnu, ubuntu-latest)	Run actions-rust-lang/setup-rust-toolchain@v1	2026-09-10T05:24:12.7041701Z ^[[36;1m  fi^[[0m
build (x86_64-unknown-linux-gnu, ubuntu-latest)	Run actions-rust-lang/setup-rust-toolchain@v1	2026-09-10T05:24:12.7041898Z ^[[36;1melse^[[0m
build (x86_64-unknown-linux-gnu, ubuntu-latest)	Run actions-rust-lang/setup-rust-toolchain@v1	2026-09-10T05:24:12.7042114Z ^[[36;1m  if [[ -z "$_srt_toolchain" ]]^[[0m
build (x86_64-unknown-linux-gnu, ubuntu-latest)	Run actions-rust-lang/setup-rust-toolchain@v1	2026-09-10T05:24:12.7042385Z ^[[36;1m  then^[[0m
build (x86_64-unknown-linux-gnu, ubuntu-latest)	Run actions-rust-lang/setup-rust-toolchain@v1	2026-09-10T05:24:12.7042608Z ^[[36;1m    _srt_toolchain=stable^[[0m
build (x86_64-unknown-linux-gnu, ubuntu-latest)	Run actions-rust-lang/setup-rust-toolchain@v1	2026-09-10T05:24:12.7042858Z ^[[36;1m  fi^[[0m
build (x86_64-unknown-linux-gnu, ubuntu-latest)	Run actions-rust-lang/setup-rust-toolchain@v1	2026-09-10T05:24:12.7043232Z ^[[36;1m  rustup toolchain install ${_srt_toolchain//,/ }  --profile minimal --no-self-update^[[0m
build (x86_64-unknown-linux-gnu, ubuntu-latest)	Run actions-rust-lang/setup-rust-toolchain@v1	2026-09-10T05:24:12.7043856Z ^[[36;1m  # Take the last element from the list^[[0m
build (x86_64-unknown-linux-gnu, ubuntu-latest)	Run actions-rust-lang/setup-rust-toolchain@v1	2026-09-10T05:24:12.7044181Z ^[[36;1m  if [[ "$_srt_override" == "true" ]]^[[0m
build (x86_64-unknown-linux-gnu, ubuntu-latest)	Run actions-rust-lang/setup-rust-toolchain@v1	2026-09-10T05:24:12.7044470Z ^[[36;1m  then^[[0m
build (x86_64-unknown-linux-gnu, ubuntu-latest)	Run actions-rust-lang/setup-rust-toolchain@v1	2026-09-10T05:24:12.7044732Z ^[[36;1m    rustup override set ${_srt_toolchain//*,/ }^[[0m
build (x86_64-unknown-linux-gnu, ubuntu-latest)	Run actions-rust-lang/setup-rust-toolchain@v1	2026-09-10T05:24:12.7045051Z ^[[36;1m  fi^[[0m
build (x86_64-unknown-linux-gnu, ubuntu-latest)	Run actions-rust-lang/setup-rust-toolchain@v1	2026-09-10T05:24:12.7045428Z ^[[36;1mfi^[[0m
build (x86_64-unknown-linux-gnu, ubuntu-latest)	Run actions-rust-lang/setup-rust-toolchain@v1	2026-09-10T05:24:12.7088861Z shell: /usr/bin/bash --noprofile --norc -e -o pipefail {0}
build (x86_64-unknown-linux-gnu, ubuntu-latest)	Run actions-rust-lang/setup-rust-toolchain@v1	2026-09-10T05:24:12.7089228Z env:
build (x86_64-unknown-linux-gnu, ubuntu-latest)	Run actions-rust-lang/setup-rust-toolchain@v1	2026-09-10T05:24:12.7089451Z   CARGO_INCREMENTAL: 0
build (x86_64-unknown-linux-gnu, ubuntu-latest)	Run actions-rust-lang/setup-rust-toolchain@v1	2026-09-10T05:24:12.7089697Z   CARGO_PROFILE_DEV_DEBUG: 0
build (x86_64-unknown-linux-gnu, ubuntu-latest)	Run actions-rust-lang/setup-rust-toolchain@v1	2026-09-10T05:24:12.7089953Z   CARGO_TERM_COLOR: always
build (x86_64-unknown-linux-gnu, ubuntu-latest)	Run actions-rust-lang/setup-rust-toolchain@v1	2026-09-10T05:24:12.7090208Z   RUST_BACKTRACE: short
build (x86_64-unknown-linux-gnu, ubuntu-latest)	Run actions-rust-lang/setup-rust-toolchain@v1	2026-09-10T05:24:12.7090453Z   RUSTFLAGS: -D warnings
build (x86_64-unknown-linux-gnu, ubuntu-latest)	Run actions-rust-lang/setup-rust-toolchain@v1	2026-09-10T05:24:12.7090709Z   CARGO_UNSTABLE_SPARSE_REGISTRY: true
build (x86_64-unknown-linux-gnu, ubuntu-latest)	Run actions-rust-lang/setup-rust-toolchain@v1	2026-09-10T05:24:12.7091030Z   CARGO_REGISTRIES_CRATES_IO_PROTOCOL: sparse
build (x86_64-unknown-linux-gnu, ubuntu-latest)	Run actions-rust-lang/setup-rust-toolchain@v1	2026-09-10T05:24:12.7091326Z   _srt_toolchain: 
build (x86_64-unknown-linux-gnu, ubuntu-latest)	Run actions-rust-lang/setup-rust-toolchain@v1	2026-09-10T05:24:12.7091544Z   _srt_targets: 
build (x86_64-unknown-linux-gnu, ubuntu-latest)	Run actions-rust-lang/setup-rust-toolchain@v1	2026-09-10T05:24:12.7091753Z   _srt_components: 
build (x86_64-unknown-linux-gnu, ubuntu-latest)	Run actions-rust-lang/setup-rust-toolchain@v1	2026-09-10T05:24:12.7091988Z   _srt_override: true
build (x86_64-unknown-linux-gnu, ubuntu-latest)	Run actions-rust-lang/setup-rust-toolchain@v1	2026-09-10T05:24:12.7092211Z   _srt_rust_src_dir: 
build (x86_64-unknown-linux-gnu, ubuntu-latest)	Run actions-rust-lang/setup-rust-toolchain@v1	2026-09-10T05:24:12.7092445Z ##[endgroup]
build (x86_64-unknown-linux-gnu, ubuntu-latest)	Run actions-rust-lang/setup-rust-toolchain@v1	2026-09-10T05:24:12.9872511Z info: syncing channel updates for stable-x86_64-unknown-linux-gnu
build (x86_64-unknown-linux-gnu, ubuntu-latest)	Run actions-rust-lang/setup-rust-toolchain@v1	2026-09-10T05:24:13.2362181Z info: latest update on 2026-09-03 for version 1.98.1 (48a229cea 2026-09-01)
build (x86_64-unknown-linux-gnu, ubuntu-latest)	Run actions-rust-lang/setup-rust-toolchain@v1	2026-09-10T05:24:13.2505812Z info: removing previous version of component clippy
build (x86_64-unknown-linux-gnu, ubuntu-latest)	Run actions-rust-lang/setup-rust-toolchain@v1	2026-09-10T05:24:13.2518627Z info: removing previous version of component rustfmt
build (x86_64-unknown-linux-gnu, ubuntu-latest)	Run actions-rust-lang/setup-rust-toolchain@v1	2026-09-10T05:24:13.2527581Z info: removing previous version of component cargo
build (x86_64-unknown-linux-gnu, ubuntu-latest)	Run actions-rust-lang/setup-rust-toolchain@v1	2026-09-10T05:24:13.2573133Z info: removing previous version of component rust-std
build (x86_64-unknown-linux-gnu, ubuntu-latest)	Run actions-rust-lang/setup-rust-toolchain@v1	2026-09-10T05:24:13.2619483Z info: removing previous version of component rustc
build (x86_64-unknown-linux-gnu, ubuntu-latest)	Run actions-rust-lang/setup-rust-toolchain@v1	2026-09-10T05:24:13.2662981Z info: downloading 5 components
build (x86_64-unknown-linux-gnu, ubuntu-latest)	Run actions-rust-lang/setup-rust-toolchain@v1	2026-09-10T05:24:22.0590485Z 
build (x86_64-unknown-linux-gnu, ubuntu-latest)	Run actions-rust-lang/setup-rust-toolchain@v1	2026-09-10T05:24:22.0674571Z   stable-x86_64-unknown-linux-gnu updated - rustc 1.98.1 (48a229cea 2026-09-01) (from rustc 1.98.0 (88d9e12ae 2026-08-18))
build (x86_64-unknown-linux-gnu, ubuntu-latest)	Run actions-rust-lang/setup-rust-toolchain@v1	2026-09-10T05:24:22.0675575Z 
build (x86_64-unknown-linux-gnu, ubuntu-latest)	Run actions-rust-lang/setup-rust-toolchain@v1	2026-09-10T05:24:22.0785039Z info: override toolchain for /home/runner/work/vig/vig set to stable-x86_64-unknown-linux-gnu
build (x86_64-unknown-linux-gnu, ubuntu-latest)	Run actions-rust-lang/setup-rust-toolchain@v1	2026-09-10T05:24:22.0810884Z ##[end-action id=__actions-rust-lang_setup-rust-toolchain.__run_5;outcome=success;conclusion=success;duration_ms=9383]
build (x86_64-unknown-linux-gnu, ubuntu-latest)	Run actions-rust-lang/setup-rust-toolchain@v1	2026-09-10T05:24:22.0814694Z ##[start-action display=Print installed versions;id=__actions-rust-lang_setup-rust-toolchain.versions]
build (x86_64-unknown-linux-gnu, ubuntu-latest)	Run actions-rust-lang/setup-rust-toolchain@v1	2026-09-10T05:24:22.0838656Z ##[group]Run echo "rustc-version=$(rustc --version)" >> $GITHUB_OUTPUT
build (x86_64-unknown-linux-gnu, ubuntu-latest)	Run actions-rust-lang/setup-rust-toolchain@v1	2026-09-10T05:24:22.0839190Z ^[[36;1mecho "rustc-version=$(rustc --version)" >> $GITHUB_OUTPUT^[[0m
build (x86_64-unknown-linux-gnu, ubuntu-latest)	Run actions-rust-lang/setup-rust-toolchain@v1	2026-09-10T05:24:22.0839558Z ^[[36;1mrustc --version --verbose^[[0m
build (x86_64-unknown-linux-gnu, ubuntu-latest)	Run actions-rust-lang/setup-rust-toolchain@v1	2026-09-10T05:24:22.0839898Z ^[[36;1mecho "cargo-version=$(cargo --version)" >> $GITHUB_OUTPUT^[[0m
build (x86_64-unknown-linux-gnu, ubuntu-latest)	Run actions-rust-lang/setup-rust-toolchain@v1	2026-09-10T05:24:22.0840258Z ^[[36;1mcargo --version --verbose^[[0m
build (x86_64-unknown-linux-gnu, ubuntu-latest)	Run actions-rust-lang/setup-rust-toolchain@v1	2026-09-10T05:24:22.0840594Z ^[[36;1mecho "rustup-version=$(rustup --version)" >> $GITHUB_OUTPUT^[[0m
build (x86_64-unknown-linux-gnu, ubuntu-latest)	Run actions-rust-lang/setup-rust-toolchain@v1	2026-09-10T05:24:22.0840951Z ^[[36;1mrustup --version^[[0m
build (x86_64-unknown-linux-gnu, ubuntu-latest)	Run actions-rust-lang/setup-rust-toolchain@v1	2026-09-10T05:24:22.0841208Z ^[[36;1m^[[0m
build (x86_64-unknown-linux-gnu, ubuntu-latest)	Run actions-rust-lang/setup-rust-toolchain@v1	2026-09-10T05:24:22.0841668Z ^[[36;1m_srt_DATE=$(rustc --version --verbose | sed -ne 's/^commit-date: \(20[0-9][0-9]\)-\([01][0-9]\)-\([0-3][0-9]\)$/\1\2\3/p')^[[0m
build (x86_64-unknown-linux-gnu, ubuntu-latest)	Run actions-rust-lang/setup-rust-toolchain@v1	2026-09-10T05:24:22.0842314Z ^[[36;1m_srt_HASH=$(rustc --version --verbose | sed -ne 's/^commit-hash: //p')^[[0m
build (x86_64-unknown-linux-gnu, ubuntu-latest)	Run actions-rust-lang/setup-rust-toolchain@v1	2026-09-10T05:24:22.0842861Z ^[[36;1mecho "cachekey=$(echo $_srt_DATE$_srt_HASH | head -c12)" >> $GITHUB_OUTPUT^[[0m
build (x86_64-unknown-linux-gnu, ubuntu-latest)	Run actions-rust-lang/setup-rust-toolchain@v1	2026-09-10T05:24:22.0882263Z shell: /usr/bin/bash --noprofile --norc -e -o pipefail {0}
build (x86_64-unknown-linux-gnu, ubuntu-latest)	Run actions-rust-lang/setup-rust-toolchain@v1	2026-09-10T05:24:22.0882618Z env:
build (x86_64-unknown-linux-gnu, ubuntu-latest)	Run actions-rust-lang/setup-rust-toolchain@v1	2026-09-10T05:24:22.0882830Z   CARGO_INCREMENTAL: 0
build (x86_64-unknown-linux-gnu, ubuntu-latest)	Run actions-rust-lang/setup-rust-toolchain@v1	2026-09-10T05:24:22.0883072Z   CARGO_PROFILE_DEV_DEBUG: 0
build (x86_64-unknown-linux-gnu, ubuntu-latest)	Run actions-rust-lang/setup-rust-toolchain@v1	2026-09-10T05:24:22.0883330Z   CARGO_TERM_COLOR: always
build (x86_64-unknown-linux-gnu, ubuntu-latest)	Run actions-rust-lang/setup-rust-toolchain@v1	2026-09-10T05:24:22.0883574Z   RUST_BACKTRACE: short
build (x86_64-unknown-linux-gnu, ubuntu-latest)	Run actions-rust-lang/setup-rust-toolchain@v1	2026-09-10T05:24:22.0883817Z   RUSTFLAGS: -D warnings
build (x86_64-unknown-linux-gnu, ubuntu-latest)	Run actions-rust-lang/setup-rust-toolchain@v1	2026-09-10T05:24:22.0884070Z   CARGO_UNSTABLE_SPARSE_REGISTRY: true
build (x86_64-unknown-linux-gnu, ubuntu-latest)	Run actions-rust-lang/setup-rust-toolchain@v1	2026-09-10T05:24:22.0884374Z   CARGO_REGISTRIES_CRATES_IO_PROTOCOL: sparse
build (x86_64-unknown-linux-gnu, ubuntu-latest)	Run actions-rust-lang/setup-rust-toolchain@v1	2026-09-10T05:24:22.0884689Z ##[endgroup]
build (x86_64-unknown-linux-gnu, ubuntu-latest)	Run actions-rust-lang/setup-rust-toolchain@v1	2026-09-10T05:24:22.1222178Z rustc 1.98.1 (48a229cea 2026-09-01)
build (x86_64-unknown-linux-gnu, ubuntu-latest)	Run actions-rust-lang/setup-rust-toolchain@v1	2026-09-10T05:24:22.1223286Z binary: rustc
build (x86_64-unknown-linux-gnu, ubuntu-latest)	Run actions-rust-lang/setup-rust-toolchain@v1	2026-09-10T05:24:22.1223601Z commit-hash: 48a229ceaefd4985c50990b14116b6d856af0985
build (x86_64-unknown-linux-gnu, ubuntu-latest)	Run actions-rust-lang/setup-rust-toolchain@v1	2026-09-10T05:24:22.1224069Z commit-date: 2026-09-01
build (x86_64-unknown-linux-gnu, ubuntu-latest)	Run actions-rust-lang/setup-rust-toolchain@v1	2026-09-10T05:24:22.1224508Z host: x86_64-unknown-linux-gnu
build (x86_64-unknown-linux-gnu, ubuntu-latest)	Run actions-rust-lang/setup-rust-toolchain@v1	2026-09-10T05:24:22.1225044Z release: 1.98.1
build (x86_64-unknown-linux-gnu, ubuntu-latest)	Run actions-rust-lang/setup-rust-toolchain@v1	2026-09-10T05:24:22.1225604Z LLVM version: 22.1.8
build (x86_64-unknown-linux-gnu, ubuntu-latest)	Run actions-rust-lang/setup-rust-toolchain@v1	2026-09-10T05:24:22.1542059Z cargo 1.98.1 (797e8a9bc 2026-08-05)
build (x86_64-unknown-linux-gnu, ubuntu-latest)	Run actions-rust-lang/setup-rust-toolchain@v1	2026-09-10T05:24:22.1542474Z release: 1.98.1
build (x86_64-unknown-linux-gnu, ubuntu-latest)	Run actions-rust-lang/setup-rust-toolchain@v1	2026-09-10T05:24:22.1542768Z commit-hash: 797e8a9bca276c1c9f9f738d2a20f484fa4eea9d
build (x86_64-unknown-linux-gnu, ubuntu-latest)	Run actions-rust-lang/setup-rust-toolchain@v1	2026-09-10T05:24:22.1543183Z commit-date: 2026-08-05
build (x86_64-unknown-linux-gnu, ubuntu-latest)	Run actions-rust-lang/setup-rust-toolchain@v1	2026-09-10T05:24:22.1543442Z host: x86_64-unknown-linux-gnu
build (x86_64-unknown-linux-gnu, ubuntu-latest)	Run actions-rust-lang/setup-rust-toolchain@v1	2026-09-10T05:24:22.1543722Z libgit2: 1.9.4 (sys:0.21.0 vendored)
build (x86_64-unknown-linux-gnu, ubuntu-latest)	Run actions-rust-lang/setup-rust-toolchain@v1	2026-09-10T05:24:22.1544080Z libcurl: 8.21.0-DEV (sys:0.4.90+curl-8.21.0 vendored ssl:OpenSSL/3.6.3)
build (x86_64-unknown-linux-gnu, ubuntu-latest)	Run actions-rust-lang/setup-rust-toolchain@v1	2026-09-10T05:24:22.1544453Z ssl: OpenSSL 3.6.3 9 Jun 2026
build (x86_64-unknown-linux-gnu, ubuntu-latest)	Run actions-rust-lang/setup-rust-toolchain@v1	2026-09-10T05:24:22.1544741Z os: Ubuntu 24.4.0 (noble) [64-bit]
build (x86_64-unknown-linux-gnu, ubuntu-latest)	Run actions-rust-lang/setup-rust-toolchain@v1	2026-09-10T05:24:22.1596599Z info: This is the version for the rustup toolchain manager, not the rustc compiler.
build (x86_64-unknown-linux-gnu, ubuntu-latest)	Run actions-rust-lang/setup-rust-toolchain@v1	2026-09-10T05:24:22.1682317Z info: the currently active `rustc` version is `rustc 1.98.1 (48a229cea 2026-09-01)`
build (x86_64-unknown-linux-gnu, ubuntu-latest)	Run actions-rust-lang/setup-rust-toolchain@v1	2026-09-10T05:24:22.1740418Z info: This is the version for the rustup toolchain manager, not the rustc compiler.
build (x86_64-unknown-linux-gnu, ubuntu-latest)	Run actions-rust-lang/setup-rust-toolchain@v1	2026-09-10T05:24:22.1741323Z rustup 1.29.0 (28d1352db 2026-03-05)
build (x86_64-unknown-linux-gnu, ubuntu-latest)	Run actions-rust-lang/setup-rust-toolchain@v1	2026-09-10T05:24:22.1829403Z info: the currently active `rustc` version is `rustc 1.98.1 (48a229cea 2026-09-01)`
build (x86_64-unknown-linux-gnu, ubuntu-latest)	Run actions-rust-lang/setup-rust-toolchain@v1	2026-09-10T05:24:22.2156787Z ##[end-action id=__actions-rust-lang_setup-rust-toolchain.versions;outcome=success;conclusion=success;duration_ms=134]
build (x86_64-unknown-linux-gnu, ubuntu-latest)	Run actions-rust-lang/setup-rust-toolchain@v1	2026-09-10T05:24:22.2159684Z ##[start-action display=Downgrade registry access protocol when needed;id=__actions-rust-lang_setup-rust-toolchain.__run_6]
build (x86_64-unknown-linux-gnu, ubuntu-latest)	Run actions-rust-lang/setup-rust-toolchain@v1	2026-09-10T05:24:22.2179240Z ##[group]Run # Not all versions support setting CARGO_REGISTRIES_CRATES_IO_PROTOCOL
build (x86_64-unknown-linux-gnu, ubuntu-latest)	Run actions-rust-lang/setup-rust-toolchain@v1	2026-09-10T05:24:22.2179840Z ^[[36;1m# Not all versions support setting CARGO_REGISTRIES_CRATES_IO_PROTOCOL^[[0m
build (x86_64-unknown-linux-gnu, ubuntu-latest)	Run actions-rust-lang/setup-rust-toolchain@v1	2026-09-10T05:24:22.2180369Z ^[[36;1m# On versions 1.66, 1.67, and 1.68.0-nightly the value "sparse" is still unstable.^[[0m
build (x86_64-unknown-linux-gnu, ubuntu-latest)	Run actions-rust-lang/setup-rust-toolchain@v1	2026-09-10T05:24:22.2180974Z ^[[36;1m# https://github.com/dtolnay/rust-toolchain/pull/69#discussion_r1107268108^[[0m
build (x86_64-unknown-linux-gnu, ubuntu-latest)	Run actions-rust-lang/setup-rust-toolchain@v1	2026-09-10T05:24:22.2181569Z ^[[36;1m# If we detect an incompatible value, set it to "git" which is always supported.^[[0m
build (x86_64-unknown-linux-gnu, ubuntu-latest)	Run actions-rust-lang/setup-rust-toolchain@v1	2026-09-10T05:24:22.2182530Z ^[[36;1mif [[ "rustc 1.98.1 (48a229cea 2026-09-01)" =~ ^rustc\ (1\.6[67]\.|1\.68\.0-nightly) && "${CARGO_REGISTRIES_CRATES_IO_PROTOCOL}" == "sparse" ]]; then^[[0m
build (x86_64-unknown-linux-gnu, ubuntu-latest)	Run actions-rust-lang/setup-rust-toolchain@v1	2026-09-10T05:24:22.2183166Z ^[[36;1m  echo "Downgrade cargo registry protocol to git"^[[0m
build (x86_64-unknown-linux-gnu, ubuntu-latest)	Run actions-rust-lang/setup-rust-toolchain@v1	2026-09-10T05:24:22.2183580Z ^[[36;1m  echo "CARGO_REGISTRIES_CRATES_IO_PROTOCOL=git" >> $GITHUB_ENV^[[0m
build (x86_64-unknown-linux-gnu, ubuntu-latest)	Run actions-rust-lang/setup-rust-toolchain@v1	2026-09-10T05:24:22.2183946Z ^[[36;1mfi^[[0m
build (x86_64-unknown-linux-gnu, ubuntu-latest)	Run actions-rust-lang/setup-rust-toolchain@v1	2026-09-10T05:24:22.2223334Z shell: /usr/bin/bash --noprofile --norc -e -o pipefail {0}
build (x86_64-unknown-linux-gnu, ubuntu-latest)	Run actions-rust-lang/setup-rust-toolchain@v1	2026-09-10T05:24:22.2223692Z env:
build (x86_64-unknown-linux-gnu, ubuntu-latest)	Run actions-rust-lang/setup-rust-toolchain@v1	2026-09-10T05:24:22.2223897Z   CARGO_INCREMENTAL: 0
build (x86_64-unknown-linux-gnu, ubuntu-latest)	Run actions-rust-lang/setup-rust-toolchain@v1	2026-09-10T05:24:22.2224134Z   CARGO_PROFILE_DEV_DEBUG: 0
build (x86_64-unknown-linux-gnu, ubuntu-latest)	Run actions-rust-lang/setup-rust-toolchain@v1	2026-09-10T05:24:22.2224377Z   CARGO_TERM_COLOR: always
build (x86_64-unknown-linux-gnu, ubuntu-latest)	Run actions-rust-lang/setup-rust-toolchain@v1	2026-09-10T05:24:22.2224624Z   RUST_BACKTRACE: short
build (x86_64-unknown-linux-gnu, ubuntu-latest)	Run actions-rust-lang/setup-rust-toolchain@v1	2026-09-10T05:24:22.2224863Z   RUSTFLAGS: -D warnings
build (x86_64-unknown-linux-gnu, ubuntu-latest)	Run actions-rust-lang/setup-rust-toolchain@v1	2026-09-10T05:24:22.2225112Z   CARGO_UNSTABLE_SPARSE_REGISTRY: true
build (x86_64-unknown-linux-gnu, ubuntu-latest)	Run actions-rust-lang/setup-rust-toolchain@v1	2026-09-10T05:24:22.2225642Z   CARGO_REGISTRIES_CRATES_IO_PROTOCOL: sparse
build (x86_64-unknown-linux-gnu, ubuntu-latest)	Run actions-rust-lang/setup-rust-toolchain@v1	2026-09-10T05:24:22.2225943Z ##[endgroup]
build (x86_64-unknown-linux-gnu, ubuntu-latest)	Run actions-rust-lang/setup-rust-toolchain@v1	2026-09-10T05:24:22.2293786Z ##[end-action id=__actions-rust-lang_setup-rust-toolchain.__run_6;outcome=success;conclusion=success;duration_ms=13]
build (x86_64-unknown-linux-gnu, ubuntu-latest)	Run actions-rust-lang/setup-rust-toolchain@v1	2026-09-10T05:24:22.2296487Z ##[start-action display=Setup Rust Caching;id=__actions-rust-lang_setup-rust-toolchain.__Swatinem_rust-cache]
build (x86_64-unknown-linux-gnu, ubuntu-latest)	Run actions-rust-lang/setup-rust-toolchain@v1	2026-09-10T05:24:22.2344013Z ##[group]Run Swatinem/rust-cache@c19371144df3bb44fab255c43d04cbc2ab54d1c4
build (x86_64-unknown-linux-gnu, ubuntu-latest)	Run actions-rust-lang/setup-rust-toolchain@v1	2026-09-10T05:24:22.2344406Z with:
build (x86_64-unknown-linux-gnu, ubuntu-latest)	Run actions-rust-lang/setup-rust-toolchain@v1	2026-09-10T05:24:22.2344628Z   cache-on-failure: true
build (x86_64-unknown-linux-gnu, ubuntu-latest)	Run actions-rust-lang/setup-rust-toolchain@v1	2026-09-10T05:24:22.2344869Z   cache-bin: true
build (x86_64-unknown-linux-gnu, ubuntu-latest)	Run actions-rust-lang/setup-rust-toolchain@v1	2026-09-10T05:24:22.2345090Z   cache-provider: github
build (x86_64-unknown-linux-gnu, ubuntu-latest)	Run actions-rust-lang/setup-rust-toolchain@v1	2026-09-10T05:24:22.2345594Z   cache-all-crates: false
build (x86_64-unknown-linux-gnu, ubuntu-latest)	Run actions-rust-lang/setup-rust-toolchain@v1	2026-09-10T05:24:22.2345845Z   cache-workspace-crates: false
build (x86_64-unknown-linux-gnu, ubuntu-latest)	Run actions-rust-lang/setup-rust-toolchain@v1	2026-09-10T05:24:22.2346099Z   cache-targets: true
build (x86_64-unknown-linux-gnu, ubuntu-latest)	Run actions-rust-lang/setup-rust-toolchain@v1	2026-09-10T05:24:22.2346530Z   save-if: true
build (x86_64-unknown-linux-gnu, ubuntu-latest)	Run actions-rust-lang/setup-rust-toolchain@v1	2026-09-10T05:24:22.2346747Z   prefix-key: v0-rust
build (x86_64-unknown-linux-gnu, ubuntu-latest)	Run actions-rust-lang/setup-rust-toolchain@v1	2026-09-10T05:24:22.2346970Z   add-job-id-key: true
build (x86_64-unknown-linux-gnu, ubuntu-latest)	Run actions-rust-lang/setup-rust-toolchain@v1	2026-09-10T05:24:22.2347215Z   add-rust-environment-hash-key: true
build (x86_64-unknown-linux-gnu, ubuntu-latest)	Run actions-rust-lang/setup-rust-toolchain@v1	2026-09-10T05:24:22.2347504Z   lookup-only: false
build (x86_64-unknown-linux-gnu, ubuntu-latest)	Run actions-rust-lang/setup-rust-toolchain@v1	2026-09-10T05:24:22.2347722Z   cmd-format: {0}
build (x86_64-unknown-linux-gnu, ubuntu-latest)	Run actions-rust-lang/setup-rust-toolchain@v1	2026-09-10T05:24:22.2347939Z env:
build (x86_64-unknown-linux-gnu, ubuntu-latest)	Run actions-rust-lang/setup-rust-toolchain@v1	2026-09-10T05:24:22.2348136Z   CARGO_INCREMENTAL: 0
build (x86_64-unknown-linux-gnu, ubuntu-latest)	Run actions-rust-lang/setup-rust-toolchain@v1	2026-09-10T05:24:22.2348361Z   CARGO_PROFILE_DEV_DEBUG: 0
build (x86_64-unknown-linux-gnu, ubuntu-latest)	Run actions-rust-lang/setup-rust-toolchain@v1	2026-09-10T05:24:22.2348622Z   CARGO_TERM_COLOR: always
build (x86_64-unknown-linux-gnu, ubuntu-latest)	Run actions-rust-lang/setup-rust-toolchain@v1	2026-09-10T05:24:22.2348858Z   RUST_BACKTRACE: short
build (x86_64-unknown-linux-gnu, ubuntu-latest)	Run actions-rust-lang/setup-rust-toolchain@v1	2026-09-10T05:24:22.2349088Z   RUSTFLAGS: -D warnings
build (x86_64-unknown-linux-gnu, ubuntu-latest)	Run actions-rust-lang/setup-rust-toolchain@v1	2026-09-10T05:24:22.2349341Z   CARGO_UNSTABLE_SPARSE_REGISTRY: true
build (x86_64-unknown-linux-gnu, ubuntu-latest)	Run actions-rust-lang/setup-rust-toolchain@v1	2026-09-10T05:24:22.2349651Z   CARGO_REGISTRIES_CRATES_IO_PROTOCOL: sparse
build (x86_64-unknown-linux-gnu, ubuntu-latest)	Run actions-rust-lang/setup-rust-toolchain@v1	2026-09-10T05:24:22.2349945Z ##[endgroup]
build (x86_64-unknown-linux-gnu, ubuntu-latest)	Run actions-rust-lang/setup-rust-toolchain@v1	2026-09-10T05:24:22.5229112Z (node:2431) [DEP0040] DeprecationWarning: The `punycode` module is deprecated. Please use a userland alternative instead.
build (x86_64-unknown-linux-gnu, ubuntu-latest)	Run actions-rust-lang/setup-rust-toolchain@v1	2026-09-10T05:24:22.5229907Z (Use `node --trace-deprecation ...` to show where the warning was created)
build (x86_64-unknown-linux-gnu, ubuntu-latest)	Run actions-rust-lang/setup-rust-toolchain@v1	2026-09-10T05:24:22.6729257Z ##[group]Cache Configuration
build (x86_64-unknown-linux-gnu, ubuntu-latest)	Run actions-rust-lang/setup-rust-toolchain@v1	2026-09-10T05:24:22.6735961Z Cache Provider:
build (x86_64-unknown-linux-gnu, ubuntu-latest)	Run actions-rust-lang/setup-rust-toolchain@v1	2026-09-10T05:24:22.6748704Z     github
build (x86_64-unknown-linux-gnu, ubuntu-latest)	Run actions-rust-lang/setup-rust-toolchain@v1	2026-09-10T05:24:22.6749499Z Workspaces:
build (x86_64-unknown-linux-gnu, ubuntu-latest)	Run actions-rust-lang/setup-rust-toolchain@v1	2026-09-10T05:24:22.6749900Z     /home/runner/work/vig/vig
build (x86_64-unknown-linux-gnu, ubuntu-latest)	Run actions-rust-lang/setup-rust-toolchain@v1	2026-09-10T05:24:22.6750420Z Cache Paths:
build (x86_64-unknown-linux-gnu, ubuntu-latest)	Run actions-rust-lang/setup-rust-toolchain@v1	2026-09-10T05:24:22.6750782Z     /home/runner/.cargo/bin
build (x86_64-unknown-linux-gnu, ubuntu-latest)	Run actions-rust-lang/setup-rust-toolchain@v1	2026-09-10T05:24:22.6751433Z     /home/runner/.cargo/.crates.toml
build (x86_64-unknown-linux-gnu, ubuntu-latest)	Run actions-rust-lang/setup-rust-toolchain@v1	2026-09-10T05:24:22.6751873Z     /home/runner/.cargo/.crates2.json
build (x86_64-unknown-linux-gnu, ubuntu-latest)	Run actions-rust-lang/setup-rust-toolchain@v1	2026-09-10T05:24:22.6752289Z     /home/runner/.cargo/registry
build (x86_64-unknown-linux-gnu, ubuntu-latest)	Run actions-rust-lang/setup-rust-toolchain@v1	2026-09-10T05:24:22.6752701Z     /home/runner/.cargo/git
build (x86_64-unknown-linux-gnu, ubuntu-latest)	Run actions-rust-lang/setup-rust-toolchain@v1	2026-09-10T05:24:22.6753079Z     /home/runner/work/vig/vig/target
build (x86_64-unknown-linux-gnu, ubuntu-latest)	Run actions-rust-lang/setup-rust-toolchain@v1	2026-09-10T05:24:22.6753487Z Restore Key:
build (x86_64-unknown-linux-gnu, ubuntu-latest)	Run actions-rust-lang/setup-rust-toolchain@v1	2026-09-10T05:24:22.6753818Z     v0-rust-build-Linux-x64-09ed3713
build (x86_64-unknown-linux-gnu, ubuntu-latest)	Run actions-rust-lang/setup-rust-toolchain@v1	2026-09-10T05:24:22.6754213Z Cache Key:
build (x86_64-unknown-linux-gnu, ubuntu-latest)	Run actions-rust-lang/setup-rust-toolchain@v1	2026-09-10T05:24:22.6754561Z     v0-rust-build-Linux-x64-09ed3713-eb78a9df
build (x86_64-unknown-linux-gnu, ubuntu-latest)	Run actions-rust-lang/setup-rust-toolchain@v1	2026-09-10T05:24:22.6755000Z .. Prefix:
build (x86_64-unknown-linux-gnu, ubuntu-latest)	Run actions-rust-lang/setup-rust-toolchain@v1	2026-09-10T05:24:22.6755461Z   - v0-rust-build-Linux-x64
build (x86_64-unknown-linux-gnu, ubuntu-latest)	Run actions-rust-lang/setup-rust-toolchain@v1	2026-09-10T05:24:22.6755865Z .. Environment considered:
build (x86_64-unknown-linux-gnu, ubuntu-latest)	Run actions-rust-lang/setup-rust-toolchain@v1	2026-09-10T05:24:22.6756224Z   - Rust Versions:
build (x86_64-unknown-linux-gnu, ubuntu-latest)	Run actions-rust-lang/setup-rust-toolchain@v1	2026-09-10T05:24:22.6756729Z     - 1.98.1 x86_64-unknown-linux-gnu 48a229ceaefd4985c50990b14116b6d856af0985
build (x86_64-unknown-linux-gnu, ubuntu-latest)	Run actions-rust-lang/setup-rust-toolchain@v1	2026-09-10T05:24:22.6757478Z     - 1.98.1 x86_64-unknown-linux-gnu 48a229ceaefd4985c50990b14116b6d856af0985
build (x86_64-unknown-linux-gnu, ubuntu-latest)	Run actions-rust-lang/setup-rust-toolchain@v1	2026-09-10T05:24:22.6758511Z   - CARGO_INCREMENTAL
build (x86_64-unknown-linux-gnu, ubuntu-latest)	Run actions-rust-lang/setup-rust-toolchain@v1	2026-09-10T05:24:22.6758872Z   - CARGO_PROFILE_DEV_DEBUG
build (x86_64-unknown-linux-gnu, ubuntu-latest)	Run actions-rust-lang/setup-rust-toolchain@v1	2026-09-10T05:24:22.6759147Z   - CARGO_REGISTRIES_CRATES_IO_PROTOCOL
build (x86_64-unknown-linux-gnu, ubuntu-latest)	Run actions-rust-lang/setup-rust-toolchain@v1	2026-09-10T05:24:22.6759430Z   - CARGO_TERM_COLOR
build (x86_64-unknown-linux-gnu, ubuntu-latest)	Run actions-rust-lang/setup-rust-toolchain@v1	2026-09-10T05:24:22.6759661Z   - CARGO_UNSTABLE_SPARSE_REGISTRY
build (x86_64-unknown-linux-gnu, ubuntu-latest)	Run actions-rust-lang/setup-rust-toolchain@v1	2026-09-10T05:24:22.6759919Z   - RUST_BACKTRACE
build (x86_64-unknown-linux-gnu, ubuntu-latest)	Run actions-rust-lang/setup-rust-toolchain@v1	2026-09-10T05:24:22.6760175Z   - RUSTFLAGS
build (x86_64-unknown-linux-gnu, ubuntu-latest)	Run actions-rust-lang/setup-rust-toolchain@v1	2026-09-10T05:24:22.6760412Z .. Lockfiles considered:
build (x86_64-unknown-linux-gnu, ubuntu-latest)	Run actions-rust-lang/setup-rust-toolchain@v1	2026-09-10T05:24:22.6760676Z   - /home/runner/work/vig/vig/Cargo.lock
build (x86_64-unknown-linux-gnu, ubuntu-latest)	Run actions-rust-lang/setup-rust-toolchain@v1	2026-09-10T05:24:22.6760971Z   - /home/runner/work/vig/vig/Cargo.toml
build (x86_64-unknown-linux-gnu, ubuntu-latest)	Run actions-rust-lang/setup-rust-toolchain@v1	2026-09-10T05:24:22.6761506Z ##[endgroup]
build (x86_64-unknown-linux-gnu, ubuntu-latest)	Run actions-rust-lang/setup-rust-toolchain@v1	2026-09-10T05:24:22.6761635Z 
build (x86_64-unknown-linux-gnu, ubuntu-latest)	Run actions-rust-lang/setup-rust-toolchain@v1	2026-09-10T05:24:22.6761742Z ... Restoring cache ...
build (x86_64-unknown-linux-gnu, ubuntu-latest)	Run actions-rust-lang/setup-rust-toolchain@v1	2026-09-10T05:24:22.7962861Z No cache found.
build (x86_64-unknown-linux-gnu, ubuntu-latest)	Run actions-rust-lang/setup-rust-toolchain@v1	2026-09-10T05:24:22.8067344Z ##[end-action id=__actions-rust-lang_setup-rust-toolchain.__Swatinem_rust-cache;outcome=success;conclusion=success;duration_ms=576]
build (x86_64-unknown-linux-gnu, ubuntu-latest)	Build	﻿2026-09-10T05:24:22.8124913Z ##[group]Run cargo build --locked --release --features vendored
build (x86_64-unknown-linux-gnu, ubuntu-latest)	Build	2026-09-10T05:24:22.8125678Z ^[[36;1mcargo build --locked --release --features vendored^[[0m
build (x86_64-unknown-linux-gnu, ubuntu-latest)	Build	2026-09-10T05:24:22.8165478Z shell: /usr/bin/bash -e {0}
build (x86_64-unknown-linux-gnu, ubuntu-latest)	Build	2026-09-10T05:24:22.8165747Z env:
build (x86_64-unknown-linux-gnu, ubuntu-latest)	Build	2026-09-10T05:24:22.8165957Z   CARGO_INCREMENTAL: 0
build (x86_64-unknown-linux-gnu, ubuntu-latest)	Build	2026-09-10T05:24:22.8166201Z   CARGO_PROFILE_DEV_DEBUG: 0
build (x86_64-unknown-linux-gnu, ubuntu-latest)	Build	2026-09-10T05:24:22.8166459Z   CARGO_TERM_COLOR: always
build (x86_64-unknown-linux-gnu, ubuntu-latest)	Build	2026-09-10T05:24:22.8166702Z   RUST_BACKTRACE: short
build (x86_64-unknown-linux-gnu, ubuntu-latest)	Build	2026-09-10T05:24:22.8166935Z   RUSTFLAGS: -D warnings
build (x86_64-unknown-linux-gnu, ubuntu-latest)	Build	2026-09-10T05:24:22.8167185Z   CARGO_UNSTABLE_SPARSE_REGISTRY: true
build (x86_64-unknown-linux-gnu, ubuntu-latest)	Build	2026-09-10T05:24:22.8167486Z   CARGO_REGISTRIES_CRATES_IO_PROTOCOL: sparse
build (x86_64-unknown-linux-gnu, ubuntu-latest)	Build	2026-09-10T05:24:22.8167790Z   CACHE_ON_FAILURE: true
build (x86_64-unknown-linux-gnu, ubuntu-latest)	Build	2026-09-10T05:24:22.8168019Z ##[endgroup]
build (x86_64-unknown-linux-gnu, ubuntu-latest)	Build	2026-09-10T05:24:22.8655098Z ^[[1m^[[92m    Updating^[[0m crates.io index
build (x86_64-unknown-linux-gnu, ubuntu-latest)	Build	2026-09-10T05:24:23.7900099Z ^[[1m^[[92m Downloading^[[0m crates ...
build (x86_64-unknown-linux-gnu, ubuntu-latest)	Build	2026-09-10T05:24:23.9195397Z ^[[1m^[[92m  Downloaded^[[0m adler2 v2.0.1
build (x86_64-unknown-linux-gnu, ubuntu-latest)	Build	2026-09-10T05:24:23.9278925Z ^[[1m^[[92m  Downloaded^[[0m funty v2.0.0
build (x86_64-unknown-linux-gnu, ubuntu-latest)	Build	2026-09-10T05:24:23.9333565Z ^[[1m^[[92m  Downloaded^[[0m futures-channel v0.3.31
build (x86_64-unknown-linux-gnu, ubuntu-latest)	Build	2026-09-10T05:24:23.9353435Z ^[[1m^[[92m  Downloaded^[[0m futures-core v0.3.31
build (x86_64-unknown-linux-gnu, ubuntu-latest)	Build	2026-09-10T05:24:23.9366905Z ^[[1m^[[92m  Downloaded^[[0m form_urlencoded v1.2.2
build (x86_64-unknown-linux-gnu, ubuntu-latest)	Build	2026-09-10T05:24:23.9375091Z ^[[1m^[[92m  Downloaded^[[0m futures-sink v0.3.31
build (x86_64-unknown-linux-gnu, ubuntu-latest)	Build	2026-09-10T05:24:23.9433158Z ^[[1m^[[92m  Downloaded^[[0m http-body v1.0.1
build (x86_64-unknown-linux-gnu, ubuntu-latest)	Build	2026-09-10T05:24:23.9491294Z ^[[1m^[[92m  Downloaded^[[0m gethostname v1.1.0
build (x86_64-unknown-linux-gnu, ubuntu-latest)	Build	2026-09-10T05:24:23.9536016Z ^[[1m^[[92m  Downloaded^[[0m thiserror-impl v2.0.18
build (x86_64-unknown-linux-gnu, ubuntu-latest)	Build	2026-09-10T05:24:23.9745095Z ^[[1m^[[92m  Downloaded^[[0m gif v0.14.2
build (x86_64-unknown-linux-gnu, ubuntu-latest)	Build	2026-09-10T05:24:23.9766105Z ^[[1m^[[92m  Downloaded^[[0m half v2.7.1
build (x86_64-unknown-linux-gnu, ubuntu-latest)	Build	2026-09-10T05:24:23.9927755Z ^[[1m^[[92m  Downloaded^[[0m utf8parse v0.2.2
build (x86_64-unknown-linux-gnu, ubuntu-latest)	Build	2026-09-10T05:24:23.9960434Z ^[[1m^[[92m  Downloaded^[[0m tinyvec_macros v0.1.1
build (x86_64-unknown-linux-gnu, ubuntu-latest)	Build	2026-09-10T05:24:23.9984858Z ^[[1m^[[92m  Downloaded^[[0m thiserror v1.0.69
build (x86_64-unknown-linux-gnu, ubuntu-latest)	Build	2026-09-10T05:24:24.0050050Z ^[[1m^[[92m  Downloaded^[[0m is_terminal_polyfill v1.70.2
build (x86_64-unknown-linux-gnu, ubuntu-latest)	Build	2026-09-10T05:24:24.0062195Z ^[[1m^[[92m  Downloaded^[[0m generic-array v0.14.7
build (x86_64-unknown-linux-gnu, ubuntu-latest)	Build	2026-09-10T05:24:24.0078396Z ^[[1m^[[92m  Downloaded^[[0m heck v0.5.0
build (x86_64-unknown-linux-gnu, ubuntu-latest)	Build	2026-09-10T05:24:24.0093364Z ^[[1m^[[92m  Downloaded^[[0m futures-task v0.3.31
build (x86_64-unknown-linux-gnu, ubuntu-latest)	Build	2026-09-10T05:24:24.0107462Z ^[[1m^[[92m  Downloaded^[[0m hex v0.4.3
build (x86_64-unknown-linux-gnu, ubuntu-latest)	Build	2026-09-10T05:24:24.0124924Z ^[[1m^[[92m  Downloaded^[[0m instability v0.3.11
build (x86_64-unknown-linux-gnu, ubuntu-latest)	Build	2026-09-10T05:24:24.0143441Z ^[[1m^[[92m  Downloaded^[[0m line-clipping v0.3.5
build (x86_64-unknown-linux-gnu, ubuntu-latest)	Build	2026-09-10T05:24:24.0161486Z ^[[1m^[[92m  Downloaded^[[0m mac_address v1.1.8
build (x86_64-unknown-linux-gnu, ubuntu-latest)	Build	2026-09-10T05:24:24.0181342Z ^[[1m^[[92m  Downloaded^[[0m openssl-probe v0.1.6
build (x86_64-unknown-linux-gnu, ubuntu-latest)	Build	2026-09-10T05:24:24.0194402Z ^[[1m^[[92m  Downloaded^[[0m getrandom v0.3.4
build (x86_64-unknown-linux-gnu, ubuntu-latest)	Build	2026-09-10T05:24:24.0233099Z ^[[1m^[[92m  Downloaded^[[0m futures-io v0.3.31
build (x86_64-unknown-linux-gnu, ubuntu-latest)	Build	2026-09-10T05:24:24.0241930Z ^[[1m^[[92m  Downloaded^[[0m wezterm-color-types v0.3.0
build (x86_64-unknown-linux-gnu, ubuntu-latest)	Build	2026-09-10T05:24:24.0251347Z ^[[1m^[[92m  Downloaded^[[0m version_check v0.9.5
build (x86_64-unknown-linux-gnu, ubuntu-latest)	Build	2026-09-10T05:24:24.0266223Z ^[[1m^[[92m  Downloaded^[[0m tower-layer v0.3.3
build (x86_64-unknown-linux-gnu, ubuntu-latest)	Build	2026-09-10T05:24:24.0277845Z ^[[1m^[[92m  Downloaded^[[0m atomic-waker v1.1.2
build (x86_64-unknown-linux-gnu, ubuntu-latest)	Build	2026-09-10T05:24:24.0293862Z ^[[1m^[[92m  Downloaded^[[0m notify-types v1.0.1
build (x86_64-unknown-linux-gnu, ubuntu-latest)	Build	2026-09-10T05:24:24.0336361Z ^[[1m^[[92m  Downloaded^[[0m ident_case v1.0.1
build (x86_64-unknown-linux-gnu, ubuntu-latest)	Build	2026-09-10T05:24:24.0346411Z ^[[1m^[[92m  Downloaded^[[0m itoa v1.0.17
build (x86_64-unknown-linux-gnu, ubuntu-latest)	Build	2026-09-10T05:24:24.0362119Z ^[[1m^[[92m  Downloaded^[[0m lab v0.11.0
build (x86_64-unknown-linux-gnu, ubuntu-latest)	Build	2026-09-10T05:24:24.0376817Z ^[[1m^[[92m  Downloaded^[[0m number_prefix v0.4.0
build (x86_64-unknown-linux-gnu, ubuntu-latest)	Build	2026-09-10T05:24:24.0386739Z ^[[1m^[[92m  Downloaded^[[0m outref v0.5.2
build (x86_64-unknown-linux-gnu, ubuntu-latest)	Build	2026-09-10T05:24:24.0400339Z ^[[1m^[[92m  Downloaded^[[0m num-derive v0.4.2
build (x86_64-unknown-linux-gnu, ubuntu-latest)	Build	2026-09-10T05:24:24.0422517Z ^[[1m^[[92m  Downloaded^[[0m linked-hash-map v0.5.6
build (x86_64-unknown-linux-gnu, ubuntu-latest)	Build	2026-09-10T05:24:24.0435713Z ^[[1m^[[92m  Downloaded^[[0m notify-debouncer-mini v0.5.0
build (x86_64-unknown-linux-gnu, ubuntu-latest)	Build	2026-09-10T05:24:24.0446635Z ^[[1m^[[92m  Downloaded^[[0m num_threads v0.1.7
build (x86_64-unknown-linux-gnu, ubuntu-latest)	Build	2026-09-10T05:24:24.0458160Z ^[[1m^[[92m  Downloaded^[[0m try-lock v0.2.5
build (x86_64-unknown-linux-gnu, ubuntu-latest)	Build	2026-09-10T05:24:24.0483909Z ^[[1m^[[92m  Downloaded^[[0m by_address v1.2.1
build (x86_64-unknown-linux-gnu, ubuntu-latest)	Build	2026-09-10T05:24:24.0493822Z ^[[1m^[[92m  Downloaded^[[0m untrusted v0.9.0
build (x86_64-unknown-linux-gnu, ubuntu-latest)	Build	2026-09-10T05:24:24.0499073Z ^[[1m^[[92m  Downloaded^[[0m urlencoding v2.1.3
build (x86_64-unknown-linux-gnu, ubuntu-latest)	Build	2026-09-10T05:24:24.0510522Z ^[[1m^[[92m  Downloaded^[[0m wezterm-dynamic v0.2.1
build (x86_64-unknown-linux-gnu, ubuntu-latest)	Build	2026-09-10T05:24:24.0526218Z ^[[1m^[[92m  Downloaded^[[0m lru-slab v0.1.2
build (x86_64-unknown-linux-gnu, ubuntu-latest)	Build	2026-09-10T05:24:24.0536776Z ^[[1m^[[92m  Downloaded^[[0m base64-simd v0.8.0
build (x86_64-unknown-linux-gnu, ubuntu-latest)	Build	2026-09-10T05:24:24.0554498Z ^[[1m^[[92m  Downloaded^[[0m bit-set v0.5.3
build (x86_64-unknown-linux-gnu, ubuntu-latest)	Build	2026-09-10T05:24:24.0568684Z ^[[1m^[[92m  Downloaded^[[0m memmem v0.1.1
build (x86_64-unknown-linux-gnu, ubuntu-latest)	Build	2026-09-10T05:24:24.0583259Z ^[[1m^[[92m  Downloaded^[[0m inotify-sys v0.1.5
build (x86_64-unknown-linux-gnu, ubuntu-latest)	Build	2026-09-10T05:24:24.0596346Z ^[[1m^[[92m  Downloaded^[[0m option-ext v0.2.0
build (x86_64-unknown-linux-gnu, ubuntu-latest)	Build	2026-09-10T05:24:24.0607142Z ^[[1m^[[92m  Downloaded^[[0m palette_math v0.7.7
build (x86_64-unknown-linux-gnu, ubuntu-latest)	Build	2026-09-10T05:24:24.0624356Z ^[[1m^[[92m  Downloaded^[[0m num-conv v0.2.0
build (x86_64-unknown-linux-gnu, ubuntu-latest)	Build	2026-09-10T05:24:24.0634318Z ^[[1m^[[92m  Downloaded^[[0m time-core v0.1.8
build (x86_64-unknown-linux-gnu, ubuntu-latest)	Build	2026-09-10T05:24:24.0647359Z ^[[1m^[[92m  Downloaded^[[0m xattr v1.6.1
build (x86_64-unknown-linux-gnu, ubuntu-latest)	Build	2026-09-10T05:24:24.0670908Z ^[[1m^[[92m  Downloaded^[[0m zerofrom-derive v0.1.6
build (x86_64-unknown-linux-gnu, ubuntu-latest)	Build	2026-09-10T05:24:24.0683939Z ^[[1m^[[92m  Downloaded^[[0m lazy_static v1.5.0
build (x86_64-unknown-linux-gnu, ubuntu-latest)	Build	2026-09-10T05:24:24.0708576Z ^[[1m^[[92m  Downloaded^[[0m memoffset v0.9.1
build (x86_64-unknown-linux-gnu, ubuntu-latest)	Build	2026-09-10T05:24:24.0728517Z ^[[1m^[[92m  Downloaded^[[0m utf8_iter v1.0.4
build (x86_64-unknown-linux-gnu, ubuntu-latest)	Build	2026-09-10T05:24:24.0742416Z ^[[1m^[[92m  Downloaded^[[0m tower-service v0.3.3
build (x86_64-unknown-linux-gnu, ubuntu-latest)	Build	2026-09-10T05:24:24.0754446Z ^[[1m^[[92m  Downloaded^[[0m wezterm-dynamic-derive v0.1.1
build (x86_64-unknown-linux-gnu, ubuntu-latest)	Build	2026-09-10T05:24:24.0767360Z ^[[1m^[[92m  Downloaded^[[0m kasuari v0.4.11
build (x86_64-unknown-linux-gnu, ubuntu-latest)	Build	2026-09-10T05:24:24.0796005Z ^[[1m^[[92m  Downloaded^[[0m ordered-float v4.6.0
build (x86_64-unknown-linux-gnu, ubuntu-latest)	Build	2026-09-10T05:24:24.0815801Z ^[[1m^[[92m  Downloaded^[[0m http-body-util v0.1.3
build (x86_64-unknown-linux-gnu, ubuntu-latest)	Build	2026-09-10T05:24:24.0841367Z ^[[1m^[[92m  Downloaded^[[0m indoc v2.0.7
build (x86_64-unknown-linux-gnu, ubuntu-latest)	Build	2026-09-10T05:24:24.0886501Z ^[[1m^[[92m  Downloaded^[[0m idna_adapter v1.2.1
build (x86_64-unknown-linux-gnu, ubuntu-latest)	Build	2026-09-10T05:24:24.0898613Z ^[[1m^[[92m  Downloaded^[[0m anstyle-query v1.1.5
build (x86_64-unknown-linux-gnu, ubuntu-latest)	Build	2026-09-10T05:24:24.0915119Z ^[[1m^[[92m  Downloaded^[[0m inotify v0.10.2
build (x86_64-unknown-linux-gnu, ubuntu-latest)	Build	2026-09-10T05:24:24.0942139Z ^[[1m^[[92m  Downloaded^[[0m jobserver v0.1.34
build (x86_64-unknown-linux-gnu, ubuntu-latest)	Build	2026-09-10T05:24:24.0974969Z ^[[1m^[[92m  Downloaded^[[0m rustc_version v0.4.1
build (x86_64-unknown-linux-gnu, ubuntu-latest)	Build	2026-09-10T05:24:24.0998126Z ^[[1m^[[92m  Downloaded^[[0m vtparse v0.6.2
build (x86_64-unknown-linux-gnu, ubuntu-latest)	Build	2026-09-10T05:24:24.1009326Z ^[[1m^[[92m  Downloaded^[[0m walkdir v2.5.0
build (x86_64-unknown-linux-gnu, ubuntu-latest)	Build	2026-09-10T05:24:24.1033238Z ^[[1m^[[92m  Downloaded^[[0m wezterm-blob-leases v0.1.1
build (x86_64-unknown-linux-gnu, ubuntu-latest)	Build	2026-09-10T05:24:24.1047708Z ^[[1m^[[92m  Downloaded^[[0m block-buffer v0.10.4
build (x86_64-unknown-linux-gnu, ubuntu-latest)	Build	2026-09-10T05:24:24.1060357Z ^[[1m^[[92m  Downloaded^[[0m ratatui-termwiz v0.1.0
build (x86_64-unknown-linux-gnu, ubuntu-latest)	Build	2026-09-10T05:24:24.1078452Z ^[[1m^[[92m  Downloaded^[[0m instant v0.1.13
build (x86_64-unknown-linux-gnu, ubuntu-latest)	Build	2026-09-10T05:24:24.1098181Z ^[[1m^[[92m  Downloaded^[[0m lru v0.16.3
build (x86_64-unknown-linux-gnu, ubuntu-latest)	Build	2026-09-10T05:24:24.1117746Z ^[[1m^[[92m  Downloaded^[[0m palette_derive v0.7.7
build (x86_64-unknown-linux-gnu, ubuntu-latest)	Build	2026-09-10T05:24:24.1141467Z ^[[1m^[[92m  Downloaded^[[0m hyper-rustls v0.27.7
build (x86_64-unknown-linux-gnu, ubuntu-latest)	Build	2026-09-10T05:24:24.1177008Z ^[[1m^[[92m  Downloaded^[[0m ipnet v2.11.0
build (x86_64-unknown-linux-gnu, ubuntu-latest)	Build	2026-09-10T05:24:24.1198763Z ^[[1m^[[92m  Downloaded^[[0m self_cell v1.3.0
build (x86_64-unknown-linux-gnu, ubuntu-latest)	Build	2026-09-10T05:24:24.1213136Z ^[[1m^[[92m  Downloaded^[[0m stable_deref_trait v1.2.1
build (x86_64-unknown-linux-gnu, ubuntu-latest)	Build	2026-09-10T05:24:24.1224601Z ^[[1m^[[92m  Downloaded^[[0m strum v0.27.2
build (x86_64-unknown-linux-gnu, ubuntu-latest)	Build	2026-09-10T05:24:24.1237542Z ^[[1m^[[92m  Downloaded^[[0m tap v1.0.1
build (x86_64-unknown-linux-gnu, ubuntu-latest)	Build	2026-09-10T05:24:24.1250301Z ^[[1m^[[92m  Downloaded^[[0m clap_lex v1.0.0
build (x86_64-unknown-linux-gnu, ubuntu-latest)	Build	2026-09-10T05:24:24.1265307Z ^[[1m^[[92m  Downloaded^[[0m crypto-common v0.1.7
build (x86_64-unknown-linux-gnu, ubuntu-latest)	Build	2026-09-10T05:24:24.1277518Z ^[[1m^[[92m  Downloaded^[[0m ordered-float v5.5.0
build (x86_64-unknown-linux-gnu, ubuntu-latest)	Build	2026-09-10T05:24:24.1300581Z ^[[1m^[[92m  Downloaded^[[0m yoke-derive v0.8.1
build (x86_64-unknown-linux-gnu, ubuntu-latest)	Build	2026-09-10T05:24:24.1313183Z ^[[1m^[[92m  Downloaded^[[0m atomic v0.6.1
build (x86_64-unknown-linux-gnu, ubuntu-latest)	Build	2026-09-10T05:24:24.1331418Z ^[[1m^[[92m  Downloaded^[[0m bit-set v0.8.0
build (x86_64-unknown-linux-gnu, ubuntu-latest)	Build	2026-09-10T05:24:24.1350090Z ^[[1m^[[92m  Downloaded^[[0m litemap v0.8.1
build (x86_64-unknown-linux-gnu, ubuntu-latest)	Build	2026-09-10T05:24:24.1379878Z ^[[1m^[[92m  Downloaded^[[0m litrs v1.0.0
build (x86_64-unknown-linux-gnu, ubuntu-latest)	Build	2026-09-10T05:24:24.1417204Z ^[[1m^[[92m  Downloaded^[[0m lock_api v0.4.14
build (x86_64-unknown-linux-gnu, ubuntu-latest)	Build	2026-09-10T05:24:24.1434556Z ^[[1m^[[92m  Downloaded^[[0m notify v7.0.0
build (x86_64-unknown-linux-gnu, ubuntu-latest)	Build	2026-09-10T05:24:24.1451424Z ^[[1m^[[92m  Downloaded^[[0m once_cell v1.21.3
build (x86_64-unknown-linux-gnu, ubuntu-latest)	Build	2026-09-10T05:24:24.1482366Z ^[[1m^[[92m  Downloaded^[[0m zerofrom v0.1.6
build (x86_64-unknown-linux-gnu, ubuntu-latest)	Build	2026-09-10T05:24:24.1493949Z ^[[1m^[[92m  Downloaded^[[0m tinystr v0.8.2
build (x86_64-unknown-linux-gnu, ubuntu-latest)	Build	2026-09-10T05:24:24.1520167Z ^[[1m^[[92m  Downloaded^[[0m zmij v1.0.21
build (x86_64-unknown-linux-gnu, ubuntu-latest)	Build	2026-09-10T05:24:24.1547692Z ^[[1m^[[92m  Downloaded^[[0m bit-vec v0.6.3
build (x86_64-unknown-linux-gnu, ubuntu-latest)	Build	2026-09-10T05:24:24.1562792Z ^[[1m^[[92m  Downloaded^[[0m want v0.3.1
build (x86_64-unknown-linux-gnu, ubuntu-latest)	Build	2026-09-10T05:24:24.1573723Z ^[[1m^[[92m  Downloaded^[[0m zune-core v0.5.3
build (x86_64-unknown-linux-gnu, ubuntu-latest)	Build	2026-09-10T05:24:24.1601999Z ^[[1m^[[92m  Downloaded^[[0m anstyle v1.0.13
build (x86_64-unknown-linux-gnu, ubuntu-latest)	Build	2026-09-10T05:24:24.1624424Z ^[[1m^[[92m  Downloaded^[[0m httparse v1.10.1
build (x86_64-unknown-linux-gnu, ubuntu-latest)	Build	2026-09-10T05:24:24.1657897Z ^[[1m^[[92m  Downloaded^[[0m getrandom v0.2.17
build (x86_64-unknown-linux-gnu, ubuntu-latest)	Build	2026-09-10T05:24:24.1694854Z ^[[1m^[[92m  Downloaded^[[0m rustls-pki-types v1.14.0
build (x86_64-unknown-linux-gnu, ubuntu-latest)	Build	2026-09-10T05:24:24.1729329Z ^[[1m^[[92m  Downloaded^[[0m unicode-truncate v2.0.1
build (x86_64-unknown-linux-gnu, ubuntu-latest)	Build	2026-09-10T05:24:24.1749072Z ^[[1m^[[92m  Downloaded^[[0m vsimd v0.8.0
build (x86_64-unknown-linux-gnu, ubuntu-latest)	Build	2026-09-10T05:24:24.1775574Z ^[[1m^[[92m  Downloaded^[[0m getrandom v0.4.1
build (x86_64-unknown-linux-gnu, ubuntu-latest)	Build	2026-09-10T05:24:24.1818979Z ^[[1m^[[92m  Downloaded^[[0m strum_macros v0.27.2
build (x86_64-unknown-linux-gnu, ubuntu-latest)	Build	2026-09-10T05:24:24.1844713Z ^[[1m^[[92m  Downloaded^[[0m phf_shared v0.11.3
build (x86_64-unknown-linux-gnu, ubuntu-latest)	Build	2026-09-10T05:24:24.1855648Z ^[[1m^[[92m  Downloaded^[[0m errno v0.3.14
build (x86_64-unknown-linux-gnu, ubuntu-latest)	Build	2026-09-10T05:24:24.1872165Z ^[[1m^[[92m  Downloaded^[[0m fastrand v2.3.0
build (x86_64-unknown-linux-gnu, ubuntu-latest)	Build	2026-09-10T05:24:24.1886554Z ^[[1m^[[92m  Downloaded^[[0m fax v0.2.6
build (x86_64-unknown-linux-gnu, ubuntu-latest)	Build	2026-09-10T05:24:24.1902472Z ^[[1m^[[92m  Downloaded^[[0m fax_derive v0.2.0
build (x86_64-unknown-linux-gnu, ubuntu-latest)	Build	2026-09-10T05:24:24.1909786Z ^[[1m^[[92m  Downloaded^[[0m icu_provider v2.1.1
build (x86_64-unknown-linux-gnu, ubuntu-latest)	Build	2026-09-10T05:24:24.1937181Z ^[[1m^[[92m  Downloaded^[[0m log v0.4.29
build (x86_64-unknown-linux-gnu, ubuntu-latest)	Build	2026-09-10T05:24:24.1963077Z ^[[1m^[[92m  Downloaded^[[0m num-traits v0.2.19
build (x86_64-unknown-linux-gnu, ubuntu-latest)	Build	2026-09-10T05:24:24.1990529Z ^[[1m^[[92m  Downloaded^[[0m tempfile v3.25.0
build (x86_64-unknown-linux-gnu, ubuntu-latest)	Build	2026-09-10T05:24:24.2016943Z ^[[1m^[[92m  Downloaded^[[0m bit-vec v0.8.0
build (x86_64-unknown-linux-gnu, ubuntu-latest)	Build	2026-09-10T05:24:24.2033761Z ^[[1m^[[92m  Downloaded^[[0m terminfo v0.9.0
build (x86_64-unknown-linux-gnu, ubuntu-latest)	Build	2026-09-10T05:24:24.2061893Z ^[[1m^[[92m  Downloaded^[[0m termios v0.3.3
build (x86_64-unknown-linux-gnu, ubuntu-latest)	Build	2026-09-10T05:24:24.2080455Z ^[[1m^[[92m  Downloaded^[[0m thiserror v2.0.18
build (x86_64-unknown-linux-gnu, ubuntu-latest)	Build	2026-09-10T05:24:24.2149925Z ^[[1m^[[92m  Downloaded^[[0m thiserror-impl v1.0.69
build (x86_64-unknown-linux-gnu, ubuntu-latest)	Build	2026-09-10T05:24:24.2164180Z ^[[1m^[[92m  Downloaded^[[0m ucd-trie v0.1.7
build (x86_64-unknown-linux-gnu, ubuntu-latest)	Build	2026-09-10T05:24:24.2179681Z ^[[1m^[[92m  Downloaded^[[0m unicase v2.9.0
build (x86_64-unknown-linux-gnu, ubuntu-latest)	Build	2026-09-10T05:24:24.2194207Z ^[[1m^[[92m  Downloaded^[[0m weezl v0.1.12
build (x86_64-unknown-linux-gnu, ubuntu-latest)	Build	2026-09-10T05:24:24.2220335Z ^[[1m^[[92m  Downloaded^[[0m wyz v0.5.1
build (x86_64-unknown-linux-gnu, ubuntu-latest)	Build	2026-09-10T05:24:24.2233071Z ^[[1m^[[92m  Downloaded^[[0m zeroize v1.8.2
build (x86_64-unknown-linux-gnu, ubuntu-latest)	Build	2026-09-10T05:24:24.2246780Z ^[[1m^[[92m  Downloaded^[[0m hyper-util v0.1.20
build (x86_64-unknown-linux-gnu, ubuntu-latest)	Build	2026-09-10T05:24:24.2312796Z ^[[1m^[[92m  Downloaded^[[0m icu_normalizer_data v2.1.1
build (x86_64-unknown-linux-gnu, ubuntu-latest)	Build	2026-09-10T05:24:24.2335570Z ^[[1m^[[92m  Downloaded^[[0m image-webp v0.2.4
build (x86_64-unknown-linux-gnu, ubuntu-latest)	Build	2026-09-10T05:24:24.2358968Z ^[[1m^[[92m  Downloaded^[[0m pkg-config v0.3.32
build (x86_64-unknown-linux-gnu, ubuntu-latest)	Build	2026-09-10T05:24:24.2375464Z ^[[1m^[[92m  Downloaded^[[0m yoke v0.8.1
build (x86_64-unknown-linux-gnu, ubuntu-latest)	Build	2026-09-10T05:24:24.2393819Z ^[[1m^[[92m  Downloaded^[[0m dirs v6.0.0
build (x86_64-unknown-linux-gnu, ubuntu-latest)	Build	2026-09-10T05:24:24.2407889Z ^[[1m^[[92m  Downloaded^[[0m anstream v0.6.21
build (x86_64-unknown-linux-gnu, ubuntu-latest)	Build	2026-09-10T05:24:24.2429035Z ^[[1m^[[92m  Downloaded^[[0m anstyle-parse v0.2.7
build (x86_64-unknown-linux-gnu, ubuntu-latest)	Build	2026-09-10T05:24:24.2446514Z ^[[1m^[[92m  Downloaded^[[0m autocfg v1.5.0
build (x86_64-unknown-linux-gnu, ubuntu-latest)	Build	2026-09-10T05:24:24.2466733Z ^[[1m^[[92m  Downloaded^[[0m bitflags v1.3.2
build (x86_64-unknown-linux-gnu, ubuntu-latest)	Build	2026-09-10T05:24:24.2501670Z ^[[1m^[[92m  Downloaded^[[0m icu_locale_core v2.1.1
build (x86_64-unknown-linux-gnu, ubuntu-latest)	Build	2026-09-10T05:24:24.2573584Z ^[[1m^[[92m  Downloaded^[[0m bytemuck_derive v1.12.0
build (x86_64-unknown-linux-gnu, ubuntu-latest)	Build	2026-09-10T05:24:24.2587753Z ^[[1m^[[92m  Downloaded^[[0m crc32fast v1.5.0
build (x86_64-unknown-linux-gnu, ubuntu-latest)	Build	2026-09-10T05:24:24.2606981Z ^[[1m^[[92m  Downloaded^[[0m radium v0.7.0
build (x86_64-unknown-linux-gnu, ubuntu-latest)	Build	2026-09-10T05:24:24.2617485Z ^[[1m^[[92m  Downloaded^[[0m miniz_oxide v0.8.9
build (x86_64-unknown-linux-gnu, ubuntu-latest)	Build	2026-09-10T05:24:24.2643417Z ^[[1m^[[92m  Downloaded^[[0m wezterm-input-types v0.1.0
build (x86_64-unknown-linux-gnu, ubuntu-latest)	Build	2026-09-10T05:24:24.2651927Z ^[[1m^[[92m  Downloaded^[[0m zerovec-derive v0.11.2
build (x86_64-unknown-linux-gnu, ubuntu-latest)	Build	2026-09-10T05:24:24.2666633Z ^[[1m^[[92m  Downloaded^[[0m zipsign-api v0.1.5
build (x86_64-unknown-linux-gnu, ubuntu-latest)	Build	2026-09-10T05:24:24.2687749Z ^[[1m^[[92m  Downloaded^[[0m icu_collections v2.1.1
build (x86_64-unknown-linux-gnu, ubuntu-latest)	Build	2026-09-10T05:24:24.2752818Z ^[[1m^[[92m  Downloaded^[[0m icu_normalizer v2.1.1
build (x86_64-unknown-linux-gnu, ubuntu-latest)	Build	2026-09-10T05:24:24.2790193Z ^[[1m^[[92m  Downloaded^[[0m indicatif v0.17.11
build (x86_64-unknown-linux-gnu, ubuntu-latest)	Build	2026-09-10T05:24:24.2829876Z ^[[1m^[[92m  Downloaded^[[0m openssl-sys v0.9.111
build (x86_64-unknown-linux-gnu, ubuntu-latest)	Build	2026-09-10T05:24:24.2889841Z ^[[1m^[[92m  Downloaded^[[0m parking_lot v0.12.5
build (x86_64-unknown-linux-gnu, ubuntu-latest)	Build	2026-09-10T05:24:24.2915830Z ^[[1m^[[92m  Downloaded^[[0m siphasher v1.0.2
build (x86_64-unknown-linux-gnu, ubuntu-latest)	Build	2026-09-10T05:24:24.2930588Z ^[[1m^[[92m  Downloaded^[[0m fdeflate v0.3.7
build (x86_64-unknown-linux-gnu, ubuntu-latest)	Build	2026-09-10T05:24:24.2947886Z ^[[1m^[[92m  Downloaded^[[0m filedescriptor v0.8.3
build (x86_64-unknown-linux-gnu, ubuntu-latest)	Build	2026-09-10T05:24:24.2958076Z ^[[1m^[[92m  Downloaded^[[0m icu_properties v2.1.2
build (x86_64-unknown-linux-gnu, ubuntu-latest)	Build	2026-09-10T05:24:24.2980328Z ^[[1m^[[92m  Downloaded^[[0m memchr v2.8.0
build (x86_64-unknown-linux-gnu, ubuntu-latest)	Build	2026-09-10T05:24:24.3038761Z ^[[1m^[[92m  Downloaded^[[0m minimal-lexical v0.2.1
build (x86_64-unknown-linux-gnu, ubuntu-latest)	Build	2026-09-10T05:24:24.3086945Z ^[[1m^[[92m  Downloaded^[[0m plist v1.8.0
build (x86_64-unknown-linux-gnu, ubuntu-latest)	Build	2026-09-10T05:24:24.3115474Z ^[[1m^[[92m  Downloaded^[[0m ratatui-crossterm v0.1.0
build (x86_64-unknown-linux-gnu, ubuntu-latest)	Build	2026-09-10T05:24:24.3125930Z ^[[1m^[[92m  Downloaded^[[0m rustversion v1.0.22
build (x86_64-unknown-linux-gnu, ubuntu-latest)	Build	2026-09-10T05:24:24.3156874Z ^[[1m^[[92m  Downloaded^[[0m self-replace v1.5.0
build (x86_64-unknown-linux-gnu, ubuntu-latest)	Build	2026-09-10T05:24:24.3174393Z ^[[1m^[[92m  Downloaded^[[0m self_update v0.42.0
build (x86_64-unknown-linux-gnu, ubuntu-latest)	Build	2026-09-10T05:24:24.3201314Z ^[[1m^[[92m  Downloaded^[[0m serde v1.0.228
build (x86_64-unknown-linux-gnu, ubuntu-latest)	Build	2026-09-10T05:24:24.3238869Z ^[[1m^[[92m  Downloaded^[[0m sha2 v0.10.9
build (x86_64-unknown-linux-gnu, ubuntu-latest)	Build	2026-09-10T05:24:24.3265777Z ^[[1m^[[92m  Downloaded^[[0m shlex v1.3.0
build (x86_64-unknown-linux-gnu, ubuntu-latest)	Build	2026-09-10T05:24:24.3279196Z ^[[1m^[[92m  Downloaded^[[0m smallvec v1.15.1
build (x86_64-unknown-linux-gnu, ubuntu-latest)	Build	2026-09-10T05:24:24.3300795Z ^[[1m^[[92m  Downloaded^[[0m tar v0.4.46
build (x86_64-unknown-linux-gnu, ubuntu-latest)	Build	2026-09-10T05:24:24.3330710Z ^[[1m^[[92m  Downloaded^[[0m tokio-rustls v0.26.4
build (x86_64-unknown-linux-gnu, ubuntu-latest)	Build	2026-09-10T05:24:24.3351886Z ^[[1m^[[92m  Downloaded^[[0m writeable v0.6.2
build (x86_64-unknown-linux-gnu, ubuntu-latest)	Build	2026-09-10T05:24:24.3370857Z ^[[1m^[[92m  Downloaded^[[0m zune-core v0.4.12
build (x86_64-unknown-linux-gnu, ubuntu-latest)	Build	2026-09-10T05:24:24.3388144Z ^[[1m^[[92m  Downloaded^[[0m base64ct v1.8.3
build (x86_64-unknown-linux-gnu, ubuntu-latest)	Build	2026-09-10T05:24:24.3413802Z ^[[1m^[[92m  Downloaded^[[0m bincode v1.3.3
build (x86_64-unknown-linux-gnu, ubuntu-latest)	Build	2026-09-10T05:24:24.3437107Z ^[[1m^[[92m  Downloaded^[[0m bitflags v2.11.0
build (x86_64-unknown-linux-gnu, ubuntu-latest)	Build	2026-09-10T05:24:24.3482256Z ^[[1m^[[92m  Downloaded^[[0m csscolorparser v0.6.2
build (x86_64-unknown-linux-gnu, ubuntu-latest)	Build	2026-09-10T05:24:24.3495053Z ^[[1m^[[92m  Downloaded^[[0m curve25519-dalek-derive v0.1.1
build (x86_64-unknown-linux-gnu, ubuntu-latest)	Build	2026-09-10T05:24:24.3505788Z ^[[1m^[[92m  Downloaded^[[0m deranged v0.5.6
build (x86_64-unknown-linux-gnu, ubuntu-latest)	Build	2026-09-10T05:24:24.3520351Z ^[[1m^[[92m  Downloaded^[[0m ed25519 v2.2.3
build (x86_64-unknown-linux-gnu, ubuntu-latest)	Build	2026-09-10T05:24:24.3539309Z ^[[1m^[[92m  Downloaded^[[0m futures-util v0.3.31
build (x86_64-unknown-linux-gnu, ubuntu-latest)	Build	2026-09-10T05:24:24.3678048Z ^[[1m^[[92m  Downloaded^[[0m git2 v0.20.4
build (x86_64-unknown-linux-gnu, ubuntu-latest)	Build	2026-09-10T05:24:24.3764778Z ^[[1m^[[92m  Downloaded^[[0m http v1.4.0
build (x86_64-unknown-linux-gnu, ubuntu-latest)	Build	2026-09-10T05:24:24.3803114Z ^[[1m^[[92m  Downloaded^[[0m hyper v1.8.1
build (x86_64-unknown-linux-gnu, ubuntu-latest)	Build	2026-09-10T05:24:24.3873210Z ^[[1m^[[92m  Downloaded^[[0m indexmap v2.13.0
build (x86_64-unknown-linux-gnu, ubuntu-latest)	Build	2026-09-10T05:24:24.3918300Z ^[[1m^[[92m  Downloaded^[[0m miette v7.6.0
build (x86_64-unknown-linux-gnu, ubuntu-latest)	Build	2026-09-10T05:24:24.3970374Z ^[[1m^[[92m  Downloaded^[[0m mio v1.1.1
build (x86_64-unknown-linux-gnu, ubuntu-latest)	Build	2026-09-10T05:24:24.4033059Z ^[[1m^[[92m  Downloaded^[[0m nom v7.1.3
build (x86_64-unknown-linux-gnu, ubuntu-latest)	Build	2026-09-10T05:24:24.4088198Z ^[[1m^[[92m  Downloaded^[[0m pulldown-cmark-escape v0.11.0
build (x86_64-unknown-linux-gnu, ubuntu-latest)	Build	2026-09-10T05:24:24.4096139Z ^[[1m^[[92m  Downloaded^[[0m quote v1.0.44
build (x86_64-unknown-linux-gnu, ubuntu-latest)	Build	2026-09-10T05:24:24.4125071Z ^[[1m^[[92m  Downloaded^[[0m ref-cast v1.0.27
build (x86_64-unknown-linux-gnu, ubuntu-latest)	Build	2026-09-10T05:24:24.4168272Z ^[[1m^[[92m  Downloaded^[[0m ref-cast-impl v1.0.27
build (x86_64-unknown-linux-gnu, ubuntu-latest)	Build	2026-09-10T05:24:24.4179881Z ^[[1m^[[92m  Downloaded^[[0m time-macros v0.2.27
build (x86_64-unknown-linux-gnu, ubuntu-latest)	Build	2026-09-10T05:24:24.4212499Z ^[[1m^[[92m  Downloaded^[[0m tinyvec v1.10.0
build (x86_64-unknown-linux-gnu, ubuntu-latest)	Build	2026-09-10T05:24:24.4251100Z ^[[1m^[[92m  Downloaded^[[0m yaml-rust v0.4.5
build (x86_64-unknown-linux-gnu, ubuntu-latest)	Build	2026-09-10T05:24:24.4277934Z ^[[1m^[[92m  Downloaded^[[0m anyhow v1.0.101
build (x86_64-unknown-linux-gnu, ubuntu-latest)	Build	2026-09-10T05:24:24.4320681Z ^[[1m^[[92m  Downloaded^[[0m hashbrown v0.16.1
build (x86_64-unknown-linux-gnu, ubuntu-latest)	Build	2026-09-10T05:24:24.4375433Z ^[[1m^[[92m  Downloaded^[[0m idna v1.1.0
build (x86_64-unknown-linux-gnu, ubuntu-latest)	Build	2026-09-10T05:24:24.4411965Z ^[[1m^[[92m  Downloaded^[[0m kdl v6.7.1
build (x86_64-unknown-linux-gnu, ubuntu-latest)	Build	2026-09-10T05:24:24.4808097Z ^[[1m^[[92m  Downloaded^[[0m tracing-core v0.1.36
build (x86_64-unknown-linux-gnu, ubuntu-latest)	Build	2026-09-10T05:24:24.4836104Z ^[[1m^[[92m  Downloaded^[[0m unicode-ident v1.0.23
build (x86_64-unknown-linux-gnu, ubuntu-latest)	Build	2026-09-10T05:24:24.4865568Z ^[[1m^[[92m  Downloaded^[[0m uuid v1.21.0
build (x86_64-unknown-linux-gnu, ubuntu-latest)	Build	2026-09-10T05:24:24.4897043Z ^[[1m^[[92m  Downloaded^[[0m iri-string v0.7.10
build (x86_64-unknown-linux-gnu, ubuntu-latest)	Build	2026-09-10T05:24:24.4977812Z ^[[1m^[[92m  Downloaded^[[0m icu_properties_data v2.1.2
build (x86_64-unknown-linux-gnu, ubuntu-latest)	Build	2026-09-10T05:24:24.5086690Z ^[[1m^[[92m  Downloaded^[[0m libm v0.2.16
build (x86_64-unknown-linux-gnu, ubuntu-latest)	Build	2026-09-10T05:24:24.5204419Z ^[[1m^[[92m  Downloaded^[[0m signal-hook-registry v1.4.8
build (x86_64-unknown-linux-gnu, ubuntu-latest)	Build	2026-09-10T05:24:24.5217174Z ^[[1m^[[92m  Downloaded^[[0m fnv v1.0.7
build (x86_64-unknown-linux-gnu, ubuntu-latest)	Build	2026-09-10T05:24:24.5226635Z ^[[1m^[[92m  Downloaded^[[0m h2 v0.4.13
build (x86_64-unknown-linux-gnu, ubuntu-latest)	Build	2026-09-10T05:24:24.5294396Z ^[[1m^[[92m  Downloaded^[[0m itertools v0.14.0
build (x86_64-unknown-linux-gnu, ubuntu-latest)	Build	2026-09-10T05:24:24.5368997Z ^[[1m^[[92m  Downloaded^[[0m moxcms v0.7.11
build (x86_64-unknown-linux-gnu, ubuntu-latest)	Build	2026-09-10T05:24:24.5475830Z ^[[1m^[[92m  Downloaded^[[0m fixedbitset v0.4.2
build (x86_64-unknown-linux-gnu, ubuntu-latest)	Build	2026-09-10T05:24:24.5489685Z ^[[1m^[[92m  Downloaded^[[0m slab v0.4.12
build (x86_64-unknown-linux-gnu, ubuntu-latest)	Build	2026-09-10T05:24:24.5503361Z ^[[1m^[[92m  Downloaded^[[0m spki v0.7.3
build (x86_64-unknown-linux-gnu, ubuntu-latest)	Build	2026-09-10T05:24:24.5522736Z ^[[1m^[[92m  Downloaded^[[0m static_assertions v1.1.0
build (x86_64-unknown-linux-gnu, ubuntu-latest)	Build	2026-09-10T05:24:24.5538278Z ^[[1m^[[92m  Downloaded^[[0m typenum v1.19.0
build (x86_64-unknown-linux-gnu, ubuntu-latest)	Build	2026-09-10T05:24:24.5567983Z ^[[1m^[[92m  Downloaded^[[0m wezterm-bidi v0.2.3
build (x86_64-unknown-linux-gnu, ubuntu-latest)	Build	2026-09-10T05:24:24.5589147Z ^[[1m^[[92m  Downloaded^[[0m allocator-api2 v0.2.21
build (x86_64-unknown-linux-gnu, ubuntu-latest)	Build	2026-09-10T05:24:24.5616537Z ^[[1m^[[92m  Downloaded^[[0m bytemuck v1.25.0
build (x86_64-unknown-linux-gnu, ubuntu-latest)	Build	2026-09-10T05:24:24.5650182Z ^[[1m^[[92m  Downloaded^[[0m der v0.7.10
build (x86_64-unknown-linux-gnu, ubuntu-latest)	Build	2026-09-10T05:24:24.5706310Z ^[[1m^[[92m  Downloaded^[[0m derive_more v2.1.1
build (x86_64-unknown-linux-gnu, ubuntu-latest)	Build	2026-09-10T05:24:24.5846392Z ^[[1m^[[92m  Downloaded^[[0m euclid v0.22.13
build (x86_64-unknown-linux-gnu, ubuntu-latest)	Build	2026-09-10T05:24:24.5880593Z ^[[1m^[[92m  Downloaded^[[0m pin-utils v0.1.0
build (x86_64-unknown-linux-gnu, ubuntu-latest)	Build	2026-09-10T05:24:24.5893436Z ^[[1m^[[92m  Downloaded^[[0m quinn-udp v0.5.14
build (x86_64-unknown-linux-gnu, ubuntu-latest)	Build	2026-09-10T05:24:24.5912337Z ^[[1m^[[92m  Downloaded^[[0m rand_pcg v0.10.2
build (x86_64-unknown-linux-gnu, ubuntu-latest)	Build	2026-09-10T05:24:24.5928133Z ^[[1m^[[92m  Downloaded^[[0m rustc-hash v2.1.1
build (x86_64-unknown-linux-gnu, ubuntu-latest)	Build	2026-09-10T05:24:24.5942372Z ^[[1m^[[92m  Downloaded^[[0m url v2.5.8
build (x86_64-unknown-linux-gnu, ubuntu-latest)	Build	2026-09-10T05:24:24.5970025Z ^[[1m^[[92m  Downloaded^[[0m zune-jpeg v0.4.21
build (x86_64-unknown-linux-gnu, ubuntu-latest)	Build	2026-09-10T05:24:24.6002117Z ^[[1m^[[92m  Downloaded^[[0m arboard v3.6.1
build (x86_64-unknown-linux-gnu, ubuntu-latest)	Build	2026-09-10T05:24:24.6030814Z ^[[1m^[[92m  Downloaded^[[0m chacha20 v0.10.1
build (x86_64-unknown-linux-gnu, ubuntu-latest)	Build	2026-09-10T05:24:24.6057690Z ^[[1m^[[92m  Downloaded^[[0m console v0.15.11
build (x86_64-unknown-linux-gnu, ubuntu-latest)	Build	2026-09-10T05:24:24.6089888Z ^[[1m^[[92m  Downloaded^[[0m serde_urlencoded v0.7.1
build (x86_64-unknown-linux-gnu, ubuntu-latest)	Build	2026-09-10T05:24:24.6108057Z ^[[1m^[[92m  Downloaded^[[0m zerotrie v0.2.3
build (x86_64-unknown-linux-gnu, ubuntu-latest)	Build	2026-09-10T05:24:24.6146388Z ^[[1m^[[92m  Downloaded^[[0m rand_core v0.10.1
build (x86_64-unknown-linux-gnu, ubuntu-latest)	Build	2026-09-10T05:24:24.6163358Z ^[[1m^[[92m  Downloaded^[[0m safe_arch v1.2.0
build (x86_64-unknown-linux-gnu, ubuntu-latest)	Build	2026-09-10T05:24:24.6213787Z ^[[1m^[[92m  Downloaded^[[0m flate2 v1.1.9
build (x86_64-unknown-linux-gnu, ubuntu-latest)	Build	2026-09-10T05:24:24.6267515Z ^[[1m^[[92m  Downloaded^[[0m pkcs8 v0.10.2
build (x86_64-unknown-linux-gnu, ubuntu-latest)	Build	2026-09-10T05:24:24.6298183Z ^[[1m^[[92m  Downloaded^[[0m semver v1.0.27
build (x86_64-unknown-linux-gnu, ubuntu-latest)	Build	2026-09-10T05:24:24.6322705Z ^[[1m^[[92m  Downloaded^[[0m signal-hook-mio v0.2.5
build (x86_64-unknown-linux-gnu, ubuntu-latest)	Build	2026-09-10T05:24:24.6336535Z ^[[1m^[[92m  Downloaded^[[0m signature v2.2.0
build (x86_64-unknown-linux-gnu, ubuntu-latest)	Build	2026-09-10T05:24:24.6352208Z ^[[1m^[[92m  Downloaded^[[0m strsim v0.11.1
build (x86_64-unknown-linux-gnu, ubuntu-latest)	Build	2026-09-10T05:24:24.6366110Z ^[[1m^[[92m  Downloaded^[[0m digest v0.10.7
build (x86_64-unknown-linux-gnu, ubuntu-latest)	Build	2026-09-10T05:24:24.6385520Z ^[[1m^[[92m  Downloaded^[[0m dirs-sys v0.5.0
build (x86_64-unknown-linux-gnu, ubuntu-latest)	Build	2026-09-10T05:24:24.6397718Z ^[[1m^[[92m  Downloaded^[[0m displaydoc v0.2.5
build (x86_64-unknown-linux-gnu, ubuntu-latest)	Build	2026-09-10T05:24:24.6429537Z ^[[1m^[[92m  Downloaded^[[0m image v0.25.9
build (x86_64-unknown-linux-gnu, ubuntu-latest)	Build	2026-09-10T05:24:24.6526814Z ^[[1m^[[92m  Downloaded^[[0m pin-project-lite v0.2.16
build (x86_64-unknown-linux-gnu, ubuntu-latest)	Build	2026-09-10T05:24:24.6588332Z ^[[1m^[[92m  Downloaded^[[0m rand v0.8.8
build (x86_64-unknown-linux-gnu, ubuntu-latest)	Build	2026-09-10T05:24:24.6623529Z ^[[1m^[[92m  Downloaded^[[0m rand_xoshiro v0.8.1
build (x86_64-unknown-linux-gnu, ubuntu-latest)	Build	2026-09-10T05:24:24.6644986Z ^[[1m^[[92m  Downloaded^[[0m signal-hook v0.3.18
build (x86_64-unknown-linux-gnu, ubuntu-latest)	Build	2026-09-10T05:24:24.6677585Z ^[[1m^[[92m  Downloaded^[[0m simd-adler32 v0.3.8
build (x86_64-unknown-linux-gnu, ubuntu-latest)	Build	2026-09-10T05:24:24.6697424Z ^[[1m^[[92m  Downloaded^[[0m socket2 v0.6.2
build (x86_64-unknown-linux-gnu, ubuntu-latest)	Build	2026-09-10T05:24:24.6716092Z ^[[1m^[[92m  Downloaded^[[0m subtle v2.6.1
build (x86_64-unknown-linux-gnu, ubuntu-latest)	Build	2026-09-10T05:24:24.6728510Z ^[[1m^[[92m  Downloaded^[[0m zune-jpeg v0.5.15
build (x86_64-unknown-linux-gnu, ubuntu-latest)	Build	2026-09-10T05:24:24.6765512Z ^[[1m^[[92m  Downloaded^[[0m base64 v0.22.1
build (x86_64-unknown-linux-gnu, ubuntu-latest)	Build	2026-09-10T05:24:24.6805762Z ^[[1m^[[92m  Downloaded^[[0m byteorder-lite v0.1.0
build (x86_64-unknown-linux-gnu, ubuntu-latest)	Build	2026-09-10T05:24:24.6817050Z ^[[1m^[[92m  Downloaded^[[0m castaway v0.2.4
build (x86_64-unknown-linux-gnu, ubuntu-latest)	Build	2026-09-10T05:24:24.6832294Z ^[[1m^[[92m  Downloaded^[[0m compact_str v0.9.0
build (x86_64-unknown-linux-gnu, ubuntu-latest)	Build	2026-09-10T05:24:24.6867034Z ^[[1m^[[92m  Downloaded^[[0m nix v0.29.0
build (x86_64-unknown-linux-gnu, ubuntu-latest)	Build	2026-09-10T05:24:24.6986270Z ^[[1m^[[92m  Downloaded^[[0m tower v0.5.3
build (x86_64-unknown-linux-gnu, ubuntu-latest)	Build	2026-09-10T05:24:24.7095522Z ^[[1m^[[92m  Downloaded^[[0m unicode-segmentation v1.12.0
build (x86_64-unknown-linux-gnu, ubuntu-latest)	Build	2026-09-10T05:24:24.7127074Z ^[[1m^[[92m  Downloaded^[[0m zerocopy-derive v0.8.39
build (x86_64-unknown-linux-gnu, ubuntu-latest)	Build	2026-09-10T05:24:24.7230841Z ^[[1m^[[92m  Downloaded^[[0m zerovec v0.11.5
build (x86_64-unknown-linux-gnu, ubuntu-latest)	Build	2026-09-10T05:24:24.7287636Z ^[[1m^[[92m  Downloaded^[[0m cfg-if v1.0.4
build (x86_64-unknown-linux-gnu, ubuntu-latest)	Build	2026-09-10T05:24:24.7301971Z ^[[1m^[[92m  Downloaded^[[0m convert_case v0.10.0
build (x86_64-unknown-linux-gnu, ubuntu-latest)	Build	2026-09-10T05:24:24.7319868Z ^[[1m^[[92m  Downloaded^[[0m curve25519-dalek v4.1.3
build (x86_64-unknown-linux-gnu, ubuntu-latest)	Build	2026-09-10T05:24:24.7407322Z ^[[1m^[[92m  Downloaded^[[0m derive_more-impl v2.1.1
build (x86_64-unknown-linux-gnu, ubuntu-latest)	Build	2026-09-10T05:24:24.7463372Z ^[[1m^[[92m  Downloaded^[[0m fancy-regex v0.11.0
build (x86_64-unknown-linux-gnu, ubuntu-latest)	Build	2026-09-10T05:24:24.7498385Z ^[[1m^[[92m  Downloaded^[[0m powerfmt v0.2.0
build (x86_64-unknown-linux-gnu, ubuntu-latest)	Build	2026-09-10T05:24:24.7510473Z ^[[1m^[[92m  Downloaded^[[0m ppv-lite86 v0.2.21
build (x86_64-unknown-linux-gnu, ubuntu-latest)	Build	2026-09-10T05:24:24.7524359Z ^[[1m^[[92m  Downloaded^[[0m proc-macro2 v1.0.106
build (x86_64-unknown-linux-gnu, ubuntu-latest)	Build	2026-09-10T05:24:24.7555398Z ^[[1m^[[92m  Downloaded^[[0m ratatui-core v0.1.0
build (x86_64-unknown-linux-gnu, ubuntu-latest)	Build	2026-09-10T05:24:24.7619895Z ^[[1m^[[92m  Downloaded^[[0m ratatui-macros v0.7.0
build (x86_64-unknown-linux-gnu, ubuntu-latest)	Build	2026-09-10T05:24:24.7636223Z ^[[1m^[[92m  Downloaded^[[0m termwiz v0.23.3
build (x86_64-unknown-linux-gnu, ubuntu-latest)	Build	2026-09-10T05:24:24.7766925Z ^[[1m^[[92m  Downloaded^[[0m tokio-util v0.7.18
build (x86_64-unknown-linux-gnu, ubuntu-latest)	Build	2026-09-10T05:24:24.7848911Z ^[[1m^[[92m  Downloaded^[[0m tower-http v0.6.8
build (x86_64-unknown-linux-gnu, ubuntu-latest)	Build	2026-09-10T05:24:24.7936856Z ^[[1m^[[92m  Downloaded^[[0m cfg_aliases v0.2.1
build (x86_64-unknown-linux-gnu, ubuntu-latest)	Build	2026-09-10T05:24:24.7947494Z ^[[1m^[[92m  Downloaded^[[0m cpufeatures v0.2.17
build (x86_64-unknown-linux-gnu, ubuntu-latest)	Build	2026-09-10T05:24:24.7962293Z ^[[1m^[[92m  Downloaded^[[0m filetime v0.2.27
build (x86_64-unknown-linux-gnu, ubuntu-latest)	Build	2026-09-10T05:24:24.7980060Z ^[[1m^[[92m  Downloaded^[[0m find-msvc-tools v0.1.9
build (x86_64-unknown-linux-gnu, ubuntu-latest)	Build	2026-09-10T05:24:24.7997396Z ^[[1m^[[92m  Downloaded^[[0m rustix v1.1.3
build (x86_64-unknown-linux-gnu, ubuntu-latest)	Build	2026-09-10T05:24:24.8285069Z ^[[1m^[[92m  Downloaded^[[0m aho-corasick v1.1.4
build (x86_64-unknown-linux-gnu, ubuntu-latest)	Build	2026-09-10T05:24:24.8340240Z ^[[1m^[[92m  Downloaded^[[0m color_quant v1.1.0
build (x86_64-unknown-linux-gnu, ubuntu-latest)	Build	2026-09-10T05:24:24.8351467Z ^[[1m^[[92m  Downloaded^[[0m colorchoice v1.0.4
build (x86_64-unknown-linux-gnu, ubuntu-latest)	Build	2026-09-10T05:24:24.8361883Z ^[[1m^[[92m  Downloaded^[[0m cpufeatures v0.3.0
build (x86_64-unknown-linux-gnu, ubuntu-latest)	Build	2026-09-10T05:24:24.8377868Z ^[[1m^[[92m  Downloaded^[[0m darling_core v0.23.0
build (x86_64-unknown-linux-gnu, ubuntu-latest)	Build	2026-09-10T05:24:24.8436943Z ^[[1m^[[92m  Downloaded^[[0m finl_unicode v1.4.0
build (x86_64-unknown-linux-gnu, ubuntu-latest)	Build	2026-09-10T05:24:24.8472884Z ^[[1m^[[92m  Downloaded^[[0m foldhash v0.2.0
build (x86_64-unknown-linux-gnu, ubuntu-latest)	Build	2026-09-10T05:24:24.8486326Z ^[[1m^[[92m  Downloaded^[[0m palette v0.7.7
build (x86_64-unknown-linux-gnu, ubuntu-latest)	Build	2026-09-10T05:24:24.8614159Z ^[[1m^[[92m  Downloaded^[[0m percent-encoding v2.3.2
build (x86_64-unknown-linux-gnu, ubuntu-latest)	Build	2026-09-10T05:24:24.8623809Z ^[[1m^[[92m  Downloaded^[[0m potential_utf v0.1.4
build (x86_64-unknown-linux-gnu, ubuntu-latest)	Build	2026-09-10T05:24:24.8634996Z ^[[1m^[[92m  Downloaded^[[0m rand_core v0.6.4
build (x86_64-unknown-linux-gnu, ubuntu-latest)	Build	2026-09-10T05:24:24.8649619Z ^[[1m^[[92m  Downloaded^[[0m same-file v1.0.6
build (x86_64-unknown-linux-gnu, ubuntu-latest)	Build	2026-09-10T05:24:24.8663826Z ^[[1m^[[92m  Downloaded^[[0m syn v1.0.109
build (x86_64-unknown-linux-gnu, ubuntu-latest)	Build	2026-09-10T05:24:24.8762861Z ^[[1m^[[92m  Downloaded^[[0m sync_wrapper v1.0.2
build (x86_64-unknown-linux-gnu, ubuntu-latest)	Build	2026-09-10T05:24:24.8771750Z ^[[1m^[[92m  Downloaded^[[0m winnow v0.7.15
build (x86_64-unknown-linux-gnu, ubuntu-latest)	Build	2026-09-10T05:24:24.8873267Z ^[[1m^[[92m  Downloaded^[[0m bytes v1.11.1
build (x86_64-unknown-linux-gnu, ubuntu-latest)	Build	2026-09-10T05:24:24.8917895Z ^[[1m^[[92m  Downloaded^[[0m cc v1.2.56
build (x86_64-unknown-linux-gnu, ubuntu-latest)	Build	2026-09-10T05:24:24.8949625Z ^[[1m^[[92m  Downloaded^[[0m clap v4.5.58
build (x86_64-unknown-linux-gnu, ubuntu-latest)	Build	2026-09-10T05:24:24.9051962Z ^[[1m^[[92m  Downloaded^[[0m clap_derive v4.5.55
build (x86_64-unknown-linux-gnu, ubuntu-latest)	Build	2026-09-10T05:24:24.9074848Z ^[[1m^[[92m  Downloaded^[[0m darling_macro v0.23.0
build (x86_64-unknown-linux-gnu, ubuntu-latest)	Build	2026-09-10T05:24:24.9082074Z ^[[1m^[[92m  Downloaded^[[0m document-features v0.2.12
build (x86_64-unknown-linux-gnu, ubuntu-latest)	Build	2026-09-10T05:24:24.9095455Z ^[[1m^[[92m  Downloaded^[[0m parking_lot_core v0.9.12
build (x86_64-unknown-linux-gnu, ubuntu-latest)	Build	2026-09-10T05:24:24.9117115Z ^[[1m^[[92m  Downloaded^[[0m pest_derive v2.8.6
build (x86_64-unknown-linux-gnu, ubuntu-latest)	Build	2026-09-10T05:24:24.9142044Z ^[[1m^[[92m  Downloaded^[[0m quantette v0.6.0
build (x86_64-unknown-linux-gnu, ubuntu-latest)	Build	2026-09-10T05:24:24.9177968Z ^[[1m^[[92m  Downloaded^[[0m rand_chacha v0.3.1
build (x86_64-unknown-linux-gnu, ubuntu-latest)	Build	2026-09-10T05:24:24.9190131Z ^[[1m^[[92m  Downloaded^[[0m x11rb v0.13.2
build (x86_64-unknown-linux-gnu, ubuntu-latest)	Build	2026-09-10T05:24:24.9277110Z ^[[1m^[[92m  Downloaded^[[0m const-oid v0.9.6
build (x86_64-unknown-linux-gnu, ubuntu-latest)	Build	2026-09-10T05:24:24.9297273Z ^[[1m^[[92m  Downloaded^[[0m darling v0.23.0
build (x86_64-unknown-linux-gnu, ubuntu-latest)	Build	2026-09-10T05:24:24.9355880Z ^[[1m^[[92m  Downloaded^[[0m equivalent v1.0.2
build (x86_64-unknown-linux-gnu, ubuntu-latest)	Build	2026-09-10T05:24:24.9366873Z ^[[1m^[[92m  Downloaded^[[0m libssh2-sys v0.3.1
build (x86_64-unknown-linux-gnu, ubuntu-latest)	Build	2026-09-10T05:24:24.9722747Z ^[[1m^[[92m  Downloaded^[[0m pest v2.8.6
build (x86_64-unknown-linux-gnu, ubuntu-latest)	Build	2026-09-10T05:24:24.9770248Z ^[[1m^[[92m  Downloaded^[[0m png v0.18.1
build (x86_64-unknown-linux-gnu, ubuntu-latest)	Build	2026-09-10T05:24:24.9814458Z ^[[1m^[[92m  Downloaded^[[0m regex-automata v0.4.14
build (x86_64-unknown-linux-gnu, ubuntu-latest)	Build	2026-09-10T05:24:24.9960957Z ^[[1m^[[92m  Downloaded^[[0m rustix v0.38.44
build (x86_64-unknown-linux-gnu, ubuntu-latest)	Build	2026-09-10T05:24:25.0238168Z ^[[1m^[[92m  Downloaded^[[0m ryu v1.0.23
build (x86_64-unknown-linux-gnu, ubuntu-latest)	Build	2026-09-10T05:24:25.0272836Z ^[[1m^[[92m  Downloaded^[[0m time v0.3.47
build (x86_64-unknown-linux-gnu, ubuntu-latest)	Build	2026-09-10T05:24:25.0411226Z ^[[1m^[[92m  Downloaded^[[0m vcpkg v0.2.15
build (x86_64-unknown-linux-gnu, ubuntu-latest)	Build	2026-09-10T05:24:25.0995540Z ^[[1m^[[92m  Downloaded^[[0m wide v1.6.1
build (x86_64-unknown-linux-gnu, ubuntu-latest)	Build	2026-09-10T05:24:25.1060196Z ^[[1m^[[92m  Downloaded^[[0m bitvec v1.1.1
build (x86_64-unknown-linux-gnu, ubuntu-latest)	Build	2026-09-10T05:24:25.1240635Z ^[[1m^[[92m  Downloaded^[[0m either v1.15.0
build (x86_64-unknown-linux-gnu, ubuntu-latest)	Build	2026-09-10T05:24:25.1256816Z ^[[1m^[[92m  Downloaded^[[0m portable-atomic v1.13.1
build (x86_64-unknown-linux-gnu, ubuntu-latest)	Build	2026-09-10T05:24:25.1333579Z ^[[1m^[[92m  Downloaded^[[0m quick-xml v0.37.5
build (x86_64-unknown-linux-gnu, ubuntu-latest)	Build	2026-09-10T05:24:25.1389293Z ^[[1m^[[92m  Downloaded^[[0m ratatui v0.30.0
build (x86_64-unknown-linux-gnu, ubuntu-latest)	Build	2026-09-10T05:24:25.1429020Z ^[[1m^[[92m  Downloaded^[[0m unicode-width v0.1.14
build (x86_64-unknown-linux-gnu, ubuntu-latest)	Build	2026-09-10T05:24:25.1487760Z ^[[1m^[[92m  Downloaded^[[0m unicode-width v0.2.2
build (x86_64-unknown-linux-gnu, ubuntu-latest)	Build	2026-09-10T05:24:25.1546387Z ^[[1m^[[92m  Downloaded^[[0m phf_codegen v0.11.3
build (x86_64-unknown-linux-gnu, ubuntu-latest)	Build	2026-09-10T05:24:25.1556209Z ^[[1m^[[92m  Downloaded^[[0m pulldown-cmark v0.13.0
build (x86_64-unknown-linux-gnu, ubuntu-latest)	Build	2026-09-10T05:24:25.1610320Z ^[[1m^[[92m  Downloaded^[[0m quick-error v2.0.1
build (x86_64-unknown-linux-gnu, ubuntu-latest)	Build	2026-09-10T05:24:25.1624041Z ^[[1m^[[92m  Downloaded^[[0m rand v0.10.2
build (x86_64-unknown-linux-gnu, ubuntu-latest)	Build	2026-09-10T05:24:25.1664560Z ^[[1m^[[92m  Downloaded^[[0m reqwest v0.12.28
build (x86_64-unknown-linux-gnu, ubuntu-latest)	Build	2026-09-10T05:24:25.1723213Z ^[[1m^[[92m  Downloaded^[[0m scopeguard v1.2.0
build (x86_64-unknown-linux-gnu, ubuntu-latest)	Build	2026-09-10T05:24:25.1736903Z ^[[1m^[[92m  Downloaded^[[0m webpki-roots v1.0.6
build (x86_64-unknown-linux-gnu, ubuntu-latest)	Build	2026-09-10T05:24:25.1772012Z ^[[1m^[[92m  Downloaded^[[0m zerocopy v0.8.39
build (x86_64-unknown-linux-gnu, ubuntu-latest)	Build	2026-09-10T05:24:25.2014350Z ^[[1m^[[92m  Downloaded^[[0m ed25519-dalek v2.2.0
build (x86_64-unknown-linux-gnu, ubuntu-latest)	Build	2026-09-10T05:24:25.2048844Z ^[[1m^[[92m  Downloaded^[[0m phf v0.11.3
build (x86_64-unknown-linux-gnu, ubuntu-latest)	Build	2026-09-10T05:24:25.2062672Z ^[[1m^[[92m  Downloaded^[[0m phf_generator v0.11.3
build (x86_64-unknown-linux-gnu, ubuntu-latest)	Build	2026-09-10T05:24:25.2074995Z ^[[1m^[[92m  Downloaded^[[0m crossterm v0.28.1
build (x86_64-unknown-linux-gnu, ubuntu-latest)	Build	2026-09-10T05:24:25.2148034Z ^[[1m^[[92m  Downloaded^[[0m crossterm v0.29.0
build (x86_64-unknown-linux-gnu, ubuntu-latest)	Build	2026-09-10T05:24:25.2222143Z ^[[1m^[[92m  Downloaded^[[0m libc v0.2.182
build (x86_64-unknown-linux-gnu, ubuntu-latest)	Build	2026-09-10T05:24:25.2633039Z ^[[1m^[[92m  Downloaded^[[0m pest_generator v2.8.6
build (x86_64-unknown-linux-gnu, ubuntu-latest)	Build	2026-09-10T05:24:25.2650466Z ^[[1m^[[92m  Downloaded^[[0m ratatui-widgets v0.3.0
build (x86_64-unknown-linux-gnu, ubuntu-latest)	Build	2026-09-10T05:24:25.2729436Z ^[[1m^[[92m  Downloaded^[[0m quinn-proto v0.11.17
build (x86_64-unknown-linux-gnu, ubuntu-latest)	Build	2026-09-10T05:24:25.2800310Z ^[[1m^[[92m  Downloaded^[[0m rustls-webpki v0.103.15
build (x86_64-unknown-linux-gnu, ubuntu-latest)	Build	2026-09-10T05:24:25.2834427Z ^[[1m^[[92m  Downloaded^[[0m syntect v5.3.0
build (x86_64-unknown-linux-gnu, ubuntu-latest)	Build	2026-09-10T05:24:25.2934631Z ^[[1m^[[92m  Downloaded^[[0m clap_builder v4.5.58
build (x86_64-unknown-linux-gnu, ubuntu-latest)	Build	2026-09-10T05:24:25.3001807Z ^[[1m^[[92m  Downloaded^[[0m regex v1.12.3
build (x86_64-unknown-linux-gnu, ubuntu-latest)	Build	2026-09-10T05:24:25.3058067Z ^[[1m^[[92m  Downloaded^[[0m libz-sys v1.1.23
build (x86_64-unknown-linux-gnu, ubuntu-latest)	Build	2026-09-10T05:24:25.3284890Z ^[[1m^[[92m  Downloaded^[[0m synstructure v0.13.2
build (x86_64-unknown-linux-gnu, ubuntu-latest)	Build	2026-09-10T05:24:25.3296591Z ^[[1m^[[92m  Downloaded^[[0m phf_macros v0.11.3
build (x86_64-unknown-linux-gnu, ubuntu-latest)	Build	2026-09-10T05:24:25.3307517Z ^[[1m^[[92m  Downloaded^[[0m pest_meta v2.8.6
build (x86_64-unknown-linux-gnu, ubuntu-latest)	Build	2026-09-10T05:24:25.3331852Z ^[[1m^[[92m  Downloaded^[[0m serde_core v1.0.228
build (x86_64-unknown-linux-gnu, ubuntu-latest)	Build	2026-09-10T05:24:25.3360657Z ^[[1m^[[92m  Downloaded^[[0m serde_derive v1.0.228
build (x86_64-unknown-linux-gnu, ubuntu-latest)	Build	2026-09-10T05:24:25.3392631Z ^[[1m^[[92m  Downloaded^[[0m quinn v0.11.9
build (x86_64-unknown-linux-gnu, ubuntu-latest)	Build	2026-09-10T05:24:25.3427279Z ^[[1m^[[92m  Downloaded^[[0m tracing v0.1.44
build (x86_64-unknown-linux-gnu, ubuntu-latest)	Build	2026-09-10T05:24:25.3593824Z ^[[1m^[[92m  Downloaded^[[0m fancy-regex v0.16.2
build (x86_64-unknown-linux-gnu, ubuntu-latest)	Build	2026-09-10T05:24:25.3632593Z ^[[1m^[[92m  Downloaded^[[0m syn v2.0.115
build (x86_64-unknown-linux-gnu, ubuntu-latest)	Build	2026-09-10T05:24:25.3743599Z ^[[1m^[[92m  Downloaded^[[0m sysinfo v0.39.6
build (x86_64-unknown-linux-gnu, ubuntu-latest)	Build	2026-09-10T05:24:25.3875587Z ^[[1m^[[92m  Downloaded^[[0m x11rb-protocol v0.13.2
build (x86_64-unknown-linux-gnu, ubuntu-latest)	Build	2026-09-10T05:24:25.4006874Z ^[[1m^[[92m  Downloaded^[[0m serde_json v1.0.149
build (x86_64-unknown-linux-gnu, ubuntu-latest)	Build	2026-09-10T05:24:25.4083517Z ^[[1m^[[92m  Downloaded^[[0m regex-syntax v0.8.9
build (x86_64-unknown-linux-gnu, ubuntu-latest)	Build	2026-09-10T05:24:25.4153614Z ^[[1m^[[92m  Downloaded^[[0m rustls v0.23.36
build (x86_64-unknown-linux-gnu, ubuntu-latest)	Build	2026-09-10T05:24:25.4278872Z ^[[1m^[[92m  Downloaded^[[0m quick-xml v0.38.4
build (x86_64-unknown-linux-gnu, ubuntu-latest)	Build	2026-09-10T05:24:25.4336271Z ^[[1m^[[92m  Downloaded^[[0m syn v3.0.4
build (x86_64-unknown-linux-gnu, ubuntu-latest)	Build	2026-09-10T05:24:25.4448652Z ^[[1m^[[92m  Downloaded^[[0m tokio v1.49.0
build (x86_64-unknown-linux-gnu, ubuntu-latest)	Build	2026-09-10T05:24:25.4909073Z ^[[1m^[[92m  Downloaded^[[0m pxfm v0.1.27
build (x86_64-unknown-linux-gnu, ubuntu-latest)	Build	2026-09-10T05:24:25.5169624Z ^[[1m^[[92m  Downloaded^[[0m tiff v0.10.3
build (x86_64-unknown-linux-gnu, ubuntu-latest)	Build	2026-09-10T05:24:25.5284840Z ^[[1m^[[92m  Downloaded^[[0m libgit2-sys v0.18.3+1.9.2
build (x86_64-unknown-linux-gnu, ubuntu-latest)	Build	2026-09-10T05:24:25.5927501Z ^[[1m^[[92m  Downloaded^[[0m deltae v0.3.2
build (x86_64-unknown-linux-gnu, ubuntu-latest)	Build	2026-09-10T05:24:25.6097546Z ^[[1m^[[92m  Downloaded^[[0m ring v0.17.14
build (x86_64-unknown-linux-gnu, ubuntu-latest)	Build	2026-09-10T05:24:25.6541709Z ^[[1m^[[92m  Downloaded^[[0m linux-raw-sys v0.4.15
build (x86_64-unknown-linux-gnu, ubuntu-latest)	Build	2026-09-10T05:24:25.7019676Z ^[[1m^[[92m  Downloaded^[[0m linux-raw-sys v0.11.0
build (x86_64-unknown-linux-gnu, ubuntu-latest)	Build	2026-09-10T05:24:25.7584894Z ^[[1m^[[92m  Downloaded^[[0m icy_sixel v0.5.1
build (x86_64-unknown-linux-gnu, ubuntu-latest)	Build	2026-09-10T05:24:25.7945935Z ^[[1m^[[92m  Downloaded^[[0m ratatui-image v11.0.3
build (x86_64-unknown-linux-gnu, ubuntu-latest)	Build	2026-09-10T05:24:25.8224564Z ^[[1m^[[92m  Downloaded^[[0m openssl-src v300.5.5+3.5.5
build (x86_64-unknown-linux-gnu, ubuntu-latest)	Build	2026-09-10T05:24:26.2044379Z ^[[1m^[[92m   Compiling^[[0m libc v0.2.182
build (x86_64-unknown-linux-gnu, ubuntu-latest)	Build	2026-09-10T05:24:26.2045569Z ^[[1m^[[92m   Compiling^[[0m proc-macro2 v1.0.106
build (x86_64-unknown-linux-gnu, ubuntu-latest)	Build	2026-09-10T05:24:26.2046528Z ^[[1m^[[92m   Compiling^[[0m quote v1.0.44
build (x86_64-unknown-linux-gnu, ubuntu-latest)	Build	2026-09-10T05:24:26.2047271Z ^[[1m^[[92m   Compiling^[[0m unicode-ident v1.0.23
build (x86_64-unknown-linux-gnu, ubuntu-latest)	Build	2026-09-10T05:24:26.3063697Z ^[[1m^[[92m   Compiling^[[0m cfg-if v1.0.4
build (x86_64-unknown-linux-gnu, ubuntu-latest)	Build	2026-09-10T05:24:26.3506876Z ^[[1m^[[92m   Compiling^[[0m bitflags v2.11.0
build (x86_64-unknown-linux-gnu, ubuntu-latest)	Build	2026-09-10T05:24:26.4076521Z ^[[1m^[[92m   Compiling^[[0m find-msvc-tools v0.1.9
build (x86_64-unknown-linux-gnu, ubuntu-latest)	Build	2026-09-10T05:24:26.6094382Z ^[[1m^[[92m   Compiling^[[0m shlex v1.3.0
build (x86_64-unknown-linux-gnu, ubuntu-latest)	Build	2026-09-10T05:24:26.7236521Z ^[[1m^[[92m   Compiling^[[0m log v0.4.29
build (x86_64-unknown-linux-gnu, ubuntu-latest)	Build	2026-09-10T05:24:26.9426521Z ^[[1m^[[92m   Compiling^[[0m itoa v1.0.17
build (x86_64-unknown-linux-gnu, ubuntu-latest)	Build	2026-09-10T05:24:27.2296720Z ^[[1m^[[92m   Compiling^[[0m foldhash v0.2.0
build (x86_64-unknown-linux-gnu, ubuntu-latest)	Build	2026-09-10T05:24:27.4116438Z ^[[1m^[[92m   Compiling^[[0m syn v2.0.115
build (x86_64-unknown-linux-gnu, ubuntu-latest)	Build	2026-09-10T05:24:27.4346702Z ^[[1m^[[92m   Compiling^[[0m smallvec v1.15.1
build (x86_64-unknown-linux-gnu, ubuntu-latest)	Build	2026-09-10T05:24:27.5407000Z ^[[1m^[[92m   Compiling^[[0m mio v1.1.1
build (x86_64-unknown-linux-gnu, ubuntu-latest)	Build	2026-09-10T05:24:27.6075744Z ^[[1m^[[92m   Compiling^[[0m equivalent v1.0.2
build (x86_64-unknown-linux-gnu, ubuntu-latest)	Build	2026-09-10T05:24:27.6402413Z ^[[1m^[[92m   Compiling^[[0m jobserver v0.1.34
build (x86_64-unknown-linux-gnu, ubuntu-latest)	Build	2026-09-10T05:24:27.6687012Z ^[[1m^[[92m   Compiling^[[0m memchr v2.8.0
build (x86_64-unknown-linux-gnu, ubuntu-latest)	Build	2026-09-10T05:24:28.0176756Z ^[[1m^[[92m   Compiling^[[0m cc v1.2.56
build (x86_64-unknown-linux-gnu, ubuntu-latest)	Build	2026-09-10T05:24:28.1527348Z ^[[1m^[[92m   Compiling^[[0m allocator-api2 v0.2.21
build (x86_64-unknown-linux-gnu, ubuntu-latest)	Build	2026-09-10T05:24:28.4847248Z ^[[1m^[[92m   Compiling^[[0m once_cell v1.21.3
build (x86_64-unknown-linux-gnu, ubuntu-latest)	Build	2026-09-10T05:24:28.5044066Z ^[[1m^[[92m   Compiling^[[0m hashbrown v0.16.1
build (x86_64-unknown-linux-gnu, ubuntu-latest)	Build	2026-09-10T05:24:28.6443133Z ^[[1m^[[92m   Compiling^[[0m stable_deref_trait v1.2.1
build (x86_64-unknown-linux-gnu, ubuntu-latest)	Build	2026-09-10T05:24:28.6758292Z ^[[1m^[[92m   Compiling^[[0m rustix v1.1.3
build (x86_64-unknown-linux-gnu, ubuntu-latest)	Build	2026-09-10T05:24:28.9466813Z ^[[1m^[[92m   Compiling^[[0m linux-raw-sys v0.11.0
build (x86_64-unknown-linux-gnu, ubuntu-latest)	Build	2026-09-10T05:24:29.2127038Z ^[[1m^[[92m   Compiling^[[0m bytes v1.11.1
build (x86_64-unknown-linux-gnu, ubuntu-latest)	Build	2026-09-10T05:24:29.5186749Z ^[[1m^[[92m   Compiling^[[0m libm v0.2.16
build (x86_64-unknown-linux-gnu, ubuntu-latest)	Build	2026-09-10T05:24:29.6816816Z ^[[1m^[[92m   Compiling^[[0m pin-project-lite v0.2.16
build (x86_64-unknown-linux-gnu, ubuntu-latest)	Build	2026-09-10T05:24:29.7417279Z ^[[1m^[[92m   Compiling^[[0m futures-core v0.3.31
build (x86_64-unknown-linux-gnu, ubuntu-latest)	Build	2026-09-10T05:24:29.8216745Z ^[[1m^[[92m   Compiling^[[0m version_check v0.9.5
build (x86_64-unknown-linux-gnu, ubuntu-latest)	Build	2026-09-10T05:24:29.9016964Z ^[[1m^[[92m   Compiling^[[0m pkg-config v0.3.32
build (x86_64-unknown-linux-gnu, ubuntu-latest)	Build	2026-09-10T05:24:30.0277070Z ^[[1m^[[92m   Compiling^[[0m thiserror v2.0.18
build (x86_64-unknown-linux-gnu, ubuntu-latest)	Build	2026-09-10T05:24:30.1917156Z ^[[1m^[[92m   Compiling^[[0m typenum v1.19.0
build (x86_64-unknown-linux-gnu, ubuntu-latest)	Build	2026-09-10T05:24:30.3707200Z ^[[1m^[[92m   Compiling^[[0m generic-array v0.14.7
build (x86_64-unknown-linux-gnu, ubuntu-latest)	Build	2026-09-10T05:24:30.4506580Z ^[[1m^[[92m   Compiling^[[0m syn v3.0.4
build (x86_64-unknown-linux-gnu, ubuntu-latest)	Build	2026-09-10T05:24:31.6530138Z ^[[1m^[[92m   Compiling^[[0m synstructure v0.13.2
build (x86_64-unknown-linux-gnu, ubuntu-latest)	Build	2026-09-10T05:24:32.1396730Z ^[[1m^[[92m   Compiling^[[0m autocfg v1.5.0
build (x86_64-unknown-linux-gnu, ubuntu-latest)	Build	2026-09-10T05:24:32.2237299Z ^[[1m^[[92m   Compiling^[[0m zerofrom-derive v0.1.6
build (x86_64-unknown-linux-gnu, ubuntu-latest)	Build	2026-09-10T05:24:32.4557208Z ^[[1m^[[92m   Compiling^[[0m yoke-derive v0.8.1
build (x86_64-unknown-linux-gnu, ubuntu-latest)	Build	2026-09-10T05:24:32.7083102Z ^[[1m^[[92m   Compiling^[[0m zerovec-derive v0.11.2
build (x86_64-unknown-linux-gnu, ubuntu-latest)	Build	2026-09-10T05:24:33.2422685Z ^[[1m^[[92m   Compiling^[[0m displaydoc v0.2.5
build (x86_64-unknown-linux-gnu, ubuntu-latest)	Build	2026-09-10T05:24:33.2477425Z ^[[1m^[[92m   Compiling^[[0m zerofrom v0.1.6
build (x86_64-unknown-linux-gnu, ubuntu-latest)	Build	2026-09-10T05:24:33.3326566Z ^[[1m^[[92m   Compiling^[[0m yoke v0.8.1
build (x86_64-unknown-linux-gnu, ubuntu-latest)	Build	2026-09-10T05:24:33.4653537Z ^[[1m^[[92m   Compiling^[[0m thiserror-impl v2.0.18
build (x86_64-unknown-linux-gnu, ubuntu-latest)	Build	2026-09-10T05:24:33.6056909Z ^[[1m^[[92m   Compiling^[[0m zerovec v0.11.5
build (x86_64-unknown-linux-gnu, ubuntu-latest)	Build	2026-09-10T05:24:33.6976818Z ^[[1m^[[92m   Compiling^[[0m num-traits v0.2.19
build (x86_64-unknown-linux-gnu, ubuntu-latest)	Build	2026-09-10T05:24:34.0966700Z ^[[1m^[[92m   Compiling^[[0m getrandom v0.2.17
build (x86_64-unknown-linux-gnu, ubuntu-latest)	Build	2026-09-10T05:24:34.1588045Z ^[[1m^[[92m   Compiling^[[0m socket2 v0.6.2
build (x86_64-unknown-linux-gnu, ubuntu-latest)	Build	2026-09-10T05:24:34.2667697Z ^[[1m^[[92m   Compiling^[[0m zeroize v1.8.2
build (x86_64-unknown-linux-gnu, ubuntu-latest)	Build	2026-09-10T05:24:34.3926855Z ^[[1m^[[92m   Compiling^[[0m serde_core v1.0.228
build (x86_64-unknown-linux-gnu, ubuntu-latest)	Build	2026-09-10T05:24:34.4186847Z ^[[1m^[[92m   Compiling^[[0m futures-sink v0.3.31
build (x86_64-unknown-linux-gnu, ubuntu-latest)	Build	2026-09-10T05:24:34.4766884Z ^[[1m^[[92m   Compiling^[[0m vcpkg v0.2.15
build (x86_64-unknown-linux-gnu, ubuntu-latest)	Build	2026-09-10T05:24:34.5895061Z ^[[1m^[[92m   Compiling^[[0m tokio v1.49.0
build (x86_64-unknown-linux-gnu, ubuntu-latest)	Build	2026-09-10T05:24:34.6856965Z ^[[1m^[[92m   Compiling^[[0m tinystr v0.8.2
build (x86_64-unknown-linux-gnu, ubuntu-latest)	Build	2026-09-10T05:24:34.8996676Z ^[[1m^[[92m   Compiling^[[0m litemap v0.8.1
build (x86_64-unknown-linux-gnu, ubuntu-latest)	Build	2026-09-10T05:24:35.0416819Z ^[[1m^[[92m   Compiling^[[0m unicode-width v0.2.2
build (x86_64-unknown-linux-gnu, ubuntu-latest)	Build	2026-09-10T05:24:35.0777185Z ^[[1m^[[92m   Compiling^[[0m ryu v1.0.23
build (x86_64-unknown-linux-gnu, ubuntu-latest)	Build	2026-09-10T05:24:35.1607025Z ^[[1m^[[92m   Compiling^[[0m writeable v0.6.2
build (x86_64-unknown-linux-gnu, ubuntu-latest)	Build	2026-09-10T05:24:35.2316886Z ^[[1m^[[92m   Compiling^[[0m rustversion v1.0.22
build (x86_64-unknown-linux-gnu, ubuntu-latest)	Build	2026-09-10T05:24:35.2556778Z ^[[1m^[[92m   Compiling^[[0m heck v0.5.0
build (x86_64-unknown-linux-gnu, ubuntu-latest)	Build	2026-09-10T05:24:35.3087017Z ^[[1m^[[92m   Compiling^[[0m icu_locale_core v2.1.1
build (x86_64-unknown-linux-gnu, ubuntu-latest)	Build	2026-09-10T05:24:36.1706485Z ^[[1m^[[92m   Compiling^[[0m potential_utf v0.1.4
build (x86_64-unknown-linux-gnu, ubuntu-latest)	Build	2026-09-10T05:24:36.2926879Z ^[[1m^[[92m   Compiling^[[0m zerotrie v0.2.3
build (x86_64-unknown-linux-gnu, ubuntu-latest)	Build	2026-09-10T05:24:36.5998780Z ^[[1m^[[92m   Compiling^[[0m bytemuck_derive v1.12.0
build (x86_64-unknown-linux-gnu, ubuntu-latest)	Build	2026-09-10T05:24:36.8647122Z ^[[1m^[[92m   Compiling^[[0m http v1.4.0
build (x86_64-unknown-linux-gnu, ubuntu-latest)	Build	2026-09-10T05:24:37.6250528Z ^[[1m^[[92m   Compiling^[[0m ring v0.17.14
build (x86_64-unknown-linux-gnu, ubuntu-latest)	Build	2026-09-10T05:24:37.9136813Z ^[[1m^[[92m   Compiling^[[0m strsim v0.11.1
build (x86_64-unknown-linux-gnu, ubuntu-latest)	Build	2026-09-10T05:24:38.0046730Z ^[[1m^[[92m   Compiling^[[0m serde v1.0.228
build (x86_64-unknown-linux-gnu, ubuntu-latest)	Build	2026-09-10T05:24:38.1456878Z ^[[1m^[[92m   Compiling^[[0m icu_normalizer_data v2.1.1
build (x86_64-unknown-linux-gnu, ubuntu-latest)	Build	2026-09-10T05:24:38.1547273Z ^[[1m^[[92m   Compiling^[[0m simd-adler32 v0.3.8
build (x86_64-unknown-linux-gnu, ubuntu-latest)	Build	2026-09-10T05:24:38.2302488Z ^[[1m^[[92m   Compiling^[[0m icu_properties_data v2.1.2
build (x86_64-unknown-linux-gnu, ubuntu-latest)	Build	2026-09-10T05:24:38.2486692Z ^[[1m^[[92m   Compiling^[[0m parking_lot_core v0.9.12
build (x86_64-unknown-linux-gnu, ubuntu-latest)	Build	2026-09-10T05:24:38.3207147Z ^[[1m^[[92m   Compiling^[[0m ident_case v1.0.1
build (x86_64-unknown-linux-gnu, ubuntu-latest)	Build	2026-09-10T05:24:38.3357368Z ^[[1m^[[92m   Compiling^[[0m percent-encoding v2.3.2
build (x86_64-unknown-linux-gnu, ubuntu-latest)	Build	2026-09-10T05:24:38.3658209Z ^[[1m^[[92m   Compiling^[[0m either v1.15.0
build (x86_64-unknown-linux-gnu, ubuntu-latest)	Build	2026-09-10T05:24:38.3746295Z ^[[1m^[[92m   Compiling^[[0m slab v0.4.12
build (x86_64-unknown-linux-gnu, ubuntu-latest)	Build	2026-09-10T05:24:38.4877198Z ^[[1m^[[92m   Compiling^[[0m crc32fast v1.5.0
build (x86_64-unknown-linux-gnu, ubuntu-latest)	Build	2026-09-10T05:24:38.5036770Z ^[[1m^[[92m   Compiling^[[0m darling_core v0.23.0
build (x86_64-unknown-linux-gnu, ubuntu-latest)	Build	2026-09-10T05:24:38.6476837Z ^[[1m^[[92m   Compiling^[[0m bytemuck v1.25.0
build (x86_64-unknown-linux-gnu, ubuntu-latest)	Build	2026-09-10T05:24:38.8301382Z ^[[1m^[[92m   Compiling^[[0m icu_provider v2.1.1
build (x86_64-unknown-linux-gnu, ubuntu-latest)	Build	2026-09-10T05:24:39.0315802Z ^[[1m^[[92m   Compiling^[[0m icu_collections v2.1.1
build (x86_64-unknown-linux-gnu, ubuntu-latest)	Build	2026-09-10T05:24:39.7916907Z ^[[1m^[[92m   Compiling^[[0m crypto-common v0.1.7
build (x86_64-unknown-linux-gnu, ubuntu-latest)	Build	2026-09-10T05:24:39.8463927Z ^[[1m^[[92m   Compiling^[[0m block-buffer v0.10.4
build (x86_64-unknown-linux-gnu, ubuntu-latest)	Build	2026-09-10T05:24:39.9203108Z ^[[1m^[[92m   Compiling^[[0m serde_derive v1.0.228
build (x86_64-unknown-linux-gnu, ubuntu-latest)	Build	2026-09-10T05:24:40.0661609Z ^[[1m^[[92m   Compiling^[[0m indexmap v2.13.0
build (x86_64-unknown-linux-gnu, ubuntu-latest)	Build	2026-09-10T05:24:40.8177417Z ^[[1m^[[92m   Compiling^[[0m openssl-src v300.5.5+3.5.5
build (x86_64-unknown-linux-gnu, ubuntu-latest)	Build	2026-09-10T05:24:40.8225608Z ^[[1m^[[92m   Compiling^[[0m errno v0.3.14
build (x86_64-unknown-linux-gnu, ubuntu-latest)	Build	2026-09-10T05:24:40.9062216Z ^[[1m^[[92m   Compiling^[[0m signal-hook v0.3.18
build (x86_64-unknown-linux-gnu, ubuntu-latest)	Build	2026-09-10T05:24:40.9886754Z ^[[1m^[[92m   Compiling^[[0m powerfmt v0.2.0
build (x86_64-unknown-linux-gnu, ubuntu-latest)	Build	2026-09-10T05:24:41.0076765Z ^[[1m^[[92m   Compiling^[[0m subtle v2.6.1
build (x86_64-unknown-linux-gnu, ubuntu-latest)	Build	2026-09-10T05:24:41.0968236Z ^[[1m^[[92m   Compiling^[[0m pin-utils v0.1.0
build (x86_64-unknown-linux-gnu, ubuntu-latest)	Build	2026-09-10T05:24:41.1291562Z ^[[1m^[[92m   Compiling^[[0m adler2 v2.0.1
build (x86_64-unknown-linux-gnu, ubuntu-latest)	Build	2026-09-10T05:24:41.1346292Z ^[[1m^[[92m   Compiling^[[0m scopeguard v1.2.0
build (x86_64-unknown-linux-gnu, ubuntu-latest)	Build	2026-09-10T05:24:41.1777316Z ^[[1m^[[92m   Compiling^[[0m miniz_oxide v0.8.9
build (x86_64-unknown-linux-gnu, ubuntu-latest)	Build	2026-09-10T05:24:41.2016769Z ^[[1m^[[92m   Compiling^[[0m lock_api v0.4.14
build (x86_64-unknown-linux-gnu, ubuntu-latest)	Build	2026-09-10T05:24:41.3927415Z ^[[1m^[[92m   Compiling^[[0m deranged v0.5.6
build (x86_64-unknown-linux-gnu, ubuntu-latest)	Build	2026-09-10T05:24:42.2516587Z ^[[1m^[[92m   Compiling^[[0m openssl-sys v0.9.111
build (x86_64-unknown-linux-gnu, ubuntu-latest)	Build	2026-09-10T05:24:42.6068440Z ^[[1m^[[92m   Compiling^[[0m signal-hook-registry v1.4.8
build (x86_64-unknown-linux-gnu, ubuntu-latest)	Build	2026-09-10T05:24:42.6806735Z ^[[1m^[[92m   Compiling^[[0m darling_macro v0.23.0
build (x86_64-unknown-linux-gnu, ubuntu-latest)	Build	2026-09-10T05:24:42.8637100Z ^[[1m^[[92m   Compiling^[[0m digest v0.10.7
build (x86_64-unknown-linux-gnu, ubuntu-latest)	Build	2026-09-10T05:24:42.8916736Z ^[[1m^[[92m   Compiling^[[0m castaway v0.2.4
build (x86_64-unknown-linux-gnu, ubuntu-latest)	Build	2026-09-10T05:24:43.1406822Z ^[[1m^[[92m   Compiling^[[0m itertools v0.14.0
build (x86_64-unknown-linux-gnu, ubuntu-latest)	Build	2026-09-10T05:24:43.2646741Z ^[[1m^[[92m   Compiling^[[0m http-body v1.0.1
build (x86_64-unknown-linux-gnu, ubuntu-latest)	Build	2026-09-10T05:24:43.2766719Z ^[[1m^[[92m   Compiling^[[0m strum_macros v0.27.2
build (x86_64-unknown-linux-gnu, ubuntu-latest)	Build	2026-09-10T05:24:43.3456651Z ^[[1m^[[92m   Compiling^[[0m libz-sys v1.1.23
build (x86_64-unknown-linux-gnu, ubuntu-latest)	Build	2026-09-10T05:24:43.5297264Z ^[[1m^[[92m   Compiling^[[0m rustls-pki-types v1.14.0
build (x86_64-unknown-linux-gnu, ubuntu-latest)	Build	2026-09-10T05:24:44.0766550Z ^[[1m^[[92m   Compiling^[[0m tracing-core v0.1.36
build (x86_64-unknown-linux-gnu, ubuntu-latest)	Build	2026-09-10T05:24:44.6817122Z ^[[1m^[[92m   Compiling^[[0m unicode-segmentation v1.12.0
build (x86_64-unknown-linux-gnu, ubuntu-latest)	Build	2026-09-10T05:24:44.6886437Z ^[[1m^[[92m   Compiling^[[0m futures-task v0.3.31
build (x86_64-unknown-linux-gnu, ubuntu-latest)	Build	2026-09-10T05:24:44.7917651Z ^[[1m^[[92m   Compiling^[[0m static_assertions v1.1.0
build (x86_64-unknown-linux-gnu, ubuntu-latest)	Build	2026-09-10T05:24:44.8246687Z ^[[1m^[[92m   Compiling^[[0m untrusted v0.9.0
build (x86_64-unknown-linux-gnu, ubuntu-latest)	Build	2026-09-10T05:24:44.8868095Z ^[[1m^[[92m   Compiling^[[0m fnv v1.0.7
build (x86_64-unknown-linux-gnu, ubuntu-latest)	Build	2026-09-10T05:24:44.9251555Z ^[[1m^[[92m   Compiling^[[0m futures-io v0.3.31
build (x86_64-unknown-linux-gnu, ubuntu-latest)	Build	2026-09-10T05:24:45.0116913Z ^[[1m^[[92m   Compiling^[[0m num_threads v0.1.7
build (x86_64-unknown-linux-gnu, ubuntu-latest)	Build	2026-09-10T05:24:45.0406218Z ^[[1m^[[92m   Compiling^[[0m num-conv v0.2.0
build (x86_64-unknown-linux-gnu, ubuntu-latest)	Build	2026-09-10T05:24:45.0796131Z ^[[1m^[[92m   Compiling^[[0m base64 v0.22.1
build (x86_64-unknown-linux-gnu, ubuntu-latest)	Build	2026-09-10T05:24:45.0930483Z ^[[1m^[[92m   Compiling^[[0m instability v0.3.11
build (x86_64-unknown-linux-gnu, ubuntu-latest)	Build	2026-09-10T05:24:45.1094970Z ^[[1m^[[92m   Compiling^[[0m httparse v1.10.1
build (x86_64-unknown-linux-gnu, ubuntu-latest)	Build	2026-09-10T05:24:45.1609494Z ^[[1m^[[92m   Compiling^[[0m indoc v2.0.7
build (x86_64-unknown-linux-gnu, ubuntu-latest)	Build	2026-09-10T05:24:45.2380505Z ^[[1m^[[92m   Compiling^[[0m time-core v0.1.8
build (x86_64-unknown-linux-gnu, ubuntu-latest)	Build	2026-09-10T05:24:45.3752438Z ^[[1m^[[92m   Compiling^[[0m semver v1.0.27
build (x86_64-unknown-linux-gnu, ubuntu-latest)	Build	2026-09-10T05:24:45.3918430Z ^[[1m^[[92m   Compiling^[[0m time v0.3.47
build (x86_64-unknown-linux-gnu, ubuntu-latest)	Build	2026-09-10T05:24:45.5693884Z ^[[1m^[[92m   Compiling^[[0m convert_case v0.10.0
build (x86_64-unknown-linux-gnu, ubuntu-latest)	Build	2026-09-10T05:24:45.6046720Z ^[[1m^[[92m   Compiling^[[0m rustc_version v0.4.1
build (x86_64-unknown-linux-gnu, ubuntu-latest)	Build	2026-09-10T05:24:45.7933444Z ^[[1m^[[92m   Compiling^[[0m strum v0.27.2
build (x86_64-unknown-linux-gnu, ubuntu-latest)	Build	2026-09-10T05:24:45.8021885Z ^[[1m^[[92m   Compiling^[[0m futures-util v0.3.31
build (x86_64-unknown-linux-gnu, ubuntu-latest)	Build	2026-09-10T05:24:45.8496971Z ^[[1m^[[92m   Compiling^[[0m unicode-truncate v2.0.1
build (x86_64-unknown-linux-gnu, ubuntu-latest)	Build	2026-09-10T05:24:45.9517182Z ^[[1m^[[92m   Compiling^[[0m compact_str v0.9.0
build (x86_64-unknown-linux-gnu, ubuntu-latest)	Build	2026-09-10T05:24:46.5406760Z ^[[1m^[[92m   Compiling^[[0m tracing v0.1.44
build (x86_64-unknown-linux-gnu, ubuntu-latest)	Build	2026-09-10T05:24:47.1287046Z ^[[1m^[[92m   Compiling^[[0m parking_lot v0.12.5
build (x86_64-unknown-linux-gnu, ubuntu-latest)	Build	2026-09-10T05:24:47.5595562Z ^[[1m^[[92m   Compiling^[[0m icu_properties v2.1.2
build (x86_64-unknown-linux-gnu, ubuntu-latest)	Build	2026-09-10T05:24:47.8446872Z ^[[1m^[[92m   Compiling^[[0m icu_normalizer v2.1.1
build (x86_64-unknown-linux-gnu, ubuntu-latest)	Build	2026-09-10T05:24:48.4056405Z ^[[1m^[[92m   Compiling^[[0m flate2 v1.1.9
build (x86_64-unknown-linux-gnu, ubuntu-latest)	Build	2026-09-10T05:24:48.4806506Z ^[[1m^[[92m   Compiling^[[0m darling v0.23.0
build (x86_64-unknown-linux-gnu, ubuntu-latest)	Build	2026-09-10T05:24:48.7442244Z ^[[1m^[[92m   Compiling^[[0m tokio-util v0.7.18
build (x86_64-unknown-linux-gnu, ubuntu-latest)	Build	2026-09-10T05:24:48.7774712Z ^[[1m^[[92m   Compiling^[[0m kasuari v0.4.11
build (x86_64-unknown-linux-gnu, ubuntu-latest)	Build	2026-09-10T05:24:49.3974636Z ^[[1m^[[92m   Compiling^[[0m lru v0.16.3
build (x86_64-unknown-linux-gnu, ubuntu-latest)	Build	2026-09-10T05:24:49.5243012Z ^[[1m^[[92m   Compiling^[[0m getrandom v0.4.1
build (x86_64-unknown-linux-gnu, ubuntu-latest)	Build	2026-09-10T05:24:49.5310598Z ^[[1m^[[92m   Compiling^[[0m try-lock v0.2.5
build (x86_64-unknown-linux-gnu, ubuntu-latest)	Build	2026-09-10T05:24:49.5740323Z ^[[1m^[[92m   Compiling^[[0m rustls v0.23.36
build (x86_64-unknown-linux-gnu, ubuntu-latest)	Build	2026-09-10T05:24:49.6316790Z ^[[1m^[[92m   Compiling^[[0m tower-service v0.3.3
build (x86_64-unknown-linux-gnu, ubuntu-latest)	Build	2026-09-10T05:24:49.6382157Z ^[[1m^[[92m   Compiling^[[0m atomic-waker v1.1.2
build (x86_64-unknown-linux-gnu, ubuntu-latest)	Build	2026-09-10T05:24:49.6710525Z ^[[1m^[[92m   Compiling^[[0m radium v0.7.0
build (x86_64-unknown-linux-gnu, ubuntu-latest)	Build	2026-09-10T05:24:49.6879909Z ^[[1m^[[92m   Compiling^[[0m zmij v1.0.21
build (x86_64-unknown-linux-gnu, ubuntu-latest)	Build	2026-09-10T05:24:49.7707003Z ^[[1m^[[92m   Compiling^[[0m zerocopy v0.8.39
build (x86_64-unknown-linux-gnu, ubuntu-latest)	Build	2026-09-10T05:24:49.8471840Z ^[[1m^[[92m   Compiling^[[0m h2 v0.4.13
build (x86_64-unknown-linux-gnu, ubuntu-latest)	Build	2026-09-10T05:24:49.9916464Z ^[[1m^[[92m   Compiling^[[0m want v0.3.1
build (x86_64-unknown-linux-gnu, ubuntu-latest)	Build	2026-09-10T05:24:50.0689807Z ^[[1m^[[92m   Compiling^[[0m ratatui-core v0.1.0
build (x86_64-unknown-linux-gnu, ubuntu-latest)	Build	2026-09-10T05:24:53.0337326Z ^[[1m^[[92m   Compiling^[[0m signal-hook-mio v0.2.5
build (x86_64-unknown-linux-gnu, ubuntu-latest)	Build	2026-09-10T05:24:53.4509395Z ^[[1m^[[92m   Compiling^[[0m idna_adapter v1.2.1
build (x86_64-unknown-linux-gnu, ubuntu-latest)	Build	2026-09-10T05:24:53.4610134Z ^[[1m^[[92m   Compiling^[[0m curve25519-dalek v4.1.3
build (x86_64-unknown-linux-gnu, ubuntu-latest)	Build	2026-09-10T05:24:53.5523824Z ^[[1m^[[92m   Compiling^[[0m derive_more-impl v2.1.1
build (x86_64-unknown-linux-gnu, ubuntu-latest)	Build	2026-09-10T05:24:53.8023883Z ^[[1m^[[92m   Compiling^[[0m form_urlencoded v1.2.2
build (x86_64-unknown-linux-gnu, ubuntu-latest)	Build	2026-09-10T05:24:53.9331927Z ^[[1m^[[92m   Compiling^[[0m futures-channel v0.3.31
build (x86_64-unknown-linux-gnu, ubuntu-latest)	Build	2026-09-10T05:24:53.9836898Z ^[[1m^[[92m   Compiling^[[0m libssh2-sys v0.3.1
build (x86_64-unknown-linux-gnu, ubuntu-latest)	Build	2026-09-10T05:24:54.0951493Z ^[[1m^[[92m   Compiling^[[0m aho-corasick v1.1.4
build (x86_64-unknown-linux-gnu, ubuntu-latest)	Build	2026-09-10T05:24:54.1041741Z ^[[1m^[[92m   Compiling^[[0m tap v1.0.1
build (x86_64-unknown-linux-gnu, ubuntu-latest)	Build	2026-09-10T05:24:54.1466252Z ^[[1m^[[92m   Compiling^[[0m regex-syntax v0.8.9
build (x86_64-unknown-linux-gnu, ubuntu-latest)	Build	2026-09-10T05:24:56.8495341Z ^[[1m^[[92m   Compiling^[[0m serde_json v1.0.149
build (x86_64-unknown-linux-gnu, ubuntu-latest)	Build	2026-09-10T05:24:56.9282622Z ^[[1m^[[92m   Compiling^[[0m rand_core v0.10.1
build (x86_64-unknown-linux-gnu, ubuntu-latest)	Build	2026-09-10T05:24:57.0230293Z ^[[1m^[[92m   Compiling^[[0m ref-cast v1.0.27
build (x86_64-unknown-linux-gnu, ubuntu-latest)	Build	2026-09-10T05:24:57.1607149Z ^[[1m^[[92m   Compiling^[[0m cpufeatures v0.2.17
build (x86_64-unknown-linux-gnu, ubuntu-latest)	Build	2026-09-10T05:24:57.1917444Z ^[[1m^[[92m   Compiling^[[0m by_address v1.2.1
build (x86_64-unknown-linux-gnu, ubuntu-latest)	Build	2026-09-10T05:24:57.2422018Z ^[[1m^[[92m   Compiling^[[0m utf8_iter v1.0.4
build (x86_64-unknown-linux-gnu, ubuntu-latest)	Build	2026-09-10T05:24:57.3241938Z ^[[1m^[[92m   Compiling^[[0m litrs v1.0.0
build (x86_64-unknown-linux-gnu, ubuntu-latest)	Build	2026-09-10T05:24:57.3366570Z ^[[1m^[[92m   Compiling^[[0m idna v1.1.0
build (x86_64-unknown-linux-gnu, ubuntu-latest)	Build	2026-09-10T05:24:57.7220857Z ^[[1m^[[92m   Compiling^[[0m document-features v0.2.12
build (x86_64-unknown-linux-gnu, ubuntu-latest)	Build	2026-09-10T05:24:58.0747183Z ^[[1m^[[92m   Compiling^[[0m palette_derive v0.7.7
build (x86_64-unknown-linux-gnu, ubuntu-latest)	Build	2026-09-10T05:24:58.4023657Z ^[[1m^[[92m   Compiling^[[0m regex-automata v0.4.14
build (x86_64-unknown-linux-gnu, ubuntu-latest)	Build	2026-09-10T05:24:58.7171608Z ^[[1m^[[92m   Compiling^[[0m wyz v0.5.1
build (x86_64-unknown-linux-gnu, ubuntu-latest)	Build	2026-09-10T05:24:58.8157633Z ^[[1m^[[92m   Compiling^[[0m hyper v1.8.1
build (x86_64-unknown-linux-gnu, ubuntu-latest)	Build	2026-09-10T05:25:00.4118064Z ^[[1m^[[92m   Compiling^[[0m derive_more v2.1.1
build (x86_64-unknown-linux-gnu, ubuntu-latest)	Build	2026-09-10T05:25:04.1746583Z ^[[1m^[[92m   Compiling^[[0m rustls-webpki v0.103.15
build (x86_64-unknown-linux-gnu, ubuntu-latest)	Build	2026-09-10T05:25:05.5727640Z ^[[1m^[[92m   Compiling^[[0m signature v2.2.0
build (x86_64-unknown-linux-gnu, ubuntu-latest)	Build	2026-09-10T05:25:05.6504425Z ^[[1m^[[92m   Compiling^[[0m safe_arch v1.2.0
build (x86_64-unknown-linux-gnu, ubuntu-latest)	Build	2026-09-10T05:25:06.2136581Z ^[[1m^[[92m   Compiling^[[0m fdeflate v0.3.7
build (x86_64-unknown-linux-gnu, ubuntu-latest)	Build	2026-09-10T05:25:06.6847022Z ^[[1m^[[92m   Compiling^[[0m pxfm v0.1.27
build (x86_64-unknown-linux-gnu, ubuntu-latest)	Build	2026-09-10T05:25:06.7847673Z ^[[1m^[[92m   Compiling^[[0m ref-cast-impl v1.0.27
build (x86_64-unknown-linux-gnu, ubuntu-latest)	Build	2026-09-10T05:25:07.0906853Z ^[[1m^[[92m   Compiling^[[0m curve25519-dalek-derive v0.1.1
build (x86_64-unknown-linux-gnu, ubuntu-latest)	Build	2026-09-10T05:25:07.4666786Z ^[[1m^[[92m   Compiling^[[0m palette_math v0.7.7
build (x86_64-unknown-linux-gnu, ubuntu-latest)	Build	2026-09-10T05:25:07.5736787Z ^[[1m^[[92m   Compiling^[[0m sync_wrapper v1.0.2
build (x86_64-unknown-linux-gnu, ubuntu-latest)	Build	2026-09-10T05:25:07.6268517Z ^[[1m^[[92m   Compiling^[[0m filetime v0.2.27
build (x86_64-unknown-linux-gnu, ubuntu-latest)	Build	2026-09-10T05:25:07.7637571Z ^[[1m^[[92m   Compiling^[[0m line-clipping v0.3.5
build (x86_64-unknown-linux-gnu, ubuntu-latest)	Build	2026-09-10T05:25:07.9486967Z ^[[1m^[[92m   Compiling^[[0m tower-layer v0.3.3
build (x86_64-unknown-linux-gnu, ubuntu-latest)	Build	2026-09-10T05:25:08.0986840Z ^[[1m^[[92m   Compiling^[[0m zune-core v0.5.3
build (x86_64-unknown-linux-gnu, ubuntu-latest)	Build	2026-09-10T05:25:08.3167101Z ^[[1m^[[92m   Compiling^[[0m fastrand v2.3.0
build (x86_64-unknown-linux-gnu, ubuntu-latest)	Build	2026-09-10T05:25:08.5057703Z ^[[1m^[[92m   Compiling^[[0m color_quant v1.1.0
build (x86_64-unknown-linux-gnu, ubuntu-latest)	Build	2026-09-10T05:25:08.6606693Z ^[[1m^[[92m   Compiling^[[0m funty v2.0.0
build (x86_64-unknown-linux-gnu, ubuntu-latest)	Build	2026-09-10T05:25:09.3617043Z ^[[1m^[[92m   Compiling^[[0m utf8parse v0.2.2
build (x86_64-unknown-linux-gnu, ubuntu-latest)	Build	2026-09-10T05:25:09.4239071Z ^[[1m^[[92m   Compiling^[[0m rustix v0.38.44
build (x86_64-unknown-linux-gnu, ubuntu-latest)	Build	2026-09-10T05:25:09.6156903Z ^[[1m^[[92m   Compiling^[[0m portable-atomic v1.13.1
build (x86_64-unknown-linux-gnu, ubuntu-latest)	Build	2026-09-10T05:25:09.8982039Z ^[[1m^[[92m   Compiling^[[0m weezl v0.1.12
build (x86_64-unknown-linux-gnu, ubuntu-latest)	Build	2026-09-10T05:25:10.4736773Z ^[[1m^[[92m   Compiling^[[0m ipnet v2.11.0
build (x86_64-unknown-linux-gnu, ubuntu-latest)	Build	2026-09-10T05:25:11.1192204Z ^[[1m^[[92m   Compiling^[[0m byteorder-lite v0.1.0
build (x86_64-unknown-linux-gnu, ubuntu-latest)	Build	2026-09-10T05:25:11.3566760Z ^[[1m^[[92m   Compiling^[[0m same-file v1.0.6
build (x86_64-unknown-linux-gnu, ubuntu-latest)	Build	2026-09-10T05:25:11.4376871Z ^[[1m^[[92m   Compiling^[[0m quick-error v2.0.1
build (x86_64-unknown-linux-gnu, ubuntu-latest)	Build	2026-09-10T05:25:11.4906825Z ^[[1m^[[92m   Compiling^[[0m image-webp v0.2.4
build (x86_64-unknown-linux-gnu, ubuntu-latest)	Build	2026-09-10T05:25:12.7116730Z ^[[1m^[[92m   Compiling^[[0m walkdir v2.5.0
build (x86_64-unknown-linux-gnu, ubuntu-latest)	Build	2026-09-10T05:25:13.0971030Z ^[[1m^[[92m   Compiling^[[0m hyper-util v0.1.20
build (x86_64-unknown-linux-gnu, ubuntu-latest)	Build	2026-09-10T05:25:13.4336934Z ^[[1m^[[92m   Compiling^[[0m gif v0.14.2
build (x86_64-unknown-linux-gnu, ubuntu-latest)	Build	2026-09-10T05:25:14.2805041Z ^[[1m^[[92m   Compiling^[[0m anstyle-parse v0.2.7
build (x86_64-unknown-linux-gnu, ubuntu-latest)	Build	2026-09-10T05:25:14.4096561Z ^[[1m^[[92m   Compiling^[[0m moxcms v0.7.11
build (x86_64-unknown-linux-gnu, ubuntu-latest)	Build	2026-09-10T05:25:14.5626579Z ^[[1m^[[92m   Compiling^[[0m bitvec v1.1.1
build (x86_64-unknown-linux-gnu, ubuntu-latest)	Build	2026-09-10T05:25:15.0006759Z ^[[1m^[[92m   Compiling^[[0m tempfile v3.25.0
build (x86_64-unknown-linux-gnu, ubuntu-latest)	Build	2026-09-10T05:25:15.5046808Z ^[[1m^[[92m   Compiling^[[0m tokio-rustls v0.26.4
build (x86_64-unknown-linux-gnu, ubuntu-latest)	Build	2026-09-10T05:25:15.7286898Z ^[[1m^[[92m   Compiling^[[0m zune-jpeg v0.5.15
build (x86_64-unknown-linux-gnu, ubuntu-latest)	Build	2026-09-10T05:25:16.8596860Z ^[[1m^[[92m   Compiling^[[0m tower v0.5.3
build (x86_64-unknown-linux-gnu, ubuntu-latest)	Build	2026-09-10T05:25:17.0896660Z ^[[1m^[[92m   Compiling^[[0m ratatui-widgets v0.3.0
build (x86_64-unknown-linux-gnu, ubuntu-latest)	Build	2026-09-10T05:25:17.3516794Z ^[[1m^[[92m   Compiling^[[0m palette v0.7.7
build (x86_64-unknown-linux-gnu, ubuntu-latest)	Build	2026-09-10T05:25:21.6867579Z ^[[1m^[[92m   Compiling^[[0m png v0.18.1
build (x86_64-unknown-linux-gnu, ubuntu-latest)	Build	2026-09-10T05:25:23.3546919Z ^[[1m^[[92m   Compiling^[[0m wide v1.6.1
build (x86_64-unknown-linux-gnu, ubuntu-latest)	Build	2026-09-10T05:25:23.5346867Z ^[[1m^[[92m   Compiling^[[0m ed25519 v2.2.3
build (x86_64-unknown-linux-gnu, ubuntu-latest)	Build	2026-09-10T05:25:25.3956899Z ^[[1m^[[92m   Compiling^[[0m ppv-lite86 v0.2.21
build (x86_64-unknown-linux-gnu, ubuntu-latest)	Build	2026-09-10T05:25:25.7266935Z ^[[1m^[[92m   Compiling^[[0m crossterm v0.29.0
build (x86_64-unknown-linux-gnu, ubuntu-latest)	Build	2026-09-10T05:25:27.1546838Z ^[[1m^[[92m   Compiling^[[0m url v2.5.8
build (x86_64-unknown-linux-gnu, ubuntu-latest)	Build	2026-09-10T05:25:28.5537227Z ^[[1m^[[92m   Compiling^[[0m sha2 v0.10.9
build (x86_64-unknown-linux-gnu, ubuntu-latest)	Build	2026-09-10T05:25:29.2717266Z ^[[1m^[[92m   Compiling^[[0m rand v0.10.2
build (x86_64-unknown-linux-gnu, ubuntu-latest)	Build	2026-09-10T05:25:29.8146302Z ^[[1m^[[92m   Compiling^[[0m rand_xoshiro v0.8.1
build (x86_64-unknown-linux-gnu, ubuntu-latest)	Build	2026-09-10T05:25:30.0816946Z ^[[1m^[[92m   Compiling^[[0m webpki-roots v1.0.6
build (x86_64-unknown-linux-gnu, ubuntu-latest)	Build	2026-09-10T05:25:30.1547020Z ^[[1m^[[92m   Compiling^[[0m ordered-float v5.5.0
build (x86_64-unknown-linux-gnu, ubuntu-latest)	Build	2026-09-10T05:25:30.2247108Z ^[[1m^[[92m   Compiling^[[0m rand_core v0.6.4
build (x86_64-unknown-linux-gnu, ubuntu-latest)	Build	2026-09-10T05:25:30.3837414Z ^[[1m^[[92m   Compiling^[[0m libgit2-sys v0.18.3+1.9.2
build (x86_64-unknown-linux-gnu, ubuntu-latest)	Build	2026-09-10T05:25:30.4007112Z ^[[1m^[[92m   Compiling^[[0m inotify-sys v0.1.5
build (x86_64-unknown-linux-gnu, ubuntu-latest)	Build	2026-09-10T05:25:30.4589055Z ^[[1m^[[92m   Compiling^[[0m instant v0.1.13
build (x86_64-unknown-linux-gnu, ubuntu-latest)	Build	2026-09-10T05:25:30.5096764Z ^[[1m^[[92m   Compiling^[[0m bit-vec v0.8.0
build (x86_64-unknown-linux-gnu, ubuntu-latest)	Build	2026-09-10T05:25:30.5887402Z ^[[1m^[[92m   Compiling^[[0m thiserror v1.0.69
build (x86_64-unknown-linux-gnu, ubuntu-latest)	Build	2026-09-10T05:25:30.7143721Z ^[[1m^[[92m   Compiling^[[0m colorchoice v1.0.4
build (x86_64-unknown-linux-gnu, ubuntu-latest)	Build	2026-09-10T05:25:30.7296710Z ^[[1m^[[92m   Compiling^[[0m anstyle-query v1.1.5
build (x86_64-unknown-linux-gnu, ubuntu-latest)	Build	2026-09-10T05:25:30.7741227Z ^[[1m^[[92m   Compiling^[[0m iri-string v0.7.10
build (x86_64-unknown-linux-gnu, ubuntu-latest)	Build	2026-09-10T05:25:30.7756818Z ^[[1m^[[92m   Compiling^[[0m bitflags v1.3.2
build (x86_64-unknown-linux-gnu, ubuntu-latest)	Build	2026-09-10T05:25:30.8146703Z ^[[1m^[[92m   Compiling^[[0m anstyle v1.0.13
build (x86_64-unknown-linux-gnu, ubuntu-latest)	Build	2026-09-10T05:25:30.9821194Z ^[[1m^[[92m   Compiling^[[0m is_terminal_polyfill v1.70.2
build (x86_64-unknown-linux-gnu, ubuntu-latest)	Build	2026-09-10T05:25:31.0316769Z ^[[1m^[[92m   Compiling^[[0m linux-raw-sys v0.4.15
build (x86_64-unknown-linux-gnu, ubuntu-latest)	Build	2026-09-10T05:25:31.8866714Z ^[[1m^[[92m   Compiling^[[0m anstream v0.6.21
build (x86_64-unknown-linux-gnu, ubuntu-latest)	Build	2026-09-10T05:25:32.1987517Z ^[[1m^[[92m   Compiling^[[0m inotify v0.10.2
build (x86_64-unknown-linux-gnu, ubuntu-latest)	Build	2026-09-10T05:25:32.4706825Z ^[[1m^[[92m   Compiling^[[0m tower-http v0.6.8
build (x86_64-unknown-linux-gnu, ubuntu-latest)	Build	2026-09-10T05:25:33.0587460Z ^[[1m^[[92m   Compiling^[[0m bit-set v0.8.0
build (x86_64-unknown-linux-gnu, ubuntu-latest)	Build	2026-09-10T05:25:33.1363886Z ^[[1m^[[92m   Compiling^[[0m notify-types v1.0.1
build (x86_64-unknown-linux-gnu, ubuntu-latest)	Build	2026-09-10T05:25:33.1718172Z ^[[1m^[[92m   Compiling^[[0m quantette v0.6.0
build (x86_64-unknown-linux-gnu, ubuntu-latest)	Build	2026-09-10T05:25:33.3592309Z ^[[1m^[[92m   Compiling^[[0m rand_chacha v0.3.1
build (x86_64-unknown-linux-gnu, ubuntu-latest)	Build	2026-09-10T05:25:33.8106864Z ^[[1m^[[92m   Compiling^[[0m hyper-rustls v0.27.7
build (x86_64-unknown-linux-gnu, ubuntu-latest)	Build	2026-09-10T05:25:33.8366719Z ^[[1m^[[92m   Compiling^[[0m ed25519-dalek v2.2.0
build (x86_64-unknown-linux-gnu, ubuntu-latest)	Build	2026-09-10T05:25:34.1366953Z ^[[1m^[[92m   Compiling^[[0m ratatui-crossterm v0.1.0
build (x86_64-unknown-linux-gnu, ubuntu-latest)	Build	2026-09-10T05:25:34.1547100Z ^[[1m^[[92m   Compiling^[[0m image v0.25.9
build (x86_64-unknown-linux-gnu, ubuntu-latest)	Build	2026-09-10T05:25:34.2706858Z ^[[1m^[[92m   Compiling^[[0m ratatui-macros v0.7.0
build (x86_64-unknown-linux-gnu, ubuntu-latest)	Build	2026-09-10T05:25:34.8996719Z ^[[1m^[[92m   Compiling^[[0m serde_urlencoded v0.7.1
build (x86_64-unknown-linux-gnu, ubuntu-latest)	Build	2026-09-10T05:25:35.0986860Z ^[[1m^[[92m   Compiling^[[0m http-body-util v0.1.3
build (x86_64-unknown-linux-gnu, ubuntu-latest)	Build	2026-09-10T05:25:35.3107186Z ^[[1m^[[92m   Compiling^[[0m console v0.15.11
build (x86_64-unknown-linux-gnu, ubuntu-latest)	Build	2026-09-10T05:25:36.1644229Z ^[[1m^[[92m   Compiling^[[0m xattr v1.6.1
build (x86_64-unknown-linux-gnu, ubuntu-latest)	Build	2026-09-10T05:25:36.5137174Z ^[[1m^[[92m   Compiling^[[0m gethostname v1.1.0
build (x86_64-unknown-linux-gnu, ubuntu-latest)	Build	2026-09-10T05:25:36.5646975Z ^[[1m^[[92m   Compiling^[[0m thiserror-impl v1.0.69
build (x86_64-unknown-linux-gnu, ubuntu-latest)	Build	2026-09-10T05:25:36.6130999Z ^[[1m^[[92m   Compiling^[[0m quick-xml v0.38.4
build (x86_64-unknown-linux-gnu, ubuntu-latest)	Build	2026-09-10T05:25:37.5347401Z ^[[1m^[[92m   Compiling^[[0m self_update v0.42.0
build (x86_64-unknown-linux-gnu, ubuntu-latest)	Build	2026-09-10T05:25:37.6266876Z ^[[1m^[[92m   Compiling^[[0m outref v0.5.2
build (x86_64-unknown-linux-gnu, ubuntu-latest)	Build	2026-09-10T05:25:37.6726794Z ^[[1m^[[92m   Compiling^[[0m option-ext v0.2.0
build (x86_64-unknown-linux-gnu, ubuntu-latest)	Build	2026-09-10T05:25:37.7196617Z ^[[1m^[[92m   Compiling^[[0m x11rb-protocol v0.13.2
build (x86_64-unknown-linux-gnu, ubuntu-latest)	Build	2026-09-10T05:25:37.7766663Z ^[[1m^[[92m   Compiling^[[0m anyhow v1.0.101
build (x86_64-unknown-linux-gnu, ubuntu-latest)	Build	2026-09-10T05:25:37.9396617Z ^[[1m^[[92m   Compiling^[[0m clap_lex v1.0.0
build (x86_64-unknown-linux-gnu, ubuntu-latest)	Build	2026-09-10T05:25:38.6357162Z ^[[1m^[[92m   Compiling^[[0m pulldown-cmark v0.13.0
build (x86_64-unknown-linux-gnu, ubuntu-latest)	Build	2026-09-10T05:25:38.7184886Z ^[[1m^[[92m   Compiling^[[0m unicode-width v0.1.14
build (x86_64-unknown-linux-gnu, ubuntu-latest)	Build	2026-09-10T05:25:38.9077069Z ^[[1m^[[92m   Compiling^[[0m vsimd v0.8.0
build (x86_64-unknown-linux-gnu, ubuntu-latest)	Build	2026-09-10T05:25:39.3117861Z ^[[1m^[[92m   Compiling^[[0m linked-hash-map v0.5.6
build (x86_64-unknown-linux-gnu, ubuntu-latest)	Build	2026-09-10T05:25:39.4666971Z ^[[1m^[[92m   Compiling^[[0m number_prefix v0.4.0
build (x86_64-unknown-linux-gnu, ubuntu-latest)	Build	2026-09-10T05:25:39.5446830Z ^[[1m^[[92m   Compiling^[[0m ratatui-image v11.0.3
build (x86_64-unknown-linux-gnu, ubuntu-latest)	Build	2026-09-10T05:25:39.6324730Z ^[[1m^[[92m   Compiling^[[0m indicatif v0.17.11
build (x86_64-unknown-linux-gnu, ubuntu-latest)	Build	2026-09-10T05:25:41.2486839Z ^[[1m^[[92m   Compiling^[[0m yaml-rust v0.4.5
build (x86_64-unknown-linux-gnu, ubuntu-latest)	Build	2026-09-10T05:25:42.7996638Z ^[[1m^[[92m   Compiling^[[0m x11rb v0.13.2
build (x86_64-unknown-linux-gnu, ubuntu-latest)	Build	2026-09-10T05:25:44.1597239Z ^[[1m^[[92m   Compiling^[[0m base64-simd v0.8.0
build (x86_64-unknown-linux-gnu, ubuntu-latest)	Build	2026-09-10T05:25:44.5257205Z ^[[1m^[[92m   Compiling^[[0m miette v7.6.0
build (x86_64-unknown-linux-gnu, ubuntu-latest)	Build	2026-09-10T05:25:45.1526742Z ^[[1m^[[92m   Compiling^[[0m clap_builder v4.5.58
build (x86_64-unknown-linux-gnu, ubuntu-latest)	Build	2026-09-10T05:25:45.5188388Z ^[[1m^[[92m   Compiling^[[0m dirs-sys v0.5.0
build (x86_64-unknown-linux-gnu, ubuntu-latest)	Build	2026-09-10T05:25:45.8477141Z ^[[1m^[[92m   Compiling^[[0m plist v1.8.0
build (x86_64-unknown-linux-gnu, ubuntu-latest)	Build	2026-09-10T05:25:46.4967346Z ^[[1m^[[92m   Compiling^[[0m tar v0.4.46
build (x86_64-unknown-linux-gnu, ubuntu-latest)	Build	2026-09-10T05:25:47.0366934Z ^[[1m^[[92m   Compiling^[[0m reqwest v0.12.28
build (x86_64-unknown-linux-gnu, ubuntu-latest)	Build	2026-09-10T05:25:47.9916695Z ^[[1m^[[92m   Compiling^[[0m icy_sixel v0.5.1
build (x86_64-unknown-linux-gnu, ubuntu-latest)	Build	2026-09-10T05:25:48.5227370Z ^[[1m^[[92m   Compiling^[[0m ratatui v0.30.0
build (x86_64-unknown-linux-gnu, ubuntu-latest)	Build	2026-09-10T05:25:48.8506822Z ^[[1m^[[92m   Compiling^[[0m zipsign-api v0.1.5
build (x86_64-unknown-linux-gnu, ubuntu-latest)	Build	2026-09-10T05:25:49.2457535Z ^[[1m^[[92m   Compiling^[[0m rand v0.8.8
build (x86_64-unknown-linux-gnu, ubuntu-latest)	Build	2026-09-10T05:25:49.9705948Z ^[[1m^[[92m   Compiling^[[0m notify v7.0.0
build (x86_64-unknown-linux-gnu, ubuntu-latest)	Build	2026-09-10T05:25:51.0346972Z ^[[1m^[[92m   Compiling^[[0m fancy-regex v0.16.2
build (x86_64-unknown-linux-gnu, ubuntu-latest)	Build	2026-09-10T05:25:52.2296785Z ^[[1m^[[92m   Compiling^[[0m self-replace v1.5.0
build (x86_64-unknown-linux-gnu, ubuntu-latest)	Build	2026-09-10T05:25:52.3846753Z ^[[1m^[[92m   Compiling^[[0m regex v1.12.3
build (x86_64-unknown-linux-gnu, ubuntu-latest)	Build	2026-09-10T05:25:53.1347221Z ^[[1m^[[92m   Compiling^[[0m bincode v1.3.3
build (x86_64-unknown-linux-gnu, ubuntu-latest)	Build	2026-09-10T05:25:53.1789541Z ^[[1m^[[92m   Compiling^[[0m clap_derive v4.5.55
build (x86_64-unknown-linux-gnu, ubuntu-latest)	Build	2026-09-10T05:25:53.5431761Z ^[[1m^[[92m   Compiling^[[0m quick-xml v0.37.5
build (x86_64-unknown-linux-gnu, ubuntu-latest)	Build	2026-09-10T05:25:54.5916898Z ^[[1m^[[92m   Compiling^[[0m self_cell v1.3.0
build (x86_64-unknown-linux-gnu, ubuntu-latest)	Build	2026-09-10T05:25:54.8116848Z ^[[1m^[[92m   Compiling^[[0m urlencoding v2.1.3
build (x86_64-unknown-linux-gnu, ubuntu-latest)	Build	2026-09-10T05:25:54.9497119Z ^[[1m^[[92m   Compiling^[[0m unicase v2.9.0
build (x86_64-unknown-linux-gnu, ubuntu-latest)	Build	2026-09-10T05:25:55.0186851Z ^[[1m^[[92m   Compiling^[[0m winnow v0.7.15
build (x86_64-unknown-linux-gnu, ubuntu-latest)	Build	2026-09-10T05:25:55.1126183Z ^[[1m^[[92m   Compiling^[[0m openssl-probe v0.1.6
build (x86_64-unknown-linux-gnu, ubuntu-latest)	Build	2026-09-10T05:25:57.0837387Z ^[[1m^[[92m   Compiling^[[0m kdl v6.7.1
build (x86_64-unknown-linux-gnu, ubuntu-latest)	Build	2026-09-10T05:25:58.0676825Z ^[[1m^[[92m   Compiling^[[0m clap v4.5.58
build (x86_64-unknown-linux-gnu, ubuntu-latest)	Build	2026-09-10T05:26:00.6256674Z ^[[1m^[[92m   Compiling^[[0m syntect v5.3.0
build (x86_64-unknown-linux-gnu, ubuntu-latest)	Build	2026-09-10T05:26:00.7590141Z ^[[1m^[[92m   Compiling^[[0m notify-debouncer-mini v0.5.0
build (x86_64-unknown-linux-gnu, ubuntu-latest)	Build	2026-09-10T05:26:01.1987053Z ^[[1m^[[92m   Compiling^[[0m dirs v6.0.0
build (x86_64-unknown-linux-gnu, ubuntu-latest)	Build	2026-09-10T05:26:01.6667332Z ^[[1m^[[92m   Compiling^[[0m arboard v3.6.1
build (x86_64-unknown-linux-gnu, ubuntu-latest)	Build	2026-09-10T05:26:03.6467141Z ^[[1m^[[92m   Compiling^[[0m crossterm v0.28.1
build (x86_64-unknown-linux-gnu, ubuntu-latest)	Build	2026-09-10T05:26:05.0826761Z ^[[1m^[[92m   Compiling^[[0m sysinfo v0.39.6
build (x86_64-unknown-linux-gnu, ubuntu-latest)	Build	2026-09-10T05:27:09.4427556Z ^[[1m^[[92m   Compiling^[[0m git2 v0.20.4
build (x86_64-unknown-linux-gnu, ubuntu-latest)	Build	2026-09-10T05:27:11.7706449Z ^[[1m^[[92m   Compiling^[[0m vig v0.15.0 (/home/runner/work/vig/vig)
build (x86_64-unknown-linux-gnu, ubuntu-latest)	Build	2026-09-10T05:28:10.4236808Z ^[[1m^[[92m    Finished^[[0m `release` profile [optimized] target(s) in 3m 47s
build (x86_64-unknown-linux-gnu, ubuntu-latest)	Generate third-party licenses	﻿2026-09-10T05:28:10.5437084Z ##[group]Run cargo install cargo-bundle-licenses --locked
build (x86_64-unknown-linux-gnu, ubuntu-latest)	Generate third-party licenses	2026-09-10T05:28:10.5437542Z ^[[36;1mcargo install cargo-bundle-licenses --locked^[[0m
build (x86_64-unknown-linux-gnu, ubuntu-latest)	Generate third-party licenses	2026-09-10T05:28:10.5438173Z ^[[36;1mcargo bundle-licenses --format yaml --output THIRDPARTY.yml^[[0m
build (x86_64-unknown-linux-gnu, ubuntu-latest)	Generate third-party licenses	2026-09-10T05:28:10.5478262Z shell: /usr/bin/bash -e {0}
build (x86_64-unknown-linux-gnu, ubuntu-latest)	Generate third-party licenses	2026-09-10T05:28:10.5478532Z env:
build (x86_64-unknown-linux-gnu, ubuntu-latest)	Generate third-party licenses	2026-09-10T05:28:10.5478733Z   CARGO_INCREMENTAL: 0
build (x86_64-unknown-linux-gnu, ubuntu-latest)	Generate third-party licenses	2026-09-10T05:28:10.5478971Z   CARGO_PROFILE_DEV_DEBUG: 0
build (x86_64-unknown-linux-gnu, ubuntu-latest)	Generate third-party licenses	2026-09-10T05:28:10.5479213Z   CARGO_TERM_COLOR: always
build (x86_64-unknown-linux-gnu, ubuntu-latest)	Generate third-party licenses	2026-09-10T05:28:10.5479442Z   RUST_BACKTRACE: short
build (x86_64-unknown-linux-gnu, ubuntu-latest)	Generate third-party licenses	2026-09-10T05:28:10.5479666Z   RUSTFLAGS: -D warnings
build (x86_64-unknown-linux-gnu, ubuntu-latest)	Generate third-party licenses	2026-09-10T05:28:10.5479909Z   CARGO_UNSTABLE_SPARSE_REGISTRY: true
build (x86_64-unknown-linux-gnu, ubuntu-latest)	Generate third-party licenses	2026-09-10T05:28:10.5480206Z   CARGO_REGISTRIES_CRATES_IO_PROTOCOL: sparse
build (x86_64-unknown-linux-gnu, ubuntu-latest)	Generate third-party licenses	2026-09-10T05:28:10.5480486Z   CACHE_ON_FAILURE: true
build (x86_64-unknown-linux-gnu, ubuntu-latest)	Generate third-party licenses	2026-09-10T05:28:10.5480704Z ##[endgroup]
build (x86_64-unknown-linux-gnu, ubuntu-latest)	Generate third-party licenses	2026-09-10T05:28:10.5784182Z ^[[1m^[[92m    Updating^[[0m crates.io index
build (x86_64-unknown-linux-gnu, ubuntu-latest)	Generate third-party licenses	2026-09-10T05:28:10.8349904Z ^[[1m^[[92m Downloading^[[0m crates ...
build (x86_64-unknown-linux-gnu, ubuntu-latest)	Generate third-party licenses	2026-09-10T05:28:10.9147936Z ^[[1m^[[92m  Downloaded^[[0m cargo-bundle-licenses v4.2.0
build (x86_64-unknown-linux-gnu, ubuntu-latest)	Generate third-party licenses	2026-09-10T05:28:10.9308856Z ^[[1m^[[92m  Installing^[[0m cargo-bundle-licenses v4.2.0
build (x86_64-unknown-linux-gnu, ubuntu-latest)	Generate third-party licenses	2026-09-10T05:28:10.9314574Z ^[[1m^[[33mwarning^[[0m: default toolchain implicitly overridden with `stable-x86_64-unknown-linux-gnu` by rustup directory override
build (x86_64-unknown-linux-gnu, ubuntu-latest)	Generate third-party licenses	2026-09-10T05:28:10.9315563Z   ^[[1m^[[94m|^[[0m
build (x86_64-unknown-linux-gnu, ubuntu-latest)	Generate third-party licenses	2026-09-10T05:28:10.9316050Z   ^[[1m^[[94m= ^[[0m^[[1mhelp^[[0m: use `cargo +stable install` if you meant to use the stable toolchain
build (x86_64-unknown-linux-gnu, ubuntu-latest)	Generate third-party licenses	2026-09-10T05:28:10.9316909Z   ^[[1m^[[94m= ^[[0m^[[1mnote^[[0m: rustup selects the toolchain based on the parent environment and not the environment of the package being installed
build (x86_64-unknown-linux-gnu, ubuntu-latest)	Generate third-party licenses	2026-09-10T05:28:10.9326023Z ^[[1m^[[92m    Updating^[[0m crates.io index
build (x86_64-unknown-linux-gnu, ubuntu-latest)	Generate third-party licenses	2026-09-10T05:28:11.1902750Z ^[[1m^[[92m    Updating^[[0m crates.io index
build (x86_64-unknown-linux-gnu, ubuntu-latest)	Generate third-party licenses	2026-09-10T05:28:11.3118148Z ^[[1m^[[92m Downloading^[[0m crates ...
build (x86_64-unknown-linux-gnu, ubuntu-latest)	Generate third-party licenses	2026-09-10T05:28:11.3338133Z ^[[1m^[[92m  Downloaded^[[0m anstyle-query v1.1.4
build (x86_64-unknown-linux-gnu, ubuntu-latest)	Generate third-party licenses	2026-09-10T05:28:11.3489156Z ^[[1m^[[92m  Downloaded^[[0m cargo-platform v0.3.1
build (x86_64-unknown-linux-gnu, ubuntu-latest)	Generate third-party licenses	2026-09-10T05:28:11.3599291Z ^[[1m^[[92m  Downloaded^[[0m aho-corasick v1.1.3
build (x86_64-unknown-linux-gnu, ubuntu-latest)	Generate third-party licenses	2026-09-10T05:28:11.3684140Z ^[[1m^[[92m  Downloaded^[[0m clap_lex v0.7.6
build (x86_64-unknown-linux-gnu, ubuntu-latest)	Generate third-party licenses	2026-09-10T05:28:11.3699844Z ^[[1m^[[92m  Downloaded^[[0m home v0.5.11
build (x86_64-unknown-linux-gnu, ubuntu-latest)	Generate third-party licenses	2026-09-10T05:28:11.3753090Z ^[[1m^[[92m  Downloaded^[[0m git-version v0.3.9
build (x86_64-unknown-linux-gnu, ubuntu-latest)	Generate third-party licenses	2026-09-10T05:28:11.3770654Z ^[[1m^[[92m  Downloaded^[[0m clap_derive v4.5.49
build (x86_64-unknown-linux-gnu, ubuntu-latest)	Generate third-party licenses	2026-09-10T05:28:11.3885003Z ^[[1m^[[92m  Downloaded^[[0m env_filter v0.1.4
build (x86_64-unknown-linux-gnu, ubuntu-latest)	Generate third-party licenses	2026-09-10T05:28:11.3900189Z ^[[1m^[[92m  Downloaded^[[0m slug v0.1.6
build (x86_64-unknown-linux-gnu, ubuntu-latest)	Generate third-party licenses	2026-09-10T05:28:11.3911473Z ^[[1m^[[92m  Downloaded^[[0m itoa v1.0.15
build (x86_64-unknown-linux-gnu, ubuntu-latest)	Generate third-party licenses	2026-09-10T05:28:11.3926250Z ^[[1m^[[92m  Downloaded^[[0m cargo_metadata v0.23.0
build (x86_64-unknown-linux-gnu, ubuntu-latest)	Generate third-party licenses	2026-09-10T05:28:11.3945912Z ^[[1m^[[92m  Downloaded^[[0m camino v1.2.1
build (x86_64-unknown-linux-gnu, ubuntu-latest)	Generate third-party licenses	2026-09-10T05:28:11.3964975Z ^[[1m^[[92m  Downloaded^[[0m git-version-macro v0.3.9
build (x86_64-unknown-linux-gnu, ubuntu-latest)	Generate third-party licenses	2026-09-10T05:28:11.3973447Z ^[[1m^[[92m  Downloaded^[[0m is_terminal_polyfill v1.70.1
build (x86_64-unknown-linux-gnu, ubuntu-latest)	Generate third-party licenses	2026-09-10T05:28:11.3983044Z ^[[1m^[[92m  Downloaded^[[0m serde_spanned v1.0.3
build (x86_64-unknown-linux-gnu, ubuntu-latest)	Generate third-party licenses	2026-09-10T05:28:11.4018393Z ^[[1m^[[92m  Downloaded^[[0m toml_parser v1.0.4
build (x86_64-unknown-linux-gnu, ubuntu-latest)	Generate third-party licenses	2026-09-10T05:28:11.4042672Z ^[[1m^[[92m  Downloaded^[[0m quote v1.0.41
build (x86_64-unknown-linux-gnu, ubuntu-latest)	Generate third-party licenses	2026-09-10T05:28:11.4071736Z ^[[1m^[[92m  Downloaded^[[0m thiserror v2.0.17
build (x86_64-unknown-linux-gnu, ubuntu-latest)	Generate third-party licenses	2026-09-10T05:28:11.4139117Z ^[[1m^[[92m  Downloaded^[[0m thiserror-impl v2.0.17
build (x86_64-unknown-linux-gnu, ubuntu-latest)	Generate third-party licenses	2026-09-10T05:28:11.4154523Z ^[[1m^[[92m  Downloaded^[[0m clap v4.5.50
build (x86_64-unknown-linux-gnu, ubuntu-latest)	Generate third-party licenses	2026-09-10T05:28:11.4258918Z ^[[1m^[[92m  Downloaded^[[0m anyhow v1.0.100
build (x86_64-unknown-linux-gnu, ubuntu-latest)	Generate third-party licenses	2026-09-10T05:28:11.4303531Z ^[[1m^[[92m  Downloaded^[[0m unicode-ident v1.0.19
build (x86_64-unknown-linux-gnu, ubuntu-latest)	Generate third-party licenses	2026-09-10T05:28:11.4335112Z ^[[1m^[[92m  Downloaded^[[0m toml_writer v1.0.4
build (x86_64-unknown-linux-gnu, ubuntu-latest)	Generate third-party licenses	2026-09-10T05:28:11.4349071Z ^[[1m^[[92m  Downloaded^[[0m toml_datetime v0.7.3
build (x86_64-unknown-linux-gnu, ubuntu-latest)	Generate third-party licenses	2026-09-10T05:28:11.4362506Z ^[[1m^[[92m  Downloaded^[[0m env_logger v0.11.8
build (x86_64-unknown-linux-gnu, ubuntu-latest)	Generate third-party licenses	2026-09-10T05:28:11.4391679Z ^[[1m^[[92m  Downloaded^[[0m log v0.4.28
build (x86_64-unknown-linux-gnu, ubuntu-latest)	Generate third-party licenses	2026-09-10T05:28:11.4426849Z ^[[1m^[[92m  Downloaded^[[0m ryu v1.0.20
build (x86_64-unknown-linux-gnu, ubuntu-latest)	Generate third-party licenses	2026-09-10T05:28:11.4466355Z ^[[1m^[[92m  Downloaded^[[0m unsafe-libyaml v0.2.11
build (x86_64-unknown-linux-gnu, ubuntu-latest)	Generate third-party licenses	2026-09-10T05:28:11.4500739Z ^[[1m^[[92m  Downloaded^[[0m serde_yaml v0.9.34+deprecated
build (x86_64-unknown-linux-gnu, ubuntu-latest)	Generate third-party licenses	2026-09-10T05:28:11.4546436Z ^[[1m^[[92m  Downloaded^[[0m toml v0.9.8
build (x86_64-unknown-linux-gnu, ubuntu-latest)	Generate third-party licenses	2026-09-10T05:28:11.4592545Z ^[[1m^[[92m  Downloaded^[[0m proc-macro2 v1.0.101
build (x86_64-unknown-linux-gnu, ubuntu-latest)	Generate third-party licenses	2026-09-10T05:28:11.4621818Z ^[[1m^[[92m  Downloaded^[[0m memchr v2.7.6
build (x86_64-unknown-linux-gnu, ubuntu-latest)	Generate third-party licenses	2026-09-10T05:28:11.4678495Z ^[[1m^[[92m  Downloaded^[[0m deunicode v1.6.2
build (x86_64-unknown-linux-gnu, ubuntu-latest)	Generate third-party licenses	2026-09-10T05:28:11.4706144Z ^[[1m^[[92m  Downloaded^[[0m indexmap v2.12.0
build (x86_64-unknown-linux-gnu, ubuntu-latest)	Generate third-party licenses	2026-09-10T05:28:11.4750725Z ^[[1m^[[92m  Downloaded^[[0m clap_builder v4.5.50
build (x86_64-unknown-linux-gnu, ubuntu-latest)	Generate third-party licenses	2026-09-10T05:28:11.4817245Z ^[[1m^[[92m  Downloaded^[[0m hashbrown v0.16.0
build (x86_64-unknown-linux-gnu, ubuntu-latest)	Generate third-party licenses	2026-09-10T05:28:11.4869199Z ^[[1m^[[92m  Downloaded^[[0m serde_json v1.0.145
build (x86_64-unknown-linux-gnu, ubuntu-latest)	Generate third-party licenses	2026-09-10T05:28:11.4945563Z ^[[1m^[[92m  Downloaded^[[0m regex v1.12.2
build (x86_64-unknown-linux-gnu, ubuntu-latest)	Generate third-party licenses	2026-09-10T05:28:11.5012442Z ^[[1m^[[92m  Downloaded^[[0m winnow v0.7.13
build (x86_64-unknown-linux-gnu, ubuntu-latest)	Generate third-party licenses	2026-09-10T05:28:11.5109664Z ^[[1m^[[92m  Downloaded^[[0m syn v2.0.107
build (x86_64-unknown-linux-gnu, ubuntu-latest)	Generate third-party licenses	2026-09-10T05:28:11.5220146Z ^[[1m^[[92m  Downloaded^[[0m regex-syntax v0.8.8
build (x86_64-unknown-linux-gnu, ubuntu-latest)	Generate third-party licenses	2026-09-10T05:28:11.5297178Z ^[[1m^[[92m  Downloaded^[[0m regex-automata v0.4.13
build (x86_64-unknown-linux-gnu, ubuntu-latest)	Generate third-party licenses	2026-09-10T05:28:11.5456335Z ^[[1m^[[92m  Downloaded^[[0m jiff v0.2.15
build (x86_64-unknown-linux-gnu, ubuntu-latest)	Generate third-party licenses	2026-09-10T05:28:11.5616695Z ^[[1m^[[92m  Downloaded^[[0m spdx v0.12.0
build (x86_64-unknown-linux-gnu, ubuntu-latest)	Generate third-party licenses	2026-09-10T05:28:11.6565619Z ^[[1m^[[92m   Compiling^[[0m proc-macro2 v1.0.101
build (x86_64-unknown-linux-gnu, ubuntu-latest)	Generate third-party licenses	2026-09-10T05:28:11.6566424Z ^[[1m^[[92m   Compiling^[[0m unicode-ident v1.0.19
build (x86_64-unknown-linux-gnu, ubuntu-latest)	Generate third-party licenses	2026-09-10T05:28:11.6567019Z ^[[1m^[[92m   Compiling^[[0m quote v1.0.41
build (x86_64-unknown-linux-gnu, ubuntu-latest)	Generate third-party licenses	2026-09-10T05:28:11.6567581Z ^[[1m^[[92m   Compiling^[[0m serde_core v1.0.228
build (x86_64-unknown-linux-gnu, ubuntu-latest)	Generate third-party licenses	2026-09-10T05:28:11.7177078Z ^[[1m^[[92m   Compiling^[[0m memchr v2.7.6
build (x86_64-unknown-linux-gnu, ubuntu-latest)	Generate third-party licenses	2026-09-10T05:28:11.7931173Z ^[[1m^[[92m   Compiling^[[0m utf8parse v0.2.2
build (x86_64-unknown-linux-gnu, ubuntu-latest)	Generate third-party licenses	2026-09-10T05:28:11.8447167Z ^[[1m^[[92m   Compiling^[[0m serde v1.0.228
build (x86_64-unknown-linux-gnu, ubuntu-latest)	Generate third-party licenses	2026-09-10T05:28:11.9946940Z ^[[1m^[[92m   Compiling^[[0m anstyle-parse v0.2.7
build (x86_64-unknown-linux-gnu, ubuntu-latest)	Generate third-party licenses	2026-09-10T05:28:12.1386825Z ^[[1m^[[92m   Compiling^[[0m colorchoice v1.0.4
build (x86_64-unknown-linux-gnu, ubuntu-latest)	Generate third-party licenses	2026-09-10T05:28:12.1836842Z ^[[1m^[[92m   Compiling^[[0m aho-corasick v1.1.3
build (x86_64-unknown-linux-gnu, ubuntu-latest)	Generate third-party licenses	2026-09-10T05:28:12.6296607Z ^[[1m^[[92m   Compiling^[[0m syn v2.0.107
build (x86_64-unknown-linux-gnu, ubuntu-latest)	Generate third-party licenses	2026-09-10T05:28:12.9547400Z ^[[1m^[[92m   Compiling^[[0m is_terminal_polyfill v1.70.1
build (x86_64-unknown-linux-gnu, ubuntu-latest)	Generate third-party licenses	2026-09-10T05:28:12.9956799Z ^[[1m^[[92m   Compiling^[[0m anstyle v1.0.13
build (x86_64-unknown-linux-gnu, ubuntu-latest)	Generate third-party licenses	2026-09-10T05:28:13.1916643Z ^[[1m^[[92m   Compiling^[[0m heck v0.5.0
build (x86_64-unknown-linux-gnu, ubuntu-latest)	Generate third-party licenses	2026-09-10T05:28:13.3257357Z ^[[1m^[[92m   Compiling^[[0m anstyle-query v1.1.4
build (x86_64-unknown-linux-gnu, ubuntu-latest)	Generate third-party licenses	2026-09-10T05:28:13.3692729Z ^[[1m^[[92m   Compiling^[[0m regex-syntax v0.8.8
build (x86_64-unknown-linux-gnu, ubuntu-latest)	Generate third-party licenses	2026-09-10T05:28:14.3026852Z ^[[1m^[[92m   Compiling^[[0m anstream v0.6.21
build (x86_64-unknown-linux-gnu, ubuntu-latest)	Generate third-party licenses	2026-09-10T05:28:14.7477569Z ^[[1m^[[92m   Compiling^[[0m ryu v1.0.20
build (x86_64-unknown-linux-gnu, ubuntu-latest)	Generate third-party licenses	2026-09-10T05:28:15.0036857Z ^[[1m^[[92m   Compiling^[[0m thiserror v2.0.17
build (x86_64-unknown-linux-gnu, ubuntu-latest)	Generate third-party licenses	2026-09-10T05:28:15.1766790Z ^[[1m^[[92m   Compiling^[[0m regex-automata v0.4.13
build (x86_64-unknown-linux-gnu, ubuntu-latest)	Generate third-party licenses	2026-09-10T05:28:16.6516799Z ^[[1m^[[92m   Compiling^[[0m serde_derive v1.0.228
build (x86_64-unknown-linux-gnu, ubuntu-latest)	Generate third-party licenses	2026-09-10T05:28:18.7206903Z ^[[1m^[[92m   Compiling^[[0m serde_json v1.0.145
build (x86_64-unknown-linux-gnu, ubuntu-latest)	Generate third-party licenses	2026-09-10T05:28:18.7988477Z ^[[1m^[[92m   Compiling^[[0m camino v1.2.1
build (x86_64-unknown-linux-gnu, ubuntu-latest)	Generate third-party licenses	2026-09-10T05:28:18.9477274Z ^[[1m^[[92m   Compiling^[[0m itoa v1.0.15
build (x86_64-unknown-linux-gnu, ubuntu-latest)	Generate third-party licenses	2026-09-10T05:28:19.0427130Z ^[[1m^[[92m   Compiling^[[0m regex v1.12.2
build (x86_64-unknown-linux-gnu, ubuntu-latest)	Generate third-party licenses	2026-09-10T05:28:20.1803613Z ^[[1m^[[92m   Compiling^[[0m thiserror-impl v2.0.17
build (x86_64-unknown-linux-gnu, ubuntu-latest)	Generate third-party licenses	2026-09-10T05:28:20.5077685Z ^[[1m^[[92m   Compiling^[[0m clap_lex v0.7.6
build (x86_64-unknown-linux-gnu, ubuntu-latest)	Generate third-party licenses	2026-09-10T05:28:20.7726823Z ^[[1m^[[92m   Compiling^[[0m strsim v0.11.1
build (x86_64-unknown-linux-gnu, ubuntu-latest)	Generate third-party licenses	2026-09-10T05:28:21.2609694Z ^[[1m^[[92m   Compiling^[[0m log v0.4.28
build (x86_64-unknown-linux-gnu, ubuntu-latest)	Generate third-party licenses	2026-09-10T05:28:21.4941991Z ^[[1m^[[92m   Compiling^[[0m hashbrown v0.16.0
build (x86_64-unknown-linux-gnu, ubuntu-latest)	Generate third-party licenses	2026-09-10T05:28:21.5926722Z ^[[1m^[[92m   Compiling^[[0m winnow v0.7.13
build (x86_64-unknown-linux-gnu, ubuntu-latest)	Generate third-party licenses	2026-09-10T05:28:21.7647336Z ^[[1m^[[92m   Compiling^[[0m equivalent v1.0.2
build (x86_64-unknown-linux-gnu, ubuntu-latest)	Generate third-party licenses	2026-09-10T05:28:21.7974659Z ^[[1m^[[92m   Compiling^[[0m anyhow v1.0.100
build (x86_64-unknown-linux-gnu, ubuntu-latest)	Generate third-party licenses	2026-09-10T05:28:22.0000881Z ^[[1m^[[92m   Compiling^[[0m env_filter v0.1.4
build (x86_64-unknown-linux-gnu, ubuntu-latest)	Generate third-party licenses	2026-09-10T05:28:22.1509022Z ^[[1m^[[92m   Compiling^[[0m indexmap v2.12.0
build (x86_64-unknown-linux-gnu, ubuntu-latest)	Generate third-party licenses	2026-09-10T05:28:22.9790240Z ^[[1m^[[92m   Compiling^[[0m clap_builder v4.5.50
build (x86_64-unknown-linux-gnu, ubuntu-latest)	Generate third-party licenses	2026-09-10T05:28:22.9855811Z ^[[1m^[[92m   Compiling^[[0m cargo-platform v0.3.1
build (x86_64-unknown-linux-gnu, ubuntu-latest)	Generate third-party licenses	2026-09-10T05:28:23.4986922Z ^[[1m^[[92m   Compiling^[[0m toml_parser v1.0.4
build (x86_64-unknown-linux-gnu, ubuntu-latest)	Generate third-party licenses	2026-09-10T05:28:25.5296650Z ^[[1m^[[92m   Compiling^[[0m strum_macros v0.27.2
build (x86_64-unknown-linux-gnu, ubuntu-latest)	Generate third-party licenses	2026-09-10T05:28:26.4576806Z ^[[1m^[[92m   Compiling^[[0m clap_derive v4.5.49
build (x86_64-unknown-linux-gnu, ubuntu-latest)	Generate third-party licenses	2026-09-10T05:28:27.4249053Z ^[[1m^[[92m   Compiling^[[0m git-version-macro v0.3.9
build (x86_64-unknown-linux-gnu, ubuntu-latest)	Generate third-party licenses	2026-09-10T05:28:27.7956945Z ^[[1m^[[92m   Compiling^[[0m serde_spanned v1.0.3
build (x86_64-unknown-linux-gnu, ubuntu-latest)	Generate third-party licenses	2026-09-10T05:28:27.8666822Z ^[[1m^[[92m   Compiling^[[0m toml_datetime v0.7.3
build (x86_64-unknown-linux-gnu, ubuntu-latest)	Generate third-party licenses	2026-09-10T05:28:28.1766761Z ^[[1m^[[92m   Compiling^[[0m semver v1.0.27
build (x86_64-unknown-linux-gnu, ubuntu-latest)	Generate third-party licenses	2026-09-10T05:28:28.1950020Z ^[[1m^[[92m   Compiling^[[0m either v1.15.0
build (x86_64-unknown-linux-gnu, ubuntu-latest)	Generate third-party licenses	2026-09-10T05:28:28.2306829Z ^[[1m^[[92m   Compiling^[[0m jiff v0.2.15
build (x86_64-unknown-linux-gnu, ubuntu-latest)	Generate third-party licenses	2026-09-10T05:28:28.3626855Z ^[[1m^[[92m   Compiling^[[0m unsafe-libyaml v0.2.11
build (x86_64-unknown-linux-gnu, ubuntu-latest)	Generate third-party licenses	2026-09-10T05:28:28.8016953Z ^[[1m^[[92m   Compiling^[[0m deunicode v1.6.2
build (x86_64-unknown-linux-gnu, ubuntu-latest)	Generate third-party licenses	2026-09-10T05:28:28.9879731Z ^[[1m^[[92m   Compiling^[[0m smallvec v1.15.1
build (x86_64-unknown-linux-gnu, ubuntu-latest)	Generate third-party licenses	2026-09-10T05:28:29.1748671Z ^[[1m^[[92m   Compiling^[[0m toml_writer v1.0.4
build (x86_64-unknown-linux-gnu, ubuntu-latest)	Generate third-party licenses	2026-09-10T05:28:29.3616005Z ^[[1m^[[92m   Compiling^[[0m toml v0.9.8
build (x86_64-unknown-linux-gnu, ubuntu-latest)	Generate third-party licenses	2026-09-10T05:28:30.9775777Z ^[[1m^[[92m   Compiling^[[0m spdx v0.12.0
build (x86_64-unknown-linux-gnu, ubuntu-latest)	Generate third-party licenses	2026-09-10T05:28:32.0377780Z ^[[1m^[[92m   Compiling^[[0m env_logger v0.11.8
build (x86_64-unknown-linux-gnu, ubuntu-latest)	Generate third-party licenses	2026-09-10T05:28:33.2606609Z ^[[1m^[[92m   Compiling^[[0m serde_yaml v0.9.34+deprecated
build (x86_64-unknown-linux-gnu, ubuntu-latest)	Generate third-party licenses	2026-09-10T05:28:34.3536851Z ^[[1m^[[92m   Compiling^[[0m slug v0.1.6
build (x86_64-unknown-linux-gnu, ubuntu-latest)	Generate third-party licenses	2026-09-10T05:28:34.5436871Z ^[[1m^[[92m   Compiling^[[0m cargo_metadata v0.23.0
build (x86_64-unknown-linux-gnu, ubuntu-latest)	Generate third-party licenses	2026-09-10T05:28:35.6228760Z ^[[1m^[[92m   Compiling^[[0m itertools v0.14.0
build (x86_64-unknown-linux-gnu, ubuntu-latest)	Generate third-party licenses	2026-09-10T05:28:37.3396949Z ^[[1m^[[92m   Compiling^[[0m clap v4.5.50
build (x86_64-unknown-linux-gnu, ubuntu-latest)	Generate third-party licenses	2026-09-10T05:28:37.3486694Z ^[[1m^[[92m   Compiling^[[0m git-version v0.3.9
build (x86_64-unknown-linux-gnu, ubuntu-latest)	Generate third-party licenses	2026-09-10T05:28:37.3741498Z ^[[1m^[[92m   Compiling^[[0m strum v0.27.2
build (x86_64-unknown-linux-gnu, ubuntu-latest)	Generate third-party licenses	2026-09-10T05:28:37.4366675Z ^[[1m^[[92m   Compiling^[[0m home v0.5.11
build (x86_64-unknown-linux-gnu, ubuntu-latest)	Generate third-party licenses	2026-09-10T05:28:37.9546878Z ^[[1m^[[92m   Compiling^[[0m cargo-bundle-licenses v4.2.0
build (x86_64-unknown-linux-gnu, ubuntu-latest)	Generate third-party licenses	2026-09-10T05:28:42.1598762Z ^[[1m^[[92m    Finished^[[0m `release` profile [optimized] target(s) in 31.59s
build (x86_64-unknown-linux-gnu, ubuntu-latest)	Generate third-party licenses	2026-09-10T05:28:42.1658765Z ^[[1m^[[92m  Installing^[[0m /home/runner/.cargo/bin/cargo-bundle-licenses
build (x86_64-unknown-linux-gnu, ubuntu-latest)	Generate third-party licenses	2026-09-10T05:28:42.1660457Z ^[[1m^[[92m   Installed^[[0m package `cargo-bundle-licenses v4.2.0` (executable `cargo-bundle-licenses`)
build (x86_64-unknown-linux-gnu, ubuntu-latest)	Generate third-party licenses	2026-09-10T05:28:45.2576979Z [2026-09-10T05:28:45Z WARN  bundle_licenses_lib::found_license] Confidence level SEMI for Apache-2.0 license in allocator-api2:0.2.21 - /home/runner/.cargo/registry/src/index.crates.io-1949cf8c6b5b557f/allocator-api2-0.2.21/Cargo.toml
build (x86_64-unknown-linux-gnu, ubuntu-latest)	Generate third-party licenses	2026-09-10T05:28:45.2579544Z [2026-09-10T05:28:45Z WARN  bundle_licenses_lib::found_license] Confidence level SEMI for Apache-2.0 license in anyhow:1.0.101 - /home/runner/.cargo/registry/src/index.crates.io-1949cf8c6b5b557f/anyhow-1.0.101/Cargo.toml
build (x86_64-unknown-linux-gnu, ubuntu-latest)	Generate third-party licenses	2026-09-10T05:28:45.2581760Z [2026-09-10T05:28:45Z WARN  bundle_licenses_lib::found_license] Confidence level SEMI for Apache-2.0 license in arboard:3.6.1 - /home/runner/.cargo/registry/src/index.crates.io-1949cf8c6b5b557f/arboard-3.6.1/Cargo.toml
build (x86_64-unknown-linux-gnu, ubuntu-latest)	Generate third-party licenses	2026-09-10T05:28:45.2583890Z [2026-09-10T05:28:45Z WARN  bundle_licenses_lib::found_license] No license found for MIT license in base64-simd:0.8.0 - /home/runner/.cargo/registry/src/index.crates.io-1949cf8c6b5b557f/base64-simd-0.8.0/Cargo.toml
build (x86_64-unknown-linux-gnu, ubuntu-latest)	Generate third-party licenses	2026-09-10T05:28:45.2586129Z [2026-09-10T05:28:45Z WARN  bundle_licenses_lib::found_license] Confidence level SEMI for MIT license in base64ct:1.8.3 - /home/runner/.cargo/registry/src/index.crates.io-1949cf8c6b5b557f/base64ct-1.8.3/Cargo.toml
build (x86_64-unknown-linux-gnu, ubuntu-latest)	Generate third-party licenses	2026-09-10T05:28:45.2588364Z [2026-09-10T05:28:45Z WARN  bundle_licenses_lib::found_license] No license found for BSL-1.0 license in clipboard-win:5.4.1 - /home/runner/.cargo/registry/src/index.crates.io-1949cf8c6b5b557f/clipboard-win-5.4.1/Cargo.toml
build (x86_64-unknown-linux-gnu, ubuntu-latest)	Generate third-party licenses	2026-09-10T05:28:45.2590656Z [2026-09-10T05:28:45Z WARN  bundle_licenses_lib::found_license] Confidence level UNSURE for BSD-3-Clause license in curve25519-dalek:4.1.3 - /home/runner/.cargo/registry/src/index.crates.io-1949cf8c6b5b557f/curve25519-dalek-4.1.3/Cargo.toml
build (x86_64-unknown-linux-gnu, ubuntu-latest)	Generate third-party licenses	2026-09-10T05:28:45.2592906Z [2026-09-10T05:28:45Z WARN  bundle_licenses_lib::found_license] Confidence level SEMI for Apache-2.0 license in dirs:6.0.0 - /home/runner/.cargo/registry/src/index.crates.io-1949cf8c6b5b557f/dirs-6.0.0/Cargo.toml
build (x86_64-unknown-linux-gnu, ubuntu-latest)	Generate third-party licenses	2026-09-10T05:28:45.2595083Z [2026-09-10T05:28:45Z WARN  bundle_licenses_lib::found_license] Confidence level SEMI for Apache-2.0 license in dirs-sys:0.5.0 - /home/runner/.cargo/registry/src/index.crates.io-1949cf8c6b5b557f/dirs-sys-0.5.0/Cargo.toml
build (x86_64-unknown-linux-gnu, ubuntu-latest)	Generate third-party licenses	2026-09-10T05:28:45.2597638Z [2026-09-10T05:28:45Z WARN  bundle_licenses_lib::found_license] No license found for Zlib license in dispatch2:0.3.0 - /home/runner/.cargo/registry/src/index.crates.io-1949cf8c6b5b557f/dispatch2-0.3.0/Cargo.toml
build (x86_64-unknown-linux-gnu, ubuntu-latest)	Generate third-party licenses	2026-09-10T05:28:45.2600867Z [2026-09-10T05:28:45Z WARN  bundle_licenses_lib::found_license] No license found for Apache-2.0 license in dispatch2:0.3.0 - /home/runner/.cargo/registry/src/index.crates.io-1949cf8c6b5b557f/dispatch2-0.3.0/Cargo.toml
build (x86_64-unknown-linux-gnu, ubuntu-latest)	Generate third-party licenses	2026-09-10T05:28:45.2603010Z [2026-09-10T05:28:45Z WARN  bundle_licenses_lib::found_license] No license found for MIT license in dispatch2:0.3.0 - /home/runner/.cargo/registry/src/index.crates.io-1949cf8c6b5b557f/dispatch2-0.3.0/Cargo.toml
build (x86_64-unknown-linux-gnu, ubuntu-latest)	Generate third-party licenses	2026-09-10T05:28:45.2605008Z [2026-09-10T05:28:45Z WARN  bundle_licenses_lib::found_license] No license found for MIT license in fax:0.2.6 - /home/runner/.cargo/registry/src/index.crates.io-1949cf8c6b5b557f/fax-0.2.6/Cargo.toml
build (x86_64-unknown-linux-gnu, ubuntu-latest)	Generate third-party licenses	2026-09-10T05:28:45.2607203Z [2026-09-10T05:28:45Z WARN  bundle_licenses_lib::found_license] No license found for MIT license in fax_derive:0.2.0 - /home/runner/.cargo/registry/src/index.crates.io-1949cf8c6b5b557f/fax_derive-0.2.0/Cargo.toml
build (x86_64-unknown-linux-gnu, ubuntu-latest)	Generate third-party licenses	2026-09-10T05:28:45.2609333Z [2026-09-10T05:28:45Z WARN  bundle_licenses_lib::found_license] Confidence level SEMI for Apache-2.0 license in fdeflate:0.3.7 - /home/runner/.cargo/registry/src/index.crates.io-1949cf8c6b5b557f/fdeflate-0.3.7/Cargo.toml
build (x86_64-unknown-linux-gnu, ubuntu-latest)	Generate third-party licenses	2026-09-10T05:28:45.2611493Z [2026-09-10T05:28:45Z WARN  bundle_licenses_lib::found_license] Confidence level SEMI for MIT license in fiat-crypto:0.2.9 - /home/runner/.cargo/registry/src/index.crates.io-1949cf8c6b5b557f/fiat-crypto-0.2.9/Cargo.toml
build (x86_64-unknown-linux-gnu, ubuntu-latest)	Generate third-party licenses	2026-09-10T05:28:45.2613711Z [2026-09-10T05:28:45Z WARN  bundle_licenses_lib::found_license] Confidence level UNSURE for Apache-2.0 license in fiat-crypto:0.2.9 - /home/runner/.cargo/registry/src/index.crates.io-1949cf8c6b5b557f/fiat-crypto-0.2.9/Cargo.toml
build (x86_64-unknown-linux-gnu, ubuntu-latest)	Generate third-party licenses	2026-09-10T05:28:45.2616090Z [2026-09-10T05:28:45Z WARN  bundle_licenses_lib::found_license] No license found for BSD-1-Clause license in fiat-crypto:0.2.9 - /home/runner/.cargo/registry/src/index.crates.io-1949cf8c6b5b557f/fiat-crypto-0.2.9/Cargo.toml
build (x86_64-unknown-linux-gnu, ubuntu-latest)	Generate third-party licenses	2026-09-10T05:28:45.2618230Z [2026-09-10T05:28:45Z WARN  bundle_licenses_lib::found_license] Confidence level SEMI for Apache-2.0 license in finl_unicode:1.4.0 - /home/runner/.cargo/registry/src/index.crates.io-1949cf8c6b5b557f/finl_unicode-1.4.0/Cargo.toml
build (x86_64-unknown-linux-gnu, ubuntu-latest)	Generate third-party licenses	2026-09-10T05:28:45.2620421Z [2026-09-10T05:28:45Z WARN  bundle_licenses_lib::found_license] Confidence level SEMI for Unicode-DFS-2016 license in finl_unicode:1.4.0 - /home/runner/.cargo/registry/src/index.crates.io-1949cf8c6b5b557f/finl_unicode-1.4.0/Cargo.toml
build (x86_64-unknown-linux-gnu, ubuntu-latest)	Generate third-party licenses	2026-09-10T05:28:45.2622487Z [2026-09-10T05:28:45Z WARN  bundle_licenses_lib::found_license] Confidence level SEMI for Apache-2.0 license in half:2.7.1 - /home/runner/.cargo/registry/src/index.crates.io-1949cf8c6b5b557f/half-2.7.1/Cargo.toml
build (x86_64-unknown-linux-gnu, ubuntu-latest)	Generate third-party licenses	2026-09-10T05:28:45.2624537Z [2026-09-10T05:28:45Z WARN  bundle_licenses_lib::found_license] Confidence level SEMI for Unicode-3.0 license in icu_collections:2.1.1 - /home/runner/.cargo/registry/src/index.crates.io-1949cf8c6b5b557f/icu_collections-2.1.1/Cargo.toml
build (x86_64-unknown-linux-gnu, ubuntu-latest)	Generate third-party licenses	2026-09-10T05:28:45.2626998Z [2026-09-10T05:28:45Z WARN  bundle_licenses_lib::found_license] Confidence level SEMI for Unicode-3.0 license in icu_locale_core:2.1.1 - /home/runner/.cargo/registry/src/index.crates.io-1949cf8c6b5b557f/icu_locale_core-2.1.1/Cargo.toml
build (x86_64-unknown-linux-gnu, ubuntu-latest)	Generate third-party licenses	2026-09-10T05:28:45.2629157Z [2026-09-10T05:28:45Z WARN  bundle_licenses_lib::found_license] Confidence level SEMI for Unicode-3.0 license in icu_normalizer:2.1.1 - /home/runner/.cargo/registry/src/index.crates.io-1949cf8c6b5b557f/icu_normalizer-2.1.1/Cargo.toml
build (x86_64-unknown-linux-gnu, ubuntu-latest)	Generate third-party licenses	2026-09-10T05:28:45.2631376Z [2026-09-10T05:28:45Z WARN  bundle_licenses_lib::found_license] Confidence level SEMI for Unicode-3.0 license in icu_normalizer_data:2.1.1 - /home/runner/.cargo/registry/src/index.crates.io-1949cf8c6b5b557f/icu_normalizer_data-2.1.1/Cargo.toml
build (x86_64-unknown-linux-gnu, ubuntu-latest)	Generate third-party licenses	2026-09-10T05:28:45.2633575Z [2026-09-10T05:28:45Z WARN  bundle_licenses_lib::found_license] Confidence level SEMI for Unicode-3.0 license in icu_properties:2.1.2 - /home/runner/.cargo/registry/src/index.crates.io-1949cf8c6b5b557f/icu_properties-2.1.2/Cargo.toml
build (x86_64-unknown-linux-gnu, ubuntu-latest)	Generate third-party licenses	2026-09-10T05:28:45.2636277Z [2026-09-10T05:28:45Z WARN  bundle_licenses_lib::found_license] Confidence level SEMI for Unicode-3.0 license in icu_properties_data:2.1.2 - /home/runner/.cargo/registry/src/index.crates.io-1949cf8c6b5b557f/icu_properties_data-2.1.2/Cargo.toml
build (x86_64-unknown-linux-gnu, ubuntu-latest)	Generate third-party licenses	2026-09-10T05:28:45.2638610Z [2026-09-10T05:28:45Z WARN  bundle_licenses_lib::found_license] Confidence level SEMI for Unicode-3.0 license in icu_provider:2.1.1 - /home/runner/.cargo/registry/src/index.crates.io-1949cf8c6b5b557f/icu_provider-2.1.1/Cargo.toml
build (x86_64-unknown-linux-gnu, ubuntu-latest)	Generate third-party licenses	2026-09-10T05:28:45.2640719Z [2026-09-10T05:28:45Z WARN  bundle_licenses_lib::found_license] No license found for MIT license in icy_sixel:0.5.1 - /home/runner/.cargo/registry/src/index.crates.io-1949cf8c6b5b557f/icy_sixel-0.5.1/Cargo.toml
build (x86_64-unknown-linux-gnu, ubuntu-latest)	Generate third-party licenses	2026-09-10T05:28:45.2642932Z [2026-09-10T05:28:45Z WARN  bundle_licenses_lib::found_license] No license found for Apache-2.0 license in icy_sixel:0.5.1 - /home/runner/.cargo/registry/src/index.crates.io-1949cf8c6b5b557f/icy_sixel-0.5.1/Cargo.toml
build (x86_64-unknown-linux-gnu, ubuntu-latest)	Generate third-party licenses	2026-09-10T05:28:45.2645501Z [2026-09-10T05:28:45Z WARN  bundle_licenses_lib::found_license] Confidence level UNSURE for Apache-2.0 license in ident_case:1.0.1 - /home/runner/.cargo/registry/src/index.crates.io-1949cf8c6b5b557f/ident_case-1.0.1/Cargo.toml
build (x86_64-unknown-linux-gnu, ubuntu-latest)	Generate third-party licenses	2026-09-10T05:28:45.2647962Z [2026-09-10T05:28:45Z WARN  bundle_licenses_lib::found_license] Confidence level SEMI for Apache-2.0 license in image:0.25.9 - /home/runner/.cargo/registry/src/index.crates.io-1949cf8c6b5b557f/image-0.25.9/Cargo.toml
build (x86_64-unknown-linux-gnu, ubuntu-latest)	Generate third-party licenses	2026-09-10T05:28:45.2650363Z [2026-09-10T05:28:45Z WARN  bundle_licenses_lib::found_license] Confidence level SEMI for Apache-2.0 license in image-webp:0.2.4 - /home/runner/.cargo/registry/src/index.crates.io-1949cf8c6b5b557f/image-webp-0.2.4/Cargo.toml
build (x86_64-unknown-linux-gnu, ubuntu-latest)	Generate third-party licenses	2026-09-10T05:28:45.2652775Z [2026-09-10T05:28:45Z WARN  bundle_licenses_lib::found_license] Confidence level SEMI for Apache-2.0 license in indoc:2.0.7 - /home/runner/.cargo/registry/src/index.crates.io-1949cf8c6b5b557f/indoc-2.0.7/Cargo.toml
build (x86_64-unknown-linux-gnu, ubuntu-latest)	Generate third-party licenses	2026-09-10T05:28:45.2655099Z [2026-09-10T05:28:45Z WARN  bundle_licenses_lib::found_license] Confidence level SEMI for Apache-2.0 license in itoa:1.0.17 - /home/runner/.cargo/registry/src/index.crates.io-1949cf8c6b5b557f/itoa-1.0.17/Cargo.toml
build (x86_64-unknown-linux-gnu, ubuntu-latest)	Generate third-party licenses	2026-09-10T05:28:45.2657391Z [2026-09-10T05:28:45Z WARN  bundle_licenses_lib::found_license] Confidence level SEMI for Apache-2.0 license in libc:0.2.182 - /home/runner/.cargo/registry/src/index.crates.io-1949cf8c6b5b557f/libc-0.2.182/Cargo.toml
build (x86_64-unknown-linux-gnu, ubuntu-latest)	Generate third-party licenses	2026-09-10T05:28:45.2659443Z [2026-09-10T05:28:45Z WARN  bundle_licenses_lib::found_license] Confidence level UNSURE for MIT license in libm:0.2.16 - /home/runner/.cargo/registry/src/index.crates.io-1949cf8c6b5b557f/libm-0.2.16/Cargo.toml
build (x86_64-unknown-linux-gnu, ubuntu-latest)	Generate third-party licenses	2026-09-10T05:28:45.2661535Z [2026-09-10T05:28:45Z WARN  bundle_licenses_lib::found_license] Confidence level SEMI for Unicode-3.0 license in litemap:0.8.1 - /home/runner/.cargo/registry/src/index.crates.io-1949cf8c6b5b557f/litemap-0.8.1/Cargo.toml
build (x86_64-unknown-linux-gnu, ubuntu-latest)	Generate third-party licenses	2026-09-10T05:28:45.2663675Z [2026-09-10T05:28:45Z WARN  bundle_licenses_lib::found_license] Confidence level SEMI for Apache-2.0 license in litrs:1.0.0 - /home/runner/.cargo/registry/src/index.crates.io-1949cf8c6b5b557f/litrs-1.0.0/Cargo.toml
build (x86_64-unknown-linux-gnu, ubuntu-latest)	Generate third-party licenses	2026-09-10T05:28:45.2665945Z [2026-09-10T05:28:45Z WARN  bundle_licenses_lib::found_license] No license found for Apache-2.0 license in mac_address:1.1.8 - /home/runner/.cargo/registry/src/index.crates.io-1949cf8c6b5b557f/mac_address-1.1.8/Cargo.toml
build (x86_64-unknown-linux-gnu, ubuntu-latest)	Generate third-party licenses	2026-09-10T05:28:45.2668098Z [2026-09-10T05:28:45Z WARN  bundle_licenses_lib::found_license] Confidence level UNSURE for MIT license in miniz_oxide:0.8.9 - /home/runner/.cargo/registry/src/index.crates.io-1949cf8c6b5b557f/miniz_oxide-0.8.9/Cargo.toml
build (x86_64-unknown-linux-gnu, ubuntu-latest)	Generate third-party licenses	2026-09-10T05:28:45.2670252Z [2026-09-10T05:28:45Z WARN  bundle_licenses_lib::found_license] Confidence level UNSURE for Zlib license in miniz_oxide:0.8.9 - /home/runner/.cargo/registry/src/index.crates.io-1949cf8c6b5b557f/miniz_oxide-0.8.9/Cargo.toml
build (x86_64-unknown-linux-gnu, ubuntu-latest)	Generate third-party licenses	2026-09-10T05:28:45.2672628Z [2026-09-10T05:28:45Z WARN  bundle_licenses_lib::found_license] Confidence level SEMI for Apache-2.0 license in miniz_oxide:0.8.9 - /home/runner/.cargo/registry/src/index.crates.io-1949cf8c6b5b557f/miniz_oxide-0.8.9/Cargo.toml
build (x86_64-unknown-linux-gnu, ubuntu-latest)	Generate third-party licenses	2026-09-10T05:28:45.2674899Z [2026-09-10T05:28:45Z WARN  bundle_licenses_lib::found_license] No license found for CC0-1.0 license in notify:7.0.0 - /home/runner/.cargo/registry/src/index.crates.io-1949cf8c6b5b557f/notify-7.0.0/Cargo.toml
build (x86_64-unknown-linux-gnu, ubuntu-latest)	Generate third-party licenses	2026-09-10T05:28:45.2677118Z [2026-09-10T05:28:45Z WARN  bundle_licenses_lib::found_license] No license found for MIT license in number_prefix:0.4.0 - /home/runner/.cargo/registry/src/index.crates.io-1949cf8c6b5b557f/number_prefix-0.4.0/Cargo.toml
build (x86_64-unknown-linux-gnu, ubuntu-latest)	Generate third-party licenses	2026-09-10T05:28:45.2679174Z [2026-09-10T05:28:45Z WARN  bundle_licenses_lib::found_license] No license found for MIT license in objc2:0.6.3 - /home/runner/.cargo/registry/src/index.crates.io-1949cf8c6b5b557f/objc2-0.6.3/Cargo.toml
build (x86_64-unknown-linux-gnu, ubuntu-latest)	Generate third-party licenses	2026-09-10T05:28:45.2681302Z [2026-09-10T05:28:45Z WARN  bundle_licenses_lib::found_license] No license found for Zlib license in objc2-app-kit:0.3.2 - /home/runner/.cargo/registry/src/index.crates.io-1949cf8c6b5b557f/objc2-app-kit-0.3.2/Cargo.toml
build (x86_64-unknown-linux-gnu, ubuntu-latest)	Generate third-party licenses	2026-09-10T05:28:45.2683696Z [2026-09-10T05:28:45Z WARN  bundle_licenses_lib::found_license] No license found for Apache-2.0 license in objc2-app-kit:0.3.2 - /home/runner/.cargo/registry/src/index.crates.io-1949cf8c6b5b557f/objc2-app-kit-0.3.2/Cargo.toml
build (x86_64-unknown-linux-gnu, ubuntu-latest)	Generate third-party licenses	2026-09-10T05:28:45.2686197Z [2026-09-10T05:28:45Z WARN  bundle_licenses_lib::found_license] No license found for MIT license in objc2-app-kit:0.3.2 - /home/runner/.cargo/registry/src/index.crates.io-1949cf8c6b5b557f/objc2-app-kit-0.3.2/Cargo.toml
build (x86_64-unknown-linux-gnu, ubuntu-latest)	Generate third-party licenses	2026-09-10T05:28:45.2688715Z [2026-09-10T05:28:45Z WARN  bundle_licenses_lib::found_license] No license found for Zlib license in objc2-core-foundation:0.3.2 - /home/runner/.cargo/registry/src/index.crates.io-1949cf8c6b5b557f/objc2-core-foundation-0.3.2/Cargo.toml
build (x86_64-unknown-linux-gnu, ubuntu-latest)	Generate third-party licenses	2026-09-10T05:28:45.2691405Z [2026-09-10T05:28:45Z WARN  bundle_licenses_lib::found_license] No license found for Apache-2.0 license in objc2-core-foundation:0.3.2 - /home/runner/.cargo/registry/src/index.crates.io-1949cf8c6b5b557f/objc2-core-foundation-0.3.2/Cargo.toml
build (x86_64-unknown-linux-gnu, ubuntu-latest)	Generate third-party licenses	2026-09-10T05:28:45.2694118Z [2026-09-10T05:28:45Z WARN  bundle_licenses_lib::found_license] No license found for MIT license in objc2-core-foundation:0.3.2 - /home/runner/.cargo/registry/src/index.crates.io-1949cf8c6b5b557f/objc2-core-foundation-0.3.2/Cargo.toml
build (x86_64-unknown-linux-gnu, ubuntu-latest)	Generate third-party licenses	2026-09-10T05:28:45.2696791Z [2026-09-10T05:28:45Z WARN  bundle_licenses_lib::found_license] No license found for Zlib license in objc2-core-graphics:0.3.2 - /home/runner/.cargo/registry/src/index.crates.io-1949cf8c6b5b557f/objc2-core-graphics-0.3.2/Cargo.toml
build (x86_64-unknown-linux-gnu, ubuntu-latest)	Generate third-party licenses	2026-09-10T05:28:45.2699329Z [2026-09-10T05:28:45Z WARN  bundle_licenses_lib::found_license] No license found for Apache-2.0 license in objc2-core-graphics:0.3.2 - /home/runner/.cargo/registry/src/index.crates.io-1949cf8c6b5b557f/objc2-core-graphics-0.3.2/Cargo.toml
build (x86_64-unknown-linux-gnu, ubuntu-latest)	Generate third-party licenses	2026-09-10T05:28:45.2701852Z [2026-09-10T05:28:45Z WARN  bundle_licenses_lib::found_license] No license found for MIT license in objc2-core-graphics:0.3.2 - /home/runner/.cargo/registry/src/index.crates.io-1949cf8c6b5b557f/objc2-core-graphics-0.3.2/Cargo.toml
build (x86_64-unknown-linux-gnu, ubuntu-latest)	Generate third-party licenses	2026-09-10T05:28:45.2704248Z [2026-09-10T05:28:45Z WARN  bundle_licenses_lib::found_license] No license found for MIT license in objc2-encode:4.1.0 - /home/runner/.cargo/registry/src/index.crates.io-1949cf8c6b5b557f/objc2-encode-4.1.0/Cargo.toml
build (x86_64-unknown-linux-gnu, ubuntu-latest)	Generate third-party licenses	2026-09-10T05:28:45.2706737Z [2026-09-10T05:28:45Z WARN  bundle_licenses_lib::found_license] No license found for MIT license in objc2-foundation:0.3.2 - /home/runner/.cargo/registry/src/index.crates.io-1949cf8c6b5b557f/objc2-foundation-0.3.2/Cargo.toml
build (x86_64-unknown-linux-gnu, ubuntu-latest)	Generate third-party licenses	2026-09-10T05:28:45.2709113Z [2026-09-10T05:28:45Z WARN  bundle_licenses_lib::found_license] No license found for Zlib license in objc2-io-kit:0.3.2 - /home/runner/.cargo/registry/src/index.crates.io-1949cf8c6b5b557f/objc2-io-kit-0.3.2/Cargo.toml
build (x86_64-unknown-linux-gnu, ubuntu-latest)	Generate third-party licenses	2026-09-10T05:28:45.2711659Z [2026-09-10T05:28:45Z WARN  bundle_licenses_lib::found_license] No license found for Apache-2.0 license in objc2-io-kit:0.3.2 - /home/runner/.cargo/registry/src/index.crates.io-1949cf8c6b5b557f/objc2-io-kit-0.3.2/Cargo.toml
build (x86_64-unknown-linux-gnu, ubuntu-latest)	Generate third-party licenses	2026-09-10T05:28:45.2714233Z [2026-09-10T05:28:45Z WARN  bundle_licenses_lib::found_license] No license found for MIT license in objc2-io-kit:0.3.2 - /home/runner/.cargo/registry/src/index.crates.io-1949cf8c6b5b557f/objc2-io-kit-0.3.2/Cargo.toml
build (x86_64-unknown-linux-gnu, ubuntu-latest)	Generate third-party licenses	2026-09-10T05:28:45.2716736Z [2026-09-10T05:28:45Z WARN  bundle_licenses_lib::found_license] No license found for Zlib license in objc2-io-surface:0.3.2 - /home/runner/.cargo/registry/src/index.crates.io-1949cf8c6b5b557f/objc2-io-surface-0.3.2/Cargo.toml
build (x86_64-unknown-linux-gnu, ubuntu-latest)	Generate third-party licenses	2026-09-10T05:28:45.2719201Z [2026-09-10T05:28:45Z WARN  bundle_licenses_lib::found_license] No license found for Apache-2.0 license in objc2-io-surface:0.3.2 - /home/runner/.cargo/registry/src/index.crates.io-1949cf8c6b5b557f/objc2-io-surface-0.3.2/Cargo.toml
build (x86_64-unknown-linux-gnu, ubuntu-latest)	Generate third-party licenses	2026-09-10T05:28:45.2721641Z [2026-09-10T05:28:45Z WARN  bundle_licenses_lib::found_license] No license found for MIT license in objc2-io-surface:0.3.2 - /home/runner/.cargo/registry/src/index.crates.io-1949cf8c6b5b557f/objc2-io-surface-0.3.2/Cargo.toml
build (x86_64-unknown-linux-gnu, ubuntu-latest)	Generate third-party licenses	2026-09-10T05:28:45.2724108Z [2026-09-10T05:28:45Z WARN  bundle_licenses_lib::found_license] No license found for Zlib license in objc2-open-directory:0.3.2 - /home/runner/.cargo/registry/src/index.crates.io-1949cf8c6b5b557f/objc2-open-directory-0.3.2/Cargo.toml
build (x86_64-unknown-linux-gnu, ubuntu-latest)	Generate third-party licenses	2026-09-10T05:28:45.2726796Z [2026-09-10T05:28:45Z WARN  bundle_licenses_lib::found_license] No license found for Apache-2.0 license in objc2-open-directory:0.3.2 - /home/runner/.cargo/registry/src/index.crates.io-1949cf8c6b5b557f/objc2-open-directory-0.3.2/Cargo.toml
build (x86_64-unknown-linux-gnu, ubuntu-latest)	Generate third-party licenses	2026-09-10T05:28:45.2729348Z [2026-09-10T05:28:45Z WARN  bundle_licenses_lib::found_license] No license found for MIT license in objc2-open-directory:0.3.2 - /home/runner/.cargo/registry/src/index.crates.io-1949cf8c6b5b557f/objc2-open-directory-0.3.2/Cargo.toml
build (x86_64-unknown-linux-gnu, ubuntu-latest)	Generate third-party licenses	2026-09-10T05:28:45.2731932Z [2026-09-10T05:28:45Z WARN  bundle_licenses_lib::found_license] Confidence level SEMI for Apache-2.0 license in pin-project-lite:0.2.16 - /home/runner/.cargo/registry/src/index.crates.io-1949cf8c6b5b557f/pin-project-lite-0.2.16/Cargo.toml
build (x86_64-unknown-linux-gnu, ubuntu-latest)	Generate third-party licenses	2026-09-10T05:28:45.2734522Z [2026-09-10T05:28:45Z WARN  bundle_licenses_lib::found_license] Confidence level SEMI for Apache-2.0 license in portable-atomic:1.13.1 - /home/runner/.cargo/registry/src/index.crates.io-1949cf8c6b5b557f/portable-atomic-1.13.1/Cargo.toml
build (x86_64-unknown-linux-gnu, ubuntu-latest)	Generate third-party licenses	2026-09-10T05:28:45.2737239Z [2026-09-10T05:28:45Z WARN  bundle_licenses_lib::found_license] Confidence level SEMI for Unicode-3.0 license in potential_utf:0.1.4 - /home/runner/.cargo/registry/src/index.crates.io-1949cf8c6b5b557f/potential_utf-0.1.4/Cargo.toml
build (x86_64-unknown-linux-gnu, ubuntu-latest)	Generate third-party licenses	2026-09-10T05:28:45.2739719Z [2026-09-10T05:28:45Z WARN  bundle_licenses_lib::found_license] Confidence level SEMI for Apache-2.0 license in prettyplease:0.2.37 - /home/runner/.cargo/registry/src/index.crates.io-1949cf8c6b5b557f/prettyplease-0.2.37/Cargo.toml
build (x86_64-unknown-linux-gnu, ubuntu-latest)	Generate third-party licenses	2026-09-10T05:28:45.2742217Z [2026-09-10T05:28:45Z WARN  bundle_licenses_lib::found_license] Confidence level SEMI for Apache-2.0 license in proc-macro2:1.0.106 - /home/runner/.cargo/registry/src/index.crates.io-1949cf8c6b5b557f/proc-macro2-1.0.106/Cargo.toml
build (x86_64-unknown-linux-gnu, ubuntu-latest)	Generate third-party licenses	2026-09-10T05:28:45.2744570Z [2026-09-10T05:28:45Z WARN  bundle_licenses_lib::found_license] No license found for MIT license in quantette:0.6.0 - /home/runner/.cargo/registry/src/index.crates.io-1949cf8c6b5b557f/quantette-0.6.0/Cargo.toml
build (x86_64-unknown-linux-gnu, ubuntu-latest)	Generate third-party licenses	2026-09-10T05:28:45.2746975Z [2026-09-10T05:28:45Z WARN  bundle_licenses_lib::found_license] No license found for Apache-2.0 license in quantette:0.6.0 - /home/runner/.cargo/registry/src/index.crates.io-1949cf8c6b5b557f/quantette-0.6.0/Cargo.toml
build (x86_64-unknown-linux-gnu, ubuntu-latest)	Generate third-party licenses	2026-09-10T05:28:45.2749282Z [2026-09-10T05:28:45Z WARN  bundle_licenses_lib::found_license] Confidence level SEMI for Apache-2.0 license in quote:1.0.44 - /home/runner/.cargo/registry/src/index.crates.io-1949cf8c6b5b557f/quote-1.0.44/Cargo.toml
build (x86_64-unknown-linux-gnu, ubuntu-latest)	Generate third-party licenses	2026-09-10T05:28:45.2751747Z [2026-09-10T05:28:45Z WARN  bundle_licenses_lib::found_license] No license found for MIT license in r-efi:5.3.0 - /home/runner/.cargo/registry/src/index.crates.io-1949cf8c6b5b557f/r-efi-5.3.0/Cargo.toml
build (x86_64-unknown-linux-gnu, ubuntu-latest)	Generate third-party licenses	2026-09-10T05:28:45.2754077Z [2026-09-10T05:28:45Z WARN  bundle_licenses_lib::found_license] No license found for Apache-2.0 license in r-efi:5.3.0 - /home/runner/.cargo/registry/src/index.crates.io-1949cf8c6b5b557f/r-efi-5.3.0/Cargo.toml
build (x86_64-unknown-linux-gnu, ubuntu-latest)	Generate third-party licenses	2026-09-10T05:28:45.2756476Z [2026-09-10T05:28:45Z WARN  bundle_licenses_lib::found_license] No license found for LGPL-2.1-or-later license in r-efi:5.3.0 - /home/runner/.cargo/registry/src/index.crates.io-1949cf8c6b5b557f/r-efi-5.3.0/Cargo.toml
build (x86_64-unknown-linux-gnu, ubuntu-latest)	Generate third-party licenses	2026-09-10T05:28:45.2758742Z [2026-09-10T05:28:45Z WARN  bundle_licenses_lib::found_license] Confidence level SEMI for Apache-2.0 license in rand:0.8.8 - /home/runner/.cargo/registry/src/index.crates.io-1949cf8c6b5b557f/rand-0.8.8/Cargo.toml
build (x86_64-unknown-linux-gnu, ubuntu-latest)	Generate third-party licenses	2026-09-10T05:28:45.2760989Z [2026-09-10T05:28:45Z WARN  bundle_licenses_lib::found_license] Confidence level SEMI for Apache-2.0 license in rand:0.10.2 - /home/runner/.cargo/registry/src/index.crates.io-1949cf8c6b5b557f/rand-0.10.2/Cargo.toml
build (x86_64-unknown-linux-gnu, ubuntu-latest)	Generate third-party licenses	2026-09-10T05:28:45.2763273Z [2026-09-10T05:28:45Z WARN  bundle_licenses_lib::found_license] Confidence level SEMI for MIT license in rand_pcg:0.10.2 - /home/runner/.cargo/registry/src/index.crates.io-1949cf8c6b5b557f/rand_pcg-0.10.2/Cargo.toml
build (x86_64-unknown-linux-gnu, ubuntu-latest)	Generate third-party licenses	2026-09-10T05:28:45.2765774Z [2026-09-10T05:28:45Z WARN  bundle_licenses_lib::found_license] Confidence level SEMI for Apache-2.0 license in rand_xoshiro:0.8.1 - /home/runner/.cargo/registry/src/index.crates.io-1949cf8c6b5b557f/rand_xoshiro-0.8.1/Cargo.toml
build (x86_64-unknown-linux-gnu, ubuntu-latest)	Generate third-party licenses	2026-09-10T05:28:45.2768115Z [2026-09-10T05:28:45Z WARN  bundle_licenses_lib::found_license] No license found for MIT license in ratatui:0.30.0 - /home/runner/.cargo/registry/src/index.crates.io-1949cf8c6b5b557f/ratatui-0.30.0/Cargo.toml
build (x86_64-unknown-linux-gnu, ubuntu-latest)	Generate third-party licenses	2026-09-10T05:28:45.2770366Z [2026-09-10T05:28:45Z WARN  bundle_licenses_lib::found_license] No license found for MIT license in ratatui-core:0.1.0 - /home/runner/.cargo/registry/src/index.crates.io-1949cf8c6b5b557f/ratatui-core-0.1.0/Cargo.toml
build (x86_64-unknown-linux-gnu, ubuntu-latest)	Generate third-party licenses	2026-09-10T05:28:45.2772756Z [2026-09-10T05:28:45Z WARN  bundle_licenses_lib::found_license] No license found for MIT license in ratatui-crossterm:0.1.0 - /home/runner/.cargo/registry/src/index.crates.io-1949cf8c6b5b557f/ratatui-crossterm-0.1.0/Cargo.toml
build (x86_64-unknown-linux-gnu, ubuntu-latest)	Generate third-party licenses	2026-09-10T05:28:45.2775336Z [2026-09-10T05:28:45Z WARN  bundle_licenses_lib::found_license] Confidence level UNSURE for MIT license in ratatui-image:11.0.3 - /home/runner/.cargo/registry/src/index.crates.io-1949cf8c6b5b557f/ratatui-image-11.0.3/Cargo.toml
build (x86_64-unknown-linux-gnu, ubuntu-latest)	Generate third-party licenses	2026-09-10T05:28:45.2776913Z [2026-09-10T05:28:45Z WARN  bundle_licenses_lib::found_license] No license found for MIT license in ratatui-termwiz:0.1.0 - /home/runner/.cargo/registry/src/index.crates.io-1949cf8c6b5b557f/ratatui-termwiz-0.1.0/Cargo.toml
build (x86_64-unknown-linux-gnu, ubuntu-latest)	Generate third-party licenses	2026-09-10T05:28:45.2778237Z [2026-09-10T05:28:45Z WARN  bundle_licenses_lib::found_license] No license found for MIT license in ratatui-widgets:0.3.0 - /home/runner/.cargo/registry/src/index.crates.io-1949cf8c6b5b557f/ratatui-widgets-0.3.0/Cargo.toml
build (x86_64-unknown-linux-gnu, ubuntu-latest)	Generate third-party licenses	2026-09-10T05:28:45.2779597Z [2026-09-10T05:28:45Z WARN  bundle_licenses_lib::found_license] Confidence level SEMI for Apache-2.0 license in ref-cast:1.0.27 - /home/runner/.cargo/registry/src/index.crates.io-1949cf8c6b5b557f/ref-cast-1.0.27/Cargo.toml
build (x86_64-unknown-linux-gnu, ubuntu-latest)	Generate third-party licenses	2026-09-10T05:28:45.2780932Z [2026-09-10T05:28:45Z WARN  bundle_licenses_lib::found_license] Confidence level SEMI for Apache-2.0 license in ref-cast-impl:1.0.27 - /home/runner/.cargo/registry/src/index.crates.io-1949cf8c6b5b557f/ref-cast-impl-1.0.27/Cargo.toml
build (x86_64-unknown-linux-gnu, ubuntu-latest)	Generate third-party licenses	2026-09-10T05:28:45.2782287Z [2026-09-10T05:28:45Z WARN  bundle_licenses_lib::found_license] Confidence level UNSURE for Apache-2.0 license in ring:0.17.14 - /home/runner/.cargo/registry/src/index.crates.io-1949cf8c6b5b557f/ring-0.17.14/Cargo.toml
build (x86_64-unknown-linux-gnu, ubuntu-latest)	Generate third-party licenses	2026-09-10T05:28:45.2783536Z [2026-09-10T05:28:45Z WARN  bundle_licenses_lib::found_license] Confidence level UNSURE for ISC license in ring:0.17.14 - /home/runner/.cargo/registry/src/index.crates.io-1949cf8c6b5b557f/ring-0.17.14/Cargo.toml
build (x86_64-unknown-linux-gnu, ubuntu-latest)	Generate third-party licenses	2026-09-10T05:28:45.2785000Z [2026-09-10T05:28:45Z WARN  bundle_licenses_lib::found_license] Confidence level SEMI for Apache-2.0 license in rustc-hash:2.1.1 - /home/runner/.cargo/registry/src/index.crates.io-1949cf8c6b5b557f/rustc-hash-2.1.1/Cargo.toml
build (x86_64-unknown-linux-gnu, ubuntu-latest)	Generate third-party licenses	2026-09-10T05:28:45.2786715Z [2026-09-10T05:28:45Z WARN  bundle_licenses_lib::found_license] Confidence level UNSURE for ISC license in rustls-webpki:0.103.15 - /home/runner/.cargo/registry/src/index.crates.io-1949cf8c6b5b557f/rustls-webpki-0.103.15/Cargo.toml
build (x86_64-unknown-linux-gnu, ubuntu-latest)	Generate third-party licenses	2026-09-10T05:28:45.2788086Z [2026-09-10T05:28:45Z WARN  bundle_licenses_lib::found_license] Confidence level SEMI for Apache-2.0 license in rustversion:1.0.22 - /home/runner/.cargo/registry/src/index.crates.io-1949cf8c6b5b557f/rustversion-1.0.22/Cargo.toml
build (x86_64-unknown-linux-gnu, ubuntu-latest)	Generate third-party licenses	2026-09-10T05:28:45.2789383Z [2026-09-10T05:28:45Z WARN  bundle_licenses_lib::found_license] Confidence level SEMI for Apache-2.0 license in ryu:1.0.23 - /home/runner/.cargo/registry/src/index.crates.io-1949cf8c6b5b557f/ryu-1.0.23/Cargo.toml
build (x86_64-unknown-linux-gnu, ubuntu-latest)	Generate third-party licenses	2026-09-10T05:28:45.2790657Z [2026-09-10T05:28:45Z WARN  bundle_licenses_lib::found_license] No license found for GPL-2.0-only license in self_cell:1.3.0 - /home/runner/.cargo/registry/src/index.crates.io-1949cf8c6b5b557f/self_cell-1.3.0/Cargo.toml
build (x86_64-unknown-linux-gnu, ubuntu-latest)	Generate third-party licenses	2026-09-10T05:28:45.2791935Z [2026-09-10T05:28:45Z WARN  bundle_licenses_lib::found_license] Confidence level SEMI for Apache-2.0 license in semver:1.0.27 - /home/runner/.cargo/registry/src/index.crates.io-1949cf8c6b5b557f/semver-1.0.27/Cargo.toml
build (x86_64-unknown-linux-gnu, ubuntu-latest)	Generate third-party licenses	2026-09-10T05:28:45.2793198Z [2026-09-10T05:28:45Z WARN  bundle_licenses_lib::found_license] Confidence level SEMI for Apache-2.0 license in serde:1.0.228 - /home/runner/.cargo/registry/src/index.crates.io-1949cf8c6b5b557f/serde-1.0.228/Cargo.toml
build (x86_64-unknown-linux-gnu, ubuntu-latest)	Generate third-party licenses	2026-09-10T05:28:45.2794485Z [2026-09-10T05:28:45Z WARN  bundle_licenses_lib::found_license] Confidence level SEMI for Apache-2.0 license in serde_core:1.0.228 - /home/runner/.cargo/registry/src/index.crates.io-1949cf8c6b5b557f/serde_core-1.0.228/Cargo.toml
build (x86_64-unknown-linux-gnu, ubuntu-latest)	Generate third-party licenses	2026-09-10T05:28:45.2796038Z [2026-09-10T05:28:45Z WARN  bundle_licenses_lib::found_license] Confidence level SEMI for Apache-2.0 license in serde_derive:1.0.228 - /home/runner/.cargo/registry/src/index.crates.io-1949cf8c6b5b557f/serde_derive-1.0.228/Cargo.toml
build (x86_64-unknown-linux-gnu, ubuntu-latest)	Generate third-party licenses	2026-09-10T05:28:45.2797416Z [2026-09-10T05:28:45Z WARN  bundle_licenses_lib::found_license] Confidence level SEMI for Apache-2.0 license in serde_json:1.0.149 - /home/runner/.cargo/registry/src/index.crates.io-1949cf8c6b5b557f/serde_json-1.0.149/Cargo.toml
build (x86_64-unknown-linux-gnu, ubuntu-latest)	Generate third-party licenses	2026-09-10T05:28:45.2798803Z [2026-09-10T05:28:45Z WARN  bundle_licenses_lib::found_license] Confidence level SEMI for Apache-2.0 license in serde_urlencoded:0.7.1 - /home/runner/.cargo/registry/src/index.crates.io-1949cf8c6b5b557f/serde_urlencoded-0.7.1/Cargo.toml
build (x86_64-unknown-linux-gnu, ubuntu-latest)	Generate third-party licenses	2026-09-10T05:28:45.2800131Z [2026-09-10T05:28:45Z WARN  bundle_licenses_lib::found_license] Confidence level SEMI for MIT license in sha2:0.10.9 - /home/runner/.cargo/registry/src/index.crates.io-1949cf8c6b5b557f/sha2-0.10.9/Cargo.toml
build (x86_64-unknown-linux-gnu, ubuntu-latest)	Generate third-party licenses	2026-09-10T05:28:45.2801388Z [2026-09-10T05:28:45Z WARN  bundle_licenses_lib::found_license] Confidence level UNSURE for MIT license in siphasher:1.0.2 - /home/runner/.cargo/registry/src/index.crates.io-1949cf8c6b5b557f/siphasher-1.0.2/Cargo.toml
build (x86_64-unknown-linux-gnu, ubuntu-latest)	Generate third-party licenses	2026-09-10T05:28:45.2802689Z [2026-09-10T05:28:45Z WARN  bundle_licenses_lib::found_license] Confidence level UNSURE for Apache-2.0 license in siphasher:1.0.2 - /home/runner/.cargo/registry/src/index.crates.io-1949cf8c6b5b557f/siphasher-1.0.2/Cargo.toml
build (x86_64-unknown-linux-gnu, ubuntu-latest)	Generate third-party licenses	2026-09-10T05:28:45.2803970Z [2026-09-10T05:28:45Z WARN  bundle_licenses_lib::found_license] Confidence level SEMI for MIT license in strsim:0.11.1 - /home/runner/.cargo/registry/src/index.crates.io-1949cf8c6b5b557f/strsim-0.11.1/Cargo.toml
build (x86_64-unknown-linux-gnu, ubuntu-latest)	Generate third-party licenses	2026-09-10T05:28:45.2805319Z [2026-09-10T05:28:45Z WARN  bundle_licenses_lib::found_license] Confidence level SEMI for BSD-3-Clause license in subtle:2.6.1 - /home/runner/.cargo/registry/src/index.crates.io-1949cf8c6b5b557f/subtle-2.6.1/Cargo.toml
build (x86_64-unknown-linux-gnu, ubuntu-latest)	Generate third-party licenses	2026-09-10T05:28:45.2806731Z [2026-09-10T05:28:45Z WARN  bundle_licenses_lib::found_license] Confidence level SEMI for Apache-2.0 license in syn:2.0.115 - /home/runner/.cargo/registry/src/index.crates.io-1949cf8c6b5b557f/syn-2.0.115/Cargo.toml
build (x86_64-unknown-linux-gnu, ubuntu-latest)	Generate third-party licenses	2026-09-10T05:28:45.2808107Z [2026-09-10T05:28:45Z WARN  bundle_licenses_lib::found_license] Confidence level SEMI for Apache-2.0 license in syn:3.0.4 - /home/runner/.cargo/registry/src/index.crates.io-1949cf8c6b5b557f/syn-3.0.4/Cargo.toml
build (x86_64-unknown-linux-gnu, ubuntu-latest)	Generate third-party licenses	2026-09-10T05:28:45.2809394Z [2026-09-10T05:28:45Z WARN  bundle_licenses_lib::found_license] Confidence level SEMI for Apache-2.0 license in sync_wrapper:1.0.2 - /home/runner/.cargo/registry/src/index.crates.io-1949cf8c6b5b557f/sync_wrapper-1.0.2/Cargo.toml
build (x86_64-unknown-linux-gnu, ubuntu-latest)	Generate third-party licenses	2026-09-10T05:28:45.2810679Z [2026-09-10T05:28:45Z WARN  bundle_licenses_lib::found_license] No template for WTFPL license in terminfo:0.9.0 - /home/runner/.cargo/registry/src/index.crates.io-1949cf8c6b5b557f/terminfo-0.9.0/Cargo.toml
build (x86_64-unknown-linux-gnu, ubuntu-latest)	Generate third-party licenses	2026-09-10T05:28:45.2811952Z [2026-09-10T05:28:45Z WARN  bundle_licenses_lib::found_license] Confidence level SEMI for Apache-2.0 license in thiserror:1.0.69 - /home/runner/.cargo/registry/src/index.crates.io-1949cf8c6b5b557f/thiserror-1.0.69/Cargo.toml
build (x86_64-unknown-linux-gnu, ubuntu-latest)	Generate third-party licenses	2026-09-10T05:28:45.2813275Z [2026-09-10T05:28:45Z WARN  bundle_licenses_lib::found_license] Confidence level SEMI for Apache-2.0 license in thiserror:2.0.18 - /home/runner/.cargo/registry/src/index.crates.io-1949cf8c6b5b557f/thiserror-2.0.18/Cargo.toml
build (x86_64-unknown-linux-gnu, ubuntu-latest)	Generate third-party licenses	2026-09-10T05:28:45.2814617Z [2026-09-10T05:28:45Z WARN  bundle_licenses_lib::found_license] Confidence level SEMI for Apache-2.0 license in thiserror-impl:1.0.69 - /home/runner/.cargo/registry/src/index.crates.io-1949cf8c6b5b557f/thiserror-impl-1.0.69/Cargo.toml
build (x86_64-unknown-linux-gnu, ubuntu-latest)	Generate third-party licenses	2026-09-10T05:28:45.2816199Z [2026-09-10T05:28:45Z WARN  bundle_licenses_lib::found_license] Confidence level SEMI for Apache-2.0 license in thiserror-impl:2.0.18 - /home/runner/.cargo/registry/src/index.crates.io-1949cf8c6b5b557f/thiserror-impl-2.0.18/Cargo.toml
build (x86_64-unknown-linux-gnu, ubuntu-latest)	Generate third-party licenses	2026-09-10T05:28:45.2817522Z [2026-09-10T05:28:45Z WARN  bundle_licenses_lib::found_license] Confidence level SEMI for Apache-2.0 license in time:0.3.47 - /home/runner/.cargo/registry/src/index.crates.io-1949cf8c6b5b557f/time-0.3.47/Cargo.toml
build (x86_64-unknown-linux-gnu, ubuntu-latest)	Generate third-party licenses	2026-09-10T05:28:45.2818813Z [2026-09-10T05:28:45Z WARN  bundle_licenses_lib::found_license] Confidence level SEMI for Apache-2.0 license in time-core:0.1.8 - /home/runner/.cargo/registry/src/index.crates.io-1949cf8c6b5b557f/time-core-0.1.8/Cargo.toml
build (x86_64-unknown-linux-gnu, ubuntu-latest)	Generate third-party licenses	2026-09-10T05:28:45.2820138Z [2026-09-10T05:28:45Z WARN  bundle_licenses_lib::found_license] Confidence level SEMI for Apache-2.0 license in time-macros:0.2.27 - /home/runner/.cargo/registry/src/index.crates.io-1949cf8c6b5b557f/time-macros-0.2.27/Cargo.toml
build (x86_64-unknown-linux-gnu, ubuntu-latest)	Generate third-party licenses	2026-09-10T05:28:45.2821460Z [2026-09-10T05:28:45Z WARN  bundle_licenses_lib::found_license] Confidence level SEMI for Unicode-3.0 license in tinystr:0.8.2 - /home/runner/.cargo/registry/src/index.crates.io-1949cf8c6b5b557f/tinystr-0.8.2/Cargo.toml
build (x86_64-unknown-linux-gnu, ubuntu-latest)	Generate third-party licenses	2026-09-10T05:28:45.2822800Z [2026-09-10T05:28:45Z WARN  bundle_licenses_lib::found_license] Confidence level SEMI for Apache-2.0 license in unicode-ident:1.0.23 - /home/runner/.cargo/registry/src/index.crates.io-1949cf8c6b5b557f/unicode-ident-1.0.23/Cargo.toml
build (x86_64-unknown-linux-gnu, ubuntu-latest)	Generate third-party licenses	2026-09-10T05:28:45.2824194Z [2026-09-10T05:28:45Z WARN  bundle_licenses_lib::found_license] Confidence level SEMI for ISC license in untrusted:0.9.0 - /home/runner/.cargo/registry/src/index.crates.io-1949cf8c6b5b557f/untrusted-0.9.0/Cargo.toml
build (x86_64-unknown-linux-gnu, ubuntu-latest)	Generate third-party licenses	2026-09-10T05:28:45.2825595Z [2026-09-10T05:28:45Z WARN  bundle_licenses_lib::found_license] Confidence level SEMI for Apache-2.0 license in utf8parse:0.2.2 - /home/runner/.cargo/registry/src/index.crates.io-1949cf8c6b5b557f/utf8parse-0.2.2/Cargo.toml
build (x86_64-unknown-linux-gnu, ubuntu-latest)	Generate third-party licenses	2026-09-10T05:28:45.2826873Z [2026-09-10T05:28:45Z WARN  bundle_licenses_lib::found_license] Confidence level SEMI for MIT license in uuid:1.21.0 - /home/runner/.cargo/registry/src/index.crates.io-1949cf8c6b5b557f/uuid-1.21.0/Cargo.toml
build (x86_64-unknown-linux-gnu, ubuntu-latest)	Generate third-party licenses	2026-09-10T05:28:45.2828218Z [2026-09-10T05:28:45Z WARN  bundle_licenses_lib::found_license] No license found for MIT license in vsimd:0.8.0 - /home/runner/.cargo/registry/src/index.crates.io-1949cf8c6b5b557f/vsimd-0.8.0/Cargo.toml
build (x86_64-unknown-linux-gnu, ubuntu-latest)	Generate third-party licenses	2026-09-10T05:28:45.2829559Z [2026-09-10T05:28:45Z WARN  bundle_licenses_lib::found_license] No license found for MIT license in vtparse:0.6.2 - /home/runner/.cargo/registry/src/index.crates.io-1949cf8c6b5b557f/vtparse-0.6.2/Cargo.toml
build (x86_64-unknown-linux-gnu, ubuntu-latest)	Generate third-party licenses	2026-09-10T05:28:45.2830939Z [2026-09-10T05:28:45Z WARN  bundle_licenses_lib::found_license] No license found for Apache-2.0 WITH LLVM-exception license in wasip2:1.0.2+wasi-0.2.9 - /home/runner/.cargo/registry/src/index.crates.io-1949cf8c6b5b557f/wasip2-1.0.2+wasi-0.2.9/Cargo.toml
build (x86_64-unknown-linux-gnu, ubuntu-latest)	Generate third-party licenses	2026-09-10T05:28:45.2832362Z [2026-09-10T05:28:45Z WARN  bundle_licenses_lib::found_license] No license found for Apache-2.0 license in wasip2:1.0.2+wasi-0.2.9 - /home/runner/.cargo/registry/src/index.crates.io-1949cf8c6b5b557f/wasip2-1.0.2+wasi-0.2.9/Cargo.toml
build (x86_64-unknown-linux-gnu, ubuntu-latest)	Generate third-party licenses	2026-09-10T05:28:45.2833686Z [2026-09-10T05:28:45Z WARN  bundle_licenses_lib::found_license] No license found for MIT license in wasip2:1.0.2+wasi-0.2.9 - /home/runner/.cargo/registry/src/index.crates.io-1949cf8c6b5b557f/wasip2-1.0.2+wasi-0.2.9/Cargo.toml
build (x86_64-unknown-linux-gnu, ubuntu-latest)	Generate third-party licenses	2026-09-10T05:28:45.2835340Z [2026-09-10T05:28:45Z WARN  bundle_licenses_lib::found_license] No license found for Apache-2.0 WITH LLVM-exception license in wasip3:0.4.0+wasi-0.3.0-rc-2026-01-06 - /home/runner/.cargo/registry/src/index.crates.io-1949cf8c6b5b557f/wasip3-0.4.0+wasi-0.3.0-rc-2026-01-06/Cargo.toml
build (x86_64-unknown-linux-gnu, ubuntu-latest)	Generate third-party licenses	2026-09-10T05:28:45.2837102Z [2026-09-10T05:28:45Z WARN  bundle_licenses_lib::found_license] No license found for Apache-2.0 license in wasip3:0.4.0+wasi-0.3.0-rc-2026-01-06 - /home/runner/.cargo/registry/src/index.crates.io-1949cf8c6b5b557f/wasip3-0.4.0+wasi-0.3.0-rc-2026-01-06/Cargo.toml
build (x86_64-unknown-linux-gnu, ubuntu-latest)	Generate third-party licenses	2026-09-10T05:28:45.2838617Z [2026-09-10T05:28:45Z WARN  bundle_licenses_lib::found_license] No license found for MIT license in wasip3:0.4.0+wasi-0.3.0-rc-2026-01-06 - /home/runner/.cargo/registry/src/index.crates.io-1949cf8c6b5b557f/wasip3-0.4.0+wasi-0.3.0-rc-2026-01-06/Cargo.toml
build (x86_64-unknown-linux-gnu, ubuntu-latest)	Generate third-party licenses	2026-09-10T05:28:45.2840110Z [2026-09-10T05:28:45Z WARN  bundle_licenses_lib::found_license] No license found for Apache-2.0 WITH LLVM-exception license in wasm-encoder:0.244.0 - /home/runner/.cargo/registry/src/index.crates.io-1949cf8c6b5b557f/wasm-encoder-0.244.0/Cargo.toml
build (x86_64-unknown-linux-gnu, ubuntu-latest)	Generate third-party licenses	2026-09-10T05:28:45.2841517Z [2026-09-10T05:28:45Z WARN  bundle_licenses_lib::found_license] No license found for Apache-2.0 license in wasm-encoder:0.244.0 - /home/runner/.cargo/registry/src/index.crates.io-1949cf8c6b5b557f/wasm-encoder-0.244.0/Cargo.toml
build (x86_64-unknown-linux-gnu, ubuntu-latest)	Generate third-party licenses	2026-09-10T05:28:45.2842836Z [2026-09-10T05:28:45Z WARN  bundle_licenses_lib::found_license] No license found for MIT license in wasm-encoder:0.244.0 - /home/runner/.cargo/registry/src/index.crates.io-1949cf8c6b5b557f/wasm-encoder-0.244.0/Cargo.toml
build (x86_64-unknown-linux-gnu, ubuntu-latest)	Generate third-party licenses	2026-09-10T05:28:45.2844234Z [2026-09-10T05:28:45Z WARN  bundle_licenses_lib::found_license] No license found for Apache-2.0 WITH LLVM-exception license in wasm-metadata:0.244.0 - /home/runner/.cargo/registry/src/index.crates.io-1949cf8c6b5b557f/wasm-metadata-0.244.0/Cargo.toml
build (x86_64-unknown-linux-gnu, ubuntu-latest)	Generate third-party licenses	2026-09-10T05:28:45.2845827Z [2026-09-10T05:28:45Z WARN  bundle_licenses_lib::found_license] No license found for Apache-2.0 license in wasm-metadata:0.244.0 - /home/runner/.cargo/registry/src/index.crates.io-1949cf8c6b5b557f/wasm-metadata-0.244.0/Cargo.toml
build (x86_64-unknown-linux-gnu, ubuntu-latest)	Generate third-party licenses	2026-09-10T05:28:45.2847182Z [2026-09-10T05:28:45Z WARN  bundle_licenses_lib::found_license] No license found for MIT license in wasm-metadata:0.244.0 - /home/runner/.cargo/registry/src/index.crates.io-1949cf8c6b5b557f/wasm-metadata-0.244.0/Cargo.toml
build (x86_64-unknown-linux-gnu, ubuntu-latest)	Generate third-party licenses	2026-09-10T05:28:45.2848569Z [2026-09-10T05:28:45Z WARN  bundle_licenses_lib::found_license] No license found for Apache-2.0 WITH LLVM-exception license in wasmparser:0.244.0 - /home/runner/.cargo/registry/src/index.crates.io-1949cf8c6b5b557f/wasmparser-0.244.0/Cargo.toml
build (x86_64-unknown-linux-gnu, ubuntu-latest)	Generate third-party licenses	2026-09-10T05:28:45.2849947Z [2026-09-10T05:28:45Z WARN  bundle_licenses_lib::found_license] No license found for Apache-2.0 license in wasmparser:0.244.0 - /home/runner/.cargo/registry/src/index.crates.io-1949cf8c6b5b557f/wasmparser-0.244.0/Cargo.toml
build (x86_64-unknown-linux-gnu, ubuntu-latest)	Generate third-party licenses	2026-09-10T05:28:45.2851552Z [2026-09-10T05:28:45Z WARN  bundle_licenses_lib::found_license] No license found for MIT license in wasmparser:0.244.0 - /home/runner/.cargo/registry/src/index.crates.io-1949cf8c6b5b557f/wasmparser-0.244.0/Cargo.toml
build (x86_64-unknown-linux-gnu, ubuntu-latest)	Generate third-party licenses	2026-09-10T05:28:45.2852884Z [2026-09-10T05:28:45Z WARN  bundle_licenses_lib::found_license] No template for CDLA-Permissive-2.0 license in webpki-roots:1.0.6 - /home/runner/.cargo/registry/src/index.crates.io-1949cf8c6b5b557f/webpki-roots-1.0.6/Cargo.toml
build (x86_64-unknown-linux-gnu, ubuntu-latest)	Generate third-party licenses	2026-09-10T05:28:45.2854238Z [2026-09-10T05:28:45Z WARN  bundle_licenses_lib::found_license] Confidence level UNSURE for MIT license in wezterm-bidi:0.2.3 - /home/runner/.cargo/registry/src/index.crates.io-1949cf8c6b5b557f/wezterm-bidi-0.2.3/Cargo.toml
build (x86_64-unknown-linux-gnu, ubuntu-latest)	Generate third-party licenses	2026-09-10T05:28:45.2855794Z [2026-09-10T05:28:45Z WARN  bundle_licenses_lib::found_license] Confidence level UNSURE for Unicode-DFS-2016 license in wezterm-bidi:0.2.3 - /home/runner/.cargo/registry/src/index.crates.io-1949cf8c6b5b557f/wezterm-bidi-0.2.3/Cargo.toml
build (x86_64-unknown-linux-gnu, ubuntu-latest)	Generate third-party licenses	2026-09-10T05:28:45.2857225Z [2026-09-10T05:28:45Z WARN  bundle_licenses_lib::found_license] No license found for MIT license in wezterm-input-types:0.1.0 - /home/runner/.cargo/registry/src/index.crates.io-1949cf8c6b5b557f/wezterm-input-types-0.1.0/Cargo.toml
build (x86_64-unknown-linux-gnu, ubuntu-latest)	Generate third-party licenses	2026-09-10T05:28:45.2858671Z [2026-09-10T05:28:45Z WARN  bundle_licenses_lib::found_license] No license found for MIT license in winapi-i686-pc-windows-gnu:0.4.0 - /home/runner/.cargo/registry/src/index.crates.io-1949cf8c6b5b557f/winapi-i686-pc-windows-gnu-0.4.0/Cargo.toml
build (x86_64-unknown-linux-gnu, ubuntu-latest)	Generate third-party licenses	2026-09-10T05:28:45.2860161Z [2026-09-10T05:28:45Z WARN  bundle_licenses_lib::found_license] No license found for Apache-2.0 license in winapi-i686-pc-windows-gnu:0.4.0 - /home/runner/.cargo/registry/src/index.crates.io-1949cf8c6b5b557f/winapi-i686-pc-windows-gnu-0.4.0/Cargo.toml
build (x86_64-unknown-linux-gnu, ubuntu-latest)	Generate third-party licenses	2026-09-10T05:28:45.2861665Z [2026-09-10T05:28:45Z WARN  bundle_licenses_lib::found_license] No license found for MIT license in winapi-x86_64-pc-windows-gnu:0.4.0 - /home/runner/.cargo/registry/src/index.crates.io-1949cf8c6b5b557f/winapi-x86_64-pc-windows-gnu-0.4.0/Cargo.toml
build (x86_64-unknown-linux-gnu, ubuntu-latest)	Generate third-party licenses	2026-09-10T05:28:45.2863159Z [2026-09-10T05:28:45Z WARN  bundle_licenses_lib::found_license] No license found for Apache-2.0 license in winapi-x86_64-pc-windows-gnu:0.4.0 - /home/runner/.cargo/registry/src/index.crates.io-1949cf8c6b5b557f/winapi-x86_64-pc-windows-gnu-0.4.0/Cargo.toml
build (x86_64-unknown-linux-gnu, ubuntu-latest)	Generate third-party licenses	2026-09-10T05:28:45.2864654Z [2026-09-10T05:28:45Z WARN  bundle_licenses_lib::found_license] No license found for Apache-2.0 WITH LLVM-exception license in wit-component:0.244.0 - /home/runner/.cargo/registry/src/index.crates.io-1949cf8c6b5b557f/wit-component-0.244.0/Cargo.toml
build (x86_64-unknown-linux-gnu, ubuntu-latest)	Generate third-party licenses	2026-09-10T05:28:45.2866186Z [2026-09-10T05:28:45Z WARN  bundle_licenses_lib::found_license] No license found for Apache-2.0 license in wit-component:0.244.0 - /home/runner/.cargo/registry/src/index.crates.io-1949cf8c6b5b557f/wit-component-0.244.0/Cargo.toml
build (x86_64-unknown-linux-gnu, ubuntu-latest)	Generate third-party licenses	2026-09-10T05:28:45.2867527Z [2026-09-10T05:28:45Z WARN  bundle_licenses_lib::found_license] No license found for MIT license in wit-component:0.244.0 - /home/runner/.cargo/registry/src/index.crates.io-1949cf8c6b5b557f/wit-component-0.244.0/Cargo.toml
build (x86_64-unknown-linux-gnu, ubuntu-latest)	Generate third-party licenses	2026-09-10T05:28:45.2868910Z [2026-09-10T05:28:45Z WARN  bundle_licenses_lib::found_license] No license found for Apache-2.0 WITH LLVM-exception license in wit-parser:0.244.0 - /home/runner/.cargo/registry/src/index.crates.io-1949cf8c6b5b557f/wit-parser-0.244.0/Cargo.toml
build (x86_64-unknown-linux-gnu, ubuntu-latest)	Generate third-party licenses	2026-09-10T05:28:45.2870297Z [2026-09-10T05:28:45Z WARN  bundle_licenses_lib::found_license] No license found for Apache-2.0 license in wit-parser:0.244.0 - /home/runner/.cargo/registry/src/index.crates.io-1949cf8c6b5b557f/wit-parser-0.244.0/Cargo.toml
build (x86_64-unknown-linux-gnu, ubuntu-latest)	Generate third-party licenses	2026-09-10T05:28:45.2871579Z [2026-09-10T05:28:45Z WARN  bundle_licenses_lib::found_license] No license found for MIT license in wit-parser:0.244.0 - /home/runner/.cargo/registry/src/index.crates.io-1949cf8c6b5b557f/wit-parser-0.244.0/Cargo.toml
build (x86_64-unknown-linux-gnu, ubuntu-latest)	Generate third-party licenses	2026-09-10T05:28:45.2873047Z [2026-09-10T05:28:45Z WARN  bundle_licenses_lib::found_license] Confidence level SEMI for Unicode-3.0 license in writeable:0.6.2 - /home/runner/.cargo/registry/src/index.crates.io-1949cf8c6b5b557f/writeable-0.6.2/Cargo.toml
build (x86_64-unknown-linux-gnu, ubuntu-latest)	Generate third-party licenses	2026-09-10T05:28:45.2874473Z [2026-09-10T05:28:45Z WARN  bundle_licenses_lib::found_license] Confidence level SEMI for Unicode-3.0 license in yoke:0.8.1 - /home/runner/.cargo/registry/src/index.crates.io-1949cf8c6b5b557f/yoke-0.8.1/Cargo.toml
build (x86_64-unknown-linux-gnu, ubuntu-latest)	Generate third-party licenses	2026-09-10T05:28:45.2875959Z [2026-09-10T05:28:45Z WARN  bundle_licenses_lib::found_license] Confidence level SEMI for Unicode-3.0 license in yoke-derive:0.8.1 - /home/runner/.cargo/registry/src/index.crates.io-1949cf8c6b5b557f/yoke-derive-0.8.1/Cargo.toml
build (x86_64-unknown-linux-gnu, ubuntu-latest)	Generate third-party licenses	2026-09-10T05:28:45.2877300Z [2026-09-10T05:28:45Z WARN  bundle_licenses_lib::found_license] Confidence level SEMI for Unicode-3.0 license in zerofrom:0.1.6 - /home/runner/.cargo/registry/src/index.crates.io-1949cf8c6b5b557f/zerofrom-0.1.6/Cargo.toml
build (x86_64-unknown-linux-gnu, ubuntu-latest)	Generate third-party licenses	2026-09-10T05:28:45.2878662Z [2026-09-10T05:28:45Z WARN  bundle_licenses_lib::found_license] Confidence level SEMI for Unicode-3.0 license in zerofrom-derive:0.1.6 - /home/runner/.cargo/registry/src/index.crates.io-1949cf8c6b5b557f/zerofrom-derive-0.1.6/Cargo.toml
build (x86_64-unknown-linux-gnu, ubuntu-latest)	Generate third-party licenses	2026-09-10T05:28:45.2880021Z [2026-09-10T05:28:45Z WARN  bundle_licenses_lib::found_license] Confidence level SEMI for Unicode-3.0 license in zerotrie:0.2.3 - /home/runner/.cargo/registry/src/index.crates.io-1949cf8c6b5b557f/zerotrie-0.2.3/Cargo.toml
build (x86_64-unknown-linux-gnu, ubuntu-latest)	Generate third-party licenses	2026-09-10T05:28:45.2881301Z [2026-09-10T05:28:45Z WARN  bundle_licenses_lib::found_license] Confidence level SEMI for Unicode-3.0 license in zerovec:0.11.5 - /home/runner/.cargo/registry/src/index.crates.io-1949cf8c6b5b557f/zerovec-0.11.5/Cargo.toml
build (x86_64-unknown-linux-gnu, ubuntu-latest)	Generate third-party licenses	2026-09-10T05:28:45.2882631Z [2026-09-10T05:28:45Z WARN  bundle_licenses_lib::found_license] Confidence level SEMI for Unicode-3.0 license in zerovec-derive:0.11.2 - /home/runner/.cargo/registry/src/index.crates.io-1949cf8c6b5b557f/zerovec-derive-0.11.2/Cargo.toml
build (x86_64-unknown-linux-gnu, ubuntu-latest)	Generate third-party licenses	2026-09-10T05:28:45.2884022Z [2026-09-10T05:28:45Z WARN  bundle_licenses_lib::found_license] Confidence level UNSURE for Apache-2.0 license in zipsign-api:0.1.5 - /home/runner/.cargo/registry/src/index.crates.io-1949cf8c6b5b557f/zipsign-api-0.1.5/Cargo.toml
build (x86_64-unknown-linux-gnu, ubuntu-latest)	Generate third-party licenses	2026-09-10T05:28:45.2885525Z [2026-09-10T05:28:45Z WARN  bundle_licenses_lib::found_license] No license found for Apache-2.0 WITH LLVM-exception license in zipsign-api:0.1.5 - /home/runner/.cargo/registry/src/index.crates.io-1949cf8c6b5b557f/zipsign-api-0.1.5/Cargo.toml
build (x86_64-unknown-linux-gnu, ubuntu-latest)	Generate third-party licenses	2026-09-10T05:28:45.2886915Z [2026-09-10T05:28:45Z WARN  bundle_licenses_lib::found_license] No license found for MIT license in zune-core:0.4.12 - /home/runner/.cargo/registry/src/index.crates.io-1949cf8c6b5b557f/zune-core-0.4.12/Cargo.toml
build (x86_64-unknown-linux-gnu, ubuntu-latest)	Generate third-party licenses	2026-09-10T05:28:45.2888187Z [2026-09-10T05:28:45Z WARN  bundle_licenses_lib::found_license] No license found for Apache-2.0 license in zune-core:0.4.12 - /home/runner/.cargo/registry/src/index.crates.io-1949cf8c6b5b557f/zune-core-0.4.12/Cargo.toml
build (x86_64-unknown-linux-gnu, ubuntu-latest)	Generate third-party licenses	2026-09-10T05:28:45.2889451Z [2026-09-10T05:28:45Z WARN  bundle_licenses_lib::found_license] No license found for Zlib license in zune-core:0.4.12 - /home/runner/.cargo/registry/src/index.crates.io-1949cf8c6b5b557f/zune-core-0.4.12/Cargo.toml
build (x86_64-unknown-linux-gnu, ubuntu-latest)	Generate third-party licenses	2026-09-10T05:28:45.2890693Z [2026-09-10T05:28:45Z WARN  bundle_licenses_lib::found_license] No license found for MIT license in zune-jpeg:0.4.21 - /home/runner/.cargo/registry/src/index.crates.io-1949cf8c6b5b557f/zune-jpeg-0.4.21/Cargo.toml
build (x86_64-unknown-linux-gnu, ubuntu-latest)	Generate third-party licenses	2026-09-10T05:28:45.2891948Z [2026-09-10T05:28:45Z WARN  bundle_licenses_lib::found_license] No license found for Apache-2.0 license in zune-jpeg:0.4.21 - /home/runner/.cargo/registry/src/index.crates.io-1949cf8c6b5b557f/zune-jpeg-0.4.21/Cargo.toml
build (x86_64-unknown-linux-gnu, ubuntu-latest)	Generate third-party licenses	2026-09-10T05:28:45.2893202Z [2026-09-10T05:28:45Z WARN  bundle_licenses_lib::found_license] No license found for Zlib license in zune-jpeg:0.4.21 - /home/runner/.cargo/registry/src/index.crates.io-1949cf8c6b5b557f/zune-jpeg-0.4.21/Cargo.toml
build (x86_64-unknown-linux-gnu, ubuntu-latest)	Install zipsign	﻿2026-09-10T05:28:45.3284193Z ##[group]Run cargo install zipsign --locked
build (x86_64-unknown-linux-gnu, ubuntu-latest)	Install zipsign	2026-09-10T05:28:45.3284565Z ^[[36;1mcargo install zipsign --locked^[[0m
build (x86_64-unknown-linux-gnu, ubuntu-latest)	Install zipsign	2026-09-10T05:28:45.3323724Z shell: /usr/bin/bash -e {0}
build (x86_64-unknown-linux-gnu, ubuntu-latest)	Install zipsign	2026-09-10T05:28:45.3324184Z env:
build (x86_64-unknown-linux-gnu, ubuntu-latest)	Install zipsign	2026-09-10T05:28:45.3324390Z   CARGO_INCREMENTAL: 0
build (x86_64-unknown-linux-gnu, ubuntu-latest)	Install zipsign	2026-09-10T05:28:45.3324631Z   CARGO_PROFILE_DEV_DEBUG: 0
build (x86_64-unknown-linux-gnu, ubuntu-latest)	Install zipsign	2026-09-10T05:28:45.3324885Z   CARGO_TERM_COLOR: always
build (x86_64-unknown-linux-gnu, ubuntu-latest)	Install zipsign	2026-09-10T05:28:45.3325273Z   RUST_BACKTRACE: short
build (x86_64-unknown-linux-gnu, ubuntu-latest)	Install zipsign	2026-09-10T05:28:45.3325518Z   RUSTFLAGS: -D warnings
build (x86_64-unknown-linux-gnu, ubuntu-latest)	Install zipsign	2026-09-10T05:28:45.3325768Z   CARGO_UNSTABLE_SPARSE_REGISTRY: true
build (x86_64-unknown-linux-gnu, ubuntu-latest)	Install zipsign	2026-09-10T05:28:45.3326069Z   CARGO_REGISTRIES_CRATES_IO_PROTOCOL: sparse
build (x86_64-unknown-linux-gnu, ubuntu-latest)	Install zipsign	2026-09-10T05:28:45.3326364Z   CACHE_ON_FAILURE: true
build (x86_64-unknown-linux-gnu, ubuntu-latest)	Install zipsign	2026-09-10T05:28:45.3326587Z ##[endgroup]
build (x86_64-unknown-linux-gnu, ubuntu-latest)	Install zipsign	2026-09-10T05:28:45.3625670Z ^[[1m^[[92m    Updating^[[0m crates.io index
build (x86_64-unknown-linux-gnu, ubuntu-latest)	Install zipsign	2026-09-10T05:28:45.6756895Z ^[[1m^[[92m Downloading^[[0m crates ...
build (x86_64-unknown-linux-gnu, ubuntu-latest)	Install zipsign	2026-09-10T05:28:45.7427563Z ^[[1m^[[92m  Downloaded^[[0m zipsign v0.2.1
build (x86_64-unknown-linux-gnu, ubuntu-latest)	Install zipsign	2026-09-10T05:28:45.7559974Z ^[[1m^[[92m  Installing^[[0m zipsign v0.2.1
build (x86_64-unknown-linux-gnu, ubuntu-latest)	Install zipsign	2026-09-10T05:28:45.7561229Z ^[[1m^[[33mwarning^[[0m: default toolchain implicitly overridden with `stable-x86_64-unknown-linux-gnu` by rustup directory override
build (x86_64-unknown-linux-gnu, ubuntu-latest)	Install zipsign	2026-09-10T05:28:45.7562269Z   ^[[1m^[[94m|^[[0m
build (x86_64-unknown-linux-gnu, ubuntu-latest)	Install zipsign	2026-09-10T05:28:45.7562961Z   ^[[1m^[[94m= ^[[0m^[[1mhelp^[[0m: use `cargo +stable install` if you meant to use the stable toolchain
build (x86_64-unknown-linux-gnu, ubuntu-latest)	Install zipsign	2026-09-10T05:28:45.7564266Z   ^[[1m^[[94m= ^[[0m^[[1mnote^[[0m: rustup selects the toolchain based on the parent environment and not the environment of the package being installed
build (x86_64-unknown-linux-gnu, ubuntu-latest)	Install zipsign	2026-09-10T05:28:45.7580474Z ^[[1m^[[92m    Updating^[[0m crates.io index
build (x86_64-unknown-linux-gnu, ubuntu-latest)	Install zipsign	2026-09-10T05:28:46.3145699Z ^[[1m^[[92m    Updating^[[0m crates.io index
build (x86_64-unknown-linux-gnu, ubuntu-latest)	Install zipsign	2026-09-10T05:28:46.3994128Z ^[[1m^[[92m Downloading^[[0m crates ...
build (x86_64-unknown-linux-gnu, ubuntu-latest)	Install zipsign	2026-09-10T05:28:46.4327957Z ^[[1m^[[92m  Downloaded^[[0m bitflags v2.10.0
build (x86_64-unknown-linux-gnu, ubuntu-latest)	Install zipsign	2026-09-10T05:28:46.4379763Z ^[[1m^[[92m  Downloaded^[[0m clap_lex v0.7.7
build (x86_64-unknown-linux-gnu, ubuntu-latest)	Install zipsign	2026-09-10T05:28:46.4410771Z ^[[1m^[[92m  Downloaded^[[0m clap v4.5.56
build (x86_64-unknown-linux-gnu, ubuntu-latest)	Install zipsign	2026-09-10T05:28:46.4527467Z ^[[1m^[[92m  Downloaded^[[0m pretty-error-debug v0.3.2
build (x86_64-unknown-linux-gnu, ubuntu-latest)	Install zipsign	2026-09-10T05:28:46.4546389Z ^[[1m^[[92m  Downloaded^[[0m normalize-path v0.2.1
build (x86_64-unknown-linux-gnu, ubuntu-latest)	Install zipsign	2026-09-10T05:28:46.4554147Z ^[[1m^[[92m  Downloaded^[[0m pretty-error-debug-derive v0.3.1
build (x86_64-unknown-linux-gnu, ubuntu-latest)	Install zipsign	2026-09-10T05:28:46.4714473Z ^[[1m^[[92m  Downloaded^[[0m zipsign-api v0.2.1
build (x86_64-unknown-linux-gnu, ubuntu-latest)	Install zipsign	2026-09-10T05:28:46.4739887Z ^[[1m^[[92m  Downloaded^[[0m tempfile v3.24.0
build (x86_64-unknown-linux-gnu, ubuntu-latest)	Install zipsign	2026-09-10T05:28:46.4770416Z ^[[1m^[[92m  Downloaded^[[0m unicode-ident v1.0.22
build (x86_64-unknown-linux-gnu, ubuntu-latest)	Install zipsign	2026-09-10T05:28:46.4852827Z ^[[1m^[[92m  Downloaded^[[0m clap_builder v4.5.56
build (x86_64-unknown-linux-gnu, ubuntu-latest)	Install zipsign	2026-09-10T05:28:46.4928065Z ^[[1m^[[92m  Downloaded^[[0m zip v6.0.0
build (x86_64-unknown-linux-gnu, ubuntu-latest)	Install zipsign	2026-09-10T05:28:46.4997957Z ^[[1m^[[92m  Downloaded^[[0m syn v2.0.114
build (x86_64-unknown-linux-gnu, ubuntu-latest)	Install zipsign	2026-09-10T05:28:46.5128670Z ^[[1m^[[92m  Downloaded^[[0m libc v0.2.180
build (x86_64-unknown-linux-gnu, ubuntu-latest)	Install zipsign	2026-09-10T05:28:46.5822580Z ^[[1m^[[92m   Compiling^[[0m proc-macro2 v1.0.106
build (x86_64-unknown-linux-gnu, ubuntu-latest)	Install zipsign	2026-09-10T05:28:46.5823107Z ^[[1m^[[92m   Compiling^[[0m unicode-ident v1.0.22
build (x86_64-unknown-linux-gnu, ubuntu-latest)	Install zipsign	2026-09-10T05:28:46.5832678Z ^[[1m^[[92m   Compiling^[[0m quote v1.0.44
build (x86_64-unknown-linux-gnu, ubuntu-latest)	Install zipsign	2026-09-10T05:28:46.5856135Z ^[[1m^[[92m   Compiling^[[0m version_check v0.9.5
build (x86_64-unknown-linux-gnu, ubuntu-latest)	Install zipsign	2026-09-10T05:28:46.6466944Z ^[[1m^[[92m   Compiling^[[0m typenum v1.19.0
build (x86_64-unknown-linux-gnu, ubuntu-latest)	Install zipsign	2026-09-10T05:28:46.7287860Z ^[[1m^[[92m   Compiling^[[0m cfg-if v1.0.4
build (x86_64-unknown-linux-gnu, ubuntu-latest)	Install zipsign	2026-09-10T05:28:46.7510881Z ^[[1m^[[92m   Compiling^[[0m semver v1.0.27
build (x86_64-unknown-linux-gnu, ubuntu-latest)	Install zipsign	2026-09-10T05:28:46.7812045Z ^[[1m^[[92m   Compiling^[[0m generic-array v0.14.7
build (x86_64-unknown-linux-gnu, ubuntu-latest)	Install zipsign	2026-09-10T05:28:46.8666795Z ^[[1m^[[92m   Compiling^[[0m crc32fast v1.5.0
build (x86_64-unknown-linux-gnu, ubuntu-latest)	Install zipsign	2026-09-10T05:28:46.9758819Z ^[[1m^[[92m   Compiling^[[0m rustc_version v0.4.1
build (x86_64-unknown-linux-gnu, ubuntu-latest)	Install zipsign	2026-09-10T05:28:46.9806679Z ^[[1m^[[92m   Compiling^[[0m utf8parse v0.2.2
build (x86_64-unknown-linux-gnu, ubuntu-latest)	Install zipsign	2026-09-10T05:28:47.0226839Z ^[[1m^[[92m   Compiling^[[0m cpufeatures v0.2.17
build (x86_64-unknown-linux-gnu, ubuntu-latest)	Install zipsign	2026-09-10T05:28:47.0527922Z ^[[1m^[[92m   Compiling^[[0m libc v0.2.180
build (x86_64-unknown-linux-gnu, ubuntu-latest)	Install zipsign	2026-09-10T05:28:47.2454453Z ^[[1m^[[92m   Compiling^[[0m curve25519-dalek v4.1.3
build (x86_64-unknown-linux-gnu, ubuntu-latest)	Install zipsign	2026-09-10T05:28:47.3612303Z ^[[1m^[[92m   Compiling^[[0m syn v2.0.114
build (x86_64-unknown-linux-gnu, ubuntu-latest)	Install zipsign	2026-09-10T05:28:47.3941870Z ^[[1m^[[92m   Compiling^[[0m anstyle-parse v0.2.7
build (x86_64-unknown-linux-gnu, ubuntu-latest)	Install zipsign	2026-09-10T05:28:47.4226822Z ^[[1m^[[92m   Compiling^[[0m is_terminal_polyfill v1.70.2
build (x86_64-unknown-linux-gnu, ubuntu-latest)	Install zipsign	2026-09-10T05:28:47.4596780Z ^[[1m^[[92m   Compiling^[[0m anstyle-query v1.1.5
build (x86_64-unknown-linux-gnu, ubuntu-latest)	Install zipsign	2026-09-10T05:28:47.5045962Z ^[[1m^[[92m   Compiling^[[0m equivalent v1.0.2
build (x86_64-unknown-linux-gnu, ubuntu-latest)	Install zipsign	2026-09-10T05:28:47.5276956Z ^[[1m^[[92m   Compiling^[[0m anstyle v1.0.13
build (x86_64-unknown-linux-gnu, ubuntu-latest)	Install zipsign	2026-09-10T05:28:47.5386804Z ^[[1m^[[92m   Compiling^[[0m rustversion v1.0.22
build (x86_64-unknown-linux-gnu, ubuntu-latest)	Install zipsign	2026-09-10T05:28:47.7087074Z ^[[1m^[[92m   Compiling^[[0m rustix v1.1.3
build (x86_64-unknown-linux-gnu, ubuntu-latest)	Install zipsign	2026-09-10T05:28:47.7197234Z ^[[1m^[[92m   Compiling^[[0m colorchoice v1.0.4
build (x86_64-unknown-linux-gnu, ubuntu-latest)	Install zipsign	2026-09-10T05:28:47.7656678Z ^[[1m^[[92m   Compiling^[[0m subtle v2.6.1
build (x86_64-unknown-linux-gnu, ubuntu-latest)	Install zipsign	2026-09-10T05:28:47.8516574Z ^[[1m^[[92m   Compiling^[[0m thiserror v2.0.18
build (x86_64-unknown-linux-gnu, ubuntu-latest)	Install zipsign	2026-09-10T05:28:47.8943590Z ^[[1m^[[92m   Compiling^[[0m hashbrown v0.16.1
build (x86_64-unknown-linux-gnu, ubuntu-latest)	Install zipsign	2026-09-10T05:28:47.9765572Z ^[[1m^[[92m   Compiling^[[0m crypto-common v0.1.7
build (x86_64-unknown-linux-gnu, ubuntu-latest)	Install zipsign	2026-09-10T05:28:48.0152233Z ^[[1m^[[92m   Compiling^[[0m block-buffer v0.10.4
build (x86_64-unknown-linux-gnu, ubuntu-latest)	Install zipsign	2026-09-10T05:28:48.0381129Z ^[[1m^[[92m   Compiling^[[0m zeroize v1.8.2
build (x86_64-unknown-linux-gnu, ubuntu-latest)	Install zipsign	2026-09-10T05:28:48.0918853Z ^[[1m^[[92m   Compiling^[[0m digest v0.10.7
build (x86_64-unknown-linux-gnu, ubuntu-latest)	Install zipsign	2026-09-10T05:28:48.1657199Z ^[[1m^[[92m   Compiling^[[0m getrandom v0.3.4
build (x86_64-unknown-linux-gnu, ubuntu-latest)	Install zipsign	2026-09-10T05:28:48.2486756Z ^[[1m^[[92m   Compiling^[[0m signature v2.2.0
build (x86_64-unknown-linux-gnu, ubuntu-latest)	Install zipsign	2026-09-10T05:28:48.3186058Z ^[[1m^[[92m   Compiling^[[0m ed25519 v2.2.3
build (x86_64-unknown-linux-gnu, ubuntu-latest)	Install zipsign	2026-09-10T05:28:48.3220911Z ^[[1m^[[92m   Compiling^[[0m sha2 v0.10.9
build (x86_64-unknown-linux-gnu, ubuntu-latest)	Install zipsign	2026-09-10T05:28:48.5757284Z ^[[1m^[[92m   Compiling^[[0m indexmap v2.13.0
build (x86_64-unknown-linux-gnu, ubuntu-latest)	Install zipsign	2026-09-10T05:28:48.5772682Z ^[[1m^[[92m   Compiling^[[0m anstream v0.6.21
build (x86_64-unknown-linux-gnu, ubuntu-latest)	Install zipsign	2026-09-10T05:28:49.3884023Z ^[[1m^[[92m   Compiling^[[0m clap_lex v0.7.7
build (x86_64-unknown-linux-gnu, ubuntu-latest)	Install zipsign	2026-09-10T05:28:49.6618211Z ^[[1m^[[92m   Compiling^[[0m heck v0.5.0
build (x86_64-unknown-linux-gnu, ubuntu-latest)	Install zipsign	2026-09-10T05:28:49.7968083Z ^[[1m^[[92m   Compiling^[[0m strsim v0.11.1
build (x86_64-unknown-linux-gnu, ubuntu-latest)	Install zipsign	2026-09-10T05:28:50.0860022Z ^[[1m^[[92m   Compiling^[[0m memchr v2.7.6
build (x86_64-unknown-linux-gnu, ubuntu-latest)	Install zipsign	2026-09-10T05:28:50.1436871Z ^[[1m^[[92m   Compiling^[[0m linux-raw-sys v0.11.0
build (x86_64-unknown-linux-gnu, ubuntu-latest)	Install zipsign	2026-09-10T05:28:50.4588708Z ^[[1m^[[92m   Compiling^[[0m bitflags v2.10.0
build (x86_64-unknown-linux-gnu, ubuntu-latest)	Install zipsign	2026-09-10T05:28:50.7796220Z ^[[1m^[[92m   Compiling^[[0m zip v6.0.0
build (x86_64-unknown-linux-gnu, ubuntu-latest)	Install zipsign	2026-09-10T05:28:51.0067330Z ^[[1m^[[92m   Compiling^[[0m curve25519-dalek-derive v0.1.1
build (x86_64-unknown-linux-gnu, ubuntu-latest)	Install zipsign	2026-09-10T05:28:51.3330778Z ^[[1m^[[92m   Compiling^[[0m thiserror-impl v2.0.18
build (x86_64-unknown-linux-gnu, ubuntu-latest)	Install zipsign	2026-09-10T05:28:52.4619722Z ^[[1m^[[92m   Compiling^[[0m ed25519-dalek v2.2.0
build (x86_64-unknown-linux-gnu, ubuntu-latest)	Install zipsign	2026-09-10T05:28:52.8256843Z ^[[1m^[[92m   Compiling^[[0m pretty-error-debug-derive v0.3.1
build (x86_64-unknown-linux-gnu, ubuntu-latest)	Install zipsign	2026-09-10T05:28:52.8666651Z ^[[1m^[[92m   Compiling^[[0m clap_derive v4.5.55
build (x86_64-unknown-linux-gnu, ubuntu-latest)	Install zipsign	2026-09-10T05:28:53.1541682Z ^[[1m^[[92m   Compiling^[[0m clap_builder v4.5.56
build (x86_64-unknown-linux-gnu, ubuntu-latest)	Install zipsign	2026-09-10T05:28:53.8316853Z ^[[1m^[[92m   Compiling^[[0m fastrand v2.3.0
build (x86_64-unknown-linux-gnu, ubuntu-latest)	Install zipsign	2026-09-10T05:28:54.0406676Z ^[[1m^[[92m   Compiling^[[0m once_cell v1.21.3
build (x86_64-unknown-linux-gnu, ubuntu-latest)	Install zipsign	2026-09-10T05:28:54.2146883Z ^[[1m^[[92m   Compiling^[[0m base64 v0.22.1
build (x86_64-unknown-linux-gnu, ubuntu-latest)	Install zipsign	2026-09-10T05:28:54.4596872Z ^[[1m^[[92m   Compiling^[[0m zipsign-api v0.2.1
build (x86_64-unknown-linux-gnu, ubuntu-latest)	Install zipsign	2026-09-10T05:28:54.6584293Z ^[[1m^[[92m   Compiling^[[0m tempfile v3.24.0
build (x86_64-unknown-linux-gnu, ubuntu-latest)	Install zipsign	2026-09-10T05:28:54.6736865Z ^[[1m^[[92m   Compiling^[[0m pretty-error-debug v0.3.2
build (x86_64-unknown-linux-gnu, ubuntu-latest)	Install zipsign	2026-09-10T05:28:54.8036980Z ^[[1m^[[92m   Compiling^[[0m normalize-path v0.2.1
build (x86_64-unknown-linux-gnu, ubuntu-latest)	Install zipsign	2026-09-10T05:28:55.3288761Z ^[[1m^[[92m   Compiling^[[0m clap v4.5.56
build (x86_64-unknown-linux-gnu, ubuntu-latest)	Install zipsign	2026-09-10T05:28:57.9716969Z ^[[1m^[[92m   Compiling^[[0m zipsign v0.2.1
build (x86_64-unknown-linux-gnu, ubuntu-latest)	Install zipsign	2026-09-10T05:28:59.7099051Z ^[[1m^[[92m    Finished^[[0m `release` profile [optimized] target(s) in 14.36s
build (x86_64-unknown-linux-gnu, ubuntu-latest)	Install zipsign	2026-09-10T05:28:59.7154885Z ^[[1m^[[92m  Installing^[[0m /home/runner/.cargo/bin/zipsign
build (x86_64-unknown-linux-gnu, ubuntu-latest)	Install zipsign	2026-09-10T05:28:59.7156520Z ^[[1m^[[92m   Installed^[[0m package `zipsign v0.2.1` (executable `zipsign`)
build (x86_64-unknown-linux-gnu, ubuntu-latest)	Package	﻿2026-09-10T05:28:59.7472046Z ##[group]Run cp target/release/vig .
build (x86_64-unknown-linux-gnu, ubuntu-latest)	Package	2026-09-10T05:28:59.7472392Z ^[[36;1mcp target/release/vig .^[[0m
build (x86_64-unknown-linux-gnu, ubuntu-latest)	Package	2026-09-10T05:28:59.7472840Z ^[[36;1mtar czf vig-x86_64-unknown-linux-gnu.tar.gz vig LICENSE THIRDPARTY.yml^[[0m
build (x86_64-unknown-linux-gnu, ubuntu-latest)	Package	2026-09-10T05:28:59.7513840Z shell: /usr/bin/bash -e {0}
build (x86_64-unknown-linux-gnu, ubuntu-latest)	Package	2026-09-10T05:28:59.7514102Z env:
build (x86_64-unknown-linux-gnu, ubuntu-latest)	Package	2026-09-10T05:28:59.7514311Z   CARGO_INCREMENTAL: 0
build (x86_64-unknown-linux-gnu, ubuntu-latest)	Package	2026-09-10T05:28:59.7514547Z   CARGO_PROFILE_DEV_DEBUG: 0
build (x86_64-unknown-linux-gnu, ubuntu-latest)	Package	2026-09-10T05:28:59.7514789Z   CARGO_TERM_COLOR: always
build (x86_64-unknown-linux-gnu, ubuntu-latest)	Package	2026-09-10T05:28:59.7515034Z   RUST_BACKTRACE: short
build (x86_64-unknown-linux-gnu, ubuntu-latest)	Package	2026-09-10T05:28:59.7515465Z   RUSTFLAGS: -D warnings
build (x86_64-unknown-linux-gnu, ubuntu-latest)	Package	2026-09-10T05:28:59.7515723Z   CARGO_UNSTABLE_SPARSE_REGISTRY: true
build (x86_64-unknown-linux-gnu, ubuntu-latest)	Package	2026-09-10T05:28:59.7516032Z   CARGO_REGISTRIES_CRATES_IO_PROTOCOL: sparse
build (x86_64-unknown-linux-gnu, ubuntu-latest)	Package	2026-09-10T05:28:59.7516322Z   CACHE_ON_FAILURE: true
build (x86_64-unknown-linux-gnu, ubuntu-latest)	Package	2026-09-10T05:28:59.7516549Z ##[endgroup]
build (x86_64-unknown-linux-gnu, ubuntu-latest)	Sign archive	﻿2026-09-10T05:29:00.9576232Z ##[group]Run echo "$ZIPSIGN_PRIVATE_KEY" | base64 -d > /tmp/zipsign.key
build (x86_64-unknown-linux-gnu, ubuntu-latest)	Sign archive	2026-09-10T05:29:00.9576775Z ^[[36;1mecho "$ZIPSIGN_PRIVATE_KEY" | base64 -d > /tmp/zipsign.key^[[0m
build (x86_64-unknown-linux-gnu, ubuntu-latest)	Sign archive	2026-09-10T05:29:00.9577257Z ^[[36;1mzipsign sign tar vig-x86_64-unknown-linux-gnu.tar.gz /tmp/zipsign.key^[[0m
build (x86_64-unknown-linux-gnu, ubuntu-latest)	Sign archive	2026-09-10T05:29:00.9577874Z ^[[36;1mrm /tmp/zipsign.key^[[0m
build (x86_64-unknown-linux-gnu, ubuntu-latest)	Sign archive	2026-09-10T05:29:00.9578333Z ^[[36;1mshasum -a 256 vig-x86_64-unknown-linux-gnu.tar.gz > vig-x86_64-unknown-linux-gnu.tar.gz.sha256^[[0m
build (x86_64-unknown-linux-gnu, ubuntu-latest)	Sign archive	2026-09-10T05:29:00.9618621Z shell: /usr/bin/bash -e {0}
build (x86_64-unknown-linux-gnu, ubuntu-latest)	Sign archive	2026-09-10T05:29:00.9618888Z env:
build (x86_64-unknown-linux-gnu, ubuntu-latest)	Sign archive	2026-09-10T05:29:00.9619088Z   CARGO_INCREMENTAL: 0
build (x86_64-unknown-linux-gnu, ubuntu-latest)	Sign archive	2026-09-10T05:29:00.9619327Z   CARGO_PROFILE_DEV_DEBUG: 0
build (x86_64-unknown-linux-gnu, ubuntu-latest)	Sign archive	2026-09-10T05:29:00.9619568Z   CARGO_TERM_COLOR: always
build (x86_64-unknown-linux-gnu, ubuntu-latest)	Sign archive	2026-09-10T05:29:00.9619799Z   RUST_BACKTRACE: short
build (x86_64-unknown-linux-gnu, ubuntu-latest)	Sign archive	2026-09-10T05:29:00.9620061Z   RUSTFLAGS: -D warnings
build (x86_64-unknown-linux-gnu, ubuntu-latest)	Sign archive	2026-09-10T05:29:00.9620309Z   CARGO_UNSTABLE_SPARSE_REGISTRY: true
build (x86_64-unknown-linux-gnu, ubuntu-latest)	Sign archive	2026-09-10T05:29:00.9620607Z   CARGO_REGISTRIES_CRATES_IO_PROTOCOL: sparse
build (x86_64-unknown-linux-gnu, ubuntu-latest)	Sign archive	2026-09-10T05:29:00.9620894Z   CACHE_ON_FAILURE: true
build (x86_64-unknown-linux-gnu, ubuntu-latest)	Sign archive	2026-09-10T05:29:00.9622202Z   ZIPSIGN_PRIVATE_KEY: ***
build (x86_64-unknown-linux-gnu, ubuntu-latest)	Sign archive	2026-09-10T05:29:00.9622455Z ##[endgroup]
build (x86_64-unknown-linux-gnu, ubuntu-latest)	Upload artifact	﻿2026-09-10T05:29:01.1023302Z ##[group]Run actions/upload-artifact@v6
build (x86_64-unknown-linux-gnu, ubuntu-latest)	Upload artifact	2026-09-10T05:29:01.1023615Z with:
build (x86_64-unknown-linux-gnu, ubuntu-latest)	Upload artifact	2026-09-10T05:29:01.1023830Z   name: vig-x86_64-unknown-linux-gnu
build (x86_64-unknown-linux-gnu, ubuntu-latest)	Upload artifact	2026-09-10T05:29:01.1024292Z   path: vig-x86_64-unknown-linux-gnu.tar.gz
build (x86_64-unknown-linux-gnu, ubuntu-latest)	Upload artifact	vig-x86_64-unknown-linux-gnu.tar.gz.sha256
build (x86_64-unknown-linux-gnu, ubuntu-latest)	Upload artifact	
build (x86_64-unknown-linux-gnu, ubuntu-latest)	Upload artifact	2026-09-10T05:29:01.1024741Z   if-no-files-found: warn
build (x86_64-unknown-linux-gnu, ubuntu-latest)	Upload artifact	2026-09-10T05:29:01.1024987Z   compression-level: 6
build (x86_64-unknown-linux-gnu, ubuntu-latest)	Upload artifact	2026-09-10T05:29:01.1025458Z   overwrite: false
build (x86_64-unknown-linux-gnu, ubuntu-latest)	Upload artifact	2026-09-10T05:29:01.1025686Z   include-hidden-files: false
build (x86_64-unknown-linux-gnu, ubuntu-latest)	Upload artifact	2026-09-10T05:29:01.1025931Z env:
build (x86_64-unknown-linux-gnu, ubuntu-latest)	Upload artifact	2026-09-10T05:29:01.1026128Z   CARGO_INCREMENTAL: 0
build (x86_64-unknown-linux-gnu, ubuntu-latest)	Upload artifact	2026-09-10T05:29:01.1026359Z   CARGO_PROFILE_DEV_DEBUG: 0
build (x86_64-unknown-linux-gnu, ubuntu-latest)	Upload artifact	2026-09-10T05:29:01.1026607Z   CARGO_TERM_COLOR: always
build (x86_64-unknown-linux-gnu, ubuntu-latest)	Upload artifact	2026-09-10T05:29:01.1026838Z   RUST_BACKTRACE: short
build (x86_64-unknown-linux-gnu, ubuntu-latest)	Upload artifact	2026-09-10T05:29:01.1027074Z   RUSTFLAGS: -D warnings
build (x86_64-unknown-linux-gnu, ubuntu-latest)	Upload artifact	2026-09-10T05:29:01.1027334Z   CARGO_UNSTABLE_SPARSE_REGISTRY: true
build (x86_64-unknown-linux-gnu, ubuntu-latest)	Upload artifact	2026-09-10T05:29:01.1027636Z   CARGO_REGISTRIES_CRATES_IO_PROTOCOL: sparse
build (x86_64-unknown-linux-gnu, ubuntu-latest)	Upload artifact	2026-09-10T05:29:01.1027922Z   CACHE_ON_FAILURE: true
build (x86_64-unknown-linux-gnu, ubuntu-latest)	Upload artifact	2026-09-10T05:29:01.1028145Z ##[endgroup]
build (x86_64-unknown-linux-gnu, ubuntu-latest)	Upload artifact	2026-09-10T05:29:01.2677438Z Multiple search paths detected. Calculating the least common ancestor of all paths
build (x86_64-unknown-linux-gnu, ubuntu-latest)	Upload artifact	2026-09-10T05:29:01.2678982Z The least common ancestor is /home/runner/work/vig/vig. This will be the root directory of the artifact
build (x86_64-unknown-linux-gnu, ubuntu-latest)	Upload artifact	2026-09-10T05:29:01.2679881Z With the provided path, there will be 2 files uploaded
build (x86_64-unknown-linux-gnu, ubuntu-latest)	Upload artifact	2026-09-10T05:29:01.2690130Z Artifact name is valid!
build (x86_64-unknown-linux-gnu, ubuntu-latest)	Upload artifact	2026-09-10T05:29:01.2695894Z Root directory input is valid!
build (x86_64-unknown-linux-gnu, ubuntu-latest)	Upload artifact	2026-09-10T05:29:01.5632516Z Beginning upload of artifact content to blob storage
build (x86_64-unknown-linux-gnu, ubuntu-latest)	Upload artifact	2026-09-10T05:29:02.3342824Z Uploaded bytes 8388608
build (x86_64-unknown-linux-gnu, ubuntu-latest)	Upload artifact	2026-09-10T05:29:02.3725466Z Uploaded bytes 8482867
build (x86_64-unknown-linux-gnu, ubuntu-latest)	Upload artifact	2026-09-10T05:29:02.4081083Z Finished uploading artifact content to blob storage!
build (x86_64-unknown-linux-gnu, ubuntu-latest)	Upload artifact	2026-09-10T05:29:02.4084863Z SHA256 digest of uploaded artifact zip is ab5b725fe7913b9d7fccf0ec1f7ed29b43b6c15733ee9f5581fa5cdca1bf4c72
build (x86_64-unknown-linux-gnu, ubuntu-latest)	Upload artifact	2026-09-10T05:29:02.4085637Z Finalizing artifact upload
build (x86_64-unknown-linux-gnu, ubuntu-latest)	Upload artifact	2026-09-10T05:29:02.7019712Z Artifact vig-x86_64-unknown-linux-gnu.zip successfully finalized. Artifact ID 10137997142
build (x86_64-unknown-linux-gnu, ubuntu-latest)	Upload artifact	2026-09-10T05:29:02.7021218Z Artifact vig-x86_64-unknown-linux-gnu has been successfully uploaded! Final size is 8482867 bytes. Artifact ID is 10137997142
build (x86_64-unknown-linux-gnu, ubuntu-latest)	Upload artifact	2026-09-10T05:29:02.7024704Z Artifact download URL: https://github.com/td72/vig/actions/runs/34440913700/artifacts/10137997142
build (x86_64-unknown-linux-gnu, ubuntu-latest)	Post Run actions-rust-lang/setup-rust-toolchain@v1	﻿2026-09-10T05:29:02.7339180Z Post job cleanup.
build (x86_64-unknown-linux-gnu, ubuntu-latest)	Post Run actions-rust-lang/setup-rust-toolchain@v1	2026-09-10T05:29:02.7342604Z ##[start-action display=Setup Rust Caching;id=__a24bbb38-57ce-44fd-94a3-fc0d00201046.__Swatinem_rust-cache]
build (x86_64-unknown-linux-gnu, ubuntu-latest)	Post Run actions-rust-lang/setup-rust-toolchain@v1	2026-09-10T05:29:02.7383112Z Post job cleanup.
build (x86_64-unknown-linux-gnu, ubuntu-latest)	Post Run actions-rust-lang/setup-rust-toolchain@v1	2026-09-10T05:29:03.0182415Z ##[group]Cache Configuration
build (x86_64-unknown-linux-gnu, ubuntu-latest)	Post Run actions-rust-lang/setup-rust-toolchain@v1	2026-09-10T05:29:03.0183021Z Cache Provider:
build (x86_64-unknown-linux-gnu, ubuntu-latest)	Post Run actions-rust-lang/setup-rust-toolchain@v1	2026-09-10T05:29:03.0183392Z     github
build (x86_64-unknown-linux-gnu, ubuntu-latest)	Post Run actions-rust-lang/setup-rust-toolchain@v1	2026-09-10T05:29:03.0183704Z Workspaces:
build (x86_64-unknown-linux-gnu, ubuntu-latest)	Post Run actions-rust-lang/setup-rust-toolchain@v1	2026-09-10T05:29:03.0184059Z     /home/runner/work/vig/vig
build (x86_64-unknown-linux-gnu, ubuntu-latest)	Post Run actions-rust-lang/setup-rust-toolchain@v1	2026-09-10T05:29:03.0184465Z Cache Paths:
build (x86_64-unknown-linux-gnu, ubuntu-latest)	Post Run actions-rust-lang/setup-rust-toolchain@v1	2026-09-10T05:29:03.0184800Z     /home/runner/.cargo/bin
build (x86_64-unknown-linux-gnu, ubuntu-latest)	Post Run actions-rust-lang/setup-rust-toolchain@v1	2026-09-10T05:29:03.0187356Z     /home/runner/.cargo/.crates.toml
build (x86_64-unknown-linux-gnu, ubuntu-latest)	Post Run actions-rust-lang/setup-rust-toolchain@v1	2026-09-10T05:29:03.0187922Z     /home/runner/.cargo/.crates2.json
build (x86_64-unknown-linux-gnu, ubuntu-latest)	Post Run actions-rust-lang/setup-rust-toolchain@v1	2026-09-10T05:29:03.0190659Z     /home/runner/.cargo/registry
build (x86_64-unknown-linux-gnu, ubuntu-latest)	Post Run actions-rust-lang/setup-rust-toolchain@v1	2026-09-10T05:29:03.0191497Z     /home/runner/.cargo/git
build (x86_64-unknown-linux-gnu, ubuntu-latest)	Post Run actions-rust-lang/setup-rust-toolchain@v1	2026-09-10T05:29:03.0191977Z     /home/runner/work/vig/vig/target
build (x86_64-unknown-linux-gnu, ubuntu-latest)	Post Run actions-rust-lang/setup-rust-toolchain@v1	2026-09-10T05:29:03.0192778Z Restore Key:
build (x86_64-unknown-linux-gnu, ubuntu-latest)	Post Run actions-rust-lang/setup-rust-toolchain@v1	2026-09-10T05:29:03.0193117Z     v0-rust-build-Linux-x64-09ed3713
build (x86_64-unknown-linux-gnu, ubuntu-latest)	Post Run actions-rust-lang/setup-rust-toolchain@v1	2026-09-10T05:29:03.0193524Z Cache Key:
build (x86_64-unknown-linux-gnu, ubuntu-latest)	Post Run actions-rust-lang/setup-rust-toolchain@v1	2026-09-10T05:29:03.0194083Z     v0-rust-build-Linux-x64-09ed3713-eb78a9df
build (x86_64-unknown-linux-gnu, ubuntu-latest)	Post Run actions-rust-lang/setup-rust-toolchain@v1	2026-09-10T05:29:03.0194538Z .. Prefix:
build (x86_64-unknown-linux-gnu, ubuntu-latest)	Post Run actions-rust-lang/setup-rust-toolchain@v1	2026-09-10T05:29:03.0194880Z   - v0-rust-build-Linux-x64
build (x86_64-unknown-linux-gnu, ubuntu-latest)	Post Run actions-rust-lang/setup-rust-toolchain@v1	2026-09-10T05:29:03.0195473Z .. Environment considered:
build (x86_64-unknown-linux-gnu, ubuntu-latest)	Post Run actions-rust-lang/setup-rust-toolchain@v1	2026-09-10T05:29:03.0195820Z   - Rust Versions:
build (x86_64-unknown-linux-gnu, ubuntu-latest)	Post Run actions-rust-lang/setup-rust-toolchain@v1	2026-09-10T05:29:03.0196379Z     - 1.98.1 x86_64-unknown-linux-gnu 48a229ceaefd4985c50990b14116b6d856af0985
build (x86_64-unknown-linux-gnu, ubuntu-latest)	Post Run actions-rust-lang/setup-rust-toolchain@v1	2026-09-10T05:29:03.0197176Z     - 1.98.1 x86_64-unknown-linux-gnu 48a229ceaefd4985c50990b14116b6d856af0985
build (x86_64-unknown-linux-gnu, ubuntu-latest)	Post Run actions-rust-lang/setup-rust-toolchain@v1	2026-09-10T05:29:03.0197763Z   - CARGO_INCREMENTAL
build (x86_64-unknown-linux-gnu, ubuntu-latest)	Post Run actions-rust-lang/setup-rust-toolchain@v1	2026-09-10T05:29:03.0198122Z   - CARGO_PROFILE_DEV_DEBUG
build (x86_64-unknown-linux-gnu, ubuntu-latest)	Post Run actions-rust-lang/setup-rust-toolchain@v1	2026-09-10T05:29:03.0198529Z   - CARGO_REGISTRIES_CRATES_IO_PROTOCOL
build (x86_64-unknown-linux-gnu, ubuntu-latest)	Post Run actions-rust-lang/setup-rust-toolchain@v1	2026-09-10T05:29:03.0198943Z   - CARGO_TERM_COLOR
build (x86_64-unknown-linux-gnu, ubuntu-latest)	Post Run actions-rust-lang/setup-rust-toolchain@v1	2026-09-10T05:29:03.0199298Z   - CARGO_UNSTABLE_SPARSE_REGISTRY
build (x86_64-unknown-linux-gnu, ubuntu-latest)	Post Run actions-rust-lang/setup-rust-toolchain@v1	2026-09-10T05:29:03.0199695Z   - RUST_BACKTRACE
build (x86_64-unknown-linux-gnu, ubuntu-latest)	Post Run actions-rust-lang/setup-rust-toolchain@v1	2026-09-10T05:29:03.0199955Z   - RUSTFLAGS
build (x86_64-unknown-linux-gnu, ubuntu-latest)	Post Run actions-rust-lang/setup-rust-toolchain@v1	2026-09-10T05:29:03.0200183Z .. Lockfiles considered:
build (x86_64-unknown-linux-gnu, ubuntu-latest)	Post Run actions-rust-lang/setup-rust-toolchain@v1	2026-09-10T05:29:03.0200438Z   - /home/runner/work/vig/vig/Cargo.lock
build (x86_64-unknown-linux-gnu, ubuntu-latest)	Post Run actions-rust-lang/setup-rust-toolchain@v1	2026-09-10T05:29:03.0200736Z   - /home/runner/work/vig/vig/Cargo.toml
build (x86_64-unknown-linux-gnu, ubuntu-latest)	Post Run actions-rust-lang/setup-rust-toolchain@v1	2026-09-10T05:29:03.0201454Z ##[endgroup]
build (x86_64-unknown-linux-gnu, ubuntu-latest)	Post Run actions-rust-lang/setup-rust-toolchain@v1	2026-09-10T05:29:03.0201577Z 
build (x86_64-unknown-linux-gnu, ubuntu-latest)	Post Run actions-rust-lang/setup-rust-toolchain@v1	2026-09-10T05:29:03.0211590Z (node:20894) [DEP0040] DeprecationWarning: The `punycode` module is deprecated. Please use a userland alternative instead.
build (x86_64-unknown-linux-gnu, ubuntu-latest)	Post Run actions-rust-lang/setup-rust-toolchain@v1	2026-09-10T05:29:03.0212302Z (Use `node --trace-deprecation ...` to show where the warning was created)
build (x86_64-unknown-linux-gnu, ubuntu-latest)	Post Run actions-rust-lang/setup-rust-toolchain@v1	2026-09-10T05:29:03.3635607Z ... Cleaning /home/runner/work/vig/vig/target ...
build (x86_64-unknown-linux-gnu, ubuntu-latest)	Post Run actions-rust-lang/setup-rust-toolchain@v1	2026-09-10T05:29:03.3813378Z ... Cleaning cargo registry (cache-all-crates: false) ...
build (x86_64-unknown-linux-gnu, ubuntu-latest)	Post Run actions-rust-lang/setup-rust-toolchain@v1	2026-09-10T05:29:04.5077907Z ... Cleaning cargo/bin ...
build (x86_64-unknown-linux-gnu, ubuntu-latest)	Post Run actions-rust-lang/setup-rust-toolchain@v1	2026-09-10T05:29:04.5108147Z ... Cleaning cargo git cache ...
build (x86_64-unknown-linux-gnu, ubuntu-latest)	Post Run actions-rust-lang/setup-rust-toolchain@v1	2026-09-10T05:29:04.5112943Z ... Saving cache ...
build (x86_64-unknown-linux-gnu, ubuntu-latest)	Post Run actions-rust-lang/setup-rust-toolchain@v1	2026-09-10T05:29:04.5267224Z [command]/usr/bin/tar --posix -cf cache.tzst --exclude cache.tzst -P -C /home/runner/work/vig/vig --files-from manifest.txt --use-compress-program zstdmt
build (x86_64-unknown-linux-gnu, ubuntu-latest)	Post Run actions-rust-lang/setup-rust-toolchain@v1	2026-09-10T05:29:08.1348097Z Sent 0 of 385927688 (0.0%), 0.0 MBs/sec
build (x86_64-unknown-linux-gnu, ubuntu-latest)	Post Run actions-rust-lang/setup-rust-toolchain@v1	2026-09-10T05:29:08.9078756Z Sent 385927688 of 385927688 (100.0%), 207.5 MBs/sec
build (x86_64-unknown-linux-gnu, ubuntu-latest)	Post Run actions-rust-lang/setup-rust-toolchain@v1	2026-09-10T05:29:09.1118236Z ##[end-action id=__a24bbb38-57ce-44fd-94a3-fc0d00201046.__Swatinem_rust-cache;outcome=success;conclusion=success;duration_ms=6377]
build (x86_64-unknown-linux-gnu, ubuntu-latest)	Post Run actions/checkout@v6	﻿2026-09-10T05:29:09.1212461Z Post job cleanup.
build (x86_64-unknown-linux-gnu, ubuntu-latest)	Post Run actions/checkout@v6	2026-09-10T05:29:09.2090585Z [command]/usr/bin/git version
build (x86_64-unknown-linux-gnu, ubuntu-latest)	Post Run actions/checkout@v6	2026-09-10T05:29:09.2134190Z git version 2.55.0
build (x86_64-unknown-linux-gnu, ubuntu-latest)	Post Run actions/checkout@v6	2026-09-10T05:29:09.2172497Z Temporarily overriding HOME='/home/runner/work/_temp/61601d46-bc72-4a3e-a2c1-7ef1551a38a2' before making global git config changes
build (x86_64-unknown-linux-gnu, ubuntu-latest)	Post Run actions/checkout@v6	2026-09-10T05:29:09.2173936Z Adding repository directory to the temporary git global config as a safe directory
build (x86_64-unknown-linux-gnu, ubuntu-latest)	Post Run actions/checkout@v6	2026-09-10T05:29:09.2177412Z [command]/usr/bin/git config --global --add safe.directory /home/runner/work/vig/vig
build (x86_64-unknown-linux-gnu, ubuntu-latest)	Post Run actions/checkout@v6	2026-09-10T05:29:09.2214354Z Removing SSH command configuration
build (x86_64-unknown-linux-gnu, ubuntu-latest)	Post Run actions/checkout@v6	2026-09-10T05:29:09.2221414Z [command]/usr/bin/git config --local --name-only --get-regexp core\.sshCommand
build (x86_64-unknown-linux-gnu, ubuntu-latest)	Post Run actions/checkout@v6	2026-09-10T05:29:09.2260386Z [command]/usr/bin/git submodule foreach --recursive sh -c "git config --local --name-only --get-regexp 'core\.sshCommand' && git config --local --unset-all 'core.sshCommand' || :"
build (x86_64-unknown-linux-gnu, ubuntu-latest)	Post Run actions/checkout@v6	2026-09-10T05:29:09.2530627Z Removing HTTP extra header
build (x86_64-unknown-linux-gnu, ubuntu-latest)	Post Run actions/checkout@v6	2026-09-10T05:29:09.2537952Z [command]/usr/bin/git config --local --name-only --get-regexp http\.https\:\/\/github\.com\/\.extraheader
build (x86_64-unknown-linux-gnu, ubuntu-latest)	Post Run actions/checkout@v6	2026-09-10T05:29:09.2579730Z [command]/usr/bin/git submodule foreach --recursive sh -c "git config --local --name-only --get-regexp 'http\.https\:\/\/github\.com\/\.extraheader' && git config --local --unset-all 'http.https://github.com/.extraheader' || :"
build (x86_64-unknown-linux-gnu, ubuntu-latest)	Post Run actions/checkout@v6	2026-09-10T05:29:09.2843278Z Removing includeIf entries pointing to credentials config files
build (x86_64-unknown-linux-gnu, ubuntu-latest)	Post Run actions/checkout@v6	2026-09-10T05:29:09.2851957Z [command]/usr/bin/git config --local --name-only --get-regexp ^includeIf\.gitdir:
build (x86_64-unknown-linux-gnu, ubuntu-latest)	Post Run actions/checkout@v6	2026-09-10T05:29:09.2889738Z includeif.gitdir:/home/runner/work/vig/vig/.git.path
build (x86_64-unknown-linux-gnu, ubuntu-latest)	Post Run actions/checkout@v6	2026-09-10T05:29:09.2890659Z includeif.gitdir:/home/runner/work/vig/vig/.git/worktrees/*.path
build (x86_64-unknown-linux-gnu, ubuntu-latest)	Post Run actions/checkout@v6	2026-09-10T05:29:09.2891863Z includeif.gitdir:/github/workspace/.git.path
build (x86_64-unknown-linux-gnu, ubuntu-latest)	Post Run actions/checkout@v6	2026-09-10T05:29:09.2892640Z includeif.gitdir:/github/workspace/.git/worktrees/*.path
build (x86_64-unknown-linux-gnu, ubuntu-latest)	Post Run actions/checkout@v6	2026-09-10T05:29:09.2900834Z [command]/usr/bin/git config --local --get-all includeif.gitdir:/home/runner/work/vig/vig/.git.path
build (x86_64-unknown-linux-gnu, ubuntu-latest)	Post Run actions/checkout@v6	2026-09-10T05:29:09.2927702Z /home/runner/work/_temp/git-credentials-c65e52ad-74c6-4d0f-b93b-f50b5a975a8b.config
build (x86_64-unknown-linux-gnu, ubuntu-latest)	Post Run actions/checkout@v6	2026-09-10T05:29:09.2958822Z [command]/usr/bin/git config --local --unset includeif.gitdir:/home/runner/work/vig/vig/.git.path /home/runner/work/_temp/git-credentials-c65e52ad-74c6-4d0f-b93b-f50b5a975a8b.config
build (x86_64-unknown-linux-gnu, ubuntu-latest)	Post Run actions/checkout@v6	2026-09-10T05:29:09.2994266Z [command]/usr/bin/git config --local --get-all includeif.gitdir:/home/runner/work/vig/vig/.git/worktrees/*.path
build (x86_64-unknown-linux-gnu, ubuntu-latest)	Post Run actions/checkout@v6	2026-09-10T05:29:09.3023271Z /home/runner/work/_temp/git-credentials-c65e52ad-74c6-4d0f-b93b-f50b5a975a8b.config
build (x86_64-unknown-linux-gnu, ubuntu-latest)	Post Run actions/checkout@v6	2026-09-10T05:29:09.3034284Z [command]/usr/bin/git config --local --unset includeif.gitdir:/home/runner/work/vig/vig/.git/worktrees/*.path /home/runner/work/_temp/git-credentials-c65e52ad-74c6-4d0f-b93b-f50b5a975a8b.config
build (x86_64-unknown-linux-gnu, ubuntu-latest)	Post Run actions/checkout@v6	2026-09-10T05:29:09.3074716Z [command]/usr/bin/git config --local --get-all includeif.gitdir:/github/workspace/.git.path
build (x86_64-unknown-linux-gnu, ubuntu-latest)	Post Run actions/checkout@v6	2026-09-10T05:29:09.3103679Z /github/runner_temp/git-credentials-c65e52ad-74c6-4d0f-b93b-f50b5a975a8b.config
build (x86_64-unknown-linux-gnu, ubuntu-latest)	Post Run actions/checkout@v6	2026-09-10T05:29:09.3112992Z [command]/usr/bin/git config --local --unset includeif.gitdir:/github/workspace/.git.path /github/runner_temp/git-credentials-c65e52ad-74c6-4d0f-b93b-f50b5a975a8b.config
build (x86_64-unknown-linux-gnu, ubuntu-latest)	Post Run actions/checkout@v6	2026-09-10T05:29:09.3154258Z [command]/usr/bin/git config --local --get-all includeif.gitdir:/github/workspace/.git/worktrees/*.path
build (x86_64-unknown-linux-gnu, ubuntu-latest)	Post Run actions/checkout@v6	2026-09-10T05:29:09.3190239Z /github/runner_temp/git-credentials-c65e52ad-74c6-4d0f-b93b-f50b5a975a8b.config
build (x86_64-unknown-linux-gnu, ubuntu-latest)	Post Run actions/checkout@v6	2026-09-10T05:29:09.3205059Z [command]/usr/bin/git config --local --unset includeif.gitdir:/github/workspace/.git/worktrees/*.path /github/runner_temp/git-credentials-c65e52ad-74c6-4d0f-b93b-f50b5a975a8b.config
build (x86_64-unknown-linux-gnu, ubuntu-latest)	Post Run actions/checkout@v6	2026-09-10T05:29:09.3258413Z [command]/usr/bin/git submodule foreach --recursive git config --local --show-origin --name-only --get-regexp remote.origin.url
build (x86_64-unknown-linux-gnu, ubuntu-latest)	Post Run actions/checkout@v6	2026-09-10T05:29:09.3520584Z Removing credentials config '/home/runner/work/_temp/git-credentials-c65e52ad-74c6-4d0f-b93b-f50b5a975a8b.config'
build (x86_64-unknown-linux-gnu, ubuntu-latest)	Complete job	﻿2026-09-10T05:29:09.3665789Z Cleaning up orphan processes
