build (aarch64-apple-darwin, macos-latest)	Set up job	﻿2026-09-10T05:24:12.0659020Z Current runner version: '2.337.0'
build (aarch64-apple-darwin, macos-latest)	Set up job	2026-09-10T05:24:12.0676150Z ##[group]Runner Image Provisioner
build (aarch64-apple-darwin, macos-latest)	Set up job	2026-09-10T05:24:12.0676710Z Hosted Compute Agent
build (aarch64-apple-darwin, macos-latest)	Set up job	2026-09-10T05:24:12.0677150Z Version: 20260828.587
build (aarch64-apple-darwin, macos-latest)	Set up job	2026-09-10T05:24:12.0677560Z Commit: abac92662cab4cc7352de4f9f9d2e2419aad9c29
build (aarch64-apple-darwin, macos-latest)	Set up job	2026-09-10T05:24:12.0678030Z Build Date: 2026-08-28T16:44:25Z
build (aarch64-apple-darwin, macos-latest)	Set up job	2026-09-10T05:24:12.0678470Z Worker ID: {807a8c95-54f1-478f-a9e3-822f81e6409d}
build (aarch64-apple-darwin, macos-latest)	Set up job	2026-09-10T05:24:12.0678920Z Azure Region: westus
build (aarch64-apple-darwin, macos-latest)	Set up job	2026-09-10T05:24:12.0679280Z ##[endgroup]
build (aarch64-apple-darwin, macos-latest)	Set up job	2026-09-10T05:24:12.0680200Z ##[group]Operating System
build (aarch64-apple-darwin, macos-latest)	Set up job	2026-09-10T05:24:12.0680590Z macOS
build (aarch64-apple-darwin, macos-latest)	Set up job	2026-09-10T05:24:12.0680920Z 26.6.2
build (aarch64-apple-darwin, macos-latest)	Set up job	2026-09-10T05:24:12.0681250Z 25G83
build (aarch64-apple-darwin, macos-latest)	Set up job	2026-09-10T05:24:12.0681580Z ##[endgroup]
build (aarch64-apple-darwin, macos-latest)	Set up job	2026-09-10T05:24:12.0681930Z ##[group]Runner Image
build (aarch64-apple-darwin, macos-latest)	Set up job	2026-09-10T05:24:12.0682310Z Image: macos-26-arm64
build (aarch64-apple-darwin, macos-latest)	Set up job	2026-09-10T05:24:12.0682710Z Version: 20260831.0337.3
build (aarch64-apple-darwin, macos-latest)	Set up job	2026-09-10T05:24:12.0683450Z Included Software: https://github.com/actions/runner-images/blob/macos-26-arm64/20260831.0337/images/macos/macos-26-arm64-Readme.md
build (aarch64-apple-darwin, macos-latest)	Set up job	2026-09-10T05:24:12.0684580Z Image Release: https://github.com/actions/runner-images/releases/tag/macos-26-arm64%2F20260831.0337
build (aarch64-apple-darwin, macos-latest)	Set up job	2026-09-10T05:24:12.0685250Z ##[endgroup]
build (aarch64-apple-darwin, macos-latest)	Set up job	2026-09-10T05:24:12.0685970Z ##[group]GITHUB_TOKEN Permissions
build (aarch64-apple-darwin, macos-latest)	Set up job	2026-09-10T05:24:12.0686980Z Contents: read
build (aarch64-apple-darwin, macos-latest)	Set up job	2026-09-10T05:24:12.0687340Z Metadata: read
build (aarch64-apple-darwin, macos-latest)	Set up job	2026-09-10T05:24:12.0687710Z ##[endgroup]
build (aarch64-apple-darwin, macos-latest)	Set up job	2026-09-10T05:24:12.0689210Z Secret source: Actions
build (aarch64-apple-darwin, macos-latest)	Set up job	2026-09-10T05:24:12.0689810Z Cache mode: write
build (aarch64-apple-darwin, macos-latest)	Set up job	2026-09-10T05:24:12.0690250Z Prepare workflow directory
build (aarch64-apple-darwin, macos-latest)	Set up job	2026-09-10T05:24:12.0926200Z Prepare all required actions
build (aarch64-apple-darwin, macos-latest)	Set up job	2026-09-10T05:24:12.0960180Z Getting action download info
build (aarch64-apple-darwin, macos-latest)	Set up job	2026-09-10T05:24:12.2496460Z Download action repository 'actions/checkout@v6' (SHA:d23441a48e516b6c34aea4fa41551a30e30af803)
build (aarch64-apple-darwin, macos-latest)	Set up job	2026-09-10T05:24:12.4446540Z Download action repository 'actions-rust-lang/setup-rust-toolchain@v1' (SHA:166cdcfd11aee3cb47222f9ddb555ce30ddb9659)
build (aarch64-apple-darwin, macos-latest)	Set up job	2026-09-10T05:24:12.8321290Z Download action repository 'actions/upload-artifact@v6' (SHA:b7c566a772e6b6bfb58ed0dc250532a479d7789f)
build (aarch64-apple-darwin, macos-latest)	Set up job	2026-09-10T05:24:13.0275310Z Getting action download info
build (aarch64-apple-darwin, macos-latest)	Set up job	2026-09-10T05:24:13.0931180Z Download action repository 'Swatinem/rust-cache@c19371144df3bb44fab255c43d04cbc2ab54d1c4' (SHA:c19371144df3bb44fab255c43d04cbc2ab54d1c4)
build (aarch64-apple-darwin, macos-latest)	Set up job	2026-09-10T05:24:14.0370460Z Complete job name: build (aarch64-apple-darwin, macos-latest)
build (aarch64-apple-darwin, macos-latest)	Run actions/checkout@v6	﻿2026-09-10T05:24:14.0994390Z ##[group]Run actions/checkout@v6
build (aarch64-apple-darwin, macos-latest)	Run actions/checkout@v6	2026-09-10T05:24:14.0996230Z with:
build (aarch64-apple-darwin, macos-latest)	Run actions/checkout@v6	2026-09-10T05:24:14.0997020Z   repository: td72/vig
build (aarch64-apple-darwin, macos-latest)	Run actions/checkout@v6	2026-09-10T05:24:14.1001630Z   token: ***
build (aarch64-apple-darwin, macos-latest)	Run actions/checkout@v6	2026-09-10T05:24:14.1002390Z   ssh-strict: true
build (aarch64-apple-darwin, macos-latest)	Run actions/checkout@v6	2026-09-10T05:24:14.1003230Z   ssh-user: git
build (aarch64-apple-darwin, macos-latest)	Run actions/checkout@v6	2026-09-10T05:24:14.1003990Z   persist-credentials: true
build (aarch64-apple-darwin, macos-latest)	Run actions/checkout@v6	2026-09-10T05:24:14.1004720Z   clean: true
build (aarch64-apple-darwin, macos-latest)	Run actions/checkout@v6	2026-09-10T05:24:14.1005500Z   sparse-checkout-cone-mode: true
build (aarch64-apple-darwin, macos-latest)	Run actions/checkout@v6	2026-09-10T05:24:14.1007010Z   fetch-depth: 1
build (aarch64-apple-darwin, macos-latest)	Run actions/checkout@v6	2026-09-10T05:24:14.1008330Z   fetch-tags: false
build (aarch64-apple-darwin, macos-latest)	Run actions/checkout@v6	2026-09-10T05:24:14.1009410Z   show-progress: true
build (aarch64-apple-darwin, macos-latest)	Run actions/checkout@v6	2026-09-10T05:24:14.1010180Z   lfs: false
build (aarch64-apple-darwin, macos-latest)	Run actions/checkout@v6	2026-09-10T05:24:14.1011070Z   submodules: false
build (aarch64-apple-darwin, macos-latest)	Run actions/checkout@v6	2026-09-10T05:24:14.1012480Z   set-safe-directory: true
build (aarch64-apple-darwin, macos-latest)	Run actions/checkout@v6	2026-09-10T05:24:14.1013500Z   allow-unsafe-pr-checkout: false
build (aarch64-apple-darwin, macos-latest)	Run actions/checkout@v6	2026-09-10T05:24:14.1017330Z ##[endgroup]
build (aarch64-apple-darwin, macos-latest)	Run actions/checkout@v6	2026-09-10T05:24:14.4768860Z Syncing repository: td72/vig
build (aarch64-apple-darwin, macos-latest)	Run actions/checkout@v6	2026-09-10T05:24:14.4770730Z ##[group]Getting Git version info
build (aarch64-apple-darwin, macos-latest)	Run actions/checkout@v6	2026-09-10T05:24:14.4771470Z Working directory is '/Users/runner/work/vig/vig'
build (aarch64-apple-darwin, macos-latest)	Run actions/checkout@v6	2026-09-10T05:24:14.4772480Z [command]/opt/homebrew/bin/git version
build (aarch64-apple-darwin, macos-latest)	Run actions/checkout@v6	2026-09-10T05:24:14.5005040Z git version 2.55.0
build (aarch64-apple-darwin, macos-latest)	Run actions/checkout@v6	2026-09-10T05:24:14.5026030Z ##[endgroup]
build (aarch64-apple-darwin, macos-latest)	Run actions/checkout@v6	2026-09-10T05:24:14.5034760Z Copying '/Users/runner/.gitconfig' to '/Users/runner/work/_temp/08382f17-8266-4aad-8203-caadcfa304d1/.gitconfig'
build (aarch64-apple-darwin, macos-latest)	Run actions/checkout@v6	2026-09-10T05:24:14.5041540Z Temporarily overriding HOME='/Users/runner/work/_temp/08382f17-8266-4aad-8203-caadcfa304d1' before making global git config changes
build (aarch64-apple-darwin, macos-latest)	Run actions/checkout@v6	2026-09-10T05:24:14.5043120Z Adding repository directory to the temporary git global config as a safe directory
build (aarch64-apple-darwin, macos-latest)	Run actions/checkout@v6	2026-09-10T05:24:14.5045970Z [command]/opt/homebrew/bin/git config --global --add safe.directory /Users/runner/work/vig/vig
build (aarch64-apple-darwin, macos-latest)	Run actions/checkout@v6	2026-09-10T05:24:14.5161590Z Deleting the contents of '/Users/runner/work/vig/vig'
build (aarch64-apple-darwin, macos-latest)	Run actions/checkout@v6	2026-09-10T05:24:14.5164720Z ##[group]Determining repository object format
build (aarch64-apple-darwin, macos-latest)	Run actions/checkout@v6	2026-09-10T05:24:14.5166270Z ##[endgroup]
build (aarch64-apple-darwin, macos-latest)	Run actions/checkout@v6	2026-09-10T05:24:14.5167130Z ##[group]Initializing the repository
build (aarch64-apple-darwin, macos-latest)	Run actions/checkout@v6	2026-09-10T05:24:14.5170180Z [command]/opt/homebrew/bin/git init /Users/runner/work/vig/vig
build (aarch64-apple-darwin, macos-latest)	Run actions/checkout@v6	2026-09-10T05:24:14.5410510Z hint: Using 'master' as the name for the initial branch. This default branch name
build (aarch64-apple-darwin, macos-latest)	Run actions/checkout@v6	2026-09-10T05:24:14.5411960Z hint: will change to "main" in Git 3.0. To configure the initial branch name
build (aarch64-apple-darwin, macos-latest)	Run actions/checkout@v6	2026-09-10T05:24:14.5415000Z hint: to use in all of your new repositories, which will suppress this warning,
build (aarch64-apple-darwin, macos-latest)	Run actions/checkout@v6	2026-09-10T05:24:14.5415800Z hint: call:
build (aarch64-apple-darwin, macos-latest)	Run actions/checkout@v6	2026-09-10T05:24:14.5416260Z hint:
build (aarch64-apple-darwin, macos-latest)	Run actions/checkout@v6	2026-09-10T05:24:14.5416820Z hint: 	git config --global init.defaultBranch <name>
build (aarch64-apple-darwin, macos-latest)	Run actions/checkout@v6	2026-09-10T05:24:14.5417500Z hint:
build (aarch64-apple-darwin, macos-latest)	Run actions/checkout@v6	2026-09-10T05:24:14.5418090Z hint: Names commonly chosen instead of 'master' are 'main', 'trunk' and
build (aarch64-apple-darwin, macos-latest)	Run actions/checkout@v6	2026-09-10T05:24:14.5420830Z hint: 'development'. The just-created branch can be renamed via this command:
build (aarch64-apple-darwin, macos-latest)	Run actions/checkout@v6	2026-09-10T05:24:14.5422220Z hint:
build (aarch64-apple-darwin, macos-latest)	Run actions/checkout@v6	2026-09-10T05:24:14.5422800Z hint: 	git branch -m <name>
build (aarch64-apple-darwin, macos-latest)	Run actions/checkout@v6	2026-09-10T05:24:14.5423410Z hint:
build (aarch64-apple-darwin, macos-latest)	Run actions/checkout@v6	2026-09-10T05:24:14.5427210Z hint: Disable this message with "git config set advice.defaultBranchName false"
build (aarch64-apple-darwin, macos-latest)	Run actions/checkout@v6	2026-09-10T05:24:14.5428570Z Initialized empty Git repository in /Users/runner/work/vig/vig/.git/
build (aarch64-apple-darwin, macos-latest)	Run actions/checkout@v6	2026-09-10T05:24:14.5430620Z [command]/opt/homebrew/bin/git remote add origin https://github.com/td72/vig
build (aarch64-apple-darwin, macos-latest)	Run actions/checkout@v6	2026-09-10T05:24:14.5506540Z ##[endgroup]
build (aarch64-apple-darwin, macos-latest)	Run actions/checkout@v6	2026-09-10T05:24:14.5507300Z ##[group]Disabling automatic garbage collection
build (aarch64-apple-darwin, macos-latest)	Run actions/checkout@v6	2026-09-10T05:24:14.5509690Z [command]/opt/homebrew/bin/git config --local gc.auto 0
build (aarch64-apple-darwin, macos-latest)	Run actions/checkout@v6	2026-09-10T05:24:14.5580700Z ##[endgroup]
build (aarch64-apple-darwin, macos-latest)	Run actions/checkout@v6	2026-09-10T05:24:14.5581510Z ##[group]Setting up auth
build (aarch64-apple-darwin, macos-latest)	Run actions/checkout@v6	2026-09-10T05:24:14.5582040Z Removing SSH command configuration
build (aarch64-apple-darwin, macos-latest)	Run actions/checkout@v6	2026-09-10T05:24:14.5586400Z [command]/opt/homebrew/bin/git config --local --name-only --get-regexp core\.sshCommand
build (aarch64-apple-darwin, macos-latest)	Run actions/checkout@v6	2026-09-10T05:24:14.5662580Z [command]/opt/homebrew/bin/git submodule foreach --recursive sh -c "git config --local --name-only --get-regexp 'core\.sshCommand' && git config --local --unset-all 'core.sshCommand' || :"
build (aarch64-apple-darwin, macos-latest)	Run actions/checkout@v6	2026-09-10T05:24:14.6543260Z Removing HTTP extra header
build (aarch64-apple-darwin, macos-latest)	Run actions/checkout@v6	2026-09-10T05:24:14.6547790Z [command]/opt/homebrew/bin/git config --local --name-only --get-regexp http\.https\:\/\/github\.com\/\.extraheader
build (aarch64-apple-darwin, macos-latest)	Run actions/checkout@v6	2026-09-10T05:24:14.6604630Z [command]/opt/homebrew/bin/git submodule foreach --recursive sh -c "git config --local --name-only --get-regexp 'http\.https\:\/\/github\.com\/\.extraheader' && git config --local --unset-all 'http.https://github.com/.extraheader' || :"
build (aarch64-apple-darwin, macos-latest)	Run actions/checkout@v6	2026-09-10T05:24:14.7272720Z Removing includeIf entries pointing to credentials config files
build (aarch64-apple-darwin, macos-latest)	Run actions/checkout@v6	2026-09-10T05:24:14.7276140Z [command]/opt/homebrew/bin/git config --local --name-only --get-regexp ^includeIf\.gitdir:
build (aarch64-apple-darwin, macos-latest)	Run actions/checkout@v6	2026-09-10T05:24:14.7330780Z [command]/opt/homebrew/bin/git submodule foreach --recursive git config --local --show-origin --name-only --get-regexp remote.origin.url
build (aarch64-apple-darwin, macos-latest)	Run actions/checkout@v6	2026-09-10T05:24:14.8368070Z [command]/opt/homebrew/bin/git config --file /Users/runner/work/_temp/git-credentials-6777c8ba-7848-4958-bf80-497a7a307e39.config http.https://github.com/.extraheader AUTHORIZATION: basic ***
build (aarch64-apple-darwin, macos-latest)	Run actions/checkout@v6	2026-09-10T05:24:14.8370460Z [command]/opt/homebrew/bin/git config --local includeIf.gitdir:/Users/runner/work/vig/vig/.git.path /Users/runner/work/_temp/git-credentials-6777c8ba-7848-4958-bf80-497a7a307e39.config
build (aarch64-apple-darwin, macos-latest)	Run actions/checkout@v6	2026-09-10T05:24:14.8400090Z [command]/opt/homebrew/bin/git config --local includeIf.gitdir:/Users/runner/work/vig/vig/.git/worktrees/*.path /Users/runner/work/_temp/git-credentials-6777c8ba-7848-4958-bf80-497a7a307e39.config
build (aarch64-apple-darwin, macos-latest)	Run actions/checkout@v6	2026-09-10T05:24:14.8454090Z [command]/opt/homebrew/bin/git config --local includeIf.gitdir:/github/workspace/.git.path /github/runner_temp/git-credentials-6777c8ba-7848-4958-bf80-497a7a307e39.config
build (aarch64-apple-darwin, macos-latest)	Run actions/checkout@v6	2026-09-10T05:24:14.8507010Z [command]/opt/homebrew/bin/git config --local includeIf.gitdir:/github/workspace/.git/worktrees/*.path /github/runner_temp/git-credentials-6777c8ba-7848-4958-bf80-497a7a307e39.config
build (aarch64-apple-darwin, macos-latest)	Run actions/checkout@v6	2026-09-10T05:24:14.8561880Z ##[endgroup]
build (aarch64-apple-darwin, macos-latest)	Run actions/checkout@v6	2026-09-10T05:24:14.8562680Z ##[group]Fetching the repository
build (aarch64-apple-darwin, macos-latest)	Run actions/checkout@v6	2026-09-10T05:24:14.8566840Z [command]/opt/homebrew/bin/git -c protocol.version=2 fetch --no-tags --prune --no-recurse-submodules --depth=1 origin +refs/tags/v0.15.0:refs/tags/v0.15.0
build (aarch64-apple-darwin, macos-latest)	Run actions/checkout@v6	2026-09-10T05:24:15.8879010Z From https://github.com/td72/vig
build (aarch64-apple-darwin, macos-latest)	Run actions/checkout@v6	2026-09-10T05:24:15.8889440Z  * [new tag]         v0.15.0    -> v0.15.0
build (aarch64-apple-darwin, macos-latest)	Run actions/checkout@v6	2026-09-10T05:24:15.8943850Z [command]/opt/homebrew/bin/git tag --list v0.15.0
build (aarch64-apple-darwin, macos-latest)	Run actions/checkout@v6	2026-09-10T05:24:15.8964470Z v0.15.0
build (aarch64-apple-darwin, macos-latest)	Run actions/checkout@v6	2026-09-10T05:24:15.8970410Z [command]/opt/homebrew/bin/git rev-parse refs/tags/v0.15.0^{commit}
build (aarch64-apple-darwin, macos-latest)	Run actions/checkout@v6	2026-09-10T05:24:15.9040300Z 1bd14efedbab67c12b4e48f234008c581d850d59
build (aarch64-apple-darwin, macos-latest)	Run actions/checkout@v6	2026-09-10T05:24:15.9043320Z ##[endgroup]
build (aarch64-apple-darwin, macos-latest)	Run actions/checkout@v6	2026-09-10T05:24:15.9047720Z ##[group]Determining the checkout info
build (aarch64-apple-darwin, macos-latest)	Run actions/checkout@v6	2026-09-10T05:24:15.9049020Z ##[endgroup]
build (aarch64-apple-darwin, macos-latest)	Run actions/checkout@v6	2026-09-10T05:24:15.9049940Z [command]/opt/homebrew/bin/git sparse-checkout disable
build (aarch64-apple-darwin, macos-latest)	Run actions/checkout@v6	2026-09-10T05:24:15.9139090Z [command]/opt/homebrew/bin/git config --local --unset-all extensions.worktreeConfig
build (aarch64-apple-darwin, macos-latest)	Run actions/checkout@v6	2026-09-10T05:24:15.9225780Z ##[group]Checking out the ref
build (aarch64-apple-darwin, macos-latest)	Run actions/checkout@v6	2026-09-10T05:24:15.9227140Z [command]/opt/homebrew/bin/git checkout --progress --force refs/tags/v0.15.0
build (aarch64-apple-darwin, macos-latest)	Run actions/checkout@v6	2026-09-10T05:24:16.1295640Z HEAD is now at 1bd14ef Merge pull request #184 from td72/release/0.15.0
build (aarch64-apple-darwin, macos-latest)	Run actions/checkout@v6	2026-09-10T05:24:16.2278050Z ##[endgroup]
build (aarch64-apple-darwin, macos-latest)	Run actions/checkout@v6	2026-09-10T05:24:16.2367820Z [command]/opt/homebrew/bin/git log -1 --format=%H
build (aarch64-apple-darwin, macos-latest)	Run actions/checkout@v6	2026-09-10T05:24:16.2418470Z 1bd14efedbab67c12b4e48f234008c581d850d59
build (aarch64-apple-darwin, macos-latest)	Run actions-rust-lang/setup-rust-toolchain@v1	﻿2026-09-10T05:24:16.2787350Z ##[group]Run actions-rust-lang/setup-rust-toolchain@v1
build (aarch64-apple-darwin, macos-latest)	Run actions-rust-lang/setup-rust-toolchain@v1	2026-09-10T05:24:16.2787610Z with:
build (aarch64-apple-darwin, macos-latest)	Run actions-rust-lang/setup-rust-toolchain@v1	2026-09-10T05:24:16.2787750Z   cache: true
build (aarch64-apple-darwin, macos-latest)	Run actions-rust-lang/setup-rust-toolchain@v1	2026-09-10T05:24:16.2787890Z   cache-on-failure: true
build (aarch64-apple-darwin, macos-latest)	Run actions-rust-lang/setup-rust-toolchain@v1	2026-09-10T05:24:16.2788040Z   cache-bin: true
build (aarch64-apple-darwin, macos-latest)	Run actions-rust-lang/setup-rust-toolchain@v1	2026-09-10T05:24:16.2788180Z   cache-provider: github
build (aarch64-apple-darwin, macos-latest)	Run actions-rust-lang/setup-rust-toolchain@v1	2026-09-10T05:24:16.2788340Z   cache-all-crates: false
build (aarch64-apple-darwin, macos-latest)	Run actions-rust-lang/setup-rust-toolchain@v1	2026-09-10T05:24:16.2788500Z   cache-workspace-crates: false
build (aarch64-apple-darwin, macos-latest)	Run actions-rust-lang/setup-rust-toolchain@v1	2026-09-10T05:24:16.2788680Z   cache-save-if: true
build (aarch64-apple-darwin, macos-latest)	Run actions-rust-lang/setup-rust-toolchain@v1	2026-09-10T05:24:16.2788840Z   cache-targets: true
build (aarch64-apple-darwin, macos-latest)	Run actions-rust-lang/setup-rust-toolchain@v1	2026-09-10T05:24:16.2788980Z   matcher: true
build (aarch64-apple-darwin, macos-latest)	Run actions-rust-lang/setup-rust-toolchain@v1	2026-09-10T05:24:16.2789140Z   rustflags: -D warnings
build (aarch64-apple-darwin, macos-latest)	Run actions-rust-lang/setup-rust-toolchain@v1	2026-09-10T05:24:16.2789310Z   override: true
build (aarch64-apple-darwin, macos-latest)	Run actions-rust-lang/setup-rust-toolchain@v1	2026-09-10T05:24:16.2789460Z ##[endgroup]
build (aarch64-apple-darwin, macos-latest)	Run actions-rust-lang/setup-rust-toolchain@v1	2026-09-10T05:24:16.2831720Z ##[start-action display=Unbork mac;id=__actions-rust-lang_setup-rust-toolchain.__run]
build (aarch64-apple-darwin, macos-latest)	Run actions-rust-lang/setup-rust-toolchain@v1	2026-09-10T05:24:16.2874220Z ##[group]Run brew install bash
build (aarch64-apple-darwin, macos-latest)	Run actions-rust-lang/setup-rust-toolchain@v1	2026-09-10T05:24:16.2874450Z ^[[36;1mbrew install bash^[[0m
build (aarch64-apple-darwin, macos-latest)	Run actions-rust-lang/setup-rust-toolchain@v1	2026-09-10T05:24:16.2911170Z shell: /bin/bash --noprofile --norc -e -o pipefail {0}
build (aarch64-apple-darwin, macos-latest)	Run actions-rust-lang/setup-rust-toolchain@v1	2026-09-10T05:24:16.2911440Z ##[endgroup]
build (aarch64-apple-darwin, macos-latest)	Run actions-rust-lang/setup-rust-toolchain@v1	2026-09-10T05:24:18.3513190Z ^[[32m==>^[[0m ^[[1mDownloading bottle manifests^[[0m
build (aarch64-apple-darwin, macos-latest)	Run actions-rust-lang/setup-rust-toolchain@v1	2026-09-10T05:24:18.3668950Z ✔︎ Bottle Manifest bash (5.3.15)
build (aarch64-apple-darwin, macos-latest)	Run actions-rust-lang/setup-rust-toolchain@v1	2026-09-10T05:24:18.3670430Z ^[[34m==>^[[0m ^[[1mWould install 1 formula:^[[0m
build (aarch64-apple-darwin, macos-latest)	Run actions-rust-lang/setup-rust-toolchain@v1	2026-09-10T05:24:18.3671230Z bash
build (aarch64-apple-darwin, macos-latest)	Run actions-rust-lang/setup-rust-toolchain@v1	2026-09-10T05:24:18.4073840Z ^[[34m==>^[[0m ^[[1mWould install 1 dependency for bash:^[[0m
build (aarch64-apple-darwin, macos-latest)	Run actions-rust-lang/setup-rust-toolchain@v1	2026-09-10T05:24:18.4074410Z ncurses
build (aarch64-apple-darwin, macos-latest)	Run actions-rust-lang/setup-rust-toolchain@v1	2026-09-10T05:24:18.4146170Z ^[[32m==>^[[0m ^[[1mFetching downloads for: ^[[32mbash^[[39m^[[0m
build (aarch64-apple-darwin, macos-latest)	Run actions-rust-lang/setup-rust-toolchain@v1	2026-09-10T05:24:18.7043920Z ✔︎ Bottle Manifest ncurses (6.6)
build (aarch64-apple-darwin, macos-latest)	Run actions-rust-lang/setup-rust-toolchain@v1	2026-09-10T05:24:18.8046560Z ✔︎ Bottle bash (5.3.15)
build (aarch64-apple-darwin, macos-latest)	Run actions-rust-lang/setup-rust-toolchain@v1	2026-09-10T05:24:19.1150780Z ✔︎ Bottle ncurses (6.6)
build (aarch64-apple-darwin, macos-latest)	Run actions-rust-lang/setup-rust-toolchain@v1	2026-09-10T05:24:19.1229120Z ^[[32m==>^[[0m ^[[1mInstalling bash dependency: ^[[32mncurses^[[39m^[[0m
build (aarch64-apple-darwin, macos-latest)	Run actions-rust-lang/setup-rust-toolchain@v1	2026-09-10T05:24:19.1246570Z ^[[34m==>^[[0m ^[[1mPouring ncurses--6.6.arm64_tahoe.bottle.tar.gz^[[0m
build (aarch64-apple-darwin, macos-latest)	Run actions-rust-lang/setup-rust-toolchain@v1	2026-09-10T05:24:19.7486200Z 🍺  /opt/homebrew/Cellar/ncurses/6.6: 4,086 files, 10.3MB
build (aarch64-apple-darwin, macos-latest)	Run actions-rust-lang/setup-rust-toolchain@v1	2026-09-10T05:24:19.7488750Z ^[[32m==>^[[0m ^[[1mInstalling ^[[32mbash^[[39m^[[0m
build (aarch64-apple-darwin, macos-latest)	Run actions-rust-lang/setup-rust-toolchain@v1	2026-09-10T05:24:19.7491360Z ^[[34m==>^[[0m ^[[1mPouring bash--5.3.15.arm64_tahoe.bottle.tar.gz^[[0m
build (aarch64-apple-darwin, macos-latest)	Run actions-rust-lang/setup-rust-toolchain@v1	2026-09-10T05:24:19.9140890Z 🍺  /opt/homebrew/Cellar/bash/5.3.15: 172 files, 13MB
build (aarch64-apple-darwin, macos-latest)	Run actions-rust-lang/setup-rust-toolchain@v1	2026-09-10T05:24:19.9143890Z ^[[32m==>^[[0m ^[[1mCaveats^[[0m
build (aarch64-apple-darwin, macos-latest)	Run actions-rust-lang/setup-rust-toolchain@v1	2026-09-10T05:24:19.9144170Z ^[[34m==>^[[0m ^[[1mbash^[[0m
build (aarch64-apple-darwin, macos-latest)	Run actions-rust-lang/setup-rust-toolchain@v1	2026-09-10T05:24:19.9144820Z DEFAULT_LOADABLE_BUILTINS_PATH: /opt/homebrew/lib/bash:/usr/local/lib/bash:/usr/lib/bash:/opt/local/lib/bash:/usr/pkg/lib/bash:/opt/pkg/lib/bash:.
build (aarch64-apple-darwin, macos-latest)	Run actions-rust-lang/setup-rust-toolchain@v1	2026-09-10T05:24:19.9223190Z ##[end-action id=__actions-rust-lang_setup-rust-toolchain.__run;outcome=success;conclusion=success;duration_ms=3639]
build (aarch64-apple-darwin, macos-latest)	Run actions-rust-lang/setup-rust-toolchain@v1	2026-09-10T05:24:19.9247930Z ##[start-action display=Run : construct rustup command line;id=__actions-rust-lang_setup-rust-toolchain.flags]
build (aarch64-apple-darwin, macos-latest)	Run actions-rust-lang/setup-rust-toolchain@v1	2026-09-10T05:24:19.9265040Z ##[group]Run : construct rustup command line
build (aarch64-apple-darwin, macos-latest)	Run actions-rust-lang/setup-rust-toolchain@v1	2026-09-10T05:24:19.9265380Z ^[[36;1m: construct rustup command line^[[0m
build (aarch64-apple-darwin, macos-latest)	Run actions-rust-lang/setup-rust-toolchain@v1	2026-09-10T05:24:19.9265770Z ^[[36;1mecho "targets=$(for t in ${_srt_targets//,/ }; do echo -n ' --target' $t; done)" >> $GITHUB_OUTPUT^[[0m
build (aarch64-apple-darwin, macos-latest)	Run actions-rust-lang/setup-rust-toolchain@v1	2026-09-10T05:24:19.9266400Z ^[[36;1mecho "components=$(for c in ${_srt_components//,/ }; do echo -n ' --component' $c; done)" >> $GITHUB_OUTPUT^[[0m
build (aarch64-apple-darwin, macos-latest)	Run actions-rust-lang/setup-rust-toolchain@v1	2026-09-10T05:24:19.9266850Z ^[[36;1mecho "downgrade=" >> $GITHUB_OUTPUT^[[0m
build (aarch64-apple-darwin, macos-latest)	Run actions-rust-lang/setup-rust-toolchain@v1	2026-09-10T05:24:19.9276370Z shell: /opt/homebrew/bin/bash --noprofile --norc -e -o pipefail {0}
build (aarch64-apple-darwin, macos-latest)	Run actions-rust-lang/setup-rust-toolchain@v1	2026-09-10T05:24:19.9276650Z env:
build (aarch64-apple-darwin, macos-latest)	Run actions-rust-lang/setup-rust-toolchain@v1	2026-09-10T05:24:19.9276790Z   _srt_targets: 
build (aarch64-apple-darwin, macos-latest)	Run actions-rust-lang/setup-rust-toolchain@v1	2026-09-10T05:24:19.9276940Z   _srt_components: 
build (aarch64-apple-darwin, macos-latest)	Run actions-rust-lang/setup-rust-toolchain@v1	2026-09-10T05:24:19.9277130Z ##[endgroup]
build (aarch64-apple-darwin, macos-latest)	Run actions-rust-lang/setup-rust-toolchain@v1	2026-09-10T05:24:19.9665870Z ##[end-action id=__actions-rust-lang_setup-rust-toolchain.flags;outcome=success;conclusion=success;duration_ms=41]
build (aarch64-apple-darwin, macos-latest)	Run actions-rust-lang/setup-rust-toolchain@v1	2026-09-10T05:24:19.9688690Z ##[start-action display=Setting Environment Variables;id=__actions-rust-lang_setup-rust-toolchain.__run_2]
build (aarch64-apple-darwin, macos-latest)	Run actions-rust-lang/setup-rust-toolchain@v1	2026-09-10T05:24:19.9704800Z ##[group]Run if [[ ! -v CARGO_INCREMENTAL ]]; then
build (aarch64-apple-darwin, macos-latest)	Run actions-rust-lang/setup-rust-toolchain@v1	2026-09-10T05:24:19.9705080Z ^[[36;1mif [[ ! -v CARGO_INCREMENTAL ]]; then^[[0m
build (aarch64-apple-darwin, macos-latest)	Run actions-rust-lang/setup-rust-toolchain@v1	2026-09-10T05:24:19.9705340Z ^[[36;1m  echo "CARGO_INCREMENTAL=0" >> $GITHUB_ENV^[[0m
build (aarch64-apple-darwin, macos-latest)	Run actions-rust-lang/setup-rust-toolchain@v1	2026-09-10T05:24:19.9705880Z ^[[36;1mfi^[[0m
build (aarch64-apple-darwin, macos-latest)	Run actions-rust-lang/setup-rust-toolchain@v1	2026-09-10T05:24:19.9706040Z ^[[36;1mif [[ ! -v CARGO_PROFILE_DEV_DEBUG ]]; then^[[0m
build (aarch64-apple-darwin, macos-latest)	Run actions-rust-lang/setup-rust-toolchain@v1	2026-09-10T05:24:19.9706320Z ^[[36;1m  echo "CARGO_PROFILE_DEV_DEBUG=0" >> $GITHUB_ENV^[[0m
build (aarch64-apple-darwin, macos-latest)	Run actions-rust-lang/setup-rust-toolchain@v1	2026-09-10T05:24:19.9706550Z ^[[36;1mfi^[[0m
build (aarch64-apple-darwin, macos-latest)	Run actions-rust-lang/setup-rust-toolchain@v1	2026-09-10T05:24:19.9706710Z ^[[36;1mif [[ ! -v CARGO_TERM_COLOR ]]; then^[[0m
build (aarch64-apple-darwin, macos-latest)	Run actions-rust-lang/setup-rust-toolchain@v1	2026-09-10T05:24:19.9706960Z ^[[36;1m  echo "CARGO_TERM_COLOR=always" >> $GITHUB_ENV^[[0m
build (aarch64-apple-darwin, macos-latest)	Run actions-rust-lang/setup-rust-toolchain@v1	2026-09-10T05:24:19.9707210Z ^[[36;1mfi^[[0m
build (aarch64-apple-darwin, macos-latest)	Run actions-rust-lang/setup-rust-toolchain@v1	2026-09-10T05:24:19.9707380Z ^[[36;1mif [[ ! -v RUST_BACKTRACE ]]; then^[[0m
build (aarch64-apple-darwin, macos-latest)	Run actions-rust-lang/setup-rust-toolchain@v1	2026-09-10T05:24:19.9707620Z ^[[36;1m  echo "RUST_BACKTRACE=short" >> $GITHUB_ENV^[[0m
build (aarch64-apple-darwin, macos-latest)	Run actions-rust-lang/setup-rust-toolchain@v1	2026-09-10T05:24:19.9707830Z ^[[36;1mfi^[[0m
build (aarch64-apple-darwin, macos-latest)	Run actions-rust-lang/setup-rust-toolchain@v1	2026-09-10T05:24:19.9708090Z ^[[36;1mif [[ ( ! -v RUSTFLAGS ) && $_srt_NEW_RUSTFLAGS != "" ]]; then^[[0m
build (aarch64-apple-darwin, macos-latest)	Run actions-rust-lang/setup-rust-toolchain@v1	2026-09-10T05:24:19.9708400Z ^[[36;1m  echo "RUSTFLAGS=$_srt_NEW_RUSTFLAGS" >> $GITHUB_ENV^[[0m
build (aarch64-apple-darwin, macos-latest)	Run actions-rust-lang/setup-rust-toolchain@v1	2026-09-10T05:24:19.9708660Z ^[[36;1mfi^[[0m
build (aarch64-apple-darwin, macos-latest)	Run actions-rust-lang/setup-rust-toolchain@v1	2026-09-10T05:24:19.9708840Z ^[[36;1m# Enable faster sparse index on nightly^[[0m
build (aarch64-apple-darwin, macos-latest)	Run actions-rust-lang/setup-rust-toolchain@v1	2026-09-10T05:24:19.9709150Z ^[[36;1m# The value is ignored on stable and causes no problems^[[0m
build (aarch64-apple-darwin, macos-latest)	Run actions-rust-lang/setup-rust-toolchain@v1	2026-09-10T05:24:19.9709580Z ^[[36;1m# https://internals.rust-lang.org/t/call-for-testing-cargo-sparse-registry/16862^[[0m
build (aarch64-apple-darwin, macos-latest)	Run actions-rust-lang/setup-rust-toolchain@v1	2026-09-10T05:24:19.9709980Z ^[[36;1mif [[ ! -v CARGO_UNSTABLE_SPARSE_REGISTRY ]]; then^[[0m
build (aarch64-apple-darwin, macos-latest)	Run actions-rust-lang/setup-rust-toolchain@v1	2026-09-10T05:24:19.9710310Z ^[[36;1m  echo "CARGO_UNSTABLE_SPARSE_REGISTRY=true" >> $GITHUB_ENV^[[0m
build (aarch64-apple-darwin, macos-latest)	Run actions-rust-lang/setup-rust-toolchain@v1	2026-09-10T05:24:19.9710570Z ^[[36;1mfi^[[0m
build (aarch64-apple-darwin, macos-latest)	Run actions-rust-lang/setup-rust-toolchain@v1	2026-09-10T05:24:19.9710750Z ^[[36;1mif [[ ! -v CARGO_REGISTRIES_CRATES_IO_PROTOCOL ]]; then^[[0m
build (aarch64-apple-darwin, macos-latest)	Run actions-rust-lang/setup-rust-toolchain@v1	2026-09-10T05:24:19.9711110Z ^[[36;1m  echo "CARGO_REGISTRIES_CRATES_IO_PROTOCOL=sparse" >> $GITHUB_ENV^[[0m
build (aarch64-apple-darwin, macos-latest)	Run actions-rust-lang/setup-rust-toolchain@v1	2026-09-10T05:24:19.9711380Z ^[[36;1mfi^[[0m
build (aarch64-apple-darwin, macos-latest)	Run actions-rust-lang/setup-rust-toolchain@v1	2026-09-10T05:24:19.9720280Z shell: /opt/homebrew/bin/bash --noprofile --norc -e -o pipefail {0}
build (aarch64-apple-darwin, macos-latest)	Run actions-rust-lang/setup-rust-toolchain@v1	2026-09-10T05:24:19.9720540Z env:
build (aarch64-apple-darwin, macos-latest)	Run actions-rust-lang/setup-rust-toolchain@v1	2026-09-10T05:24:19.9720690Z   _srt_NEW_RUSTFLAGS: -D warnings
build (aarch64-apple-darwin, macos-latest)	Run actions-rust-lang/setup-rust-toolchain@v1	2026-09-10T05:24:19.9720870Z ##[endgroup]
build (aarch64-apple-darwin, macos-latest)	Run actions-rust-lang/setup-rust-toolchain@v1	2026-09-10T05:24:19.9961950Z ##[end-action id=__actions-rust-lang_setup-rust-toolchain.__run_2;outcome=success;conclusion=success;duration_ms=27]
build (aarch64-apple-darwin, macos-latest)	Run actions-rust-lang/setup-rust-toolchain@v1	2026-09-10T05:24:19.9963970Z ##[start-action display=Install Rust Problem Matcher;id=__actions-rust-lang_setup-rust-toolchain.__run_3]
build (aarch64-apple-darwin, macos-latest)	Run actions-rust-lang/setup-rust-toolchain@v1	2026-09-10T05:24:19.9979310Z ##[group]Run echo "::add-matcher::/Users/runner/work/_actions/actions-rust-lang/setup-rust-toolchain/v1/rust.json"
build (aarch64-apple-darwin, macos-latest)	Run actions-rust-lang/setup-rust-toolchain@v1	2026-09-10T05:24:19.9979900Z ^[[36;1mecho "::add-matcher::/Users/runner/work/_actions/actions-rust-lang/setup-rust-toolchain/v1/rust.json"^[[0m
build (aarch64-apple-darwin, macos-latest)	Run actions-rust-lang/setup-rust-toolchain@v1	2026-09-10T05:24:19.9988890Z shell: /opt/homebrew/bin/bash --noprofile --norc -e -o pipefail {0}
build (aarch64-apple-darwin, macos-latest)	Run actions-rust-lang/setup-rust-toolchain@v1	2026-09-10T05:24:19.9989170Z env:
build (aarch64-apple-darwin, macos-latest)	Run actions-rust-lang/setup-rust-toolchain@v1	2026-09-10T05:24:19.9989320Z   CARGO_INCREMENTAL: 0
build (aarch64-apple-darwin, macos-latest)	Run actions-rust-lang/setup-rust-toolchain@v1	2026-09-10T05:24:19.9989480Z   CARGO_PROFILE_DEV_DEBUG: 0
build (aarch64-apple-darwin, macos-latest)	Run actions-rust-lang/setup-rust-toolchain@v1	2026-09-10T05:24:19.9989660Z   CARGO_TERM_COLOR: always
build (aarch64-apple-darwin, macos-latest)	Run actions-rust-lang/setup-rust-toolchain@v1	2026-09-10T05:24:19.9989810Z   RUST_BACKTRACE: short
build (aarch64-apple-darwin, macos-latest)	Run actions-rust-lang/setup-rust-toolchain@v1	2026-09-10T05:24:19.9989980Z   RUSTFLAGS: -D warnings
build (aarch64-apple-darwin, macos-latest)	Run actions-rust-lang/setup-rust-toolchain@v1	2026-09-10T05:24:19.9990170Z   CARGO_UNSTABLE_SPARSE_REGISTRY: true
build (aarch64-apple-darwin, macos-latest)	Run actions-rust-lang/setup-rust-toolchain@v1	2026-09-10T05:24:19.9990380Z   CARGO_REGISTRIES_CRATES_IO_PROTOCOL: sparse
build (aarch64-apple-darwin, macos-latest)	Run actions-rust-lang/setup-rust-toolchain@v1	2026-09-10T05:24:19.9990590Z ##[endgroup]
build (aarch64-apple-darwin, macos-latest)	Run actions-rust-lang/setup-rust-toolchain@v1	2026-09-10T05:24:20.0232800Z ##[end-action id=__actions-rust-lang_setup-rust-toolchain.__run_3;outcome=success;conclusion=success;duration_ms=26]
build (aarch64-apple-darwin, macos-latest)	Run actions-rust-lang/setup-rust-toolchain@v1	2026-09-10T05:24:20.0235210Z ##[start-action display=Install rustup, if needed;id=__actions-rust-lang_setup-rust-toolchain.__run_4]
build (aarch64-apple-darwin, macos-latest)	Run actions-rust-lang/setup-rust-toolchain@v1	2026-09-10T05:24:20.0248430Z ##[group]Run if ! command -v rustup &> /dev/null ; then
build (aarch64-apple-darwin, macos-latest)	Run actions-rust-lang/setup-rust-toolchain@v1	2026-09-10T05:24:20.0248750Z ^[[36;1mif ! command -v rustup &> /dev/null ; then^[[0m
build (aarch64-apple-darwin, macos-latest)	Run actions-rust-lang/setup-rust-toolchain@v1	2026-09-10T05:24:20.0249470Z ^[[36;1m  curl --proto '=https' --tlsv1.2 --retry 10 --retry-connrefused -fsSL "https://sh.rustup.rs" | sh -s -- --default-toolchain none -y^[[0m
build (aarch64-apple-darwin, macos-latest)	Run actions-rust-lang/setup-rust-toolchain@v1	2026-09-10T05:24:20.0250050Z ^[[36;1m^[[0m
build (aarch64-apple-darwin, macos-latest)	Run actions-rust-lang/setup-rust-toolchain@v1	2026-09-10T05:24:20.0250250Z ^[[36;1m  # Resolve the correct CARGO_HOME path depending on OS^[[0m
build (aarch64-apple-darwin, macos-latest)	Run actions-rust-lang/setup-rust-toolchain@v1	2026-09-10T05:24:20.0250540Z ^[[36;1m  if [[ "$RUNNER_OS" == "Windows" ]]; then^[[0m
build (aarch64-apple-darwin, macos-latest)	Run actions-rust-lang/setup-rust-toolchain@v1	2026-09-10T05:24:20.0250900Z ^[[36;1m    echo "${CARGO_HOME:-$USERPROFILE/.cargo}/bin" | sed 's|/|\\|g' >> $GITHUB_PATH^[[0m
build (aarch64-apple-darwin, macos-latest)	Run actions-rust-lang/setup-rust-toolchain@v1	2026-09-10T05:24:20.0251280Z ^[[36;1m  else^[[0m
build (aarch64-apple-darwin, macos-latest)	Run actions-rust-lang/setup-rust-toolchain@v1	2026-09-10T05:24:20.0251770Z ^[[36;1m    echo "${CARGO_HOME:-$HOME/.cargo}/bin" >> $GITHUB_PATH^[[0m
build (aarch64-apple-darwin, macos-latest)	Run actions-rust-lang/setup-rust-toolchain@v1	2026-09-10T05:24:20.0252040Z ^[[36;1m  fi^[[0m
build (aarch64-apple-darwin, macos-latest)	Run actions-rust-lang/setup-rust-toolchain@v1	2026-09-10T05:24:20.0252180Z ^[[36;1mfi^[[0m
build (aarch64-apple-darwin, macos-latest)	Run actions-rust-lang/setup-rust-toolchain@v1	2026-09-10T05:24:20.0261520Z shell: /opt/homebrew/bin/bash --noprofile --norc -e -o pipefail {0}
build (aarch64-apple-darwin, macos-latest)	Run actions-rust-lang/setup-rust-toolchain@v1	2026-09-10T05:24:20.0261780Z env:
build (aarch64-apple-darwin, macos-latest)	Run actions-rust-lang/setup-rust-toolchain@v1	2026-09-10T05:24:20.0261920Z   CARGO_INCREMENTAL: 0
build (aarch64-apple-darwin, macos-latest)	Run actions-rust-lang/setup-rust-toolchain@v1	2026-09-10T05:24:20.0262220Z   CARGO_PROFILE_DEV_DEBUG: 0
build (aarch64-apple-darwin, macos-latest)	Run actions-rust-lang/setup-rust-toolchain@v1	2026-09-10T05:24:20.0262410Z   CARGO_TERM_COLOR: always
build (aarch64-apple-darwin, macos-latest)	Run actions-rust-lang/setup-rust-toolchain@v1	2026-09-10T05:24:20.0262580Z   RUST_BACKTRACE: short
build (aarch64-apple-darwin, macos-latest)	Run actions-rust-lang/setup-rust-toolchain@v1	2026-09-10T05:24:20.0262750Z   RUSTFLAGS: -D warnings
build (aarch64-apple-darwin, macos-latest)	Run actions-rust-lang/setup-rust-toolchain@v1	2026-09-10T05:24:20.0262940Z   CARGO_UNSTABLE_SPARSE_REGISTRY: true
build (aarch64-apple-darwin, macos-latest)	Run actions-rust-lang/setup-rust-toolchain@v1	2026-09-10T05:24:20.0263150Z   CARGO_REGISTRIES_CRATES_IO_PROTOCOL: sparse
build (aarch64-apple-darwin, macos-latest)	Run actions-rust-lang/setup-rust-toolchain@v1	2026-09-10T05:24:20.0263360Z   RUNNER_OS: macOS
build (aarch64-apple-darwin, macos-latest)	Run actions-rust-lang/setup-rust-toolchain@v1	2026-09-10T05:24:20.0263500Z ##[endgroup]
build (aarch64-apple-darwin, macos-latest)	Run actions-rust-lang/setup-rust-toolchain@v1	2026-09-10T05:24:20.0498670Z ##[end-action id=__actions-rust-lang_setup-rust-toolchain.__run_4;outcome=success;conclusion=success;duration_ms=26]
build (aarch64-apple-darwin, macos-latest)	Run actions-rust-lang/setup-rust-toolchain@v1	2026-09-10T05:24:20.0502210Z ##[start-action display=rustup toolchain install stable;id=__actions-rust-lang_setup-rust-toolchain.__run_5]
build (aarch64-apple-darwin, macos-latest)	Run actions-rust-lang/setup-rust-toolchain@v1	2026-09-10T05:24:20.0515450Z ##[group]Run # Check if value is set
build (aarch64-apple-darwin, macos-latest)	Run actions-rust-lang/setup-rust-toolchain@v1	2026-09-10T05:24:20.0515690Z ^[[36;1m# Check if value is set^[[0m
build (aarch64-apple-darwin, macos-latest)	Run actions-rust-lang/setup-rust-toolchain@v1	2026-09-10T05:24:20.0515890Z ^[[36;1mif [[ -n "$_srt_rust_src_dir" ]]^[[0m
build (aarch64-apple-darwin, macos-latest)	Run actions-rust-lang/setup-rust-toolchain@v1	2026-09-10T05:24:20.0516080Z ^[[36;1mthen^[[0m
build (aarch64-apple-darwin, macos-latest)	Run actions-rust-lang/setup-rust-toolchain@v1	2026-09-10T05:24:20.0516250Z ^[[36;1m  # If value is set the directory must exist^[[0m
build (aarch64-apple-darwin, macos-latest)	Run actions-rust-lang/setup-rust-toolchain@v1	2026-09-10T05:24:20.0516510Z ^[[36;1m  if [[ -d "$_srt_rust_src_dir" ]]^[[0m
build (aarch64-apple-darwin, macos-latest)	Run actions-rust-lang/setup-rust-toolchain@v1	2026-09-10T05:24:20.0516710Z ^[[36;1m  then^[[0m
build (aarch64-apple-darwin, macos-latest)	Run actions-rust-lang/setup-rust-toolchain@v1	2026-09-10T05:24:20.0516860Z ^[[36;1m    cd "$_srt_rust_src_dir"^[[0m
build (aarch64-apple-darwin, macos-latest)	Run actions-rust-lang/setup-rust-toolchain@v1	2026-09-10T05:24:20.0517030Z ^[[36;1m  else^[[0m
build (aarch64-apple-darwin, macos-latest)	Run actions-rust-lang/setup-rust-toolchain@v1	2026-09-10T05:24:20.0517260Z ^[[36;1m    echo "'rust-src-dir' does not point to an existing directory" >&2^[[0m
build (aarch64-apple-darwin, macos-latest)	Run actions-rust-lang/setup-rust-toolchain@v1	2026-09-10T05:24:20.0517600Z ^[[36;1m    echo "The value of 'rust-src-dir' is: ${_srt_rust_src_dir}" >&2^[[0m
build (aarch64-apple-darwin, macos-latest)	Run actions-rust-lang/setup-rust-toolchain@v1	2026-09-10T05:24:20.0517860Z ^[[36;1m    exit 1^[[0m
build (aarch64-apple-darwin, macos-latest)	Run actions-rust-lang/setup-rust-toolchain@v1	2026-09-10T05:24:20.0518000Z ^[[36;1m  fi^[[0m
build (aarch64-apple-darwin, macos-latest)	Run actions-rust-lang/setup-rust-toolchain@v1	2026-09-10T05:24:20.0518120Z ^[[36;1mfi^[[0m
build (aarch64-apple-darwin, macos-latest)	Run actions-rust-lang/setup-rust-toolchain@v1	2026-09-10T05:24:20.0518380Z ^[[36;1mif [[ -z "$_srt_toolchain" && ( -f "rust-toolchain" || -f "rust-toolchain.toml") ]]^[[0m
build (aarch64-apple-darwin, macos-latest)	Run actions-rust-lang/setup-rust-toolchain@v1	2026-09-10T05:24:20.0518680Z ^[[36;1mthen^[[0m
build (aarch64-apple-darwin, macos-latest)	Run actions-rust-lang/setup-rust-toolchain@v1	2026-09-10T05:24:20.0518870Z ^[[36;1m  # Install the toolchain as specified in the file^[[0m
build (aarch64-apple-darwin, macos-latest)	Run actions-rust-lang/setup-rust-toolchain@v1	2026-09-10T05:24:20.0519200Z ^[[36;1m  # rustup show is the old way that implicitly installed a toolchain^[[0m
build (aarch64-apple-darwin, macos-latest)	Run actions-rust-lang/setup-rust-toolchain@v1	2026-09-10T05:24:20.0519520Z ^[[36;1m  # rustup toolchain install is the new explicit way^[[0m
build (aarch64-apple-darwin, macos-latest)	Run actions-rust-lang/setup-rust-toolchain@v1	2026-09-10T05:24:20.0520050Z ^[[36;1m  # https://github.com/rust-lang/rustup/issues/3635#issuecomment-2343511297^[[0m
build (aarch64-apple-darwin, macos-latest)	Run actions-rust-lang/setup-rust-toolchain@v1	2026-09-10T05:24:20.0520440Z ^[[36;1m  rustup show active-toolchain || rustup toolchain install^[[0m
build (aarch64-apple-darwin, macos-latest)	Run actions-rust-lang/setup-rust-toolchain@v1	2026-09-10T05:24:20.0520740Z ^[[36;1m  if [[ -n $_srt_components ]]; then^[[0m
build (aarch64-apple-darwin, macos-latest)	Run actions-rust-lang/setup-rust-toolchain@v1	2026-09-10T05:24:20.0520990Z ^[[36;1m    rustup component add ${_srt_components//,/ }^[[0m
build (aarch64-apple-darwin, macos-latest)	Run actions-rust-lang/setup-rust-toolchain@v1	2026-09-10T05:24:20.0521210Z ^[[36;1m  fi^[[0m
build (aarch64-apple-darwin, macos-latest)	Run actions-rust-lang/setup-rust-toolchain@v1	2026-09-10T05:24:20.0521380Z ^[[36;1m  if [[ -n $_srt_targets ]]; then^[[0m
build (aarch64-apple-darwin, macos-latest)	Run actions-rust-lang/setup-rust-toolchain@v1	2026-09-10T05:24:20.0521610Z ^[[36;1m    rustup target add ${_srt_targets//,/ }^[[0m
build (aarch64-apple-darwin, macos-latest)	Run actions-rust-lang/setup-rust-toolchain@v1	2026-09-10T05:24:20.0521830Z ^[[36;1m  fi^[[0m
build (aarch64-apple-darwin, macos-latest)	Run actions-rust-lang/setup-rust-toolchain@v1	2026-09-10T05:24:20.0521960Z ^[[36;1melse^[[0m
build (aarch64-apple-darwin, macos-latest)	Run actions-rust-lang/setup-rust-toolchain@v1	2026-09-10T05:24:20.0522100Z ^[[36;1m  if [[ -z "$_srt_toolchain" ]]^[[0m
build (aarch64-apple-darwin, macos-latest)	Run actions-rust-lang/setup-rust-toolchain@v1	2026-09-10T05:24:20.0522280Z ^[[36;1m  then^[[0m
build (aarch64-apple-darwin, macos-latest)	Run actions-rust-lang/setup-rust-toolchain@v1	2026-09-10T05:24:20.0522420Z ^[[36;1m    _srt_toolchain=stable^[[0m
build (aarch64-apple-darwin, macos-latest)	Run actions-rust-lang/setup-rust-toolchain@v1	2026-09-10T05:24:20.0522590Z ^[[36;1m  fi^[[0m
build (aarch64-apple-darwin, macos-latest)	Run actions-rust-lang/setup-rust-toolchain@v1	2026-09-10T05:24:20.0522850Z ^[[36;1m  rustup toolchain install ${_srt_toolchain//,/ }  --profile minimal --no-self-update^[[0m
build (aarch64-apple-darwin, macos-latest)	Run actions-rust-lang/setup-rust-toolchain@v1	2026-09-10T05:24:20.0523180Z ^[[36;1m  # Take the last element from the list^[[0m
build (aarch64-apple-darwin, macos-latest)	Run actions-rust-lang/setup-rust-toolchain@v1	2026-09-10T05:24:20.0523400Z ^[[36;1m  if [[ "$_srt_override" == "true" ]]^[[0m
build (aarch64-apple-darwin, macos-latest)	Run actions-rust-lang/setup-rust-toolchain@v1	2026-09-10T05:24:20.0523590Z ^[[36;1m  then^[[0m
build (aarch64-apple-darwin, macos-latest)	Run actions-rust-lang/setup-rust-toolchain@v1	2026-09-10T05:24:20.0523770Z ^[[36;1m    rustup override set ${_srt_toolchain//*,/ }^[[0m
build (aarch64-apple-darwin, macos-latest)	Run actions-rust-lang/setup-rust-toolchain@v1	2026-09-10T05:24:20.0523990Z ^[[36;1m  fi^[[0m
build (aarch64-apple-darwin, macos-latest)	Run actions-rust-lang/setup-rust-toolchain@v1	2026-09-10T05:24:20.0524110Z ^[[36;1mfi^[[0m
build (aarch64-apple-darwin, macos-latest)	Run actions-rust-lang/setup-rust-toolchain@v1	2026-09-10T05:24:20.0532570Z shell: /opt/homebrew/bin/bash --noprofile --norc -e -o pipefail {0}
build (aarch64-apple-darwin, macos-latest)	Run actions-rust-lang/setup-rust-toolchain@v1	2026-09-10T05:24:20.0532830Z env:
build (aarch64-apple-darwin, macos-latest)	Run actions-rust-lang/setup-rust-toolchain@v1	2026-09-10T05:24:20.0532950Z   CARGO_INCREMENTAL: 0
build (aarch64-apple-darwin, macos-latest)	Run actions-rust-lang/setup-rust-toolchain@v1	2026-09-10T05:24:20.0533280Z   CARGO_PROFILE_DEV_DEBUG: 0
build (aarch64-apple-darwin, macos-latest)	Run actions-rust-lang/setup-rust-toolchain@v1	2026-09-10T05:24:20.0533450Z   CARGO_TERM_COLOR: always
build (aarch64-apple-darwin, macos-latest)	Run actions-rust-lang/setup-rust-toolchain@v1	2026-09-10T05:24:20.0533630Z   RUST_BACKTRACE: short
build (aarch64-apple-darwin, macos-latest)	Run actions-rust-lang/setup-rust-toolchain@v1	2026-09-10T05:24:20.0533800Z   RUSTFLAGS: -D warnings
build (aarch64-apple-darwin, macos-latest)	Run actions-rust-lang/setup-rust-toolchain@v1	2026-09-10T05:24:20.0533970Z   CARGO_UNSTABLE_SPARSE_REGISTRY: true
build (aarch64-apple-darwin, macos-latest)	Run actions-rust-lang/setup-rust-toolchain@v1	2026-09-10T05:24:20.0534190Z   CARGO_REGISTRIES_CRATES_IO_PROTOCOL: sparse
build (aarch64-apple-darwin, macos-latest)	Run actions-rust-lang/setup-rust-toolchain@v1	2026-09-10T05:24:20.0534390Z   _srt_toolchain: 
build (aarch64-apple-darwin, macos-latest)	Run actions-rust-lang/setup-rust-toolchain@v1	2026-09-10T05:24:20.0534540Z   _srt_targets: 
build (aarch64-apple-darwin, macos-latest)	Run actions-rust-lang/setup-rust-toolchain@v1	2026-09-10T05:24:20.0534690Z   _srt_components: 
build (aarch64-apple-darwin, macos-latest)	Run actions-rust-lang/setup-rust-toolchain@v1	2026-09-10T05:24:20.0534830Z   _srt_override: true
build (aarch64-apple-darwin, macos-latest)	Run actions-rust-lang/setup-rust-toolchain@v1	2026-09-10T05:24:20.0534980Z   _srt_rust_src_dir: 
build (aarch64-apple-darwin, macos-latest)	Run actions-rust-lang/setup-rust-toolchain@v1	2026-09-10T05:24:20.0535120Z ##[endgroup]
build (aarch64-apple-darwin, macos-latest)	Run actions-rust-lang/setup-rust-toolchain@v1	2026-09-10T05:24:20.3705640Z info: syncing channel updates for stable-aarch64-apple-darwin
build (aarch64-apple-darwin, macos-latest)	Run actions-rust-lang/setup-rust-toolchain@v1	2026-09-10T05:24:20.4927790Z info: latest update on 2026-09-03 for version 1.98.1 (48a229cea 2026-09-01)
build (aarch64-apple-darwin, macos-latest)	Run actions-rust-lang/setup-rust-toolchain@v1	2026-09-10T05:24:20.5017850Z info: removing previous version of component clippy
build (aarch64-apple-darwin, macos-latest)	Run actions-rust-lang/setup-rust-toolchain@v1	2026-09-10T05:24:20.5031660Z info: removing previous version of component rustfmt
build (aarch64-apple-darwin, macos-latest)	Run actions-rust-lang/setup-rust-toolchain@v1	2026-09-10T05:24:20.5042600Z info: removing previous version of component cargo
build (aarch64-apple-darwin, macos-latest)	Run actions-rust-lang/setup-rust-toolchain@v1	2026-09-10T05:24:20.5102400Z info: removing previous version of component rust-std
build (aarch64-apple-darwin, macos-latest)	Run actions-rust-lang/setup-rust-toolchain@v1	2026-09-10T05:24:20.5177440Z info: removing previous version of component rustc
build (aarch64-apple-darwin, macos-latest)	Run actions-rust-lang/setup-rust-toolchain@v1	2026-09-10T05:24:20.5246380Z info: downloading 5 components
build (aarch64-apple-darwin, macos-latest)	Run actions-rust-lang/setup-rust-toolchain@v1	2026-09-10T05:24:26.1399380Z 
build (aarch64-apple-darwin, macos-latest)	Run actions-rust-lang/setup-rust-toolchain@v1	2026-09-10T05:24:26.2072270Z   stable-aarch64-apple-darwin updated - rustc 1.98.1 (48a229cea 2026-09-01) (from rustc 1.98.0 (88d9e12ae 2026-08-18))
build (aarch64-apple-darwin, macos-latest)	Run actions-rust-lang/setup-rust-toolchain@v1	2026-09-10T05:24:26.2073320Z info: self-update is disabled for this build of rustup
build (aarch64-apple-darwin, macos-latest)	Run actions-rust-lang/setup-rust-toolchain@v1	2026-09-10T05:24:26.2073820Z 
build (aarch64-apple-darwin, macos-latest)	Run actions-rust-lang/setup-rust-toolchain@v1	2026-09-10T05:24:26.2074290Z info: any updates to rustup will need to be fetched with your system package manager
build (aarch64-apple-darwin, macos-latest)	Run actions-rust-lang/setup-rust-toolchain@v1	2026-09-10T05:24:26.2263830Z info: override toolchain for /Users/runner/work/vig/vig set to stable-aarch64-apple-darwin
build (aarch64-apple-darwin, macos-latest)	Run actions-rust-lang/setup-rust-toolchain@v1	2026-09-10T05:24:26.2298470Z ##[end-action id=__actions-rust-lang_setup-rust-toolchain.__run_5;outcome=success;conclusion=success;duration_ms=6179]
build (aarch64-apple-darwin, macos-latest)	Run actions-rust-lang/setup-rust-toolchain@v1	2026-09-10T05:24:26.2303120Z ##[start-action display=Print installed versions;id=__actions-rust-lang_setup-rust-toolchain.versions]
build (aarch64-apple-darwin, macos-latest)	Run actions-rust-lang/setup-rust-toolchain@v1	2026-09-10T05:24:26.2327930Z ##[group]Run echo "rustc-version=$(rustc --version)" >> $GITHUB_OUTPUT
build (aarch64-apple-darwin, macos-latest)	Run actions-rust-lang/setup-rust-toolchain@v1	2026-09-10T05:24:26.2328490Z ^[[36;1mecho "rustc-version=$(rustc --version)" >> $GITHUB_OUTPUT^[[0m
build (aarch64-apple-darwin, macos-latest)	Run actions-rust-lang/setup-rust-toolchain@v1	2026-09-10T05:24:26.2328910Z ^[[36;1mrustc --version --verbose^[[0m
build (aarch64-apple-darwin, macos-latest)	Run actions-rust-lang/setup-rust-toolchain@v1	2026-09-10T05:24:26.2329260Z ^[[36;1mecho "cargo-version=$(cargo --version)" >> $GITHUB_OUTPUT^[[0m
build (aarch64-apple-darwin, macos-latest)	Run actions-rust-lang/setup-rust-toolchain@v1	2026-09-10T05:24:26.2334800Z ^[[36;1mcargo --version --verbose^[[0m
build (aarch64-apple-darwin, macos-latest)	Run actions-rust-lang/setup-rust-toolchain@v1	2026-09-10T05:24:26.2335090Z ^[[36;1mecho "rustup-version=$(rustup --version)" >> $GITHUB_OUTPUT^[[0m
build (aarch64-apple-darwin, macos-latest)	Run actions-rust-lang/setup-rust-toolchain@v1	2026-09-10T05:24:26.2335430Z ^[[36;1mrustup --version^[[0m
build (aarch64-apple-darwin, macos-latest)	Run actions-rust-lang/setup-rust-toolchain@v1	2026-09-10T05:24:26.2335660Z ^[[36;1m^[[0m
build (aarch64-apple-darwin, macos-latest)	Run actions-rust-lang/setup-rust-toolchain@v1	2026-09-10T05:24:26.2336110Z ^[[36;1m_srt_DATE=$(rustc --version --verbose | sed -ne 's/^commit-date: \(20[0-9][0-9]\)-\([01][0-9]\)-\([0-3][0-9]\)$/\1\2\3/p')^[[0m
build (aarch64-apple-darwin, macos-latest)	Run actions-rust-lang/setup-rust-toolchain@v1	2026-09-10T05:24:26.2336660Z ^[[36;1m_srt_HASH=$(rustc --version --verbose | sed -ne 's/^commit-hash: //p')^[[0m
build (aarch64-apple-darwin, macos-latest)	Run actions-rust-lang/setup-rust-toolchain@v1	2026-09-10T05:24:26.2337200Z ^[[36;1mecho "cachekey=$(echo $_srt_DATE$_srt_HASH | head -c12)" >> $GITHUB_OUTPUT^[[0m
build (aarch64-apple-darwin, macos-latest)	Run actions-rust-lang/setup-rust-toolchain@v1	2026-09-10T05:24:26.2349600Z shell: /opt/homebrew/bin/bash --noprofile --norc -e -o pipefail {0}
build (aarch64-apple-darwin, macos-latest)	Run actions-rust-lang/setup-rust-toolchain@v1	2026-09-10T05:24:26.2349980Z env:
build (aarch64-apple-darwin, macos-latest)	Run actions-rust-lang/setup-rust-toolchain@v1	2026-09-10T05:24:26.2350200Z   CARGO_INCREMENTAL: 0
build (aarch64-apple-darwin, macos-latest)	Run actions-rust-lang/setup-rust-toolchain@v1	2026-09-10T05:24:26.2350490Z   CARGO_PROFILE_DEV_DEBUG: 0
build (aarch64-apple-darwin, macos-latest)	Run actions-rust-lang/setup-rust-toolchain@v1	2026-09-10T05:24:26.2350700Z   CARGO_TERM_COLOR: always
build (aarch64-apple-darwin, macos-latest)	Run actions-rust-lang/setup-rust-toolchain@v1	2026-09-10T05:24:26.2350920Z   RUST_BACKTRACE: short
build (aarch64-apple-darwin, macos-latest)	Run actions-rust-lang/setup-rust-toolchain@v1	2026-09-10T05:24:26.2351190Z   RUSTFLAGS: -D warnings
build (aarch64-apple-darwin, macos-latest)	Run actions-rust-lang/setup-rust-toolchain@v1	2026-09-10T05:24:26.2351420Z   CARGO_UNSTABLE_SPARSE_REGISTRY: true
build (aarch64-apple-darwin, macos-latest)	Run actions-rust-lang/setup-rust-toolchain@v1	2026-09-10T05:24:26.2351750Z   CARGO_REGISTRIES_CRATES_IO_PROTOCOL: sparse
build (aarch64-apple-darwin, macos-latest)	Run actions-rust-lang/setup-rust-toolchain@v1	2026-09-10T05:24:26.2352040Z ##[endgroup]
build (aarch64-apple-darwin, macos-latest)	Run actions-rust-lang/setup-rust-toolchain@v1	2026-09-10T05:24:26.3364890Z rustc 1.98.1 (48a229cea 2026-09-01)
build (aarch64-apple-darwin, macos-latest)	Run actions-rust-lang/setup-rust-toolchain@v1	2026-09-10T05:24:26.3400620Z binary: rustc
build (aarch64-apple-darwin, macos-latest)	Run actions-rust-lang/setup-rust-toolchain@v1	2026-09-10T05:24:26.3501240Z commit-hash: 48a229ceaefd4985c50990b14116b6d856af0985
build (aarch64-apple-darwin, macos-latest)	Run actions-rust-lang/setup-rust-toolchain@v1	2026-09-10T05:24:26.3528480Z commit-date: 2026-09-01
build (aarch64-apple-darwin, macos-latest)	Run actions-rust-lang/setup-rust-toolchain@v1	2026-09-10T05:24:26.3528890Z host: aarch64-apple-darwin
build (aarch64-apple-darwin, macos-latest)	Run actions-rust-lang/setup-rust-toolchain@v1	2026-09-10T05:24:26.3529300Z release: 1.98.1
build (aarch64-apple-darwin, macos-latest)	Run actions-rust-lang/setup-rust-toolchain@v1	2026-09-10T05:24:26.3529700Z LLVM version: 22.1.8
build (aarch64-apple-darwin, macos-latest)	Run actions-rust-lang/setup-rust-toolchain@v1	2026-09-10T05:24:26.4181630Z cargo 1.98.1 (797e8a9bc 2026-08-05)
build (aarch64-apple-darwin, macos-latest)	Run actions-rust-lang/setup-rust-toolchain@v1	2026-09-10T05:24:26.4208380Z release: 1.98.1
build (aarch64-apple-darwin, macos-latest)	Run actions-rust-lang/setup-rust-toolchain@v1	2026-09-10T05:24:26.4218670Z commit-hash: 797e8a9bca276c1c9f9f738d2a20f484fa4eea9d
build (aarch64-apple-darwin, macos-latest)	Run actions-rust-lang/setup-rust-toolchain@v1	2026-09-10T05:24:26.4308410Z info: This is the version for the rustup toolchain manager, not the rustc compiler.
build (aarch64-apple-darwin, macos-latest)	Run actions-rust-lang/setup-rust-toolchain@v1	2026-09-10T05:24:26.4308810Z commit-date: 2026-08-05
build (aarch64-apple-darwin, macos-latest)	Run actions-rust-lang/setup-rust-toolchain@v1	2026-09-10T05:24:26.4390050Z host: aarch64-apple-darwin
build (aarch64-apple-darwin, macos-latest)	Run actions-rust-lang/setup-rust-toolchain@v1	2026-09-10T05:24:26.4390890Z libgit2: 1.9.4 (sys:0.21.0 vendored)
build (aarch64-apple-darwin, macos-latest)	Run actions-rust-lang/setup-rust-toolchain@v1	2026-09-10T05:24:26.4391370Z libcurl: 8.7.1 (sys:0.4.90+curl-8.21.0 system ssl:(SecureTransport) LibreSSL/3.3.6)
build (aarch64-apple-darwin, macos-latest)	Run actions-rust-lang/setup-rust-toolchain@v1	2026-09-10T05:24:26.4391890Z ssl: OpenSSL 3.6.3 9 Jun 2026
build (aarch64-apple-darwin, macos-latest)	Run actions-rust-lang/setup-rust-toolchain@v1	2026-09-10T05:24:26.4392320Z os: Mac OS 26.6.2 [64-bit]
build (aarch64-apple-darwin, macos-latest)	Run actions-rust-lang/setup-rust-toolchain@v1	2026-09-10T05:24:26.4490450Z info: the currently active `rustc` version is `rustc 1.98.1 (48a229cea 2026-09-01)`
build (aarch64-apple-darwin, macos-latest)	Run actions-rust-lang/setup-rust-toolchain@v1	2026-09-10T05:24:26.4583690Z info: This is the version for the rustup toolchain manager, not the rustc compiler.
build (aarch64-apple-darwin, macos-latest)	Run actions-rust-lang/setup-rust-toolchain@v1	2026-09-10T05:24:26.4584170Z rustup 1.29.0 (2026-03-05)
build (aarch64-apple-darwin, macos-latest)	Run actions-rust-lang/setup-rust-toolchain@v1	2026-09-10T05:24:26.4774960Z info: the currently active `rustc` version is `rustc 1.98.1 (48a229cea 2026-09-01)`
build (aarch64-apple-darwin, macos-latest)	Run actions-rust-lang/setup-rust-toolchain@v1	2026-09-10T05:24:26.5398580Z ##[end-action id=__actions-rust-lang_setup-rust-toolchain.versions;outcome=success;conclusion=success;duration_ms=309]
build (aarch64-apple-darwin, macos-latest)	Run actions-rust-lang/setup-rust-toolchain@v1	2026-09-10T05:24:26.5411690Z ##[start-action display=Downgrade registry access protocol when needed;id=__actions-rust-lang_setup-rust-toolchain.__run_6]
build (aarch64-apple-darwin, macos-latest)	Run actions-rust-lang/setup-rust-toolchain@v1	2026-09-10T05:24:26.5433260Z ##[group]Run # Not all versions support setting CARGO_REGISTRIES_CRATES_IO_PROTOCOL
build (aarch64-apple-darwin, macos-latest)	Run actions-rust-lang/setup-rust-toolchain@v1	2026-09-10T05:24:26.5433760Z ^[[36;1m# Not all versions support setting CARGO_REGISTRIES_CRATES_IO_PROTOCOL^[[0m
build (aarch64-apple-darwin, macos-latest)	Run actions-rust-lang/setup-rust-toolchain@v1	2026-09-10T05:24:26.5434250Z ^[[36;1m# On versions 1.66, 1.67, and 1.68.0-nightly the value "sparse" is still unstable.^[[0m
build (aarch64-apple-darwin, macos-latest)	Run actions-rust-lang/setup-rust-toolchain@v1	2026-09-10T05:24:26.5434840Z ^[[36;1m# https://github.com/dtolnay/rust-toolchain/pull/69#discussion_r1107268108^[[0m
build (aarch64-apple-darwin, macos-latest)	Run actions-rust-lang/setup-rust-toolchain@v1	2026-09-10T05:24:26.5435380Z ^[[36;1m# If we detect an incompatible value, set it to "git" which is always supported.^[[0m
build (aarch64-apple-darwin, macos-latest)	Run actions-rust-lang/setup-rust-toolchain@v1	2026-09-10T05:24:26.5436070Z ^[[36;1mif [[ "rustc 1.98.1 (48a229cea 2026-09-01)" =~ ^rustc\ (1\.6[67]\.|1\.68\.0-nightly) && "${CARGO_REGISTRIES_CRATES_IO_PROTOCOL}" == "sparse" ]]; then^[[0m
build (aarch64-apple-darwin, macos-latest)	Run actions-rust-lang/setup-rust-toolchain@v1	2026-09-10T05:24:26.5436650Z ^[[36;1m  echo "Downgrade cargo registry protocol to git"^[[0m
build (aarch64-apple-darwin, macos-latest)	Run actions-rust-lang/setup-rust-toolchain@v1	2026-09-10T05:24:26.5437130Z ^[[36;1m  echo "CARGO_REGISTRIES_CRATES_IO_PROTOCOL=git" >> $GITHUB_ENV^[[0m
build (aarch64-apple-darwin, macos-latest)	Run actions-rust-lang/setup-rust-toolchain@v1	2026-09-10T05:24:26.5437470Z ^[[36;1mfi^[[0m
build (aarch64-apple-darwin, macos-latest)	Run actions-rust-lang/setup-rust-toolchain@v1	2026-09-10T05:24:26.5447710Z shell: /opt/homebrew/bin/bash --noprofile --norc -e -o pipefail {0}
build (aarch64-apple-darwin, macos-latest)	Run actions-rust-lang/setup-rust-toolchain@v1	2026-09-10T05:24:26.5448390Z env:
build (aarch64-apple-darwin, macos-latest)	Run actions-rust-lang/setup-rust-toolchain@v1	2026-09-10T05:24:26.5448560Z   CARGO_INCREMENTAL: 0
build (aarch64-apple-darwin, macos-latest)	Run actions-rust-lang/setup-rust-toolchain@v1	2026-09-10T05:24:26.5448750Z   CARGO_PROFILE_DEV_DEBUG: 0
build (aarch64-apple-darwin, macos-latest)	Run actions-rust-lang/setup-rust-toolchain@v1	2026-09-10T05:24:26.5449080Z   CARGO_TERM_COLOR: always
build (aarch64-apple-darwin, macos-latest)	Run actions-rust-lang/setup-rust-toolchain@v1	2026-09-10T05:24:26.5449320Z   RUST_BACKTRACE: short
build (aarch64-apple-darwin, macos-latest)	Run actions-rust-lang/setup-rust-toolchain@v1	2026-09-10T05:24:26.5449950Z   RUSTFLAGS: -D warnings
build (aarch64-apple-darwin, macos-latest)	Run actions-rust-lang/setup-rust-toolchain@v1	2026-09-10T05:24:26.5450210Z   CARGO_UNSTABLE_SPARSE_REGISTRY: true
build (aarch64-apple-darwin, macos-latest)	Run actions-rust-lang/setup-rust-toolchain@v1	2026-09-10T05:24:26.5450500Z   CARGO_REGISTRIES_CRATES_IO_PROTOCOL: sparse
build (aarch64-apple-darwin, macos-latest)	Run actions-rust-lang/setup-rust-toolchain@v1	2026-09-10T05:24:26.5450780Z ##[endgroup]
build (aarch64-apple-darwin, macos-latest)	Run actions-rust-lang/setup-rust-toolchain@v1	2026-09-10T05:24:26.5764680Z ##[end-action id=__actions-rust-lang_setup-rust-toolchain.__run_6;outcome=success;conclusion=success;duration_ms=35]
build (aarch64-apple-darwin, macos-latest)	Run actions-rust-lang/setup-rust-toolchain@v1	2026-09-10T05:24:26.5767290Z ##[start-action display=Setup Rust Caching;id=__actions-rust-lang_setup-rust-toolchain.__Swatinem_rust-cache]
build (aarch64-apple-darwin, macos-latest)	Run actions-rust-lang/setup-rust-toolchain@v1	2026-09-10T05:24:26.5815830Z ##[group]Run Swatinem/rust-cache@c19371144df3bb44fab255c43d04cbc2ab54d1c4
build (aarch64-apple-darwin, macos-latest)	Run actions-rust-lang/setup-rust-toolchain@v1	2026-09-10T05:24:26.5816160Z with:
build (aarch64-apple-darwin, macos-latest)	Run actions-rust-lang/setup-rust-toolchain@v1	2026-09-10T05:24:26.5816310Z   cache-on-failure: true
build (aarch64-apple-darwin, macos-latest)	Run actions-rust-lang/setup-rust-toolchain@v1	2026-09-10T05:24:26.5816540Z   cache-bin: true
build (aarch64-apple-darwin, macos-latest)	Run actions-rust-lang/setup-rust-toolchain@v1	2026-09-10T05:24:26.5816710Z   cache-provider: github
build (aarch64-apple-darwin, macos-latest)	Run actions-rust-lang/setup-rust-toolchain@v1	2026-09-10T05:24:26.5816880Z   cache-all-crates: false
build (aarch64-apple-darwin, macos-latest)	Run actions-rust-lang/setup-rust-toolchain@v1	2026-09-10T05:24:26.5817080Z   cache-workspace-crates: false
build (aarch64-apple-darwin, macos-latest)	Run actions-rust-lang/setup-rust-toolchain@v1	2026-09-10T05:24:26.5817280Z   cache-targets: true
build (aarch64-apple-darwin, macos-latest)	Run actions-rust-lang/setup-rust-toolchain@v1	2026-09-10T05:24:26.5817440Z   save-if: true
build (aarch64-apple-darwin, macos-latest)	Run actions-rust-lang/setup-rust-toolchain@v1	2026-09-10T05:24:26.5817610Z   prefix-key: v0-rust
build (aarch64-apple-darwin, macos-latest)	Run actions-rust-lang/setup-rust-toolchain@v1	2026-09-10T05:24:26.5817770Z   add-job-id-key: true
build (aarch64-apple-darwin, macos-latest)	Run actions-rust-lang/setup-rust-toolchain@v1	2026-09-10T05:24:26.5817970Z   add-rust-environment-hash-key: true
build (aarch64-apple-darwin, macos-latest)	Run actions-rust-lang/setup-rust-toolchain@v1	2026-09-10T05:24:26.5818170Z   lookup-only: false
build (aarch64-apple-darwin, macos-latest)	Run actions-rust-lang/setup-rust-toolchain@v1	2026-09-10T05:24:26.5818340Z   cmd-format: {0}
build (aarch64-apple-darwin, macos-latest)	Run actions-rust-lang/setup-rust-toolchain@v1	2026-09-10T05:24:26.5818480Z env:
build (aarch64-apple-darwin, macos-latest)	Run actions-rust-lang/setup-rust-toolchain@v1	2026-09-10T05:24:26.5818860Z   CARGO_INCREMENTAL: 0
build (aarch64-apple-darwin, macos-latest)	Run actions-rust-lang/setup-rust-toolchain@v1	2026-09-10T05:24:26.5819050Z   CARGO_PROFILE_DEV_DEBUG: 0
build (aarch64-apple-darwin, macos-latest)	Run actions-rust-lang/setup-rust-toolchain@v1	2026-09-10T05:24:26.5819230Z   CARGO_TERM_COLOR: always
build (aarch64-apple-darwin, macos-latest)	Run actions-rust-lang/setup-rust-toolchain@v1	2026-09-10T05:24:26.5819420Z   RUST_BACKTRACE: short
build (aarch64-apple-darwin, macos-latest)	Run actions-rust-lang/setup-rust-toolchain@v1	2026-09-10T05:24:26.5819590Z   RUSTFLAGS: -D warnings
build (aarch64-apple-darwin, macos-latest)	Run actions-rust-lang/setup-rust-toolchain@v1	2026-09-10T05:24:26.5819790Z   CARGO_UNSTABLE_SPARSE_REGISTRY: true
build (aarch64-apple-darwin, macos-latest)	Run actions-rust-lang/setup-rust-toolchain@v1	2026-09-10T05:24:26.5820040Z   CARGO_REGISTRIES_CRATES_IO_PROTOCOL: sparse
build (aarch64-apple-darwin, macos-latest)	Run actions-rust-lang/setup-rust-toolchain@v1	2026-09-10T05:24:26.5820260Z ##[endgroup]
build (aarch64-apple-darwin, macos-latest)	Run actions-rust-lang/setup-rust-toolchain@v1	2026-09-10T05:24:26.8946610Z (node:3213) [DEP0040] DeprecationWarning: The `punycode` module is deprecated. Please use a userland alternative instead.
build (aarch64-apple-darwin, macos-latest)	Run actions-rust-lang/setup-rust-toolchain@v1	2026-09-10T05:24:26.8947480Z (Use `node --trace-deprecation ...` to show where the warning was created)
build (aarch64-apple-darwin, macos-latest)	Run actions-rust-lang/setup-rust-toolchain@v1	2026-09-10T05:24:27.0797510Z ##[group]Cache Configuration
build (aarch64-apple-darwin, macos-latest)	Run actions-rust-lang/setup-rust-toolchain@v1	2026-09-10T05:24:27.0798050Z Cache Provider:
build (aarch64-apple-darwin, macos-latest)	Run actions-rust-lang/setup-rust-toolchain@v1	2026-09-10T05:24:27.0798320Z     github
build (aarch64-apple-darwin, macos-latest)	Run actions-rust-lang/setup-rust-toolchain@v1	2026-09-10T05:24:27.0798670Z Workspaces:
build (aarch64-apple-darwin, macos-latest)	Run actions-rust-lang/setup-rust-toolchain@v1	2026-09-10T05:24:27.0799020Z     /Users/runner/work/vig/vig
build (aarch64-apple-darwin, macos-latest)	Run actions-rust-lang/setup-rust-toolchain@v1	2026-09-10T05:24:27.0803240Z Cache Paths:
build (aarch64-apple-darwin, macos-latest)	Run actions-rust-lang/setup-rust-toolchain@v1	2026-09-10T05:24:27.0803650Z     /Users/runner/.cargo/bin
build (aarch64-apple-darwin, macos-latest)	Run actions-rust-lang/setup-rust-toolchain@v1	2026-09-10T05:24:27.0803960Z     /Users/runner/.cargo/.crates.toml
build (aarch64-apple-darwin, macos-latest)	Run actions-rust-lang/setup-rust-toolchain@v1	2026-09-10T05:24:27.0804290Z     /Users/runner/.cargo/.crates2.json
build (aarch64-apple-darwin, macos-latest)	Run actions-rust-lang/setup-rust-toolchain@v1	2026-09-10T05:24:27.0805780Z     /Users/runner/.cargo/registry
build (aarch64-apple-darwin, macos-latest)	Run actions-rust-lang/setup-rust-toolchain@v1	2026-09-10T05:24:27.0806500Z     /Users/runner/.cargo/git
build (aarch64-apple-darwin, macos-latest)	Run actions-rust-lang/setup-rust-toolchain@v1	2026-09-10T05:24:27.0807910Z     /Users/runner/work/vig/vig/target
build (aarch64-apple-darwin, macos-latest)	Run actions-rust-lang/setup-rust-toolchain@v1	2026-09-10T05:24:27.0808480Z Restore Key:
build (aarch64-apple-darwin, macos-latest)	Run actions-rust-lang/setup-rust-toolchain@v1	2026-09-10T05:24:27.0813890Z     v0-rust-build-Darwin-arm64-2aa5c948
build (aarch64-apple-darwin, macos-latest)	Run actions-rust-lang/setup-rust-toolchain@v1	2026-09-10T05:24:27.0823420Z Cache Key:
build (aarch64-apple-darwin, macos-latest)	Run actions-rust-lang/setup-rust-toolchain@v1	2026-09-10T05:24:27.0824480Z     v0-rust-build-Darwin-arm64-2aa5c948-eb78a9df
build (aarch64-apple-darwin, macos-latest)	Run actions-rust-lang/setup-rust-toolchain@v1	2026-09-10T05:24:27.0824840Z .. Prefix:
build (aarch64-apple-darwin, macos-latest)	Run actions-rust-lang/setup-rust-toolchain@v1	2026-09-10T05:24:27.0825090Z   - v0-rust-build-Darwin-arm64
build (aarch64-apple-darwin, macos-latest)	Run actions-rust-lang/setup-rust-toolchain@v1	2026-09-10T05:24:27.0825430Z .. Environment considered:
build (aarch64-apple-darwin, macos-latest)	Run actions-rust-lang/setup-rust-toolchain@v1	2026-09-10T05:24:27.0825730Z   - Rust Versions:
build (aarch64-apple-darwin, macos-latest)	Run actions-rust-lang/setup-rust-toolchain@v1	2026-09-10T05:24:27.0826080Z     - 1.98.1 aarch64-apple-darwin 48a229ceaefd4985c50990b14116b6d856af0985
build (aarch64-apple-darwin, macos-latest)	Run actions-rust-lang/setup-rust-toolchain@v1	2026-09-10T05:24:27.0826600Z     - 1.98.1 aarch64-apple-darwin 48a229ceaefd4985c50990b14116b6d856af0985
build (aarch64-apple-darwin, macos-latest)	Run actions-rust-lang/setup-rust-toolchain@v1	2026-09-10T05:24:27.0827020Z   - CARGO_INCREMENTAL
build (aarch64-apple-darwin, macos-latest)	Run actions-rust-lang/setup-rust-toolchain@v1	2026-09-10T05:24:27.0827300Z   - CARGO_PROFILE_DEV_DEBUG
build (aarch64-apple-darwin, macos-latest)	Run actions-rust-lang/setup-rust-toolchain@v1	2026-09-10T05:24:27.0827580Z   - CARGO_REGISTRIES_CRATES_IO_PROTOCOL
build (aarch64-apple-darwin, macos-latest)	Run actions-rust-lang/setup-rust-toolchain@v1	2026-09-10T05:24:27.0827880Z   - CARGO_TERM_COLOR
build (aarch64-apple-darwin, macos-latest)	Run actions-rust-lang/setup-rust-toolchain@v1	2026-09-10T05:24:27.0828120Z   - CARGO_UNSTABLE_SPARSE_REGISTRY
build (aarch64-apple-darwin, macos-latest)	Run actions-rust-lang/setup-rust-toolchain@v1	2026-09-10T05:24:27.0828380Z   - RUST_BACKTRACE
build (aarch64-apple-darwin, macos-latest)	Run actions-rust-lang/setup-rust-toolchain@v1	2026-09-10T05:24:27.0828620Z   - RUSTFLAGS
build (aarch64-apple-darwin, macos-latest)	Run actions-rust-lang/setup-rust-toolchain@v1	2026-09-10T05:24:27.0828840Z .. Lockfiles considered:
build (aarch64-apple-darwin, macos-latest)	Run actions-rust-lang/setup-rust-toolchain@v1	2026-09-10T05:24:27.0829990Z   - /Users/runner/work/vig/vig/Cargo.lock
build (aarch64-apple-darwin, macos-latest)	Run actions-rust-lang/setup-rust-toolchain@v1	2026-09-10T05:24:27.0830300Z   - /Users/runner/work/vig/vig/Cargo.toml
build (aarch64-apple-darwin, macos-latest)	Run actions-rust-lang/setup-rust-toolchain@v1	2026-09-10T05:24:27.0830870Z ##[endgroup]
build (aarch64-apple-darwin, macos-latest)	Run actions-rust-lang/setup-rust-toolchain@v1	2026-09-10T05:24:27.0831710Z 
build (aarch64-apple-darwin, macos-latest)	Run actions-rust-lang/setup-rust-toolchain@v1	2026-09-10T05:24:27.0831850Z ... Restoring cache ...
build (aarch64-apple-darwin, macos-latest)	Run actions-rust-lang/setup-rust-toolchain@v1	2026-09-10T05:24:27.1461840Z No cache found.
build (aarch64-apple-darwin, macos-latest)	Run actions-rust-lang/setup-rust-toolchain@v1	2026-09-10T05:24:27.1506990Z ##[end-action id=__actions-rust-lang_setup-rust-toolchain.__Swatinem_rust-cache;outcome=success;conclusion=success;duration_ms=573]
build (aarch64-apple-darwin, macos-latest)	Build	﻿2026-09-10T05:24:27.1553430Z ##[group]Run cargo build --locked --release --features vendored
build (aarch64-apple-darwin, macos-latest)	Build	2026-09-10T05:24:27.1553830Z ^[[36;1mcargo build --locked --release --features vendored^[[0m
build (aarch64-apple-darwin, macos-latest)	Build	2026-09-10T05:24:27.1563880Z shell: /opt/homebrew/bin/bash -e {0}
build (aarch64-apple-darwin, macos-latest)	Build	2026-09-10T05:24:27.1564080Z env:
build (aarch64-apple-darwin, macos-latest)	Build	2026-09-10T05:24:27.1564210Z   CARGO_INCREMENTAL: 0
build (aarch64-apple-darwin, macos-latest)	Build	2026-09-10T05:24:27.1564400Z   CARGO_PROFILE_DEV_DEBUG: 0
build (aarch64-apple-darwin, macos-latest)	Build	2026-09-10T05:24:27.1564610Z   CARGO_TERM_COLOR: always
build (aarch64-apple-darwin, macos-latest)	Build	2026-09-10T05:24:27.1564780Z   RUST_BACKTRACE: short
build (aarch64-apple-darwin, macos-latest)	Build	2026-09-10T05:24:27.1564960Z   RUSTFLAGS: -D warnings
build (aarch64-apple-darwin, macos-latest)	Build	2026-09-10T05:24:27.1565160Z   CARGO_UNSTABLE_SPARSE_REGISTRY: true
build (aarch64-apple-darwin, macos-latest)	Build	2026-09-10T05:24:27.1565410Z   CARGO_REGISTRIES_CRATES_IO_PROTOCOL: sparse
build (aarch64-apple-darwin, macos-latest)	Build	2026-09-10T05:24:27.1565660Z   CACHE_ON_FAILURE: true
build (aarch64-apple-darwin, macos-latest)	Build	2026-09-10T05:24:27.1565820Z ##[endgroup]
build (aarch64-apple-darwin, macos-latest)	Build	2026-09-10T05:24:27.2687540Z ^[[1m^[[92m    Updating^[[0m crates.io index
build (aarch64-apple-darwin, macos-latest)	Build	2026-09-10T05:24:27.9074540Z ^[[1m^[[92m Downloading^[[0m crates ...
build (aarch64-apple-darwin, macos-latest)	Build	2026-09-10T05:24:27.9542320Z ^[[1m^[[92m  Downloaded^[[0m pin-utils v0.1.0
build (aarch64-apple-darwin, macos-latest)	Build	2026-09-10T05:24:27.9578650Z ^[[1m^[[92m  Downloaded^[[0m potential_utf v0.1.4
build (aarch64-apple-darwin, macos-latest)	Build	2026-09-10T05:24:27.9603790Z ^[[1m^[[92m  Downloaded^[[0m powerfmt v0.2.0
build (aarch64-apple-darwin, macos-latest)	Build	2026-09-10T05:24:27.9627820Z ^[[1m^[[92m  Downloaded^[[0m radium v0.7.0
build (aarch64-apple-darwin, macos-latest)	Build	2026-09-10T05:24:27.9642880Z ^[[1m^[[92m  Downloaded^[[0m ppv-lite86 v0.2.21
build (aarch64-apple-darwin, macos-latest)	Build	2026-09-10T05:24:27.9667770Z ^[[1m^[[92m  Downloaded^[[0m rustc-hash v2.1.1
build (aarch64-apple-darwin, macos-latest)	Build	2026-09-10T05:24:27.9689250Z ^[[1m^[[92m  Downloaded^[[0m pin-project-lite v0.2.16
build (aarch64-apple-darwin, macos-latest)	Build	2026-09-10T05:24:27.9860160Z ^[[1m^[[92m  Downloaded^[[0m quinn-udp v0.5.14
build (aarch64-apple-darwin, macos-latest)	Build	2026-09-10T05:24:27.9892700Z ^[[1m^[[92m  Downloaded^[[0m quote v1.0.44
build (aarch64-apple-darwin, macos-latest)	Build	2026-09-10T05:24:27.9940150Z ^[[1m^[[92m  Downloaded^[[0m ratatui-termwiz v0.1.0
build (aarch64-apple-darwin, macos-latest)	Build	2026-09-10T05:24:27.9956480Z ^[[1m^[[92m  Downloaded^[[0m ryu v1.0.23
build (aarch64-apple-darwin, macos-latest)	Build	2026-09-10T05:24:28.0042620Z ^[[1m^[[92m  Downloaded^[[0m rand v0.8.8
build (aarch64-apple-darwin, macos-latest)	Build	2026-09-10T05:24:28.0151790Z ^[[1m^[[92m  Downloaded^[[0m h2 v0.4.13
build (aarch64-apple-darwin, macos-latest)	Build	2026-09-10T05:24:28.0355670Z ^[[1m^[[92m  Downloaded^[[0m portable-atomic v1.13.1
build (aarch64-apple-darwin, macos-latest)	Build	2026-09-10T05:24:28.0497610Z ^[[1m^[[92m  Downloaded^[[0m anstyle-parse v0.2.7
build (aarch64-apple-darwin, macos-latest)	Build	2026-09-10T05:24:28.0527030Z ^[[1m^[[92m  Downloaded^[[0m regex-syntax v0.8.9
build (aarch64-apple-darwin, macos-latest)	Build	2026-09-10T05:24:28.0680460Z ^[[1m^[[92m  Downloaded^[[0m anstyle v1.0.13
build (aarch64-apple-darwin, macos-latest)	Build	2026-09-10T05:24:28.0720350Z ^[[1m^[[92m  Downloaded^[[0m base64-simd v0.8.0
build (aarch64-apple-darwin, macos-latest)	Build	2026-09-10T05:24:28.0752230Z ^[[1m^[[92m  Downloaded^[[0m darling v0.23.0
build (aarch64-apple-darwin, macos-latest)	Build	2026-09-10T05:24:28.0891420Z ^[[1m^[[92m  Downloaded^[[0m atomic-waker v1.1.2
build (aarch64-apple-darwin, macos-latest)	Build	2026-09-10T05:24:28.0924470Z ^[[1m^[[92m  Downloaded^[[0m anstyle-query v1.1.5
build (aarch64-apple-darwin, macos-latest)	Build	2026-09-10T05:24:28.0944370Z ^[[1m^[[92m  Downloaded^[[0m atomic v0.6.1
build (aarch64-apple-darwin, macos-latest)	Build	2026-09-10T05:24:28.0975630Z ^[[1m^[[92m  Downloaded^[[0m base64ct v1.8.3
build (aarch64-apple-darwin, macos-latest)	Build	2026-09-10T05:24:28.1063230Z ^[[1m^[[92m  Downloaded^[[0m console v0.15.11
build (aarch64-apple-darwin, macos-latest)	Build	2026-09-10T05:24:28.1137700Z ^[[1m^[[92m  Downloaded^[[0m futures-io v0.3.31
build (aarch64-apple-darwin, macos-latest)	Build	2026-09-10T05:24:28.1161350Z ^[[1m^[[92m  Downloaded^[[0m regex v1.12.3
build (aarch64-apple-darwin, macos-latest)	Build	2026-09-10T05:24:28.1286620Z ^[[1m^[[92m  Downloaded^[[0m signal-hook v0.3.18
build (aarch64-apple-darwin, macos-latest)	Build	2026-09-10T05:24:28.1356150Z ^[[1m^[[92m  Downloaded^[[0m signal-hook-mio v0.2.5
build (aarch64-apple-darwin, macos-latest)	Build	2026-09-10T05:24:28.1389850Z ^[[1m^[[92m  Downloaded^[[0m siphasher v1.0.2
build (aarch64-apple-darwin, macos-latest)	Build	2026-09-10T05:24:28.1461840Z ^[[1m^[[92m  Downloaded^[[0m spki v0.7.3
build (aarch64-apple-darwin, macos-latest)	Build	2026-09-10T05:24:28.1482600Z ^[[1m^[[92m  Downloaded^[[0m static_assertions v1.1.0
build (aarch64-apple-darwin, macos-latest)	Build	2026-09-10T05:24:28.1510170Z ^[[1m^[[92m  Downloaded^[[0m subtle v2.6.1
build (aarch64-apple-darwin, macos-latest)	Build	2026-09-10T05:24:28.1550350Z ^[[1m^[[92m  Downloaded^[[0m tap v1.0.1
build (aarch64-apple-darwin, macos-latest)	Build	2026-09-10T05:24:28.1844390Z ^[[1m^[[92m  Downloaded^[[0m tempfile v3.25.0
build (aarch64-apple-darwin, macos-latest)	Build	2026-09-10T05:24:28.1947820Z ^[[1m^[[92m  Downloaded^[[0m terminfo v0.9.0
build (aarch64-apple-darwin, macos-latest)	Build	2026-09-10T05:24:28.2015860Z ^[[1m^[[92m  Downloaded^[[0m thiserror v2.0.18
build (aarch64-apple-darwin, macos-latest)	Build	2026-09-10T05:24:28.2167730Z ^[[1m^[[92m  Downloaded^[[0m thiserror-impl v2.0.18
build (aarch64-apple-darwin, macos-latest)	Build	2026-09-10T05:24:28.2211140Z ^[[1m^[[92m  Downloaded^[[0m adler2 v2.0.1
build (aarch64-apple-darwin, macos-latest)	Build	2026-09-10T05:24:28.2239560Z ^[[1m^[[92m  Downloaded^[[0m aho-corasick v1.1.4
build (aarch64-apple-darwin, macos-latest)	Build	2026-09-10T05:24:28.2365580Z ^[[1m^[[92m  Downloaded^[[0m anstream v0.6.21
build (aarch64-apple-darwin, macos-latest)	Build	2026-09-10T05:24:28.2410950Z ^[[1m^[[92m  Downloaded^[[0m bit-vec v0.6.3
build (aarch64-apple-darwin, macos-latest)	Build	2026-09-10T05:24:28.2442950Z ^[[1m^[[92m  Downloaded^[[0m cfg_aliases v0.2.1
build (aarch64-apple-darwin, macos-latest)	Build	2026-09-10T05:24:28.2469130Z ^[[1m^[[92m  Downloaded^[[0m clap_lex v1.0.0
build (aarch64-apple-darwin, macos-latest)	Build	2026-09-10T05:24:28.2492550Z ^[[1m^[[92m  Downloaded^[[0m colorchoice v1.0.4
build (aarch64-apple-darwin, macos-latest)	Build	2026-09-10T05:24:28.2514720Z ^[[1m^[[92m  Downloaded^[[0m displaydoc v0.2.5
build (aarch64-apple-darwin, macos-latest)	Build	2026-09-10T05:24:28.2614490Z ^[[1m^[[92m  Downloaded^[[0m errno v0.3.14
build (aarch64-apple-darwin, macos-latest)	Build	2026-09-10T05:24:28.2651360Z ^[[1m^[[92m  Downloaded^[[0m fastrand v2.3.0
build (aarch64-apple-darwin, macos-latest)	Build	2026-09-10T05:24:28.2676870Z ^[[1m^[[92m  Downloaded^[[0m fax_derive v0.2.0
build (aarch64-apple-darwin, macos-latest)	Build	2026-09-10T05:24:28.2685730Z ^[[1m^[[92m  Downloaded^[[0m futures-core v0.3.31
build (aarch64-apple-darwin, macos-latest)	Build	2026-09-10T05:24:28.2708890Z ^[[1m^[[92m  Downloaded^[[0m generic-array v0.14.7
build (aarch64-apple-darwin, macos-latest)	Build	2026-09-10T05:24:28.2733590Z ^[[1m^[[92m  Downloaded^[[0m getrandom v0.3.4
build (aarch64-apple-darwin, macos-latest)	Build	2026-09-10T05:24:28.2807020Z ^[[1m^[[92m  Downloaded^[[0m gif v0.14.2
build (aarch64-apple-darwin, macos-latest)	Build	2026-09-10T05:24:28.2851120Z ^[[1m^[[92m  Downloaded^[[0m quick-error v2.0.1
build (aarch64-apple-darwin, macos-latest)	Build	2026-09-10T05:24:28.2874560Z ^[[1m^[[92m  Downloaded^[[0m quick-xml v0.38.4
build (aarch64-apple-darwin, macos-latest)	Build	2026-09-10T05:24:28.3007210Z ^[[1m^[[92m  Downloaded^[[0m serde_derive v1.0.228
build (aarch64-apple-darwin, macos-latest)	Build	2026-09-10T05:24:28.3063100Z ^[[1m^[[92m  Downloaded^[[0m serde_urlencoded v0.7.1
build (aarch64-apple-darwin, macos-latest)	Build	2026-09-10T05:24:28.3090150Z ^[[1m^[[92m  Downloaded^[[0m strsim v0.11.1
build (aarch64-apple-darwin, macos-latest)	Build	2026-09-10T05:24:28.3110320Z ^[[1m^[[92m  Downloaded^[[0m sync_wrapper v1.0.2
build (aarch64-apple-darwin, macos-latest)	Build	2026-09-10T05:24:28.3121160Z ^[[1m^[[92m  Downloaded^[[0m thiserror v1.0.69
build (aarch64-apple-darwin, macos-latest)	Build	2026-09-10T05:24:28.3233720Z ^[[1m^[[92m  Downloaded^[[0m bit-set v0.5.3
build (aarch64-apple-darwin, macos-latest)	Build	2026-09-10T05:24:28.3248230Z ^[[1m^[[92m  Downloaded^[[0m bit-set v0.8.0
build (aarch64-apple-darwin, macos-latest)	Build	2026-09-10T05:24:28.3265840Z ^[[1m^[[92m  Downloaded^[[0m bitflags v1.3.2
build (aarch64-apple-darwin, macos-latest)	Build	2026-09-10T05:24:28.3315390Z ^[[1m^[[92m  Downloaded^[[0m bitflags v2.11.0
build (aarch64-apple-darwin, macos-latest)	Build	2026-09-10T05:24:28.3386760Z ^[[1m^[[92m  Downloaded^[[0m crc32fast v1.5.0
build (aarch64-apple-darwin, macos-latest)	Build	2026-09-10T05:24:28.3413700Z ^[[1m^[[92m  Downloaded^[[0m pkcs8 v0.10.2
build (aarch64-apple-darwin, macos-latest)	Build	2026-09-10T05:24:28.3474760Z ^[[1m^[[92m  Downloaded^[[0m by_address v1.2.1
build (aarch64-apple-darwin, macos-latest)	Build	2026-09-10T05:24:28.3485760Z ^[[1m^[[92m  Downloaded^[[0m crypto-common v0.1.7
build (aarch64-apple-darwin, macos-latest)	Build	2026-09-10T05:24:28.3498240Z ^[[1m^[[92m  Downloaded^[[0m darling_macro v0.23.0
build (aarch64-apple-darwin, macos-latest)	Build	2026-09-10T05:24:28.3506950Z ^[[1m^[[92m  Downloaded^[[0m pkg-config v0.3.32
build (aarch64-apple-darwin, macos-latest)	Build	2026-09-10T05:24:28.3529220Z ^[[1m^[[92m  Downloaded^[[0m termios v0.3.3
build (aarch64-apple-darwin, macos-latest)	Build	2026-09-10T05:24:28.3558000Z ^[[1m^[[92m  Downloaded^[[0m strum v0.27.2
build (aarch64-apple-darwin, macos-latest)	Build	2026-09-10T05:24:28.3569690Z ^[[1m^[[92m  Downloaded^[[0m dirs v6.0.0
build (aarch64-apple-darwin, macos-latest)	Build	2026-09-10T05:24:28.3589470Z ^[[1m^[[92m  Downloaded^[[0m either v1.15.0
build (aarch64-apple-darwin, macos-latest)	Build	2026-09-10T05:24:28.3610030Z ^[[1m^[[92m  Downloaded^[[0m equivalent v1.0.2
build (aarch64-apple-darwin, macos-latest)	Build	2026-09-10T05:24:28.3623500Z ^[[1m^[[92m  Downloaded^[[0m fnv v1.0.7
build (aarch64-apple-darwin, macos-latest)	Build	2026-09-10T05:24:28.3636460Z ^[[1m^[[92m  Downloaded^[[0m base64 v0.22.1
build (aarch64-apple-darwin, macos-latest)	Build	2026-09-10T05:24:28.3709590Z ^[[1m^[[92m  Downloaded^[[0m block-buffer v0.10.4
build (aarch64-apple-darwin, macos-latest)	Build	2026-09-10T05:24:28.3723730Z ^[[1m^[[92m  Downloaded^[[0m byteorder-lite v0.1.0
build (aarch64-apple-darwin, macos-latest)	Build	2026-09-10T05:24:28.3737230Z ^[[1m^[[92m  Downloaded^[[0m cfg-if v1.0.4
build (aarch64-apple-darwin, macos-latest)	Build	2026-09-10T05:24:28.3754840Z ^[[1m^[[92m  Downloaded^[[0m cpufeatures v0.2.17
build (aarch64-apple-darwin, macos-latest)	Build	2026-09-10T05:24:28.3773730Z ^[[1m^[[92m  Downloaded^[[0m fax v0.2.6
build (aarch64-apple-darwin, macos-latest)	Build	2026-09-10T05:24:28.3794680Z ^[[1m^[[92m  Downloaded^[[0m fdeflate v0.3.7
build (aarch64-apple-darwin, macos-latest)	Build	2026-09-10T05:24:28.3816870Z ^[[1m^[[92m  Downloaded^[[0m dirs-sys v0.5.0
build (aarch64-apple-darwin, macos-latest)	Build	2026-09-10T05:24:28.3832820Z ^[[1m^[[92m  Downloaded^[[0m filedescriptor v0.8.3
build (aarch64-apple-darwin, macos-latest)	Build	2026-09-10T05:24:28.3848390Z ^[[1m^[[92m  Downloaded^[[0m filetime v0.2.27
build (aarch64-apple-darwin, macos-latest)	Build	2026-09-10T05:24:28.3873410Z ^[[1m^[[92m  Downloaded^[[0m find-msvc-tools v0.1.9
build (aarch64-apple-darwin, macos-latest)	Build	2026-09-10T05:24:28.3897450Z ^[[1m^[[92m  Downloaded^[[0m fixedbitset v0.4.2
build (aarch64-apple-darwin, macos-latest)	Build	2026-09-10T05:24:28.3915640Z ^[[1m^[[92m  Downloaded^[[0m form_urlencoded v1.2.2
build (aarch64-apple-darwin, macos-latest)	Build	2026-09-10T05:24:28.3941830Z ^[[1m^[[92m  Downloaded^[[0m fsevent-sys v4.1.0
build (aarch64-apple-darwin, macos-latest)	Build	2026-09-10T05:24:28.3953960Z ^[[1m^[[92m  Downloaded^[[0m funty v2.0.0
build (aarch64-apple-darwin, macos-latest)	Build	2026-09-10T05:24:28.3962930Z ^[[1m^[[92m  Downloaded^[[0m futures-sink v0.3.31
build (aarch64-apple-darwin, macos-latest)	Build	2026-09-10T05:24:28.3973200Z ^[[1m^[[92m  Downloaded^[[0m futures-task v0.3.31
build (aarch64-apple-darwin, macos-latest)	Build	2026-09-10T05:24:28.3990510Z ^[[1m^[[92m  Downloaded^[[0m rand_core v0.10.1
build (aarch64-apple-darwin, macos-latest)	Build	2026-09-10T05:24:28.4015140Z ^[[1m^[[92m  Downloaded^[[0m rustc_version v0.4.1
build (aarch64-apple-darwin, macos-latest)	Build	2026-09-10T05:24:28.4033380Z ^[[1m^[[92m  Downloaded^[[0m signal-hook-registry v1.4.8
build (aarch64-apple-darwin, macos-latest)	Build	2026-09-10T05:24:28.4049880Z ^[[1m^[[92m  Downloaded^[[0m signature v2.2.0
build (aarch64-apple-darwin, macos-latest)	Build	2026-09-10T05:24:28.4071070Z ^[[1m^[[92m  Downloaded^[[0m stable_deref_trait v1.2.1
build (aarch64-apple-darwin, macos-latest)	Build	2026-09-10T05:24:28.4083490Z ^[[1m^[[92m  Downloaded^[[0m linked-hash-map v0.5.6
build (aarch64-apple-darwin, macos-latest)	Build	2026-09-10T05:24:28.4098500Z ^[[1m^[[92m  Downloaded^[[0m num_threads v0.1.7
build (aarch64-apple-darwin, macos-latest)	Build	2026-09-10T05:24:28.4113690Z ^[[1m^[[92m  Downloaded^[[0m utf8_iter v1.0.4
build (aarch64-apple-darwin, macos-latest)	Build	2026-09-10T05:24:28.4128970Z ^[[1m^[[92m  Downloaded^[[0m version_check v0.9.5
build (aarch64-apple-darwin, macos-latest)	Build	2026-09-10T05:24:28.4147860Z ^[[1m^[[92m  Downloaded^[[0m vtparse v0.6.2
build (aarch64-apple-darwin, macos-latest)	Build	2026-09-10T05:24:28.4160650Z ^[[1m^[[92m  Downloaded^[[0m want v0.3.1
build (aarch64-apple-darwin, macos-latest)	Build	2026-09-10T05:24:28.4188100Z ^[[1m^[[92m  Downloaded^[[0m allocator-api2 v0.2.21
build (aarch64-apple-darwin, macos-latest)	Build	2026-09-10T05:24:28.4223190Z ^[[1m^[[92m  Downloaded^[[0m arboard v3.6.1
build (aarch64-apple-darwin, macos-latest)	Build	2026-09-10T05:24:28.4271370Z ^[[1m^[[92m  Downloaded^[[0m autocfg v1.5.0
build (aarch64-apple-darwin, macos-latest)	Build	2026-09-10T05:24:28.4291590Z ^[[1m^[[92m  Downloaded^[[0m bincode v1.3.3
build (aarch64-apple-darwin, macos-latest)	Build	2026-09-10T05:24:28.4324560Z ^[[1m^[[92m  Downloaded^[[0m bit-vec v0.8.0
build (aarch64-apple-darwin, macos-latest)	Build	2026-09-10T05:24:28.4345320Z ^[[1m^[[92m  Downloaded^[[0m bytemuck v1.25.0
build (aarch64-apple-darwin, macos-latest)	Build	2026-09-10T05:24:28.4396720Z ^[[1m^[[92m  Downloaded^[[0m bytemuck_derive v1.12.0
build (aarch64-apple-darwin, macos-latest)	Build	2026-09-10T05:24:28.4415330Z ^[[1m^[[92m  Downloaded^[[0m castaway v0.2.4
build (aarch64-apple-darwin, macos-latest)	Build	2026-09-10T05:24:28.4452690Z ^[[1m^[[92m  Downloaded^[[0m clap v4.5.58
build (aarch64-apple-darwin, macos-latest)	Build	2026-09-10T05:24:28.4610180Z ^[[1m^[[92m  Downloaded^[[0m clap_derive v4.5.55
build (aarch64-apple-darwin, macos-latest)	Build	2026-09-10T05:24:28.4642120Z ^[[1m^[[92m  Downloaded^[[0m color_quant v1.1.0
build (aarch64-apple-darwin, macos-latest)	Build	2026-09-10T05:24:28.4655470Z ^[[1m^[[92m  Downloaded^[[0m compact_str v0.9.0
build (aarch64-apple-darwin, macos-latest)	Build	2026-09-10T05:24:28.4720190Z ^[[1m^[[92m  Downloaded^[[0m const-oid v0.9.6
build (aarch64-apple-darwin, macos-latest)	Build	2026-09-10T05:24:28.4747500Z ^[[1m^[[92m  Downloaded^[[0m convert_case v0.10.0
build (aarch64-apple-darwin, macos-latest)	Build	2026-09-10T05:24:28.4772070Z ^[[1m^[[92m  Downloaded^[[0m csscolorparser v0.6.2
build (aarch64-apple-darwin, macos-latest)	Build	2026-09-10T05:24:28.4787570Z ^[[1m^[[92m  Downloaded^[[0m deranged v0.5.6
build (aarch64-apple-darwin, macos-latest)	Build	2026-09-10T05:24:28.4806090Z ^[[1m^[[92m  Downloaded^[[0m digest v0.10.7
build (aarch64-apple-darwin, macos-latest)	Build	2026-09-10T05:24:28.4831400Z ^[[1m^[[92m  Downloaded^[[0m dispatch2 v0.3.0
build (aarch64-apple-darwin, macos-latest)	Build	2026-09-10T05:24:28.4867870Z ^[[1m^[[92m  Downloaded^[[0m document-features v0.2.12
build (aarch64-apple-darwin, macos-latest)	Build	2026-09-10T05:24:28.4887040Z ^[[1m^[[92m  Downloaded^[[0m ed25519 v2.2.3
build (aarch64-apple-darwin, macos-latest)	Build	2026-09-10T05:24:28.4913510Z ^[[1m^[[92m  Downloaded^[[0m euclid v0.22.13
build (aarch64-apple-darwin, macos-latest)	Build	2026-09-10T05:24:28.4974320Z ^[[1m^[[92m  Downloaded^[[0m finl_unicode v1.4.0
build (aarch64-apple-darwin, macos-latest)	Build	2026-09-10T05:24:28.5013640Z ^[[1m^[[92m  Downloaded^[[0m foldhash v0.2.0
build (aarch64-apple-darwin, macos-latest)	Build	2026-09-10T05:24:28.5030610Z ^[[1m^[[92m  Downloaded^[[0m futures-channel v0.3.31
build (aarch64-apple-darwin, macos-latest)	Build	2026-09-10T05:24:28.5057240Z ^[[1m^[[92m  Downloaded^[[0m getrandom v0.2.17
build (aarch64-apple-darwin, macos-latest)	Build	2026-09-10T05:24:28.5104070Z ^[[1m^[[92m  Downloaded^[[0m getrandom v0.4.1
build (aarch64-apple-darwin, macos-latest)	Build	2026-09-10T05:24:28.5161810Z ^[[1m^[[92m  Downloaded^[[0m pulldown-cmark-escape v0.11.0
build (aarch64-apple-darwin, macos-latest)	Build	2026-09-10T05:24:28.5172290Z ^[[1m^[[92m  Downloaded^[[0m rand_chacha v0.3.1
build (aarch64-apple-darwin, macos-latest)	Build	2026-09-10T05:24:28.5188030Z ^[[1m^[[92m  Downloaded^[[0m rand_pcg v0.10.2
build (aarch64-apple-darwin, macos-latest)	Build	2026-09-10T05:24:28.5225800Z ^[[1m^[[92m  Downloaded^[[0m ratatui-crossterm v0.1.0
build (aarch64-apple-darwin, macos-latest)	Build	2026-09-10T05:24:28.5236620Z ^[[1m^[[92m  Downloaded^[[0m ref-cast v1.0.27
build (aarch64-apple-darwin, macos-latest)	Build	2026-09-10T05:24:28.5279860Z ^[[1m^[[92m  Downloaded^[[0m ref-cast-impl v1.0.27
build (aarch64-apple-darwin, macos-latest)	Build	2026-09-10T05:24:28.5290530Z ^[[1m^[[92m  Downloaded^[[0m same-file v1.0.6
build (aarch64-apple-darwin, macos-latest)	Build	2026-09-10T05:24:28.5309710Z ^[[1m^[[92m  Downloaded^[[0m scopeguard v1.2.0
build (aarch64-apple-darwin, macos-latest)	Build	2026-09-10T05:24:28.5324580Z ^[[1m^[[92m  Downloaded^[[0m self-replace v1.5.0
build (aarch64-apple-darwin, macos-latest)	Build	2026-09-10T05:24:28.5348610Z ^[[1m^[[92m  Downloaded^[[0m self_cell v1.3.0
build (aarch64-apple-darwin, macos-latest)	Build	2026-09-10T05:24:28.5363880Z ^[[1m^[[92m  Downloaded^[[0m sha2 v0.10.9
build (aarch64-apple-darwin, macos-latest)	Build	2026-09-10T05:24:28.5401070Z ^[[1m^[[92m  Downloaded^[[0m shlex v1.3.0
build (aarch64-apple-darwin, macos-latest)	Build	2026-09-10T05:24:28.5419340Z ^[[1m^[[92m  Downloaded^[[0m simd-adler32 v0.3.8
build (aarch64-apple-darwin, macos-latest)	Build	2026-09-10T05:24:28.5461520Z ^[[1m^[[92m  Downloaded^[[0m slab v0.4.12
build (aarch64-apple-darwin, macos-latest)	Build	2026-09-10T05:24:28.5478010Z ^[[1m^[[92m  Downloaded^[[0m smallvec v1.15.1
build (aarch64-apple-darwin, macos-latest)	Build	2026-09-10T05:24:28.5505690Z ^[[1m^[[92m  Downloaded^[[0m strum_macros v0.27.2
build (aarch64-apple-darwin, macos-latest)	Build	2026-09-10T05:24:28.5543120Z ^[[1m^[[92m  Downloaded^[[0m synstructure v0.13.2
build (aarch64-apple-darwin, macos-latest)	Build	2026-09-10T05:24:28.5592230Z ^[[1m^[[92m  Downloaded^[[0m thiserror-impl v1.0.69
build (aarch64-apple-darwin, macos-latest)	Build	2026-09-10T05:24:28.5592630Z ^[[1m^[[92m  Downloaded^[[0m kasuari v0.4.11
build (aarch64-apple-darwin, macos-latest)	Build	2026-09-10T05:24:28.5611710Z ^[[1m^[[92m  Downloaded^[[0m memoffset v0.9.1
build (aarch64-apple-darwin, macos-latest)	Build	2026-09-10T05:24:28.5629210Z ^[[1m^[[92m  Downloaded^[[0m notify-types v1.0.1
build (aarch64-apple-darwin, macos-latest)	Build	2026-09-10T05:24:28.5701780Z ^[[1m^[[92m  Downloaded^[[0m num-conv v0.2.0
build (aarch64-apple-darwin, macos-latest)	Build	2026-09-10T05:24:28.5712420Z ^[[1m^[[92m  Downloaded^[[0m num-derive v0.4.2
build (aarch64-apple-darwin, macos-latest)	Build	2026-09-10T05:24:28.5739100Z ^[[1m^[[92m  Downloaded^[[0m time-macros v0.2.27
build (aarch64-apple-darwin, macos-latest)	Build	2026-09-10T05:24:28.5769310Z ^[[1m^[[92m  Downloaded^[[0m tinystr v0.8.2
build (aarch64-apple-darwin, macos-latest)	Build	2026-09-10T05:24:28.5796020Z ^[[1m^[[92m  Downloaded^[[0m ucd-trie v0.1.7
build (aarch64-apple-darwin, macos-latest)	Build	2026-09-10T05:24:28.5812600Z ^[[1m^[[92m  Downloaded^[[0m unicase v2.9.0
build (aarch64-apple-darwin, macos-latest)	Build	2026-09-10T05:24:28.5831850Z ^[[1m^[[92m  Downloaded^[[0m vsimd v0.8.0
build (aarch64-apple-darwin, macos-latest)	Build	2026-09-10T05:24:28.5867480Z ^[[1m^[[92m  Downloaded^[[0m walkdir v2.5.0
build (aarch64-apple-darwin, macos-latest)	Build	2026-09-10T05:24:28.5894240Z ^[[1m^[[92m  Downloaded^[[0m wezterm-blob-leases v0.1.1
build (aarch64-apple-darwin, macos-latest)	Build	2026-09-10T05:24:28.5912950Z ^[[1m^[[92m  Downloaded^[[0m wezterm-color-types v0.3.0
build (aarch64-apple-darwin, macos-latest)	Build	2026-09-10T05:24:28.5952870Z ^[[1m^[[92m  Downloaded^[[0m wezterm-dynamic v0.2.1
build (aarch64-apple-darwin, macos-latest)	Build	2026-09-10T05:24:28.5967860Z ^[[1m^[[92m  Downloaded^[[0m wezterm-dynamic-derive v0.1.1
build (aarch64-apple-darwin, macos-latest)	Build	2026-09-10T05:24:28.5985400Z ^[[1m^[[92m  Downloaded^[[0m wyz v0.5.1
build (aarch64-apple-darwin, macos-latest)	Build	2026-09-10T05:24:28.6005400Z ^[[1m^[[92m  Downloaded^[[0m memmem v0.1.1
build (aarch64-apple-darwin, macos-latest)	Build	2026-09-10T05:24:28.6020750Z ^[[1m^[[92m  Downloaded^[[0m anyhow v1.0.101
build (aarch64-apple-darwin, macos-latest)	Build	2026-09-10T05:24:28.6091180Z ^[[1m^[[92m  Downloaded^[[0m bitvec v1.1.1
build (aarch64-apple-darwin, macos-latest)	Build	2026-09-10T05:24:28.6383640Z ^[[1m^[[92m  Downloaded^[[0m bytes v1.11.1
build (aarch64-apple-darwin, macos-latest)	Build	2026-09-10T05:24:28.6459810Z ^[[1m^[[92m  Downloaded^[[0m cc v1.2.56
build (aarch64-apple-darwin, macos-latest)	Build	2026-09-10T05:24:28.6503560Z ^[[1m^[[92m  Downloaded^[[0m chacha20 v0.10.1
build (aarch64-apple-darwin, macos-latest)	Build	2026-09-10T05:24:28.6538170Z ^[[1m^[[92m  Downloaded^[[0m crossterm v0.28.1
build (aarch64-apple-darwin, macos-latest)	Build	2026-09-10T05:24:28.6635920Z ^[[1m^[[92m  Downloaded^[[0m crossterm v0.29.0
build (aarch64-apple-darwin, macos-latest)	Build	2026-09-10T05:24:28.6754180Z ^[[1m^[[92m  Downloaded^[[0m darling_core v0.23.0
build (aarch64-apple-darwin, macos-latest)	Build	2026-09-10T05:24:28.6844970Z ^[[1m^[[92m  Downloaded^[[0m der v0.7.10
build (aarch64-apple-darwin, macos-latest)	Build	2026-09-10T05:24:28.6928700Z ^[[1m^[[92m  Downloaded^[[0m derive_more v2.1.1
build (aarch64-apple-darwin, macos-latest)	Build	2026-09-10T05:24:28.7160360Z ^[[1m^[[92m  Downloaded^[[0m derive_more-impl v2.1.1
build (aarch64-apple-darwin, macos-latest)	Build	2026-09-10T05:24:28.7259710Z ^[[1m^[[92m  Downloaded^[[0m ed25519-dalek v2.2.0
build (aarch64-apple-darwin, macos-latest)	Build	2026-09-10T05:24:28.7302020Z ^[[1m^[[92m  Downloaded^[[0m fancy-regex v0.11.0
build (aarch64-apple-darwin, macos-latest)	Build	2026-09-10T05:24:28.7348870Z ^[[1m^[[92m  Downloaded^[[0m fancy-regex v0.16.2
build (aarch64-apple-darwin, macos-latest)	Build	2026-09-10T05:24:28.7400810Z ^[[1m^[[92m  Downloaded^[[0m flate2 v1.1.9
build (aarch64-apple-darwin, macos-latest)	Build	2026-09-10T05:24:28.7494640Z ^[[1m^[[92m  Downloaded^[[0m futures-util v0.3.31
build (aarch64-apple-darwin, macos-latest)	Build	2026-09-10T05:24:28.7721920Z ^[[1m^[[92m  Downloaded^[[0m quantette v0.6.0
build (aarch64-apple-darwin, macos-latest)	Build	2026-09-10T05:24:28.7789220Z ^[[1m^[[92m  Downloaded^[[0m rand v0.10.2
build (aarch64-apple-darwin, macos-latest)	Build	2026-09-10T05:24:28.7835220Z ^[[1m^[[92m  Downloaded^[[0m rand_core v0.6.4
build (aarch64-apple-darwin, macos-latest)	Build	2026-09-10T05:24:28.7857430Z ^[[1m^[[92m  Downloaded^[[0m rand_xoshiro v0.8.1
build (aarch64-apple-darwin, macos-latest)	Build	2026-09-10T05:24:28.7890270Z ^[[1m^[[92m  Downloaded^[[0m ratatui-macros v0.7.0
build (aarch64-apple-darwin, macos-latest)	Build	2026-09-10T05:24:28.7911620Z ^[[1m^[[92m  Downloaded^[[0m rustls-pki-types v1.14.0
build (aarch64-apple-darwin, macos-latest)	Build	2026-09-10T05:24:28.7951420Z ^[[1m^[[92m  Downloaded^[[0m rustversion v1.0.22
build (aarch64-apple-darwin, macos-latest)	Build	2026-09-10T05:24:28.8012200Z ^[[1m^[[92m  Downloaded^[[0m self_update v0.42.0
build (aarch64-apple-darwin, macos-latest)	Build	2026-09-10T05:24:28.8050300Z ^[[1m^[[92m  Downloaded^[[0m semver v1.0.27
build (aarch64-apple-darwin, macos-latest)	Build	2026-09-10T05:24:28.8082610Z ^[[1m^[[92m  Downloaded^[[0m socket2 v0.6.2
build (aarch64-apple-darwin, macos-latest)	Build	2026-09-10T05:24:28.8107150Z ^[[1m^[[92m  Downloaded^[[0m litemap v0.8.1
build (aarch64-apple-darwin, macos-latest)	Build	2026-09-10T05:24:28.8137880Z ^[[1m^[[92m  Downloaded^[[0m num-traits v0.2.19
build (aarch64-apple-darwin, macos-latest)	Build	2026-09-10T05:24:28.8175750Z ^[[1m^[[92m  Downloaded^[[0m ordered-float v5.5.0
build (aarch64-apple-darwin, macos-latest)	Build	2026-09-10T05:24:28.8198020Z ^[[1m^[[92m  Downloaded^[[0m pest_derive v2.8.6
build (aarch64-apple-darwin, macos-latest)	Build	2026-09-10T05:24:28.8249200Z ^[[1m^[[92m  Downloaded^[[0m pest_generator v2.8.6
build (aarch64-apple-darwin, macos-latest)	Build	2026-09-10T05:24:28.8269770Z ^[[1m^[[92m  Downloaded^[[0m tower-http v0.6.8
build (aarch64-apple-darwin, macos-latest)	Build	2026-09-10T05:24:28.8401040Z ^[[1m^[[92m  Downloaded^[[0m weezl v0.1.12
build (aarch64-apple-darwin, macos-latest)	Build	2026-09-10T05:24:28.8435920Z ^[[1m^[[92m  Downloaded^[[0m wezterm-input-types v0.1.0
build (aarch64-apple-darwin, macos-latest)	Build	2026-09-10T05:24:28.8445130Z ^[[1m^[[92m  Downloaded^[[0m writeable v0.6.2
build (aarch64-apple-darwin, macos-latest)	Build	2026-09-10T05:24:28.8471460Z ^[[1m^[[92m  Downloaded^[[0m jobserver v0.1.34
build (aarch64-apple-darwin, macos-latest)	Build	2026-09-10T05:24:28.8517850Z ^[[1m^[[92m  Downloaded^[[0m lab v0.11.0
build (aarch64-apple-darwin, macos-latest)	Build	2026-09-10T05:24:28.8536200Z ^[[1m^[[92m  Downloaded^[[0m lazy_static v1.5.0
build (aarch64-apple-darwin, macos-latest)	Build	2026-09-10T05:24:28.8562630Z ^[[1m^[[92m  Downloaded^[[0m line-clipping v0.3.5
build (aarch64-apple-darwin, macos-latest)	Build	2026-09-10T05:24:28.8584620Z ^[[1m^[[92m  Downloaded^[[0m litrs v1.0.0
build (aarch64-apple-darwin, macos-latest)	Build	2026-09-10T05:24:28.8636380Z ^[[1m^[[92m  Downloaded^[[0m lock_api v0.4.14
build (aarch64-apple-darwin, macos-latest)	Build	2026-09-10T05:24:28.8659560Z ^[[1m^[[92m  Downloaded^[[0m lru v0.16.3
build (aarch64-apple-darwin, macos-latest)	Build	2026-09-10T05:24:28.8674950Z ^[[1m^[[92m  Downloaded^[[0m lru-slab v0.1.2
build (aarch64-apple-darwin, macos-latest)	Build	2026-09-10T05:24:28.8687240Z ^[[1m^[[92m  Downloaded^[[0m mac_address v1.1.8
build (aarch64-apple-darwin, macos-latest)	Build	2026-09-10T05:24:28.8710240Z ^[[1m^[[92m  Downloaded^[[0m hyper-rustls v0.27.7
build (aarch64-apple-darwin, macos-latest)	Build	2026-09-10T05:24:28.8762960Z ^[[1m^[[92m  Downloaded^[[0m palette_math v0.7.7
build (aarch64-apple-darwin, macos-latest)	Build	2026-09-10T05:24:28.8784530Z ^[[1m^[[92m  Downloaded^[[0m parking_lot v0.12.5
build (aarch64-apple-darwin, macos-latest)	Build	2026-09-10T05:24:28.8831510Z ^[[1m^[[92m  Downloaded^[[0m parking_lot_core v0.9.12
build (aarch64-apple-darwin, macos-latest)	Build	2026-09-10T05:24:28.8865250Z ^[[1m^[[92m  Downloaded^[[0m urlencoding v2.1.3
build (aarch64-apple-darwin, macos-latest)	Build	2026-09-10T05:24:28.8881190Z ^[[1m^[[92m  Downloaded^[[0m utf8parse v0.2.2
build (aarch64-apple-darwin, macos-latest)	Build	2026-09-10T05:24:28.8895190Z ^[[1m^[[92m  Downloaded^[[0m http-body v1.0.1
build (aarch64-apple-darwin, macos-latest)	Build	2026-09-10T05:24:28.8908330Z ^[[1m^[[92m  Downloaded^[[0m itoa v1.0.17
build (aarch64-apple-darwin, macos-latest)	Build	2026-09-10T05:24:28.8928400Z ^[[1m^[[92m  Downloaded^[[0m clap_builder v4.5.58
build (aarch64-apple-darwin, macos-latest)	Build	2026-09-10T05:24:28.9043270Z ^[[1m^[[92m  Downloaded^[[0m git2 v0.20.4
build (aarch64-apple-darwin, macos-latest)	Build	2026-09-10T05:24:28.9170330Z ^[[1m^[[92m  Downloaded^[[0m plist v1.8.0
build (aarch64-apple-darwin, macos-latest)	Build	2026-09-10T05:24:28.9209260Z ^[[1m^[[92m  Downloaded^[[0m proc-macro2 v1.0.106
build (aarch64-apple-darwin, macos-latest)	Build	2026-09-10T05:24:28.9252330Z ^[[1m^[[92m  Downloaded^[[0m quinn v0.11.9
build (aarch64-apple-darwin, macos-latest)	Build	2026-09-10T05:24:28.9310830Z ^[[1m^[[92m  Downloaded^[[0m ratatui v0.30.0
build (aarch64-apple-darwin, macos-latest)	Build	2026-09-10T05:24:28.9367210Z ^[[1m^[[92m  Downloaded^[[0m serde v1.0.228
build (aarch64-apple-darwin, macos-latest)	Build	2026-09-10T05:24:28.9416310Z ^[[1m^[[92m  Downloaded^[[0m serde_core v1.0.228
build (aarch64-apple-darwin, macos-latest)	Build	2026-09-10T05:24:28.9453560Z ^[[1m^[[92m  Downloaded^[[0m tar v0.4.46
build (aarch64-apple-darwin, macos-latest)	Build	2026-09-10T05:24:28.9494120Z ^[[1m^[[92m  Downloaded^[[0m wezterm-bidi v0.2.3
build (aarch64-apple-darwin, macos-latest)	Build	2026-09-10T05:24:28.9519310Z ^[[1m^[[92m  Downloaded^[[0m log v0.4.29
build (aarch64-apple-darwin, macos-latest)	Build	2026-09-10T05:24:28.9560710Z ^[[1m^[[92m  Downloaded^[[0m miniz_oxide v0.8.9
build (aarch64-apple-darwin, macos-latest)	Build	2026-09-10T05:24:28.9616480Z ^[[1m^[[92m  Downloaded^[[0m httparse v1.10.1
build (aarch64-apple-darwin, macos-latest)	Build	2026-09-10T05:24:28.9653560Z ^[[1m^[[92m  Downloaded^[[0m hyper v1.8.1
build (aarch64-apple-darwin, macos-latest)	Build	2026-09-10T05:24:28.9757010Z ^[[1m^[[92m  Downloaded^[[0m hyper-util v0.1.20
build (aarch64-apple-darwin, macos-latest)	Build	2026-09-10T05:24:28.9869280Z ^[[1m^[[92m  Downloaded^[[0m icu_collections v2.1.1
build (aarch64-apple-darwin, macos-latest)	Build	2026-09-10T05:24:28.9963980Z ^[[1m^[[92m  Downloaded^[[0m icu_locale_core v2.1.1
build (aarch64-apple-darwin, macos-latest)	Build	2026-09-10T05:24:29.0073450Z ^[[1m^[[92m  Downloaded^[[0m palette_derive v0.7.7
build (aarch64-apple-darwin, macos-latest)	Build	2026-09-10T05:24:29.0120290Z ^[[1m^[[92m  Downloaded^[[0m zune-jpeg v0.5.15
build (aarch64-apple-darwin, macos-latest)	Build	2026-09-10T05:24:29.0167410Z ^[[1m^[[92m  Downloaded^[[0m half v2.7.1
build (aarch64-apple-darwin, macos-latest)	Build	2026-09-10T05:24:29.0217150Z ^[[1m^[[92m  Downloaded^[[0m heck v0.5.0
build (aarch64-apple-darwin, macos-latest)	Build	2026-09-10T05:24:29.0253530Z ^[[1m^[[92m  Downloaded^[[0m hex v0.4.3
build (aarch64-apple-darwin, macos-latest)	Build	2026-09-10T05:24:29.0280160Z ^[[1m^[[92m  Downloaded^[[0m phf_generator v0.11.3
build (aarch64-apple-darwin, macos-latest)	Build	2026-09-10T05:24:29.0300170Z ^[[1m^[[92m  Downloaded^[[0m time-core v0.1.8
build (aarch64-apple-darwin, macos-latest)	Build	2026-09-10T05:24:29.0317690Z ^[[1m^[[92m  Downloaded^[[0m curve25519-dalek v4.1.3
build (aarch64-apple-darwin, macos-latest)	Build	2026-09-10T05:24:29.0459570Z ^[[1m^[[92m  Downloaded^[[0m png v0.18.1
build (aarch64-apple-darwin, macos-latest)	Build	2026-09-10T05:24:29.0525450Z ^[[1m^[[92m  Downloaded^[[0m rustls-webpki v0.103.15
build (aarch64-apple-darwin, macos-latest)	Build	2026-09-10T05:24:29.0577390Z ^[[1m^[[92m  Downloaded^[[0m miette v7.6.0
build (aarch64-apple-darwin, macos-latest)	Build	2026-09-10T05:24:29.0657500Z ^[[1m^[[92m  Downloaded^[[0m libm v0.2.16
build (aarch64-apple-darwin, macos-latest)	Build	2026-09-10T05:24:29.0879780Z ^[[1m^[[92m  Downloaded^[[0m memchr v2.8.0
build (aarch64-apple-darwin, macos-latest)	Build	2026-09-10T05:24:29.0961480Z ^[[1m^[[92m  Downloaded^[[0m minimal-lexical v0.2.1
build (aarch64-apple-darwin, macos-latest)	Build	2026-09-10T05:24:29.1051020Z ^[[1m^[[92m  Downloaded^[[0m mio v1.1.1
build (aarch64-apple-darwin, macos-latest)	Build	2026-09-10T05:24:29.1140700Z ^[[1m^[[92m  Downloaded^[[0m uuid v1.21.0
build (aarch64-apple-darwin, macos-latest)	Build	2026-09-10T05:24:29.1237930Z ^[[1m^[[92m  Downloaded^[[0m hashbrown v0.16.1
build (aarch64-apple-darwin, macos-latest)	Build	2026-09-10T05:24:29.1376840Z ^[[1m^[[92m  Downloaded^[[0m http v1.4.0
build (aarch64-apple-darwin, macos-latest)	Build	2026-09-10T05:24:29.1503940Z ^[[1m^[[92m  Downloaded^[[0m phf_macros v0.11.3
build (aarch64-apple-darwin, macos-latest)	Build	2026-09-10T05:24:29.1522230Z ^[[1m^[[92m  Downloaded^[[0m phf_shared v0.11.3
build (aarch64-apple-darwin, macos-latest)	Build	2026-09-10T05:24:29.1571320Z ^[[1m^[[92m  Downloaded^[[0m tinyvec v1.10.0
build (aarch64-apple-darwin, macos-latest)	Build	2026-09-10T05:24:29.1631780Z ^[[1m^[[92m  Downloaded^[[0m pulldown-cmark v0.13.0
build (aarch64-apple-darwin, macos-latest)	Build	2026-09-10T05:24:29.1737200Z ^[[1m^[[92m  Downloaded^[[0m ratatui-core v0.1.0
build (aarch64-apple-darwin, macos-latest)	Build	2026-09-10T05:24:29.1827020Z ^[[1m^[[92m  Downloaded^[[0m serde_json v1.0.149
build (aarch64-apple-darwin, macos-latest)	Build	2026-09-10T05:24:29.1966050Z ^[[1m^[[92m  Downloaded^[[0m kdl v6.7.1
build (aarch64-apple-darwin, macos-latest)	Build	2026-09-10T05:24:29.2613090Z ^[[1m^[[92m  Downloaded^[[0m palette v0.7.7
build (aarch64-apple-darwin, macos-latest)	Build	2026-09-10T05:24:29.2823010Z ^[[1m^[[92m  Downloaded^[[0m vcpkg v0.2.15
build (aarch64-apple-darwin, macos-latest)	Build	2026-09-10T05:24:29.3685190Z ^[[1m^[[92m  Downloaded^[[0m objc2-io-surface v0.3.2
build (aarch64-apple-darwin, macos-latest)	Build	2026-09-10T05:24:29.3706970Z ^[[1m^[[92m  Downloaded^[[0m once_cell v1.21.3
build (aarch64-apple-darwin, macos-latest)	Build	2026-09-10T05:24:29.3746060Z ^[[1m^[[92m  Downloaded^[[0m option-ext v0.2.0
build (aarch64-apple-darwin, macos-latest)	Build	2026-09-10T05:24:29.3757260Z ^[[1m^[[92m  Downloaded^[[0m ordered-float v4.6.0
build (aarch64-apple-darwin, macos-latest)	Build	2026-09-10T05:24:29.3776390Z ^[[1m^[[92m  Downloaded^[[0m outref v0.5.2
build (aarch64-apple-darwin, macos-latest)	Build	2026-09-10T05:24:29.3810230Z ^[[1m^[[92m  Downloaded^[[0m percent-encoding v2.3.2
build (aarch64-apple-darwin, macos-latest)	Build	2026-09-10T05:24:29.3823370Z ^[[1m^[[92m  Downloaded^[[0m phf v0.11.3
build (aarch64-apple-darwin, macos-latest)	Build	2026-09-10T05:24:29.3842670Z ^[[1m^[[92m  Downloaded^[[0m phf_codegen v0.11.3
build (aarch64-apple-darwin, macos-latest)	Build	2026-09-10T05:24:29.3859030Z ^[[1m^[[92m  Downloaded^[[0m ident_case v1.0.1
build (aarch64-apple-darwin, macos-latest)	Build	2026-09-10T05:24:29.3873950Z ^[[1m^[[92m  Downloaded^[[0m idna_adapter v1.2.1
build (aarch64-apple-darwin, macos-latest)	Build	2026-09-10T05:24:29.3889500Z ^[[1m^[[92m  Downloaded^[[0m instant v0.1.13
build (aarch64-apple-darwin, macos-latest)	Build	2026-09-10T05:24:29.3910000Z ^[[1m^[[92m  Downloaded^[[0m is_terminal_polyfill v1.70.2
build (aarch64-apple-darwin, macos-latest)	Build	2026-09-10T05:24:29.3922700Z ^[[1m^[[92m  Downloaded^[[0m reqwest v0.12.28
build (aarch64-apple-darwin, macos-latest)	Build	2026-09-10T05:24:29.4002540Z ^[[1m^[[92m  Downloaded^[[0m objc2-open-directory v0.3.2
build (aarch64-apple-darwin, macos-latest)	Build	2026-09-10T05:24:29.4040120Z ^[[1m^[[92m  Downloaded^[[0m openssl-sys v0.9.111
build (aarch64-apple-darwin, macos-latest)	Build	2026-09-10T05:24:29.4153790Z ^[[1m^[[92m  Downloaded^[[0m pest v2.8.6
build (aarch64-apple-darwin, macos-latest)	Build	2026-09-10T05:24:29.4220290Z ^[[1m^[[92m  Downloaded^[[0m pest_meta v2.8.6
build (aarch64-apple-darwin, macos-latest)	Build	2026-09-10T05:24:29.4255020Z ^[[1m^[[92m  Downloaded^[[0m tower-service v0.3.3
build (aarch64-apple-darwin, macos-latest)	Build	2026-09-10T05:24:29.4266480Z ^[[1m^[[92m  Downloaded^[[0m try-lock v0.2.5
build (aarch64-apple-darwin, macos-latest)	Build	2026-09-10T05:24:29.4278830Z ^[[1m^[[92m  Downloaded^[[0m yoke-derive v0.8.1
build (aarch64-apple-darwin, macos-latest)	Build	2026-09-10T05:24:29.4295090Z ^[[1m^[[92m  Downloaded^[[0m zerofrom-derive v0.1.6
build (aarch64-apple-darwin, macos-latest)	Build	2026-09-10T05:24:29.4309770Z ^[[1m^[[92m  Downloaded^[[0m zeroize v1.8.2
build (aarch64-apple-darwin, macos-latest)	Build	2026-09-10T05:24:29.4328580Z ^[[1m^[[92m  Downloaded^[[0m zerovec-derive v0.11.2
build (aarch64-apple-darwin, macos-latest)	Build	2026-09-10T05:24:29.4351580Z ^[[1m^[[92m  Downloaded^[[0m zipsign-api v0.1.5
build (aarch64-apple-darwin, macos-latest)	Build	2026-09-10T05:24:29.4402290Z ^[[1m^[[92m  Downloaded^[[0m zmij v1.0.21
build (aarch64-apple-darwin, macos-latest)	Build	2026-09-10T05:24:29.4429940Z ^[[1m^[[92m  Downloaded^[[0m zune-core v0.4.12
build (aarch64-apple-darwin, macos-latest)	Build	2026-09-10T05:24:29.4457410Z ^[[1m^[[92m  Downloaded^[[0m zune-core v0.5.3
build (aarch64-apple-darwin, macos-latest)	Build	2026-09-10T05:24:29.4496490Z ^[[1m^[[92m  Downloaded^[[0m http-body-util v0.1.3
build (aarch64-apple-darwin, macos-latest)	Build	2026-09-10T05:24:29.4528920Z ^[[1m^[[92m  Downloaded^[[0m indoc v2.0.7
build (aarch64-apple-darwin, macos-latest)	Build	2026-09-10T05:24:29.4576990Z ^[[1m^[[92m  Downloaded^[[0m instability v0.3.11
build (aarch64-apple-darwin, macos-latest)	Build	2026-09-10T05:24:29.4600350Z ^[[1m^[[92m  Downloaded^[[0m ipnet v2.11.0
build (aarch64-apple-darwin, macos-latest)	Build	2026-09-10T05:24:29.4642090Z ^[[1m^[[92m  Downloaded^[[0m sysinfo v0.39.6
build (aarch64-apple-darwin, macos-latest)	Build	2026-09-10T05:24:29.4836200Z ^[[1m^[[92m  Downloaded^[[0m winnow v0.7.15
build (aarch64-apple-darwin, macos-latest)	Build	2026-09-10T05:24:29.4997790Z ^[[1m^[[92m  Downloaded^[[0m moxcms v0.7.11
build (aarch64-apple-darwin, macos-latest)	Build	2026-09-10T05:24:29.5202060Z ^[[1m^[[92m  Downloaded^[[0m tinyvec_macros v0.1.1
build (aarch64-apple-darwin, macos-latest)	Build	2026-09-10T05:24:29.5211090Z ^[[1m^[[92m  Downloaded^[[0m tower-layer v0.3.3
build (aarch64-apple-darwin, macos-latest)	Build	2026-09-10T05:24:29.5225950Z ^[[1m^[[92m  Downloaded^[[0m unicode-truncate v2.0.1
build (aarch64-apple-darwin, macos-latest)	Build	2026-09-10T05:24:29.5251740Z ^[[1m^[[92m  Downloaded^[[0m untrusted v0.9.0
build (aarch64-apple-darwin, macos-latest)	Build	2026-09-10T05:24:29.5289370Z ^[[1m^[[92m  Downloaded^[[0m xattr v1.6.1
build (aarch64-apple-darwin, macos-latest)	Build	2026-09-10T05:24:29.5319940Z ^[[1m^[[92m  Downloaded^[[0m yoke v0.8.1
build (aarch64-apple-darwin, macos-latest)	Build	2026-09-10T05:24:29.5346710Z ^[[1m^[[92m  Downloaded^[[0m zerofrom v0.1.6
build (aarch64-apple-darwin, macos-latest)	Build	2026-09-10T05:24:29.5360510Z ^[[1m^[[92m  Downloaded^[[0m icu_properties v2.1.2
build (aarch64-apple-darwin, macos-latest)	Build	2026-09-10T05:24:29.5396370Z ^[[1m^[[92m  Downloaded^[[0m quick-xml v0.37.5
build (aarch64-apple-darwin, macos-latest)	Build	2026-09-10T05:24:29.5471100Z ^[[1m^[[92m  Downloaded^[[0m syn v1.0.109
build (aarch64-apple-darwin, macos-latest)	Build	2026-09-10T05:24:29.5631190Z ^[[1m^[[92m  Downloaded^[[0m objc2-encode v4.1.0
build (aarch64-apple-darwin, macos-latest)	Build	2026-09-10T05:24:29.5649470Z ^[[1m^[[92m  Downloaded^[[0m tokio-rustls v0.26.4
build (aarch64-apple-darwin, macos-latest)	Build	2026-09-10T05:24:29.5682190Z ^[[1m^[[92m  Downloaded^[[0m tracing-core v0.1.36
build (aarch64-apple-darwin, macos-latest)	Build	2026-09-10T05:24:29.5757720Z ^[[1m^[[92m  Downloaded^[[0m yaml-rust v0.4.5
build (aarch64-apple-darwin, macos-latest)	Build	2026-09-10T05:24:29.5794540Z ^[[1m^[[92m  Downloaded^[[0m zerotrie v0.2.3
build (aarch64-apple-darwin, macos-latest)	Build	2026-09-10T05:24:29.5869070Z ^[[1m^[[92m  Downloaded^[[0m zune-jpeg v0.4.21
build (aarch64-apple-darwin, macos-latest)	Build	2026-09-10T05:24:29.5922570Z ^[[1m^[[92m  Downloaded^[[0m icu_normalizer v2.1.1
build (aarch64-apple-darwin, macos-latest)	Build	2026-09-10T05:24:29.5982350Z ^[[1m^[[92m  Downloaded^[[0m icu_provider v2.1.1
build (aarch64-apple-darwin, macos-latest)	Build	2026-09-10T05:24:29.6021110Z ^[[1m^[[92m  Downloaded^[[0m image-webp v0.2.4
build (aarch64-apple-darwin, macos-latest)	Build	2026-09-10T05:24:29.6053790Z ^[[1m^[[92m  Downloaded^[[0m wide v1.6.1
build (aarch64-apple-darwin, macos-latest)	Build	2026-09-10T05:24:29.6165520Z ^[[1m^[[92m  Downloaded^[[0m objc2-core-graphics v0.3.2
build (aarch64-apple-darwin, macos-latest)	Build	2026-09-10T05:24:29.6272620Z ^[[1m^[[92m  Downloaded^[[0m typenum v1.19.0
build (aarch64-apple-darwin, macos-latest)	Build	2026-09-10T05:24:29.6312550Z ^[[1m^[[92m  Downloaded^[[0m icu_normalizer_data v2.1.1
build (aarch64-apple-darwin, macos-latest)	Build	2026-09-10T05:24:29.6342790Z ^[[1m^[[92m  Downloaded^[[0m indicatif v0.17.11
build (aarch64-apple-darwin, macos-latest)	Build	2026-09-10T05:24:29.6407370Z ^[[1m^[[92m  Downloaded^[[0m notify-debouncer-mini v0.5.0
build (aarch64-apple-darwin, macos-latest)	Build	2026-09-10T05:24:29.6419700Z ^[[1m^[[92m  Downloaded^[[0m number_prefix v0.4.0
build (aarch64-apple-darwin, macos-latest)	Build	2026-09-10T05:24:29.6450720Z ^[[1m^[[92m  Downloaded^[[0m ratatui-widgets v0.3.0
build (aarch64-apple-darwin, macos-latest)	Build	2026-09-10T05:24:29.6564940Z ^[[1m^[[92m  Downloaded^[[0m webpki-roots v1.0.6
build (aarch64-apple-darwin, macos-latest)	Build	2026-09-10T05:24:29.6603160Z ^[[1m^[[92m  Downloaded^[[0m libssh2-sys v0.3.1
build (aarch64-apple-darwin, macos-latest)	Build	2026-09-10T05:24:29.7258300Z ^[[1m^[[92m  Downloaded^[[0m unicode-ident v1.0.23
build (aarch64-apple-darwin, macos-latest)	Build	2026-09-10T05:24:29.7360730Z ^[[1m^[[92m  Downloaded^[[0m indexmap v2.13.0
build (aarch64-apple-darwin, macos-latest)	Build	2026-09-10T05:24:29.7414250Z ^[[1m^[[92m  Downloaded^[[0m notify v7.0.0
build (aarch64-apple-darwin, macos-latest)	Build	2026-09-10T05:24:29.7434150Z ^[[1m^[[92m  Downloaded^[[0m quinn-proto v0.11.17
build (aarch64-apple-darwin, macos-latest)	Build	2026-09-10T05:24:29.7540830Z ^[[1m^[[92m  Downloaded^[[0m unicode-segmentation v1.12.0
build (aarch64-apple-darwin, macos-latest)	Build	2026-09-10T05:24:29.7584180Z ^[[1m^[[92m  Downloaded^[[0m url v2.5.8
build (aarch64-apple-darwin, macos-latest)	Build	2026-09-10T05:24:29.7620950Z ^[[1m^[[92m  Downloaded^[[0m zerocopy-derive v0.8.39
build (aarch64-apple-darwin, macos-latest)	Build	2026-09-10T05:24:29.7812900Z ^[[1m^[[92m  Downloaded^[[0m idna v1.1.0
build (aarch64-apple-darwin, macos-latest)	Build	2026-09-10T05:24:29.7865960Z ^[[1m^[[92m  Downloaded^[[0m unicode-width v0.1.14
build (aarch64-apple-darwin, macos-latest)	Build	2026-09-10T05:24:29.7917740Z ^[[1m^[[92m  Downloaded^[[0m tower v0.5.3
build (aarch64-apple-darwin, macos-latest)	Build	2026-09-10T05:24:29.8107670Z ^[[1m^[[92m  Downloaded^[[0m zerovec v0.11.5
build (aarch64-apple-darwin, macos-latest)	Build	2026-09-10T05:24:29.8197430Z ^[[1m^[[92m  Downloaded^[[0m iri-string v0.7.10
build (aarch64-apple-darwin, macos-latest)	Build	2026-09-10T05:24:29.8337900Z ^[[1m^[[92m  Downloaded^[[0m time v0.3.47
build (aarch64-apple-darwin, macos-latest)	Build	2026-09-10T05:24:29.8559380Z ^[[1m^[[92m  Downloaded^[[0m tokio-util v0.7.18
build (aarch64-apple-darwin, macos-latest)	Build	2026-09-10T05:24:29.8702980Z ^[[1m^[[92m  Downloaded^[[0m icu_properties_data v2.1.2
build (aarch64-apple-darwin, macos-latest)	Build	2026-09-10T05:24:29.8917790Z ^[[1m^[[92m  Downloaded^[[0m itertools v0.14.0
build (aarch64-apple-darwin, macos-latest)	Build	2026-09-10T05:24:29.9042370Z ^[[1m^[[92m  Downloaded^[[0m syn v2.0.115
build (aarch64-apple-darwin, macos-latest)	Build	2026-09-10T05:24:29.9220080Z ^[[1m^[[92m  Downloaded^[[0m syn v3.0.4
build (aarch64-apple-darwin, macos-latest)	Build	2026-09-10T05:24:29.9382500Z ^[[1m^[[92m  Downloaded^[[0m objc2-core-foundation v0.3.2
build (aarch64-apple-darwin, macos-latest)	Build	2026-09-10T05:24:29.9491770Z ^[[1m^[[92m  Downloaded^[[0m rustls v0.23.36
build (aarch64-apple-darwin, macos-latest)	Build	2026-09-10T05:24:29.9702410Z ^[[1m^[[92m  Downloaded^[[0m nix v0.29.0
build (aarch64-apple-darwin, macos-latest)	Build	2026-09-10T05:24:29.9895670Z ^[[1m^[[92m  Downloaded^[[0m nom v7.1.3
build (aarch64-apple-darwin, macos-latest)	Build	2026-09-10T05:24:29.9976270Z ^[[1m^[[92m  Downloaded^[[0m rustix v0.38.44
build (aarch64-apple-darwin, macos-latest)	Build	2026-09-10T05:24:30.0406610Z ^[[1m^[[92m  Downloaded^[[0m termwiz v0.23.3
build (aarch64-apple-darwin, macos-latest)	Build	2026-09-10T05:24:30.0583830Z ^[[1m^[[92m  Downloaded^[[0m rustix v1.1.3
build (aarch64-apple-darwin, macos-latest)	Build	2026-09-10T05:24:30.1066060Z ^[[1m^[[92m  Downloaded^[[0m objc2-io-kit v0.3.2
build (aarch64-apple-darwin, macos-latest)	Build	2026-09-10T05:24:30.1139280Z ^[[1m^[[92m  Downloaded^[[0m image v0.25.9
build (aarch64-apple-darwin, macos-latest)	Build	2026-09-10T05:24:30.1277240Z ^[[1m^[[92m  Downloaded^[[0m libc v0.2.182
build (aarch64-apple-darwin, macos-latest)	Build	2026-09-10T05:24:30.1914470Z ^[[1m^[[92m  Downloaded^[[0m unicode-width v0.2.2
build (aarch64-apple-darwin, macos-latest)	Build	2026-09-10T05:24:30.1976910Z ^[[1m^[[92m  Downloaded^[[0m zerocopy v0.8.39
build (aarch64-apple-darwin, macos-latest)	Build	2026-09-10T05:24:30.2375050Z ^[[1m^[[92m  Downloaded^[[0m objc2 v0.6.3
build (aarch64-apple-darwin, macos-latest)	Build	2026-09-10T05:24:30.2557650Z ^[[1m^[[92m  Downloaded^[[0m objc2-foundation v0.3.2
build (aarch64-apple-darwin, macos-latest)	Build	2026-09-10T05:24:30.2903180Z ^[[1m^[[92m  Downloaded^[[0m regex-automata v0.4.14
build (aarch64-apple-darwin, macos-latest)	Build	2026-09-10T05:24:30.3132050Z ^[[1m^[[92m  Downloaded^[[0m libz-sys v1.1.23
build (aarch64-apple-darwin, macos-latest)	Build	2026-09-10T05:24:30.3769120Z ^[[1m^[[92m  Downloaded^[[0m tracing v0.1.44
build (aarch64-apple-darwin, macos-latest)	Build	2026-09-10T05:24:30.4085200Z ^[[1m^[[92m  Downloaded^[[0m objc2-app-kit v0.3.2
build (aarch64-apple-darwin, macos-latest)	Build	2026-09-10T05:24:30.4593870Z ^[[1m^[[92m  Downloaded^[[0m pxfm v0.1.27
build (aarch64-apple-darwin, macos-latest)	Build	2026-09-10T05:24:30.5056040Z ^[[1m^[[92m  Downloaded^[[0m syntect v5.3.0
build (aarch64-apple-darwin, macos-latest)	Build	2026-09-10T05:24:30.5195970Z ^[[1m^[[92m  Downloaded^[[0m tokio v1.49.0
build (aarch64-apple-darwin, macos-latest)	Build	2026-09-10T05:24:30.5977170Z ^[[1m^[[92m  Downloaded^[[0m deltae v0.3.2
build (aarch64-apple-darwin, macos-latest)	Build	2026-09-10T05:24:30.6234740Z ^[[1m^[[92m  Downloaded^[[0m tiff v0.10.3
build (aarch64-apple-darwin, macos-latest)	Build	2026-09-10T05:24:30.6384220Z ^[[1m^[[92m  Downloaded^[[0m ring v0.17.14
build (aarch64-apple-darwin, macos-latest)	Build	2026-09-10T05:24:30.7069420Z ^[[1m^[[92m  Downloaded^[[0m libgit2-sys v0.18.3+1.9.2
build (aarch64-apple-darwin, macos-latest)	Build	2026-09-10T05:24:30.8104700Z ^[[1m^[[92m  Downloaded^[[0m icy_sixel v0.5.1
build (aarch64-apple-darwin, macos-latest)	Build	2026-09-10T05:24:30.8416960Z ^[[1m^[[92m  Downloaded^[[0m ratatui-image v11.0.3
build (aarch64-apple-darwin, macos-latest)	Build	2026-09-10T05:24:30.8722770Z ^[[1m^[[92m  Downloaded^[[0m openssl-src v300.5.5+3.5.5
build (aarch64-apple-darwin, macos-latest)	Build	2026-09-10T05:24:31.5540260Z ^[[1m^[[92m   Compiling^[[0m proc-macro2 v1.0.106
build (aarch64-apple-darwin, macos-latest)	Build	2026-09-10T05:24:31.5542950Z ^[[1m^[[92m   Compiling^[[0m unicode-ident v1.0.23
build (aarch64-apple-darwin, macos-latest)	Build	2026-09-10T05:24:31.5543320Z ^[[1m^[[92m   Compiling^[[0m quote v1.0.44
build (aarch64-apple-darwin, macos-latest)	Build	2026-09-10T05:24:31.8818490Z ^[[1m^[[92m   Compiling^[[0m libc v0.2.182
build (aarch64-apple-darwin, macos-latest)	Build	2026-09-10T05:24:34.3801170Z ^[[1m^[[92m   Compiling^[[0m cfg-if v1.0.4
build (aarch64-apple-darwin, macos-latest)	Build	2026-09-10T05:24:34.4145850Z ^[[1m^[[92m   Compiling^[[0m bitflags v2.11.0
build (aarch64-apple-darwin, macos-latest)	Build	2026-09-10T05:24:34.9493570Z ^[[1m^[[92m   Compiling^[[0m shlex v1.3.0
build (aarch64-apple-darwin, macos-latest)	Build	2026-09-10T05:24:35.0297450Z ^[[1m^[[92m   Compiling^[[0m syn v2.0.115
build (aarch64-apple-darwin, macos-latest)	Build	2026-09-10T05:24:35.0502530Z ^[[1m^[[92m   Compiling^[[0m find-msvc-tools v0.1.9
build (aarch64-apple-darwin, macos-latest)	Build	2026-09-10T05:24:35.1735080Z ^[[1m^[[92m   Compiling^[[0m itoa v1.0.17
build (aarch64-apple-darwin, macos-latest)	Build	2026-09-10T05:24:35.2636190Z ^[[1m^[[92m   Compiling^[[0m jobserver v0.1.34
build (aarch64-apple-darwin, macos-latest)	Build	2026-09-10T05:24:35.2938110Z ^[[1m^[[92m   Compiling^[[0m log v0.4.29
build (aarch64-apple-darwin, macos-latest)	Build	2026-09-10T05:24:35.4047550Z ^[[1m^[[92m   Compiling^[[0m cc v1.2.56
build (aarch64-apple-darwin, macos-latest)	Build	2026-09-10T05:24:35.4838890Z ^[[1m^[[92m   Compiling^[[0m foldhash v0.2.0
build (aarch64-apple-darwin, macos-latest)	Build	2026-09-10T05:24:35.6061260Z ^[[1m^[[92m   Compiling^[[0m allocator-api2 v0.2.21
build (aarch64-apple-darwin, macos-latest)	Build	2026-09-10T05:24:35.8747200Z ^[[1m^[[92m   Compiling^[[0m memchr v2.8.0
build (aarch64-apple-darwin, macos-latest)	Build	2026-09-10T05:24:36.3504660Z ^[[1m^[[92m   Compiling^[[0m equivalent v1.0.2
build (aarch64-apple-darwin, macos-latest)	Build	2026-09-10T05:24:36.3862410Z ^[[1m^[[92m   Compiling^[[0m hashbrown v0.16.1
build (aarch64-apple-darwin, macos-latest)	Build	2026-09-10T05:24:36.5404720Z ^[[1m^[[92m   Compiling^[[0m mio v1.1.1
build (aarch64-apple-darwin, macos-latest)	Build	2026-09-10T05:24:36.8468680Z ^[[1m^[[92m   Compiling^[[0m smallvec v1.15.1
build (aarch64-apple-darwin, macos-latest)	Build	2026-09-10T05:24:36.9895610Z ^[[1m^[[92m   Compiling^[[0m errno v0.3.14
build (aarch64-apple-darwin, macos-latest)	Build	2026-09-10T05:24:36.9997110Z ^[[1m^[[92m   Compiling^[[0m once_cell v1.21.3
build (aarch64-apple-darwin, macos-latest)	Build	2026-09-10T05:24:37.0738990Z ^[[1m^[[92m   Compiling^[[0m stable_deref_trait v1.2.1
build (aarch64-apple-darwin, macos-latest)	Build	2026-09-10T05:24:37.1060790Z ^[[1m^[[92m   Compiling^[[0m pin-project-lite v0.2.16
build (aarch64-apple-darwin, macos-latest)	Build	2026-09-10T05:24:37.1388650Z ^[[1m^[[92m   Compiling^[[0m libm v0.2.16
build (aarch64-apple-darwin, macos-latest)	Build	2026-09-10T05:24:37.1511960Z ^[[1m^[[92m   Compiling^[[0m bytes v1.11.1
build (aarch64-apple-darwin, macos-latest)	Build	2026-09-10T05:24:37.3846350Z ^[[1m^[[92m   Compiling^[[0m synstructure v0.13.2
build (aarch64-apple-darwin, macos-latest)	Build	2026-09-10T05:24:37.7916310Z ^[[1m^[[92m   Compiling^[[0m pkg-config v0.3.32
build (aarch64-apple-darwin, macos-latest)	Build	2026-09-10T05:24:37.8018310Z ^[[1m^[[92m   Compiling^[[0m futures-core v0.3.31
build (aarch64-apple-darwin, macos-latest)	Build	2026-09-10T05:24:37.8822260Z ^[[1m^[[92m   Compiling^[[0m version_check v0.9.5
build (aarch64-apple-darwin, macos-latest)	Build	2026-09-10T05:24:38.0318360Z ^[[1m^[[92m   Compiling^[[0m typenum v1.19.0
build (aarch64-apple-darwin, macos-latest)	Build	2026-09-10T05:24:38.0643030Z ^[[1m^[[92m   Compiling^[[0m thiserror v2.0.18
build (aarch64-apple-darwin, macos-latest)	Build	2026-09-10T05:24:38.2261070Z ^[[1m^[[92m   Compiling^[[0m generic-array v0.14.7
build (aarch64-apple-darwin, macos-latest)	Build	2026-09-10T05:24:38.3365970Z ^[[1m^[[92m   Compiling^[[0m autocfg v1.5.0
build (aarch64-apple-darwin, macos-latest)	Build	2026-09-10T05:24:38.4327030Z ^[[1m^[[92m   Compiling^[[0m zerofrom-derive v0.1.6
build (aarch64-apple-darwin, macos-latest)	Build	2026-09-10T05:24:38.5451770Z ^[[1m^[[92m   Compiling^[[0m yoke-derive v0.8.1
build (aarch64-apple-darwin, macos-latest)	Build	2026-09-10T05:24:39.0818070Z ^[[1m^[[92m   Compiling^[[0m zerovec-derive v0.11.2
build (aarch64-apple-darwin, macos-latest)	Build	2026-09-10T05:24:39.0924450Z ^[[1m^[[92m   Compiling^[[0m displaydoc v0.2.5
build (aarch64-apple-darwin, macos-latest)	Build	2026-09-10T05:24:39.1457290Z ^[[1m^[[92m   Compiling^[[0m zerofrom v0.1.6
build (aarch64-apple-darwin, macos-latest)	Build	2026-09-10T05:24:39.2056340Z ^[[1m^[[92m   Compiling^[[0m yoke v0.8.1
build (aarch64-apple-darwin, macos-latest)	Build	2026-09-10T05:24:39.2951450Z ^[[1m^[[92m   Compiling^[[0m thiserror-impl v2.0.18
build (aarch64-apple-darwin, macos-latest)	Build	2026-09-10T05:24:39.4534230Z ^[[1m^[[92m   Compiling^[[0m rustix v1.1.3
build (aarch64-apple-darwin, macos-latest)	Build	2026-09-10T05:24:39.7281260Z ^[[1m^[[92m   Compiling^[[0m zerovec v0.11.5
build (aarch64-apple-darwin, macos-latest)	Build	2026-09-10T05:24:39.7648670Z ^[[1m^[[92m   Compiling^[[0m num-traits v0.2.19
build (aarch64-apple-darwin, macos-latest)	Build	2026-09-10T05:24:40.1563390Z ^[[1m^[[92m   Compiling^[[0m syn v3.0.4
build (aarch64-apple-darwin, macos-latest)	Build	2026-09-10T05:24:40.1774050Z ^[[1m^[[92m   Compiling^[[0m getrandom v0.2.17
build (aarch64-apple-darwin, macos-latest)	Build	2026-09-10T05:24:40.2644860Z ^[[1m^[[92m   Compiling^[[0m socket2 v0.6.2
build (aarch64-apple-darwin, macos-latest)	Build	2026-09-10T05:24:40.2723440Z ^[[1m^[[92m   Compiling^[[0m zeroize v1.8.2
build (aarch64-apple-darwin, macos-latest)	Build	2026-09-10T05:24:40.3530760Z ^[[1m^[[92m   Compiling^[[0m serde_core v1.0.228
build (aarch64-apple-darwin, macos-latest)	Build	2026-09-10T05:24:40.5104710Z ^[[1m^[[92m   Compiling^[[0m vcpkg v0.2.15
build (aarch64-apple-darwin, macos-latest)	Build	2026-09-10T05:24:40.5875380Z ^[[1m^[[92m   Compiling^[[0m futures-sink v0.3.31
build (aarch64-apple-darwin, macos-latest)	Build	2026-09-10T05:24:40.6550590Z ^[[1m^[[92m   Compiling^[[0m tokio v1.49.0
build (aarch64-apple-darwin, macos-latest)	Build	2026-09-10T05:24:41.1923670Z ^[[1m^[[92m   Compiling^[[0m tinystr v0.8.2
build (aarch64-apple-darwin, macos-latest)	Build	2026-09-10T05:24:41.4956110Z ^[[1m^[[92m   Compiling^[[0m ryu v1.0.23
build (aarch64-apple-darwin, macos-latest)	Build	2026-09-10T05:24:41.6217720Z ^[[1m^[[92m   Compiling^[[0m unicode-width v0.2.2
build (aarch64-apple-darwin, macos-latest)	Build	2026-09-10T05:24:41.7542730Z ^[[1m^[[92m   Compiling^[[0m zerocopy v0.8.39
build (aarch64-apple-darwin, macos-latest)	Build	2026-09-10T05:24:41.9647200Z ^[[1m^[[92m   Compiling^[[0m writeable v0.6.2
build (aarch64-apple-darwin, macos-latest)	Build	2026-09-10T05:24:42.0622780Z ^[[1m^[[92m   Compiling^[[0m litemap v0.8.1
build (aarch64-apple-darwin, macos-latest)	Build	2026-09-10T05:24:42.1626970Z ^[[1m^[[92m   Compiling^[[0m rustversion v1.0.22
build (aarch64-apple-darwin, macos-latest)	Build	2026-09-10T05:24:42.3466960Z ^[[1m^[[92m   Compiling^[[0m objc2 v0.6.3
build (aarch64-apple-darwin, macos-latest)	Build	2026-09-10T05:24:42.4367130Z ^[[1m^[[92m   Compiling^[[0m crc32fast v1.5.0
build (aarch64-apple-darwin, macos-latest)	Build	2026-09-10T05:24:42.4827990Z ^[[1m^[[92m   Compiling^[[0m simd-adler32 v0.3.8
build (aarch64-apple-darwin, macos-latest)	Build	2026-09-10T05:24:42.5613340Z ^[[1m^[[92m   Compiling^[[0m heck v0.5.0
build (aarch64-apple-darwin, macos-latest)	Build	2026-09-10T05:24:42.6420470Z ^[[1m^[[92m   Compiling^[[0m icu_locale_core v2.1.1
build (aarch64-apple-darwin, macos-latest)	Build	2026-09-10T05:24:43.5831500Z ^[[1m^[[92m   Compiling^[[0m potential_utf v0.1.4
build (aarch64-apple-darwin, macos-latest)	Build	2026-09-10T05:24:43.6447050Z ^[[1m^[[92m   Compiling^[[0m zerotrie v0.2.3
build (aarch64-apple-darwin, macos-latest)	Build	2026-09-10T05:24:43.8320540Z ^[[1m^[[92m   Compiling^[[0m zerocopy-derive v0.8.39
build (aarch64-apple-darwin, macos-latest)	Build	2026-09-10T05:24:44.0963570Z ^[[1m^[[92m   Compiling^[[0m http v1.4.0
build (aarch64-apple-darwin, macos-latest)	Build	2026-09-10T05:24:44.5024190Z ^[[1m^[[92m   Compiling^[[0m ring v0.17.14
build (aarch64-apple-darwin, macos-latest)	Build	2026-09-10T05:24:44.6773420Z ^[[1m^[[92m   Compiling^[[0m ident_case v1.0.1
build (aarch64-apple-darwin, macos-latest)	Build	2026-09-10T05:24:44.7211940Z ^[[1m^[[92m   Compiling^[[0m adler2 v2.0.1
build (aarch64-apple-darwin, macos-latest)	Build	2026-09-10T05:24:44.7963590Z ^[[1m^[[92m   Compiling^[[0m icu_normalizer_data v2.1.1
build (aarch64-apple-darwin, macos-latest)	Build	2026-09-10T05:24:44.8362950Z ^[[1m^[[92m   Compiling^[[0m objc2-encode v4.1.0
build (aarch64-apple-darwin, macos-latest)	Build	2026-09-10T05:24:44.9160920Z ^[[1m^[[92m   Compiling^[[0m either v1.15.0
build (aarch64-apple-darwin, macos-latest)	Build	2026-09-10T05:24:45.0157480Z ^[[1m^[[92m   Compiling^[[0m strsim v0.11.1
build (aarch64-apple-darwin, macos-latest)	Build	2026-09-10T05:24:45.0313420Z ^[[1m^[[92m   Compiling^[[0m serde v1.0.228
build (aarch64-apple-darwin, macos-latest)	Build	2026-09-10T05:24:45.1339450Z ^[[1m^[[92m   Compiling^[[0m slab v0.4.12
build (aarch64-apple-darwin, macos-latest)	Build	2026-09-10T05:24:45.1886080Z ^[[1m^[[92m   Compiling^[[0m icu_properties_data v2.1.2
build (aarch64-apple-darwin, macos-latest)	Build	2026-09-10T05:24:45.2169380Z ^[[1m^[[92m   Compiling^[[0m darling_core v0.23.0
build (aarch64-apple-darwin, macos-latest)	Build	2026-09-10T05:24:46.1256020Z ^[[1m^[[92m   Compiling^[[0m miniz_oxide v0.8.9
build (aarch64-apple-darwin, macos-latest)	Build	2026-09-10T05:24:46.8067040Z ^[[1m^[[92m   Compiling^[[0m icu_provider v2.1.1
build (aarch64-apple-darwin, macos-latest)	Build	2026-09-10T05:24:47.0175510Z ^[[1m^[[92m   Compiling^[[0m icu_collections v2.1.1
build (aarch64-apple-darwin, macos-latest)	Build	2026-09-10T05:24:47.7367090Z ^[[1m^[[92m   Compiling^[[0m bytemuck_derive v1.12.0
build (aarch64-apple-darwin, macos-latest)	Build	2026-09-10T05:24:48.4548280Z ^[[1m^[[92m   Compiling^[[0m crypto-common v0.1.7
build (aarch64-apple-darwin, macos-latest)	Build	2026-09-10T05:24:48.5052720Z ^[[1m^[[92m   Compiling^[[0m block-buffer v0.10.4
build (aarch64-apple-darwin, macos-latest)	Build	2026-09-10T05:24:48.5650530Z ^[[1m^[[92m   Compiling^[[0m serde_derive v1.0.228
build (aarch64-apple-darwin, macos-latest)	Build	2026-09-10T05:24:49.2871510Z ^[[1m^[[92m   Compiling^[[0m indexmap v2.13.0
build (aarch64-apple-darwin, macos-latest)	Build	2026-09-10T05:24:49.7677660Z ^[[1m^[[92m   Compiling^[[0m openssl-src v300.5.5+3.5.5
build (aarch64-apple-darwin, macos-latest)	Build	2026-09-10T05:24:49.8998830Z ^[[1m^[[92m   Compiling^[[0m percent-encoding v2.3.2
build (aarch64-apple-darwin, macos-latest)	Build	2026-09-10T05:24:50.0395210Z ^[[1m^[[92m   Compiling^[[0m pin-utils v0.1.0
build (aarch64-apple-darwin, macos-latest)	Build	2026-09-10T05:24:50.0672970Z ^[[1m^[[92m   Compiling^[[0m parking_lot_core v0.9.12
build (aarch64-apple-darwin, macos-latest)	Build	2026-09-10T05:24:50.1904380Z ^[[1m^[[92m   Compiling^[[0m signal-hook v0.3.18
build (aarch64-apple-darwin, macos-latest)	Build	2026-09-10T05:24:50.3013870Z ^[[1m^[[92m   Compiling^[[0m powerfmt v0.2.0
build (aarch64-apple-darwin, macos-latest)	Build	2026-09-10T05:24:50.3101970Z ^[[1m^[[92m   Compiling^[[0m subtle v2.6.1
build (aarch64-apple-darwin, macos-latest)	Build	2026-09-10T05:24:50.3777170Z ^[[1m^[[92m   Compiling^[[0m deranged v0.5.6
build (aarch64-apple-darwin, macos-latest)	Build	2026-09-10T05:24:50.7392490Z ^[[1m^[[92m   Compiling^[[0m openssl-sys v0.9.111
build (aarch64-apple-darwin, macos-latest)	Build	2026-09-10T05:24:51.0008800Z ^[[1m^[[92m   Compiling^[[0m digest v0.10.7
build (aarch64-apple-darwin, macos-latest)	Build	2026-09-10T05:24:51.0193070Z ^[[1m^[[92m   Compiling^[[0m bytemuck v1.25.0
build (aarch64-apple-darwin, macos-latest)	Build	2026-09-10T05:24:51.1149240Z ^[[1m^[[92m   Compiling^[[0m flate2 v1.1.9
build (aarch64-apple-darwin, macos-latest)	Build	2026-09-10T05:24:51.1564340Z ^[[1m^[[92m   Compiling^[[0m castaway v0.2.4
build (aarch64-apple-darwin, macos-latest)	Build	2026-09-10T05:24:51.2000320Z ^[[1m^[[92m   Compiling^[[0m darling_macro v0.23.0
build (aarch64-apple-darwin, macos-latest)	Build	2026-09-10T05:24:51.4219990Z ^[[1m^[[92m   Compiling^[[0m objc2-core-foundation v0.3.2
build (aarch64-apple-darwin, macos-latest)	Build	2026-09-10T05:24:51.6678040Z ^[[1m^[[92m   Compiling^[[0m itertools v0.14.0
build (aarch64-apple-darwin, macos-latest)	Build	2026-09-10T05:24:51.8163120Z ^[[1m^[[92m   Compiling^[[0m http-body v1.0.1
build (aarch64-apple-darwin, macos-latest)	Build	2026-09-10T05:24:51.8755280Z ^[[1m^[[92m   Compiling^[[0m strum_macros v0.27.2
build (aarch64-apple-darwin, macos-latest)	Build	2026-09-10T05:24:52.1948730Z ^[[1m^[[92m   Compiling^[[0m libz-sys v1.1.23
build (aarch64-apple-darwin, macos-latest)	Build	2026-09-10T05:24:52.3686130Z ^[[1m^[[92m   Compiling^[[0m rustls-pki-types v1.14.0
build (aarch64-apple-darwin, macos-latest)	Build	2026-09-10T05:24:52.6341600Z ^[[1m^[[92m   Compiling^[[0m tracing-core v0.1.36
build (aarch64-apple-darwin, macos-latest)	Build	2026-09-10T05:24:52.7115270Z ^[[1m^[[92m   Compiling^[[0m signal-hook-registry v1.4.8
build (aarch64-apple-darwin, macos-latest)	Build	2026-09-10T05:24:52.9123120Z ^[[1m^[[92m   Compiling^[[0m num_threads v0.1.7
build (aarch64-apple-darwin, macos-latest)	Build	2026-09-10T05:24:52.9547520Z ^[[1m^[[92m   Compiling^[[0m futures-task v0.3.31
build (aarch64-apple-darwin, macos-latest)	Build	2026-09-10T05:24:52.9603670Z ^[[1m^[[92m   Compiling^[[0m fnv v1.0.7
build (aarch64-apple-darwin, macos-latest)	Build	2026-09-10T05:24:52.9960760Z ^[[1m^[[92m   Compiling^[[0m httparse v1.10.1
build (aarch64-apple-darwin, macos-latest)	Build	2026-09-10T05:24:53.0320360Z ^[[1m^[[92m   Compiling^[[0m futures-io v0.3.31
build (aarch64-apple-darwin, macos-latest)	Build	2026-09-10T05:24:53.0671130Z ^[[1m^[[92m   Compiling^[[0m num-conv v0.2.0
build (aarch64-apple-darwin, macos-latest)	Build	2026-09-10T05:24:53.1035880Z ^[[1m^[[92m   Compiling^[[0m unicode-segmentation v1.12.0
build (aarch64-apple-darwin, macos-latest)	Build	2026-09-10T05:24:53.1222300Z ^[[1m^[[92m   Compiling^[[0m scopeguard v1.2.0
build (aarch64-apple-darwin, macos-latest)	Build	2026-09-10T05:24:53.1749940Z ^[[1m^[[92m   Compiling^[[0m instability v0.3.11
build (aarch64-apple-darwin, macos-latest)	Build	2026-09-10T05:24:53.1863170Z ^[[1m^[[92m   Compiling^[[0m static_assertions v1.1.0
build (aarch64-apple-darwin, macos-latest)	Build	2026-09-10T05:24:53.2131250Z ^[[1m^[[92m   Compiling^[[0m indoc v2.0.7
build (aarch64-apple-darwin, macos-latest)	Build	2026-09-10T05:24:53.2790380Z ^[[1m^[[92m   Compiling^[[0m untrusted v0.9.0
build (aarch64-apple-darwin, macos-latest)	Build	2026-09-10T05:24:53.3279380Z ^[[1m^[[92m   Compiling^[[0m base64 v0.22.1
build (aarch64-apple-darwin, macos-latest)	Build	2026-09-10T05:24:53.4376130Z ^[[1m^[[92m   Compiling^[[0m semver v1.0.27
build (aarch64-apple-darwin, macos-latest)	Build	2026-09-10T05:24:53.5833500Z ^[[1m^[[92m   Compiling^[[0m time-core v0.1.8
build (aarch64-apple-darwin, macos-latest)	Build	2026-09-10T05:24:53.5902410Z ^[[1m^[[92m   Compiling^[[0m rustc_version v0.4.1
build (aarch64-apple-darwin, macos-latest)	Build	2026-09-10T05:24:53.6434090Z ^[[1m^[[92m   Compiling^[[0m convert_case v0.10.0
build (aarch64-apple-darwin, macos-latest)	Build	2026-09-10T05:24:53.6568930Z ^[[1m^[[92m   Compiling^[[0m time v0.3.47
build (aarch64-apple-darwin, macos-latest)	Build	2026-09-10T05:24:53.7319910Z ^[[1m^[[92m   Compiling^[[0m unicode-truncate v2.0.1
build (aarch64-apple-darwin, macos-latest)	Build	2026-09-10T05:24:53.8122960Z ^[[1m^[[92m   Compiling^[[0m compact_str v0.9.0
build (aarch64-apple-darwin, macos-latest)	Build	2026-09-10T05:24:54.2921550Z ^[[1m^[[92m   Compiling^[[0m lock_api v0.4.14
build (aarch64-apple-darwin, macos-latest)	Build	2026-09-10T05:24:54.4094840Z ^[[1m^[[92m   Compiling^[[0m futures-util v0.3.31
build (aarch64-apple-darwin, macos-latest)	Build	2026-09-10T05:24:55.2689030Z ^[[1m^[[92m   Compiling^[[0m strum v0.27.2
build (aarch64-apple-darwin, macos-latest)	Build	2026-09-10T05:24:55.3157740Z ^[[1m^[[92m   Compiling^[[0m tracing v0.1.44
build (aarch64-apple-darwin, macos-latest)	Build	2026-09-10T05:24:55.5152480Z ^[[1m^[[92m   Compiling^[[0m icu_properties v2.1.2
build (aarch64-apple-darwin, macos-latest)	Build	2026-09-10T05:24:55.6839250Z ^[[1m^[[92m   Compiling^[[0m icu_normalizer v2.1.1
build (aarch64-apple-darwin, macos-latest)	Build	2026-09-10T05:24:55.9908710Z ^[[1m^[[92m   Compiling^[[0m darling v0.23.0
build (aarch64-apple-darwin, macos-latest)	Build	2026-09-10T05:24:56.3880470Z ^[[1m^[[92m   Compiling^[[0m tokio-util v0.7.18
build (aarch64-apple-darwin, macos-latest)	Build	2026-09-10T05:24:56.4639360Z ^[[1m^[[92m   Compiling^[[0m kasuari v0.4.11
build (aarch64-apple-darwin, macos-latest)	Build	2026-09-10T05:24:56.8584650Z ^[[1m^[[92m   Compiling^[[0m lru v0.16.3
build (aarch64-apple-darwin, macos-latest)	Build	2026-09-10T05:24:56.9441110Z ^[[1m^[[92m   Compiling^[[0m radium v0.7.0
build (aarch64-apple-darwin, macos-latest)	Build	2026-09-10T05:24:57.0754980Z ^[[1m^[[92m   Compiling^[[0m atomic-waker v1.1.2
build (aarch64-apple-darwin, macos-latest)	Build	2026-09-10T05:24:57.0803040Z ^[[1m^[[92m   Compiling^[[0m try-lock v0.2.5
build (aarch64-apple-darwin, macos-latest)	Build	2026-09-10T05:24:57.1213540Z ^[[1m^[[92m   Compiling^[[0m rustls v0.23.36
build (aarch64-apple-darwin, macos-latest)	Build	2026-09-10T05:24:57.1242610Z ^[[1m^[[92m   Compiling^[[0m tower-service v0.3.3
build (aarch64-apple-darwin, macos-latest)	Build	2026-09-10T05:24:57.2036140Z ^[[1m^[[92m   Compiling^[[0m zmij v1.0.21
build (aarch64-apple-darwin, macos-latest)	Build	2026-09-10T05:24:57.2957210Z ^[[1m^[[92m   Compiling^[[0m getrandom v0.4.1
build (aarch64-apple-darwin, macos-latest)	Build	2026-09-10T05:24:57.4085520Z ^[[1m^[[92m   Compiling^[[0m h2 v0.4.13
build (aarch64-apple-darwin, macos-latest)	Build	2026-09-10T05:24:57.4392870Z ^[[1m^[[92m   Compiling^[[0m want v0.3.1
build (aarch64-apple-darwin, macos-latest)	Build	2026-09-10T05:24:57.5191870Z ^[[1m^[[92m   Compiling^[[0m ratatui-core v0.1.0
build (aarch64-apple-darwin, macos-latest)	Build	2026-09-10T05:24:59.5966940Z ^[[1m^[[92m   Compiling^[[0m parking_lot v0.12.5
build (aarch64-apple-darwin, macos-latest)	Build	2026-09-10T05:24:59.9513450Z ^[[1m^[[92m   Compiling^[[0m idna_adapter v1.2.1
build (aarch64-apple-darwin, macos-latest)	Build	2026-09-10T05:25:00.2890720Z ^[[1m^[[92m   Compiling^[[0m signal-hook-mio v0.2.5
build (aarch64-apple-darwin, macos-latest)	Build	2026-09-10T05:25:00.3106750Z ^[[1m^[[92m   Compiling^[[0m rustls-webpki v0.103.15
build (aarch64-apple-darwin, macos-latest)	Build	2026-09-10T05:25:00.5249870Z ^[[1m^[[92m   Compiling^[[0m derive_more-impl v2.1.1
build (aarch64-apple-darwin, macos-latest)	Build	2026-09-10T05:25:00.8928220Z ^[[1m^[[92m   Compiling^[[0m curve25519-dalek v4.1.3
build (aarch64-apple-darwin, macos-latest)	Build	2026-09-10T05:25:01.0231450Z ^[[1m^[[92m   Compiling^[[0m form_urlencoded v1.2.2
build (aarch64-apple-darwin, macos-latest)	Build	2026-09-10T05:25:01.1135000Z ^[[1m^[[92m   Compiling^[[0m futures-channel v0.3.31
build (aarch64-apple-darwin, macos-latest)	Build	2026-09-10T05:25:01.1978450Z ^[[1m^[[92m   Compiling^[[0m fax_derive v0.2.0
build (aarch64-apple-darwin, macos-latest)	Build	2026-09-10T05:25:01.2286770Z ^[[1m^[[92m   Compiling^[[0m libssh2-sys v0.3.1
build (aarch64-apple-darwin, macos-latest)	Build	2026-09-10T05:25:01.3978050Z ^[[1m^[[92m   Compiling^[[0m aho-corasick v1.1.4
build (aarch64-apple-darwin, macos-latest)	Build	2026-09-10T05:25:01.4879490Z ^[[1m^[[92m   Compiling^[[0m regex-syntax v0.8.9
build (aarch64-apple-darwin, macos-latest)	Build	2026-09-10T05:25:03.0782720Z ^[[1m^[[92m   Compiling^[[0m tap v1.0.1
build (aarch64-apple-darwin, macos-latest)	Build	2026-09-10T05:25:03.1246310Z ^[[1m^[[92m   Compiling^[[0m ref-cast v1.0.27
build (aarch64-apple-darwin, macos-latest)	Build	2026-09-10T05:25:03.2809320Z ^[[1m^[[92m   Compiling^[[0m rand_core v0.10.1
build (aarch64-apple-darwin, macos-latest)	Build	2026-09-10T05:25:03.3994840Z ^[[1m^[[92m   Compiling^[[0m utf8_iter v1.0.4
build (aarch64-apple-darwin, macos-latest)	Build	2026-09-10T05:25:03.4898680Z ^[[1m^[[92m   Compiling^[[0m zune-core v0.4.12
build (aarch64-apple-darwin, macos-latest)	Build	2026-09-10T05:25:03.6256460Z ^[[1m^[[92m   Compiling^[[0m litrs v1.0.0
build (aarch64-apple-darwin, macos-latest)	Build	2026-09-10T05:25:03.9519790Z ^[[1m^[[92m   Compiling^[[0m serde_json v1.0.149
build (aarch64-apple-darwin, macos-latest)	Build	2026-09-10T05:25:04.0809510Z ^[[1m^[[92m   Compiling^[[0m weezl v0.1.12
build (aarch64-apple-darwin, macos-latest)	Build	2026-09-10T05:25:04.0933300Z ^[[1m^[[92m   Compiling^[[0m by_address v1.2.1
build (aarch64-apple-darwin, macos-latest)	Build	2026-09-10T05:25:04.1568710Z ^[[1m^[[92m   Compiling^[[0m quick-error v2.0.1
build (aarch64-apple-darwin, macos-latest)	Build	2026-09-10T05:25:04.2056050Z ^[[1m^[[92m   Compiling^[[0m palette_derive v0.7.7
build (aarch64-apple-darwin, macos-latest)	Build	2026-09-10T05:25:04.4847070Z ^[[1m^[[92m   Compiling^[[0m document-features v0.2.12
build (aarch64-apple-darwin, macos-latest)	Build	2026-09-10T05:25:04.7785430Z ^[[1m^[[92m   Compiling^[[0m zune-jpeg v0.4.21
build (aarch64-apple-darwin, macos-latest)	Build	2026-09-10T05:25:04.8578560Z ^[[1m^[[92m   Compiling^[[0m idna v1.1.0
build (aarch64-apple-darwin, macos-latest)	Build	2026-09-10T05:25:05.4742220Z ^[[1m^[[92m   Compiling^[[0m wyz v0.5.1
build (aarch64-apple-darwin, macos-latest)	Build	2026-09-10T05:25:05.5945180Z ^[[1m^[[92m   Compiling^[[0m regex-automata v0.4.14
build (aarch64-apple-darwin, macos-latest)	Build	2026-09-10T05:25:05.6577160Z ^[[1m^[[92m   Compiling^[[0m fax v0.2.6
build (aarch64-apple-darwin, macos-latest)	Build	2026-09-10T05:25:05.8359910Z ^[[1m^[[92m   Compiling^[[0m hyper v1.8.1
build (aarch64-apple-darwin, macos-latest)	Build	2026-09-10T05:25:07.3780990Z ^[[1m^[[92m   Compiling^[[0m derive_more v2.1.1
build (aarch64-apple-darwin, macos-latest)	Build	2026-09-10T05:25:12.3730630Z ^[[1m^[[92m   Compiling^[[0m objc2-foundation v0.3.2
build (aarch64-apple-darwin, macos-latest)	Build	2026-09-10T05:25:14.3035290Z ^[[1m^[[92m   Compiling^[[0m signature v2.2.0
build (aarch64-apple-darwin, macos-latest)	Build	2026-09-10T05:25:14.3656910Z ^[[1m^[[92m   Compiling^[[0m half v2.7.1
build (aarch64-apple-darwin, macos-latest)	Build	2026-09-10T05:25:14.3732680Z ^[[1m^[[92m   Compiling^[[0m pxfm v0.1.27
build (aarch64-apple-darwin, macos-latest)	Build	2026-09-10T05:25:14.6464930Z ^[[1m^[[92m   Compiling^[[0m fdeflate v0.3.7
build (aarch64-apple-darwin, macos-latest)	Build	2026-09-10T05:25:15.0115280Z ^[[1m^[[92m   Compiling^[[0m ref-cast-impl v1.0.27
build (aarch64-apple-darwin, macos-latest)	Build	2026-09-10T05:25:15.2838100Z ^[[1m^[[92m   Compiling^[[0m palette_math v0.7.7
build (aarch64-apple-darwin, macos-latest)	Build	2026-09-10T05:25:15.3680770Z ^[[1m^[[92m   Compiling^[[0m sync_wrapper v1.0.2
build (aarch64-apple-darwin, macos-latest)	Build	2026-09-10T05:25:15.4094670Z ^[[1m^[[92m   Compiling^[[0m cpufeatures v0.2.17
build (aarch64-apple-darwin, macos-latest)	Build	2026-09-10T05:25:15.4527680Z ^[[1m^[[92m   Compiling^[[0m filetime v0.2.27
build (aarch64-apple-darwin, macos-latest)	Build	2026-09-10T05:25:15.5477770Z ^[[1m^[[92m   Compiling^[[0m line-clipping v0.3.5
build (aarch64-apple-darwin, macos-latest)	Build	2026-09-10T05:25:15.6787200Z ^[[1m^[[92m   Compiling^[[0m funty v2.0.0
build (aarch64-apple-darwin, macos-latest)	Build	2026-09-10T05:25:16.1546510Z ^[[1m^[[92m   Compiling^[[0m portable-atomic v1.13.1
build (aarch64-apple-darwin, macos-latest)	Build	2026-09-10T05:25:16.4165930Z ^[[1m^[[92m   Compiling^[[0m zune-core v0.5.3
build (aarch64-apple-darwin, macos-latest)	Build	2026-09-10T05:25:16.5583210Z ^[[1m^[[92m   Compiling^[[0m ipnet v2.11.0
build (aarch64-apple-darwin, macos-latest)	Build	2026-09-10T05:25:16.9846410Z ^[[1m^[[92m   Compiling^[[0m color_quant v1.1.0
build (aarch64-apple-darwin, macos-latest)	Build	2026-09-10T05:25:17.1042740Z ^[[1m^[[92m   Compiling^[[0m utf8parse v0.2.2
build (aarch64-apple-darwin, macos-latest)	Build	2026-09-10T05:25:17.1476580Z ^[[1m^[[92m   Compiling^[[0m same-file v1.0.6
build (aarch64-apple-darwin, macos-latest)	Build	2026-09-10T05:25:17.2079880Z ^[[1m^[[92m   Compiling^[[0m rustix v0.38.44
build (aarch64-apple-darwin, macos-latest)	Build	2026-09-10T05:25:17.4089170Z ^[[1m^[[92m   Compiling^[[0m byteorder-lite v0.1.0
build (aarch64-apple-darwin, macos-latest)	Build	2026-09-10T05:25:17.5588110Z ^[[1m^[[92m   Compiling^[[0m tower-layer v0.3.3
build (aarch64-apple-darwin, macos-latest)	Build	2026-09-10T05:25:17.6711780Z ^[[1m^[[92m   Compiling^[[0m fastrand v2.3.0
build (aarch64-apple-darwin, macos-latest)	Build	2026-09-10T05:25:17.7987010Z ^[[1m^[[92m   Compiling^[[0m tempfile v3.25.0
build (aarch64-apple-darwin, macos-latest)	Build	2026-09-10T05:25:17.9486970Z ^[[1m^[[92m   Compiling^[[0m tower v0.5.3
build (aarch64-apple-darwin, macos-latest)	Build	2026-09-10T05:25:18.1708880Z ^[[1m^[[92m   Compiling^[[0m image-webp v0.2.4
build (aarch64-apple-darwin, macos-latest)	Build	2026-09-10T05:25:18.3139890Z ^[[1m^[[92m   Compiling^[[0m walkdir v2.5.0
build (aarch64-apple-darwin, macos-latest)	Build	2026-09-10T05:25:18.5777840Z ^[[1m^[[92m   Compiling^[[0m anstyle-parse v0.2.7
build (aarch64-apple-darwin, macos-latest)	Build	2026-09-10T05:25:18.6754400Z ^[[1m^[[92m   Compiling^[[0m gif v0.14.2
build (aarch64-apple-darwin, macos-latest)	Build	2026-09-10T05:25:19.4389440Z ^[[1m^[[92m   Compiling^[[0m hyper-util v0.1.20
build (aarch64-apple-darwin, macos-latest)	Build	2026-09-10T05:25:19.5038540Z ^[[1m^[[92m   Compiling^[[0m zune-jpeg v0.5.15
build (aarch64-apple-darwin, macos-latest)	Build	2026-09-10T05:25:20.2172380Z ^[[1m^[[92m   Compiling^[[0m bitvec v1.1.1
build (aarch64-apple-darwin, macos-latest)	Build	2026-09-10T05:25:20.7592810Z ^[[1m^[[92m   Compiling^[[0m moxcms v0.7.11
build (aarch64-apple-darwin, macos-latest)	Build	2026-09-10T05:25:22.0614000Z ^[[1m^[[92m   Compiling^[[0m ratatui-widgets v0.3.0
build (aarch64-apple-darwin, macos-latest)	Build	2026-09-10T05:25:24.1436870Z ^[[1m^[[92m   Compiling^[[0m sha2 v0.10.9
build (aarch64-apple-darwin, macos-latest)	Build	2026-09-10T05:25:24.5560500Z ^[[1m^[[92m   Compiling^[[0m palette v0.7.7
build (aarch64-apple-darwin, macos-latest)	Build	2026-09-10T05:25:28.1895270Z ^[[1m^[[92m   Compiling^[[0m png v0.18.1
build (aarch64-apple-darwin, macos-latest)	Build	2026-09-10T05:25:29.3516410Z ^[[1m^[[92m   Compiling^[[0m tiff v0.10.3
build (aarch64-apple-darwin, macos-latest)	Build	2026-09-10T05:25:30.6360430Z ^[[1m^[[92m   Compiling^[[0m ed25519 v2.2.3
build (aarch64-apple-darwin, macos-latest)	Build	2026-09-10T05:25:31.7907830Z ^[[1m^[[92m   Compiling^[[0m tokio-rustls v0.26.4
build (aarch64-apple-darwin, macos-latest)	Build	2026-09-10T05:25:31.9664650Z ^[[1m^[[92m   Compiling^[[0m crossterm v0.29.0
build (aarch64-apple-darwin, macos-latest)	Build	2026-09-10T05:25:32.7549500Z ^[[1m^[[92m   Compiling^[[0m url v2.5.8
build (aarch64-apple-darwin, macos-latest)	Build	2026-09-10T05:25:32.9324410Z ^[[1m^[[92m   Compiling^[[0m rand_xoshiro v0.8.1
build (aarch64-apple-darwin, macos-latest)	Build	2026-09-10T05:25:33.2258690Z ^[[1m^[[92m   Compiling^[[0m rand v0.10.2
build (aarch64-apple-darwin, macos-latest)	Build	2026-09-10T05:25:33.5882490Z ^[[1m^[[92m   Compiling^[[0m webpki-roots v1.0.6
build (aarch64-apple-darwin, macos-latest)	Build	2026-09-10T05:25:33.6389690Z ^[[1m^[[92m   Compiling^[[0m wide v1.6.1
build (aarch64-apple-darwin, macos-latest)	Build	2026-09-10T05:25:33.7143910Z ^[[1m^[[92m   Compiling^[[0m ppv-lite86 v0.2.21
build (aarch64-apple-darwin, macos-latest)	Build	2026-09-10T05:25:33.8634730Z ^[[1m^[[92m   Compiling^[[0m ordered-float v5.5.0
build (aarch64-apple-darwin, macos-latest)	Build	2026-09-10T05:25:34.0222500Z ^[[1m^[[92m   Compiling^[[0m rand_core v0.6.4
build (aarch64-apple-darwin, macos-latest)	Build	2026-09-10T05:25:34.1381590Z ^[[1m^[[92m   Compiling^[[0m libgit2-sys v0.18.3+1.9.2
build (aarch64-apple-darwin, macos-latest)	Build	2026-09-10T05:25:34.3790570Z ^[[1m^[[92m   Compiling^[[0m instant v0.1.13
build (aarch64-apple-darwin, macos-latest)	Build	2026-09-10T05:25:34.4156380Z ^[[1m^[[92m   Compiling^[[0m colorchoice v1.0.4
build (aarch64-apple-darwin, macos-latest)	Build	2026-09-10T05:25:34.4577310Z ^[[1m^[[92m   Compiling^[[0m anstyle-query v1.1.5
build (aarch64-apple-darwin, macos-latest)	Build	2026-09-10T05:25:34.5097810Z ^[[1m^[[92m   Compiling^[[0m thiserror v1.0.69
build (aarch64-apple-darwin, macos-latest)	Build	2026-09-10T05:25:34.6637960Z ^[[1m^[[92m   Compiling^[[0m is_terminal_polyfill v1.70.2
build (aarch64-apple-darwin, macos-latest)	Build	2026-09-10T05:25:34.6988140Z ^[[1m^[[92m   Compiling^[[0m bit-vec v0.8.0
build (aarch64-apple-darwin, macos-latest)	Build	2026-09-10T05:25:34.8273490Z ^[[1m^[[92m   Compiling^[[0m iri-string v0.7.10
build (aarch64-apple-darwin, macos-latest)	Build	2026-09-10T05:25:36.1187810Z ^[[1m^[[92m   Compiling^[[0m anstyle v1.0.13
build (aarch64-apple-darwin, macos-latest)	Build	2026-09-10T05:25:36.2324480Z ^[[1m^[[92m   Compiling^[[0m anstream v0.6.21
build (aarch64-apple-darwin, macos-latest)	Build	2026-09-10T05:25:36.4391940Z ^[[1m^[[92m   Compiling^[[0m tower-http v0.6.8
build (aarch64-apple-darwin, macos-latest)	Build	2026-09-10T05:25:36.8576540Z ^[[1m^[[92m   Compiling^[[0m bit-set v0.8.0
build (aarch64-apple-darwin, macos-latest)	Build	2026-09-10T05:25:36.9796530Z ^[[1m^[[92m   Compiling^[[0m quantette v0.6.0
build (aarch64-apple-darwin, macos-latest)	Build	2026-09-10T05:25:37.3436790Z ^[[1m^[[92m   Compiling^[[0m notify-types v1.0.1
build (aarch64-apple-darwin, macos-latest)	Build	2026-09-10T05:25:37.4923290Z ^[[1m^[[92m   Compiling^[[0m rand_chacha v0.3.1
build (aarch64-apple-darwin, macos-latest)	Build	2026-09-10T05:25:38.1253110Z ^[[1m^[[92m   Compiling^[[0m hyper-rustls v0.27.7
build (aarch64-apple-darwin, macos-latest)	Build	2026-09-10T05:25:38.3935840Z ^[[1m^[[92m   Compiling^[[0m ratatui-crossterm v0.1.0
build (aarch64-apple-darwin, macos-latest)	Build	2026-09-10T05:25:38.4878580Z ^[[1m^[[92m   Compiling^[[0m ed25519-dalek v2.2.0
build (aarch64-apple-darwin, macos-latest)	Build	2026-09-10T05:25:38.6815200Z ^[[1m^[[92m   Compiling^[[0m image v0.25.9
build (aarch64-apple-darwin, macos-latest)	Build	2026-09-10T05:25:39.1633530Z ^[[1m^[[92m   Compiling^[[0m ratatui-macros v0.7.0
build (aarch64-apple-darwin, macos-latest)	Build	2026-09-10T05:25:40.5244480Z ^[[1m^[[92m   Compiling^[[0m serde_urlencoded v0.7.1
build (aarch64-apple-darwin, macos-latest)	Build	2026-09-10T05:25:40.7044830Z ^[[1m^[[92m   Compiling^[[0m objc2-core-graphics v0.3.2
build (aarch64-apple-darwin, macos-latest)	Build	2026-09-10T05:25:41.1035810Z ^[[1m^[[92m   Compiling^[[0m http-body-util v0.1.3
build (aarch64-apple-darwin, macos-latest)	Build	2026-09-10T05:25:41.2481220Z ^[[1m^[[92m   Compiling^[[0m xattr v1.6.1
build (aarch64-apple-darwin, macos-latest)	Build	2026-09-10T05:25:41.4652550Z ^[[1m^[[92m   Compiling^[[0m console v0.15.11
build (aarch64-apple-darwin, macos-latest)	Build	2026-09-10T05:25:42.0817100Z ^[[1m^[[92m   Compiling^[[0m thiserror-impl v1.0.69
build (aarch64-apple-darwin, macos-latest)	Build	2026-09-10T05:25:42.9120730Z ^[[1m^[[92m   Compiling^[[0m quick-xml v0.38.4
build (aarch64-apple-darwin, macos-latest)	Build	2026-09-10T05:25:43.7514010Z ^[[1m^[[92m   Compiling^[[0m fsevent-sys v4.1.0
build (aarch64-apple-darwin, macos-latest)	Build	2026-09-10T05:25:43.8053140Z ^[[1m^[[92m   Compiling^[[0m unicode-width v0.1.14
build (aarch64-apple-darwin, macos-latest)	Build	2026-09-10T05:25:43.9367430Z ^[[1m^[[92m   Compiling^[[0m clap_lex v1.0.0
build (aarch64-apple-darwin, macos-latest)	Build	2026-09-10T05:25:44.0813600Z ^[[1m^[[92m   Compiling^[[0m linked-hash-map v0.5.6
build (aarch64-apple-darwin, macos-latest)	Build	2026-09-10T05:25:44.1823580Z ^[[1m^[[92m   Compiling^[[0m option-ext v0.2.0
build (aarch64-apple-darwin, macos-latest)	Build	2026-09-10T05:25:44.2187070Z ^[[1m^[[92m   Compiling^[[0m pulldown-cmark v0.13.0
build (aarch64-apple-darwin, macos-latest)	Build	2026-09-10T05:25:44.3360600Z ^[[1m^[[92m   Compiling^[[0m number_prefix v0.4.0
build (aarch64-apple-darwin, macos-latest)	Build	2026-09-10T05:25:44.3926650Z ^[[1m^[[92m   Compiling^[[0m outref v0.5.2
build (aarch64-apple-darwin, macos-latest)	Build	2026-09-10T05:25:44.4332120Z ^[[1m^[[92m   Compiling^[[0m ratatui-image v11.0.3
build (aarch64-apple-darwin, macos-latest)	Build	2026-09-10T05:25:44.5381590Z ^[[1m^[[92m   Compiling^[[0m anyhow v1.0.101
build (aarch64-apple-darwin, macos-latest)	Build	2026-09-10T05:25:45.0255630Z ^[[1m^[[92m   Compiling^[[0m vsimd v0.8.0
build (aarch64-apple-darwin, macos-latest)	Build	2026-09-10T05:25:45.2568990Z ^[[1m^[[92m   Compiling^[[0m self_update v0.42.0
build (aarch64-apple-darwin, macos-latest)	Build	2026-09-10T05:25:45.3976110Z ^[[1m^[[92m   Compiling^[[0m base64-simd v0.8.0
build (aarch64-apple-darwin, macos-latest)	Build	2026-09-10T05:25:45.6281380Z ^[[1m^[[92m   Compiling^[[0m clap_builder v4.5.58
build (aarch64-apple-darwin, macos-latest)	Build	2026-09-10T05:25:48.6937160Z ^[[1m^[[92m   Compiling^[[0m indicatif v0.17.11
build (aarch64-apple-darwin, macos-latest)	Build	2026-09-10T05:25:49.5647430Z ^[[1m^[[92m   Compiling^[[0m dirs-sys v0.5.0
build (aarch64-apple-darwin, macos-latest)	Build	2026-09-10T05:25:49.6183860Z ^[[1m^[[92m   Compiling^[[0m yaml-rust v0.4.5
build (aarch64-apple-darwin, macos-latest)	Build	2026-09-10T05:25:49.8356850Z ^[[1m^[[92m   Compiling^[[0m miette v7.6.0
build (aarch64-apple-darwin, macos-latest)	Build	2026-09-10T05:25:50.4484370Z ^[[1m^[[92m   Compiling^[[0m notify v7.0.0
build (aarch64-apple-darwin, macos-latest)	Build	2026-09-10T05:25:50.7455650Z ^[[1m^[[92m   Compiling^[[0m plist v1.8.0
build (aarch64-apple-darwin, macos-latest)	Build	2026-09-10T05:25:51.7444400Z ^[[1m^[[92m   Compiling^[[0m tar v0.4.46
build (aarch64-apple-darwin, macos-latest)	Build	2026-09-10T05:25:52.0414510Z ^[[1m^[[92m   Compiling^[[0m reqwest v0.12.28
build (aarch64-apple-darwin, macos-latest)	Build	2026-09-10T05:25:52.8390030Z ^[[1m^[[92m   Compiling^[[0m objc2-app-kit v0.3.2
build (aarch64-apple-darwin, macos-latest)	Build	2026-09-10T05:25:53.3146080Z ^[[1m^[[92m   Compiling^[[0m ratatui v0.30.0
build (aarch64-apple-darwin, macos-latest)	Build	2026-09-10T05:25:53.5814500Z ^[[1m^[[92m   Compiling^[[0m zipsign-api v0.1.5
build (aarch64-apple-darwin, macos-latest)	Build	2026-09-10T05:25:53.8644130Z ^[[1m^[[92m   Compiling^[[0m icy_sixel v0.5.1
build (aarch64-apple-darwin, macos-latest)	Build	2026-09-10T05:25:54.2151330Z ^[[1m^[[92m   Compiling^[[0m rand v0.8.8
build (aarch64-apple-darwin, macos-latest)	Build	2026-09-10T05:25:54.7766700Z ^[[1m^[[92m   Compiling^[[0m fancy-regex v0.16.2
build (aarch64-apple-darwin, macos-latest)	Build	2026-09-10T05:25:56.2739450Z ^[[1m^[[92m   Compiling^[[0m self-replace v1.5.0
build (aarch64-apple-darwin, macos-latest)	Build	2026-09-10T05:25:56.3863820Z ^[[1m^[[92m   Compiling^[[0m objc2-open-directory v0.3.2
build (aarch64-apple-darwin, macos-latest)	Build	2026-09-10T05:25:56.5059490Z ^[[1m^[[92m   Compiling^[[0m regex v1.12.3
build (aarch64-apple-darwin, macos-latest)	Build	2026-09-10T05:25:57.0301380Z ^[[1m^[[92m   Compiling^[[0m objc2-io-kit v0.3.2
build (aarch64-apple-darwin, macos-latest)	Build	2026-09-10T05:25:57.1632580Z ^[[1m^[[92m   Compiling^[[0m bincode v1.3.3
build (aarch64-apple-darwin, macos-latest)	Build	2026-09-10T05:25:57.4118370Z ^[[1m^[[92m   Compiling^[[0m clap_derive v4.5.55
build (aarch64-apple-darwin, macos-latest)	Build	2026-09-10T05:25:58.3708090Z ^[[1m^[[92m   Compiling^[[0m quick-xml v0.37.5
build (aarch64-apple-darwin, macos-latest)	Build	2026-09-10T05:25:58.6710490Z ^[[1m^[[92m   Compiling^[[0m self_cell v1.3.0
build (aarch64-apple-darwin, macos-latest)	Build	2026-09-10T05:25:58.7253980Z ^[[1m^[[92m   Compiling^[[0m urlencoding v2.1.3
build (aarch64-apple-darwin, macos-latest)	Build	2026-09-10T05:25:58.8183780Z ^[[1m^[[92m   Compiling^[[0m winnow v0.7.15
build (aarch64-apple-darwin, macos-latest)	Build	2026-09-10T05:25:59.1538750Z ^[[1m^[[92m   Compiling^[[0m unicase v2.9.0
build (aarch64-apple-darwin, macos-latest)	Build	2026-09-10T05:26:00.0881700Z ^[[1m^[[92m   Compiling^[[0m kdl v6.7.1
build (aarch64-apple-darwin, macos-latest)	Build	2026-09-10T05:26:04.5917250Z ^[[1m^[[92m   Compiling^[[0m clap v4.5.58
build (aarch64-apple-darwin, macos-latest)	Build	2026-09-10T05:26:04.6246950Z ^[[1m^[[92m   Compiling^[[0m syntect v5.3.0
build (aarch64-apple-darwin, macos-latest)	Build	2026-09-10T05:26:06.5044660Z ^[[1m^[[92m   Compiling^[[0m sysinfo v0.39.6
build (aarch64-apple-darwin, macos-latest)	Build	2026-09-10T05:26:07.2624720Z ^[[1m^[[92m   Compiling^[[0m arboard v3.6.1
build (aarch64-apple-darwin, macos-latest)	Build	2026-09-10T05:26:08.3457600Z ^[[1m^[[92m   Compiling^[[0m notify-debouncer-mini v0.5.0
build (aarch64-apple-darwin, macos-latest)	Build	2026-09-10T05:26:08.7363630Z ^[[1m^[[92m   Compiling^[[0m dirs v6.0.0
build (aarch64-apple-darwin, macos-latest)	Build	2026-09-10T05:26:09.0552490Z ^[[1m^[[92m   Compiling^[[0m crossterm v0.28.1
build (aarch64-apple-darwin, macos-latest)	Build	2026-09-10T05:26:54.0795850Z ^[[1m^[[92m   Compiling^[[0m git2 v0.20.4
build (aarch64-apple-darwin, macos-latest)	Build	2026-09-10T05:26:56.3582080Z ^[[1m^[[92m   Compiling^[[0m vig v0.15.0 (/Users/runner/work/vig/vig)
build (aarch64-apple-darwin, macos-latest)	Build	2026-09-10T05:27:51.2322660Z ^[[1m^[[92m    Finished^[[0m `release` profile [optimized] target(s) in 3m 24s
build (aarch64-apple-darwin, macos-latest)	Generate third-party licenses	﻿2026-09-10T05:27:51.4617960Z ##[group]Run cargo install cargo-bundle-licenses --locked
build (aarch64-apple-darwin, macos-latest)	Generate third-party licenses	2026-09-10T05:27:51.4618640Z ^[[36;1mcargo install cargo-bundle-licenses --locked^[[0m
build (aarch64-apple-darwin, macos-latest)	Generate third-party licenses	2026-09-10T05:27:51.4619070Z ^[[36;1mcargo bundle-licenses --format yaml --output THIRDPARTY.yml^[[0m
build (aarch64-apple-darwin, macos-latest)	Generate third-party licenses	2026-09-10T05:27:51.4688630Z shell: /opt/homebrew/bin/bash -e {0}
build (aarch64-apple-darwin, macos-latest)	Generate third-party licenses	2026-09-10T05:27:51.4689010Z env:
build (aarch64-apple-darwin, macos-latest)	Generate third-party licenses	2026-09-10T05:27:51.4689280Z   CARGO_INCREMENTAL: 0
build (aarch64-apple-darwin, macos-latest)	Generate third-party licenses	2026-09-10T05:27:51.4689510Z   CARGO_PROFILE_DEV_DEBUG: 0
build (aarch64-apple-darwin, macos-latest)	Generate third-party licenses	2026-09-10T05:27:51.4689780Z   CARGO_TERM_COLOR: always
build (aarch64-apple-darwin, macos-latest)	Generate third-party licenses	2026-09-10T05:27:51.4690140Z   RUST_BACKTRACE: short
build (aarch64-apple-darwin, macos-latest)	Generate third-party licenses	2026-09-10T05:27:51.4690440Z   RUSTFLAGS: -D warnings
build (aarch64-apple-darwin, macos-latest)	Generate third-party licenses	2026-09-10T05:27:51.4690730Z   CARGO_UNSTABLE_SPARSE_REGISTRY: true
build (aarch64-apple-darwin, macos-latest)	Generate third-party licenses	2026-09-10T05:27:51.4690980Z   CARGO_REGISTRIES_CRATES_IO_PROTOCOL: sparse
build (aarch64-apple-darwin, macos-latest)	Generate third-party licenses	2026-09-10T05:27:51.4691310Z   CACHE_ON_FAILURE: true
build (aarch64-apple-darwin, macos-latest)	Generate third-party licenses	2026-09-10T05:27:51.4691570Z ##[endgroup]
build (aarch64-apple-darwin, macos-latest)	Generate third-party licenses	2026-09-10T05:27:51.8397020Z ^[[1m^[[92m    Updating^[[0m crates.io index
build (aarch64-apple-darwin, macos-latest)	Generate third-party licenses	2026-09-10T05:27:51.8769850Z ^[[1m^[[92m Downloading^[[0m crates ...
build (aarch64-apple-darwin, macos-latest)	Generate third-party licenses	2026-09-10T05:27:51.9102580Z ^[[1m^[[92m  Downloaded^[[0m cargo-bundle-licenses v4.2.0
build (aarch64-apple-darwin, macos-latest)	Generate third-party licenses	2026-09-10T05:27:51.9518680Z ^[[1m^[[92m  Installing^[[0m cargo-bundle-licenses v4.2.0
build (aarch64-apple-darwin, macos-latest)	Generate third-party licenses	2026-09-10T05:27:51.9626230Z ^[[1m^[[33mwarning^[[0m: default toolchain implicitly overridden with `stable-aarch64-apple-darwin` by rustup directory override
build (aarch64-apple-darwin, macos-latest)	Generate third-party licenses	2026-09-10T05:27:51.9743630Z   ^[[1m^[[94m|^[[0m
build (aarch64-apple-darwin, macos-latest)	Generate third-party licenses	2026-09-10T05:27:51.9856120Z   ^[[1m^[[94m= ^[[0m^[[1mhelp^[[0m: use `cargo +stable install` if you meant to use the stable toolchain
build (aarch64-apple-darwin, macos-latest)	Generate third-party licenses	2026-09-10T05:27:51.9957900Z   ^[[1m^[[94m= ^[[0m^[[1mnote^[[0m: rustup selects the toolchain based on the parent environment and not the environment of the package being installed
build (aarch64-apple-darwin, macos-latest)	Generate third-party licenses	2026-09-10T05:27:51.9975070Z ^[[1m^[[92m    Updating^[[0m crates.io index
build (aarch64-apple-darwin, macos-latest)	Generate third-party licenses	2026-09-10T05:27:52.1199840Z ^[[1m^[[92m    Updating^[[0m crates.io index
build (aarch64-apple-darwin, macos-latest)	Generate third-party licenses	2026-09-10T05:27:52.1634040Z ^[[1m^[[92m Downloading^[[0m crates ...
build (aarch64-apple-darwin, macos-latest)	Generate third-party licenses	2026-09-10T05:27:52.1850830Z ^[[1m^[[92m  Downloaded^[[0m aho-corasick v1.1.3
build (aarch64-apple-darwin, macos-latest)	Generate third-party licenses	2026-09-10T05:27:52.2036030Z ^[[1m^[[92m  Downloaded^[[0m camino v1.2.1
build (aarch64-apple-darwin, macos-latest)	Generate third-party licenses	2026-09-10T05:27:52.2143020Z ^[[1m^[[92m  Downloaded^[[0m git-version-macro v0.3.9
build (aarch64-apple-darwin, macos-latest)	Generate third-party licenses	2026-09-10T05:27:52.2232270Z ^[[1m^[[92m  Downloaded^[[0m indexmap v2.12.0
build (aarch64-apple-darwin, macos-latest)	Generate third-party licenses	2026-09-10T05:27:52.2269580Z ^[[1m^[[92m  Downloaded^[[0m anstyle-query v1.1.4
build (aarch64-apple-darwin, macos-latest)	Generate third-party licenses	2026-09-10T05:27:52.2288590Z ^[[1m^[[92m  Downloaded^[[0m git-version v0.3.9
build (aarch64-apple-darwin, macos-latest)	Generate third-party licenses	2026-09-10T05:27:52.2307920Z ^[[1m^[[92m  Downloaded^[[0m anyhow v1.0.100
build (aarch64-apple-darwin, macos-latest)	Generate third-party licenses	2026-09-10T05:27:52.2415820Z ^[[1m^[[92m  Downloaded^[[0m cargo-platform v0.3.1
build (aarch64-apple-darwin, macos-latest)	Generate third-party licenses	2026-09-10T05:27:52.2471440Z ^[[1m^[[92m  Downloaded^[[0m clap_lex v0.7.6
build (aarch64-apple-darwin, macos-latest)	Generate third-party licenses	2026-09-10T05:27:52.2505390Z ^[[1m^[[92m  Downloaded^[[0m env_filter v0.1.4
build (aarch64-apple-darwin, macos-latest)	Generate third-party licenses	2026-09-10T05:27:52.2607460Z ^[[1m^[[92m  Downloaded^[[0m env_logger v0.11.8
build (aarch64-apple-darwin, macos-latest)	Generate third-party licenses	2026-09-10T05:27:52.2652660Z ^[[1m^[[92m  Downloaded^[[0m is_terminal_polyfill v1.70.1
build (aarch64-apple-darwin, macos-latest)	Generate third-party licenses	2026-09-10T05:27:52.2754510Z ^[[1m^[[92m  Downloaded^[[0m cargo_metadata v0.23.0
build (aarch64-apple-darwin, macos-latest)	Generate third-party licenses	2026-09-10T05:27:52.2849070Z ^[[1m^[[92m  Downloaded^[[0m clap_derive v4.5.49
build (aarch64-apple-darwin, macos-latest)	Generate third-party licenses	2026-09-10T05:27:52.2908410Z ^[[1m^[[92m  Downloaded^[[0m quote v1.0.41
build (aarch64-apple-darwin, macos-latest)	Generate third-party licenses	2026-09-10T05:27:52.2984830Z ^[[1m^[[92m  Downloaded^[[0m hashbrown v0.16.0
build (aarch64-apple-darwin, macos-latest)	Generate third-party licenses	2026-09-10T05:27:52.3042090Z ^[[1m^[[92m  Downloaded^[[0m home v0.5.11
build (aarch64-apple-darwin, macos-latest)	Generate third-party licenses	2026-09-10T05:27:52.3085010Z ^[[1m^[[92m  Downloaded^[[0m clap v4.5.50
build (aarch64-apple-darwin, macos-latest)	Generate third-party licenses	2026-09-10T05:27:52.3143860Z ^[[1m^[[92m  Downloaded^[[0m log v0.4.28
build (aarch64-apple-darwin, macos-latest)	Generate third-party licenses	2026-09-10T05:27:52.3230290Z ^[[1m^[[92m  Downloaded^[[0m clap_builder v4.5.50
build (aarch64-apple-darwin, macos-latest)	Generate third-party licenses	2026-09-10T05:27:52.3391530Z ^[[1m^[[92m  Downloaded^[[0m memchr v2.7.6
build (aarch64-apple-darwin, macos-latest)	Generate third-party licenses	2026-09-10T05:27:52.3542320Z ^[[1m^[[92m  Downloaded^[[0m regex-syntax v0.8.8
build (aarch64-apple-darwin, macos-latest)	Generate third-party licenses	2026-09-10T05:27:52.3735910Z ^[[1m^[[92m  Downloaded^[[0m ryu v1.0.20
build (aarch64-apple-darwin, macos-latest)	Generate third-party licenses	2026-09-10T05:27:52.3811810Z ^[[1m^[[92m  Downloaded^[[0m slug v0.1.6
build (aarch64-apple-darwin, macos-latest)	Generate third-party licenses	2026-09-10T05:27:52.3831270Z ^[[1m^[[92m  Downloaded^[[0m serde_spanned v1.0.3
build (aarch64-apple-darwin, macos-latest)	Generate third-party licenses	2026-09-10T05:27:52.3856220Z ^[[1m^[[92m  Downloaded^[[0m toml_writer v1.0.4
build (aarch64-apple-darwin, macos-latest)	Generate third-party licenses	2026-09-10T05:27:52.3884970Z ^[[1m^[[92m  Downloaded^[[0m itoa v1.0.15
build (aarch64-apple-darwin, macos-latest)	Generate third-party licenses	2026-09-10T05:27:52.3912980Z ^[[1m^[[92m  Downloaded^[[0m proc-macro2 v1.0.101
build (aarch64-apple-darwin, macos-latest)	Generate third-party licenses	2026-09-10T05:27:52.4020010Z ^[[1m^[[92m  Downloaded^[[0m serde_yaml v0.9.34+deprecated
build (aarch64-apple-darwin, macos-latest)	Generate third-party licenses	2026-09-10T05:27:52.4108600Z ^[[1m^[[92m  Downloaded^[[0m thiserror v2.0.17
build (aarch64-apple-darwin, macos-latest)	Generate third-party licenses	2026-09-10T05:27:52.4269660Z ^[[1m^[[92m  Downloaded^[[0m regex v1.12.2
build (aarch64-apple-darwin, macos-latest)	Generate third-party licenses	2026-09-10T05:27:52.4399280Z ^[[1m^[[92m  Downloaded^[[0m thiserror-impl v2.0.17
build (aarch64-apple-darwin, macos-latest)	Generate third-party licenses	2026-09-10T05:27:52.4428290Z ^[[1m^[[92m  Downloaded^[[0m toml_datetime v0.7.3
build (aarch64-apple-darwin, macos-latest)	Generate third-party licenses	2026-09-10T05:27:52.4452050Z ^[[1m^[[92m  Downloaded^[[0m unsafe-libyaml v0.2.11
build (aarch64-apple-darwin, macos-latest)	Generate third-party licenses	2026-09-10T05:27:52.4521490Z ^[[1m^[[92m  Downloaded^[[0m toml v0.9.8
build (aarch64-apple-darwin, macos-latest)	Generate third-party licenses	2026-09-10T05:27:52.4605250Z ^[[1m^[[92m  Downloaded^[[0m toml_parser v1.0.4
build (aarch64-apple-darwin, macos-latest)	Generate third-party licenses	2026-09-10T05:27:52.4650690Z ^[[1m^[[92m  Downloaded^[[0m unicode-ident v1.0.19
build (aarch64-apple-darwin, macos-latest)	Generate third-party licenses	2026-09-10T05:27:52.4734090Z ^[[1m^[[92m  Downloaded^[[0m syn v2.0.107
build (aarch64-apple-darwin, macos-latest)	Generate third-party licenses	2026-09-10T05:27:52.5242510Z ^[[1m^[[92m  Downloaded^[[0m serde_json v1.0.145
build (aarch64-apple-darwin, macos-latest)	Generate third-party licenses	2026-09-10T05:27:52.5418380Z ^[[1m^[[92m  Downloaded^[[0m winnow v0.7.13
build (aarch64-apple-darwin, macos-latest)	Generate third-party licenses	2026-09-10T05:27:52.5605520Z ^[[1m^[[92m  Downloaded^[[0m deunicode v1.6.2
build (aarch64-apple-darwin, macos-latest)	Generate third-party licenses	2026-09-10T05:27:52.5640750Z ^[[1m^[[92m  Downloaded^[[0m regex-automata v0.4.13
build (aarch64-apple-darwin, macos-latest)	Generate third-party licenses	2026-09-10T05:27:52.6491660Z ^[[1m^[[92m  Downloaded^[[0m jiff v0.2.15
build (aarch64-apple-darwin, macos-latest)	Generate third-party licenses	2026-09-10T05:27:52.6775040Z ^[[1m^[[92m  Downloaded^[[0m spdx v0.12.0
build (aarch64-apple-darwin, macos-latest)	Generate third-party licenses	2026-09-10T05:27:52.9780640Z ^[[1m^[[92m   Compiling^[[0m proc-macro2 v1.0.101
build (aarch64-apple-darwin, macos-latest)	Generate third-party licenses	2026-09-10T05:27:52.9782950Z ^[[1m^[[92m   Compiling^[[0m unicode-ident v1.0.19
build (aarch64-apple-darwin, macos-latest)	Generate third-party licenses	2026-09-10T05:27:52.9783660Z ^[[1m^[[92m   Compiling^[[0m quote v1.0.41
build (aarch64-apple-darwin, macos-latest)	Generate third-party licenses	2026-09-10T05:27:53.1072870Z ^[[1m^[[92m   Compiling^[[0m serde_core v1.0.228
build (aarch64-apple-darwin, macos-latest)	Generate third-party licenses	2026-09-10T05:27:53.2916620Z ^[[1m^[[92m   Compiling^[[0m memchr v2.7.6
build (aarch64-apple-darwin, macos-latest)	Generate third-party licenses	2026-09-10T05:27:53.9018630Z ^[[1m^[[92m   Compiling^[[0m utf8parse v0.2.2
build (aarch64-apple-darwin, macos-latest)	Generate third-party licenses	2026-09-10T05:27:53.9426800Z ^[[1m^[[92m   Compiling^[[0m serde v1.0.228
build (aarch64-apple-darwin, macos-latest)	Generate third-party licenses	2026-09-10T05:27:54.0044090Z ^[[1m^[[92m   Compiling^[[0m syn v2.0.107
build (aarch64-apple-darwin, macos-latest)	Generate third-party licenses	2026-09-10T05:27:54.1293580Z ^[[1m^[[92m   Compiling^[[0m anstyle-parse v0.2.7
build (aarch64-apple-darwin, macos-latest)	Generate third-party licenses	2026-09-10T05:27:54.2477800Z ^[[1m^[[92m   Compiling^[[0m aho-corasick v1.1.3
build (aarch64-apple-darwin, macos-latest)	Generate third-party licenses	2026-09-10T05:27:54.8146390Z ^[[1m^[[92m   Compiling^[[0m is_terminal_polyfill v1.70.1
build (aarch64-apple-darwin, macos-latest)	Generate third-party licenses	2026-09-10T05:27:54.8494360Z ^[[1m^[[92m   Compiling^[[0m anstyle-query v1.1.4
build (aarch64-apple-darwin, macos-latest)	Generate third-party licenses	2026-09-10T05:27:54.8857280Z ^[[1m^[[92m   Compiling^[[0m colorchoice v1.0.4
build (aarch64-apple-darwin, macos-latest)	Generate third-party licenses	2026-09-10T05:27:54.9269120Z ^[[1m^[[92m   Compiling^[[0m heck v0.5.0
build (aarch64-apple-darwin, macos-latest)	Generate third-party licenses	2026-09-10T05:27:55.0211480Z ^[[1m^[[92m   Compiling^[[0m regex-syntax v0.8.8
build (aarch64-apple-darwin, macos-latest)	Generate third-party licenses	2026-09-10T05:27:56.2360730Z ^[[1m^[[92m   Compiling^[[0m serde_derive v1.0.228
build (aarch64-apple-darwin, macos-latest)	Generate third-party licenses	2026-09-10T05:27:57.3824630Z ^[[1m^[[92m   Compiling^[[0m anstyle v1.0.13
build (aarch64-apple-darwin, macos-latest)	Generate third-party licenses	2026-09-10T05:27:57.5336330Z ^[[1m^[[92m   Compiling^[[0m anstream v0.6.21
build (aarch64-apple-darwin, macos-latest)	Generate third-party licenses	2026-09-10T05:27:57.8675520Z ^[[1m^[[92m   Compiling^[[0m regex-automata v0.4.13
build (aarch64-apple-darwin, macos-latest)	Generate third-party licenses	2026-09-10T05:27:58.3121390Z ^[[1m^[[92m   Compiling^[[0m itoa v1.0.15
build (aarch64-apple-darwin, macos-latest)	Generate third-party licenses	2026-09-10T05:27:58.3679520Z ^[[1m^[[92m   Compiling^[[0m thiserror v2.0.17
build (aarch64-apple-darwin, macos-latest)	Generate third-party licenses	2026-09-10T05:27:58.6219540Z ^[[1m^[[92m   Compiling^[[0m ryu v1.0.20
build (aarch64-apple-darwin, macos-latest)	Generate third-party licenses	2026-09-10T05:27:58.8650540Z ^[[1m^[[92m   Compiling^[[0m serde_json v1.0.145
build (aarch64-apple-darwin, macos-latest)	Generate third-party licenses	2026-09-10T05:27:58.9858030Z ^[[1m^[[92m   Compiling^[[0m camino v1.2.1
build (aarch64-apple-darwin, macos-latest)	Generate third-party licenses	2026-09-10T05:27:59.3033400Z ^[[1m^[[92m   Compiling^[[0m thiserror-impl v2.0.17
build (aarch64-apple-darwin, macos-latest)	Generate third-party licenses	2026-09-10T05:28:00.0292600Z ^[[1m^[[92m   Compiling^[[0m regex v1.12.2
build (aarch64-apple-darwin, macos-latest)	Generate third-party licenses	2026-09-10T05:28:00.7543590Z ^[[1m^[[92m   Compiling^[[0m log v0.4.28
build (aarch64-apple-darwin, macos-latest)	Generate third-party licenses	2026-09-10T05:28:00.8942030Z ^[[1m^[[92m   Compiling^[[0m winnow v0.7.13
build (aarch64-apple-darwin, macos-latest)	Generate third-party licenses	2026-09-10T05:28:01.0135200Z ^[[1m^[[92m   Compiling^[[0m strsim v0.11.1
build (aarch64-apple-darwin, macos-latest)	Generate third-party licenses	2026-09-10T05:28:01.5750960Z ^[[1m^[[92m   Compiling^[[0m equivalent v1.0.2
build (aarch64-apple-darwin, macos-latest)	Generate third-party licenses	2026-09-10T05:28:01.6295190Z ^[[1m^[[92m   Compiling^[[0m hashbrown v0.16.0
build (aarch64-apple-darwin, macos-latest)	Generate third-party licenses	2026-09-10T05:28:02.0177120Z ^[[1m^[[92m   Compiling^[[0m anyhow v1.0.100
build (aarch64-apple-darwin, macos-latest)	Generate third-party licenses	2026-09-10T05:28:02.0278530Z ^[[1m^[[92m   Compiling^[[0m clap_lex v0.7.6
build (aarch64-apple-darwin, macos-latest)	Generate third-party licenses	2026-09-10T05:28:02.2350710Z ^[[1m^[[92m   Compiling^[[0m clap_builder v4.5.50
build (aarch64-apple-darwin, macos-latest)	Generate third-party licenses	2026-09-10T05:28:02.2528690Z ^[[1m^[[92m   Compiling^[[0m indexmap v2.12.0
build (aarch64-apple-darwin, macos-latest)	Generate third-party licenses	2026-09-10T05:28:02.7239880Z ^[[1m^[[92m   Compiling^[[0m toml_parser v1.0.4
build (aarch64-apple-darwin, macos-latest)	Generate third-party licenses	2026-09-10T05:28:03.8499050Z ^[[1m^[[92m   Compiling^[[0m env_filter v0.1.4
build (aarch64-apple-darwin, macos-latest)	Generate third-party licenses	2026-09-10T05:28:06.6181580Z ^[[1m^[[92m   Compiling^[[0m cargo-platform v0.3.1
build (aarch64-apple-darwin, macos-latest)	Generate third-party licenses	2026-09-10T05:28:06.7521310Z ^[[1m^[[92m   Compiling^[[0m git-version-macro v0.3.9
build (aarch64-apple-darwin, macos-latest)	Generate third-party licenses	2026-09-10T05:28:06.9875790Z ^[[1m^[[92m   Compiling^[[0m strum_macros v0.27.2
build (aarch64-apple-darwin, macos-latest)	Generate third-party licenses	2026-09-10T05:28:07.0349740Z ^[[1m^[[92m   Compiling^[[0m clap_derive v4.5.49
build (aarch64-apple-darwin, macos-latest)	Generate third-party licenses	2026-09-10T05:28:08.0232590Z ^[[1m^[[92m   Compiling^[[0m toml_datetime v0.7.3
build (aarch64-apple-darwin, macos-latest)	Generate third-party licenses	2026-09-10T05:28:08.1175160Z ^[[1m^[[92m   Compiling^[[0m semver v1.0.27
build (aarch64-apple-darwin, macos-latest)	Generate third-party licenses	2026-09-10T05:28:08.2754330Z ^[[1m^[[92m   Compiling^[[0m serde_spanned v1.0.3
build (aarch64-apple-darwin, macos-latest)	Generate third-party licenses	2026-09-10T05:28:08.3592820Z ^[[1m^[[92m   Compiling^[[0m deunicode v1.6.2
build (aarch64-apple-darwin, macos-latest)	Generate third-party licenses	2026-09-10T05:28:08.5085850Z ^[[1m^[[92m   Compiling^[[0m either v1.15.0
build (aarch64-apple-darwin, macos-latest)	Generate third-party licenses	2026-09-10T05:28:08.5492320Z ^[[1m^[[92m   Compiling^[[0m unsafe-libyaml v0.2.11
build (aarch64-apple-darwin, macos-latest)	Generate third-party licenses	2026-09-10T05:28:08.6366880Z ^[[1m^[[92m   Compiling^[[0m jiff v0.2.15
build (aarch64-apple-darwin, macos-latest)	Generate third-party licenses	2026-09-10T05:28:10.3631430Z ^[[1m^[[92m   Compiling^[[0m toml_writer v1.0.4
build (aarch64-apple-darwin, macos-latest)	Generate third-party licenses	2026-09-10T05:28:10.6956100Z ^[[1m^[[92m   Compiling^[[0m smallvec v1.15.1
build (aarch64-apple-darwin, macos-latest)	Generate third-party licenses	2026-09-10T05:28:10.8665080Z ^[[1m^[[92m   Compiling^[[0m spdx v0.12.0
build (aarch64-apple-darwin, macos-latest)	Generate third-party licenses	2026-09-10T05:28:11.0355280Z ^[[1m^[[92m   Compiling^[[0m env_logger v0.11.8
build (aarch64-apple-darwin, macos-latest)	Generate third-party licenses	2026-09-10T05:28:11.6676540Z ^[[1m^[[92m   Compiling^[[0m toml v0.9.8
build (aarch64-apple-darwin, macos-latest)	Generate third-party licenses	2026-09-10T05:28:11.9002410Z ^[[1m^[[92m   Compiling^[[0m serde_yaml v0.9.34+deprecated
build (aarch64-apple-darwin, macos-latest)	Generate third-party licenses	2026-09-10T05:28:14.8254790Z ^[[1m^[[92m   Compiling^[[0m itertools v0.14.0
build (aarch64-apple-darwin, macos-latest)	Generate third-party licenses	2026-09-10T05:28:15.1720130Z ^[[1m^[[92m   Compiling^[[0m slug v0.1.6
build (aarch64-apple-darwin, macos-latest)	Generate third-party licenses	2026-09-10T05:28:15.4540630Z ^[[1m^[[92m   Compiling^[[0m cargo_metadata v0.23.0
build (aarch64-apple-darwin, macos-latest)	Generate third-party licenses	2026-09-10T05:28:15.9336600Z ^[[1m^[[92m   Compiling^[[0m strum v0.27.2
build (aarch64-apple-darwin, macos-latest)	Generate third-party licenses	2026-09-10T05:28:15.9822190Z ^[[1m^[[92m   Compiling^[[0m clap v4.5.50
build (aarch64-apple-darwin, macos-latest)	Generate third-party licenses	2026-09-10T05:28:16.0137320Z ^[[1m^[[92m   Compiling^[[0m git-version v0.3.9
build (aarch64-apple-darwin, macos-latest)	Generate third-party licenses	2026-09-10T05:28:16.4420820Z ^[[1m^[[92m   Compiling^[[0m home v0.5.11
build (aarch64-apple-darwin, macos-latest)	Generate third-party licenses	2026-09-10T05:28:16.5094550Z ^[[1m^[[92m   Compiling^[[0m cargo-bundle-licenses v4.2.0
build (aarch64-apple-darwin, macos-latest)	Generate third-party licenses	2026-09-10T05:28:20.2564810Z ^[[1m^[[92m    Finished^[[0m `release` profile [optimized] target(s) in 28.52s
build (aarch64-apple-darwin, macos-latest)	Generate third-party licenses	2026-09-10T05:28:20.2599230Z ^[[1m^[[92m  Installing^[[0m /Users/runner/.cargo/bin/cargo-bundle-licenses
build (aarch64-apple-darwin, macos-latest)	Generate third-party licenses	2026-09-10T05:28:20.2604210Z ^[[1m^[[92m   Installed^[[0m package `cargo-bundle-licenses v4.2.0` (executable `cargo-bundle-licenses`)
build (aarch64-apple-darwin, macos-latest)	Generate third-party licenses	2026-09-10T05:28:26.2831330Z [2026-09-10T05:28:26Z WARN  bundle_licenses_lib::found_license] Confidence level SEMI for Apache-2.0 license in allocator-api2:0.2.21 - /Users/runner/.cargo/registry/src/index.crates.io-1949cf8c6b5b557f/allocator-api2-0.2.21/Cargo.toml
build (aarch64-apple-darwin, macos-latest)	Generate third-party licenses	2026-09-10T05:28:26.2833050Z [2026-09-10T05:28:26Z WARN  bundle_licenses_lib::found_license] Confidence level SEMI for Apache-2.0 license in anyhow:1.0.101 - /Users/runner/.cargo/registry/src/index.crates.io-1949cf8c6b5b557f/anyhow-1.0.101/Cargo.toml
build (aarch64-apple-darwin, macos-latest)	Generate third-party licenses	2026-09-10T05:28:26.2834310Z [2026-09-10T05:28:26Z WARN  bundle_licenses_lib::found_license] Confidence level SEMI for Apache-2.0 license in arboard:3.6.1 - /Users/runner/.cargo/registry/src/index.crates.io-1949cf8c6b5b557f/arboard-3.6.1/Cargo.toml
build (aarch64-apple-darwin, macos-latest)	Generate third-party licenses	2026-09-10T05:28:26.2835570Z [2026-09-10T05:28:26Z WARN  bundle_licenses_lib::found_license] No license found for MIT license in base64-simd:0.8.0 - /Users/runner/.cargo/registry/src/index.crates.io-1949cf8c6b5b557f/base64-simd-0.8.0/Cargo.toml
build (aarch64-apple-darwin, macos-latest)	Generate third-party licenses	2026-09-10T05:28:26.2842580Z [2026-09-10T05:28:26Z WARN  bundle_licenses_lib::found_license] Confidence level SEMI for MIT license in base64ct:1.8.3 - /Users/runner/.cargo/registry/src/index.crates.io-1949cf8c6b5b557f/base64ct-1.8.3/Cargo.toml
build (aarch64-apple-darwin, macos-latest)	Generate third-party licenses	2026-09-10T05:28:26.2843990Z [2026-09-10T05:28:26Z WARN  bundle_licenses_lib::found_license] No license found for BSL-1.0 license in clipboard-win:5.4.1 - /Users/runner/.cargo/registry/src/index.crates.io-1949cf8c6b5b557f/clipboard-win-5.4.1/Cargo.toml
build (aarch64-apple-darwin, macos-latest)	Generate third-party licenses	2026-09-10T05:28:26.2845340Z [2026-09-10T05:28:26Z WARN  bundle_licenses_lib::found_license] Confidence level UNSURE for BSD-3-Clause license in curve25519-dalek:4.1.3 - /Users/runner/.cargo/registry/src/index.crates.io-1949cf8c6b5b557f/curve25519-dalek-4.1.3/Cargo.toml
build (aarch64-apple-darwin, macos-latest)	Generate third-party licenses	2026-09-10T05:28:26.2846640Z [2026-09-10T05:28:26Z WARN  bundle_licenses_lib::found_license] Confidence level SEMI for Apache-2.0 license in dirs:6.0.0 - /Users/runner/.cargo/registry/src/index.crates.io-1949cf8c6b5b557f/dirs-6.0.0/Cargo.toml
build (aarch64-apple-darwin, macos-latest)	Generate third-party licenses	2026-09-10T05:28:26.2847820Z [2026-09-10T05:28:26Z WARN  bundle_licenses_lib::found_license] Confidence level SEMI for Apache-2.0 license in dirs-sys:0.5.0 - /Users/runner/.cargo/registry/src/index.crates.io-1949cf8c6b5b557f/dirs-sys-0.5.0/Cargo.toml
build (aarch64-apple-darwin, macos-latest)	Generate third-party licenses	2026-09-10T05:28:26.2849060Z [2026-09-10T05:28:26Z WARN  bundle_licenses_lib::found_license] No license found for Zlib license in dispatch2:0.3.0 - /Users/runner/.cargo/registry/src/index.crates.io-1949cf8c6b5b557f/dispatch2-0.3.0/Cargo.toml
build (aarch64-apple-darwin, macos-latest)	Generate third-party licenses	2026-09-10T05:28:26.2855220Z [2026-09-10T05:28:26Z WARN  bundle_licenses_lib::found_license] No license found for Apache-2.0 license in dispatch2:0.3.0 - /Users/runner/.cargo/registry/src/index.crates.io-1949cf8c6b5b557f/dispatch2-0.3.0/Cargo.toml
build (aarch64-apple-darwin, macos-latest)	Generate third-party licenses	2026-09-10T05:28:26.2856440Z [2026-09-10T05:28:26Z WARN  bundle_licenses_lib::found_license] No license found for MIT license in dispatch2:0.3.0 - /Users/runner/.cargo/registry/src/index.crates.io-1949cf8c6b5b557f/dispatch2-0.3.0/Cargo.toml
build (aarch64-apple-darwin, macos-latest)	Generate third-party licenses	2026-09-10T05:28:26.2857710Z [2026-09-10T05:28:26Z WARN  bundle_licenses_lib::found_license] No license found for MIT license in fax:0.2.6 - /Users/runner/.cargo/registry/src/index.crates.io-1949cf8c6b5b557f/fax-0.2.6/Cargo.toml
build (aarch64-apple-darwin, macos-latest)	Generate third-party licenses	2026-09-10T05:28:26.2858830Z [2026-09-10T05:28:26Z WARN  bundle_licenses_lib::found_license] No license found for MIT license in fax_derive:0.2.0 - /Users/runner/.cargo/registry/src/index.crates.io-1949cf8c6b5b557f/fax_derive-0.2.0/Cargo.toml
build (aarch64-apple-darwin, macos-latest)	Generate third-party licenses	2026-09-10T05:28:26.2860670Z [2026-09-10T05:28:26Z WARN  bundle_licenses_lib::found_license] Confidence level SEMI for Apache-2.0 license in fdeflate:0.3.7 - /Users/runner/.cargo/registry/src/index.crates.io-1949cf8c6b5b557f/fdeflate-0.3.7/Cargo.toml
build (aarch64-apple-darwin, macos-latest)	Generate third-party licenses	2026-09-10T05:28:26.2861970Z [2026-09-10T05:28:26Z WARN  bundle_licenses_lib::found_license] Confidence level SEMI for MIT license in fiat-crypto:0.2.9 - /Users/runner/.cargo/registry/src/index.crates.io-1949cf8c6b5b557f/fiat-crypto-0.2.9/Cargo.toml
build (aarch64-apple-darwin, macos-latest)	Generate third-party licenses	2026-09-10T05:28:26.2863310Z [2026-09-10T05:28:26Z WARN  bundle_licenses_lib::found_license] Confidence level UNSURE for Apache-2.0 license in fiat-crypto:0.2.9 - /Users/runner/.cargo/registry/src/index.crates.io-1949cf8c6b5b557f/fiat-crypto-0.2.9/Cargo.toml
build (aarch64-apple-darwin, macos-latest)	Generate third-party licenses	2026-09-10T05:28:26.2864730Z [2026-09-10T05:28:26Z WARN  bundle_licenses_lib::found_license] No license found for BSD-1-Clause license in fiat-crypto:0.2.9 - /Users/runner/.cargo/registry/src/index.crates.io-1949cf8c6b5b557f/fiat-crypto-0.2.9/Cargo.toml
build (aarch64-apple-darwin, macos-latest)	Generate third-party licenses	2026-09-10T05:28:26.2865970Z [2026-09-10T05:28:26Z WARN  bundle_licenses_lib::found_license] Confidence level SEMI for Apache-2.0 license in finl_unicode:1.4.0 - /Users/runner/.cargo/registry/src/index.crates.io-1949cf8c6b5b557f/finl_unicode-1.4.0/Cargo.toml
build (aarch64-apple-darwin, macos-latest)	Generate third-party licenses	2026-09-10T05:28:26.2867980Z [2026-09-10T05:28:26Z WARN  bundle_licenses_lib::found_license] Confidence level SEMI for Unicode-DFS-2016 license in finl_unicode:1.4.0 - /Users/runner/.cargo/registry/src/index.crates.io-1949cf8c6b5b557f/finl_unicode-1.4.0/Cargo.toml
build (aarch64-apple-darwin, macos-latest)	Generate third-party licenses	2026-09-10T05:28:26.2869550Z [2026-09-10T05:28:26Z WARN  bundle_licenses_lib::found_license] Confidence level SEMI for Apache-2.0 license in half:2.7.1 - /Users/runner/.cargo/registry/src/index.crates.io-1949cf8c6b5b557f/half-2.7.1/Cargo.toml
build (aarch64-apple-darwin, macos-latest)	Generate third-party licenses	2026-09-10T05:28:26.2870920Z [2026-09-10T05:28:26Z WARN  bundle_licenses_lib::found_license] Confidence level SEMI for Unicode-3.0 license in icu_collections:2.1.1 - /Users/runner/.cargo/registry/src/index.crates.io-1949cf8c6b5b557f/icu_collections-2.1.1/Cargo.toml
build (aarch64-apple-darwin, macos-latest)	Generate third-party licenses	2026-09-10T05:28:26.2872530Z [2026-09-10T05:28:26Z WARN  bundle_licenses_lib::found_license] Confidence level SEMI for Unicode-3.0 license in icu_locale_core:2.1.1 - /Users/runner/.cargo/registry/src/index.crates.io-1949cf8c6b5b557f/icu_locale_core-2.1.1/Cargo.toml
build (aarch64-apple-darwin, macos-latest)	Generate third-party licenses	2026-09-10T05:28:26.2873800Z [2026-09-10T05:28:26Z WARN  bundle_licenses_lib::found_license] Confidence level SEMI for Unicode-3.0 license in icu_normalizer:2.1.1 - /Users/runner/.cargo/registry/src/index.crates.io-1949cf8c6b5b557f/icu_normalizer-2.1.1/Cargo.toml
build (aarch64-apple-darwin, macos-latest)	Generate third-party licenses	2026-09-10T05:28:26.2875120Z [2026-09-10T05:28:26Z WARN  bundle_licenses_lib::found_license] Confidence level SEMI for Unicode-3.0 license in icu_normalizer_data:2.1.1 - /Users/runner/.cargo/registry/src/index.crates.io-1949cf8c6b5b557f/icu_normalizer_data-2.1.1/Cargo.toml
build (aarch64-apple-darwin, macos-latest)	Generate third-party licenses	2026-09-10T05:28:26.2876440Z [2026-09-10T05:28:26Z WARN  bundle_licenses_lib::found_license] Confidence level SEMI for Unicode-3.0 license in icu_properties:2.1.2 - /Users/runner/.cargo/registry/src/index.crates.io-1949cf8c6b5b557f/icu_properties-2.1.2/Cargo.toml
build (aarch64-apple-darwin, macos-latest)	Generate third-party licenses	2026-09-10T05:28:26.2877820Z [2026-09-10T05:28:26Z WARN  bundle_licenses_lib::found_license] Confidence level SEMI for Unicode-3.0 license in icu_properties_data:2.1.2 - /Users/runner/.cargo/registry/src/index.crates.io-1949cf8c6b5b557f/icu_properties_data-2.1.2/Cargo.toml
build (aarch64-apple-darwin, macos-latest)	Generate third-party licenses	2026-09-10T05:28:26.2879090Z [2026-09-10T05:28:26Z WARN  bundle_licenses_lib::found_license] Confidence level SEMI for Unicode-3.0 license in icu_provider:2.1.1 - /Users/runner/.cargo/registry/src/index.crates.io-1949cf8c6b5b557f/icu_provider-2.1.1/Cargo.toml
build (aarch64-apple-darwin, macos-latest)	Generate third-party licenses	2026-09-10T05:28:26.2880290Z [2026-09-10T05:28:26Z WARN  bundle_licenses_lib::found_license] No license found for MIT license in icy_sixel:0.5.1 - /Users/runner/.cargo/registry/src/index.crates.io-1949cf8c6b5b557f/icy_sixel-0.5.1/Cargo.toml
build (aarch64-apple-darwin, macos-latest)	Generate third-party licenses	2026-09-10T05:28:26.2881380Z [2026-09-10T05:28:26Z WARN  bundle_licenses_lib::found_license] No license found for Apache-2.0 license in icy_sixel:0.5.1 - /Users/runner/.cargo/registry/src/index.crates.io-1949cf8c6b5b557f/icy_sixel-0.5.1/Cargo.toml
build (aarch64-apple-darwin, macos-latest)	Generate third-party licenses	2026-09-10T05:28:26.2882620Z [2026-09-10T05:28:26Z WARN  bundle_licenses_lib::found_license] Confidence level UNSURE for Apache-2.0 license in ident_case:1.0.1 - /Users/runner/.cargo/registry/src/index.crates.io-1949cf8c6b5b557f/ident_case-1.0.1/Cargo.toml
build (aarch64-apple-darwin, macos-latest)	Generate third-party licenses	2026-09-10T05:28:26.2883790Z [2026-09-10T05:28:26Z WARN  bundle_licenses_lib::found_license] Confidence level SEMI for Apache-2.0 license in image:0.25.9 - /Users/runner/.cargo/registry/src/index.crates.io-1949cf8c6b5b557f/image-0.25.9/Cargo.toml
build (aarch64-apple-darwin, macos-latest)	Generate third-party licenses	2026-09-10T05:28:26.2884970Z [2026-09-10T05:28:26Z WARN  bundle_licenses_lib::found_license] Confidence level SEMI for Apache-2.0 license in image-webp:0.2.4 - /Users/runner/.cargo/registry/src/index.crates.io-1949cf8c6b5b557f/image-webp-0.2.4/Cargo.toml
build (aarch64-apple-darwin, macos-latest)	Generate third-party licenses	2026-09-10T05:28:26.2886150Z [2026-09-10T05:28:26Z WARN  bundle_licenses_lib::found_license] Confidence level SEMI for Apache-2.0 license in indoc:2.0.7 - /Users/runner/.cargo/registry/src/index.crates.io-1949cf8c6b5b557f/indoc-2.0.7/Cargo.toml
build (aarch64-apple-darwin, macos-latest)	Generate third-party licenses	2026-09-10T05:28:26.2887310Z [2026-09-10T05:28:26Z WARN  bundle_licenses_lib::found_license] Confidence level SEMI for Apache-2.0 license in itoa:1.0.17 - /Users/runner/.cargo/registry/src/index.crates.io-1949cf8c6b5b557f/itoa-1.0.17/Cargo.toml
build (aarch64-apple-darwin, macos-latest)	Generate third-party licenses	2026-09-10T05:28:26.2888400Z [2026-09-10T05:28:26Z WARN  bundle_licenses_lib::found_license] Confidence level SEMI for Apache-2.0 license in libc:0.2.182 - /Users/runner/.cargo/registry/src/index.crates.io-1949cf8c6b5b557f/libc-0.2.182/Cargo.toml
build (aarch64-apple-darwin, macos-latest)	Generate third-party licenses	2026-09-10T05:28:26.2889650Z [2026-09-10T05:28:26Z WARN  bundle_licenses_lib::found_license] Confidence level UNSURE for MIT license in libm:0.2.16 - /Users/runner/.cargo/registry/src/index.crates.io-1949cf8c6b5b557f/libm-0.2.16/Cargo.toml
build (aarch64-apple-darwin, macos-latest)	Generate third-party licenses	2026-09-10T05:28:26.2890810Z [2026-09-10T05:28:26Z WARN  bundle_licenses_lib::found_license] Confidence level SEMI for Unicode-3.0 license in litemap:0.8.1 - /Users/runner/.cargo/registry/src/index.crates.io-1949cf8c6b5b557f/litemap-0.8.1/Cargo.toml
build (aarch64-apple-darwin, macos-latest)	Generate third-party licenses	2026-09-10T05:28:26.2891920Z [2026-09-10T05:28:26Z WARN  bundle_licenses_lib::found_license] Confidence level SEMI for Apache-2.0 license in litrs:1.0.0 - /Users/runner/.cargo/registry/src/index.crates.io-1949cf8c6b5b557f/litrs-1.0.0/Cargo.toml
build (aarch64-apple-darwin, macos-latest)	Generate third-party licenses	2026-09-10T05:28:26.2893070Z [2026-09-10T05:28:26Z WARN  bundle_licenses_lib::found_license] No license found for Apache-2.0 license in mac_address:1.1.8 - /Users/runner/.cargo/registry/src/index.crates.io-1949cf8c6b5b557f/mac_address-1.1.8/Cargo.toml
build (aarch64-apple-darwin, macos-latest)	Generate third-party licenses	2026-09-10T05:28:26.2894230Z [2026-09-10T05:28:26Z WARN  bundle_licenses_lib::found_license] Confidence level UNSURE for MIT license in miniz_oxide:0.8.9 - /Users/runner/.cargo/registry/src/index.crates.io-1949cf8c6b5b557f/miniz_oxide-0.8.9/Cargo.toml
build (aarch64-apple-darwin, macos-latest)	Generate third-party licenses	2026-09-10T05:28:26.2895450Z [2026-09-10T05:28:26Z WARN  bundle_licenses_lib::found_license] Confidence level UNSURE for Zlib license in miniz_oxide:0.8.9 - /Users/runner/.cargo/registry/src/index.crates.io-1949cf8c6b5b557f/miniz_oxide-0.8.9/Cargo.toml
build (aarch64-apple-darwin, macos-latest)	Generate third-party licenses	2026-09-10T05:28:26.2896800Z [2026-09-10T05:28:26Z WARN  bundle_licenses_lib::found_license] Confidence level SEMI for Apache-2.0 license in miniz_oxide:0.8.9 - /Users/runner/.cargo/registry/src/index.crates.io-1949cf8c6b5b557f/miniz_oxide-0.8.9/Cargo.toml
build (aarch64-apple-darwin, macos-latest)	Generate third-party licenses	2026-09-10T05:28:26.2897910Z [2026-09-10T05:28:26Z WARN  bundle_licenses_lib::found_license] No license found for CC0-1.0 license in notify:7.0.0 - /Users/runner/.cargo/registry/src/index.crates.io-1949cf8c6b5b557f/notify-7.0.0/Cargo.toml
build (aarch64-apple-darwin, macos-latest)	Generate third-party licenses	2026-09-10T05:28:26.2899100Z [2026-09-10T05:28:26Z WARN  bundle_licenses_lib::found_license] No license found for MIT license in number_prefix:0.4.0 - /Users/runner/.cargo/registry/src/index.crates.io-1949cf8c6b5b557f/number_prefix-0.4.0/Cargo.toml
build (aarch64-apple-darwin, macos-latest)	Generate third-party licenses	2026-09-10T05:28:26.2900240Z [2026-09-10T05:28:26Z WARN  bundle_licenses_lib::found_license] No license found for MIT license in objc2:0.6.3 - /Users/runner/.cargo/registry/src/index.crates.io-1949cf8c6b5b557f/objc2-0.6.3/Cargo.toml
build (aarch64-apple-darwin, macos-latest)	Generate third-party licenses	2026-09-10T05:28:26.2901330Z [2026-09-10T05:28:26Z WARN  bundle_licenses_lib::found_license] No license found for Zlib license in objc2-app-kit:0.3.2 - /Users/runner/.cargo/registry/src/index.crates.io-1949cf8c6b5b557f/objc2-app-kit-0.3.2/Cargo.toml
build (aarch64-apple-darwin, macos-latest)	Generate third-party licenses	2026-09-10T05:28:26.2902490Z [2026-09-10T05:28:26Z WARN  bundle_licenses_lib::found_license] No license found for Apache-2.0 license in objc2-app-kit:0.3.2 - /Users/runner/.cargo/registry/src/index.crates.io-1949cf8c6b5b557f/objc2-app-kit-0.3.2/Cargo.toml
build (aarch64-apple-darwin, macos-latest)	Generate third-party licenses	2026-09-10T05:28:26.2903660Z [2026-09-10T05:28:26Z WARN  bundle_licenses_lib::found_license] No license found for MIT license in objc2-app-kit:0.3.2 - /Users/runner/.cargo/registry/src/index.crates.io-1949cf8c6b5b557f/objc2-app-kit-0.3.2/Cargo.toml
build (aarch64-apple-darwin, macos-latest)	Generate third-party licenses	2026-09-10T05:28:26.2904830Z [2026-09-10T05:28:26Z WARN  bundle_licenses_lib::found_license] No license found for Zlib license in objc2-core-foundation:0.3.2 - /Users/runner/.cargo/registry/src/index.crates.io-1949cf8c6b5b557f/objc2-core-foundation-0.3.2/Cargo.toml
build (aarch64-apple-darwin, macos-latest)	Generate third-party licenses	2026-09-10T05:28:26.2906110Z [2026-09-10T05:28:26Z WARN  bundle_licenses_lib::found_license] No license found for Apache-2.0 license in objc2-core-foundation:0.3.2 - /Users/runner/.cargo/registry/src/index.crates.io-1949cf8c6b5b557f/objc2-core-foundation-0.3.2/Cargo.toml
build (aarch64-apple-darwin, macos-latest)	Generate third-party licenses	2026-09-10T05:28:26.2907460Z [2026-09-10T05:28:26Z WARN  bundle_licenses_lib::found_license] No license found for MIT license in objc2-core-foundation:0.3.2 - /Users/runner/.cargo/registry/src/index.crates.io-1949cf8c6b5b557f/objc2-core-foundation-0.3.2/Cargo.toml
build (aarch64-apple-darwin, macos-latest)	Generate third-party licenses	2026-09-10T05:28:26.2908790Z [2026-09-10T05:28:26Z WARN  bundle_licenses_lib::found_license] No license found for Zlib license in objc2-core-graphics:0.3.2 - /Users/runner/.cargo/registry/src/index.crates.io-1949cf8c6b5b557f/objc2-core-graphics-0.3.2/Cargo.toml
build (aarch64-apple-darwin, macos-latest)	Generate third-party licenses	2026-09-10T05:28:26.2910040Z [2026-09-10T05:28:26Z WARN  bundle_licenses_lib::found_license] No license found for Apache-2.0 license in objc2-core-graphics:0.3.2 - /Users/runner/.cargo/registry/src/index.crates.io-1949cf8c6b5b557f/objc2-core-graphics-0.3.2/Cargo.toml
build (aarch64-apple-darwin, macos-latest)	Generate third-party licenses	2026-09-10T05:28:26.2911250Z [2026-09-10T05:28:26Z WARN  bundle_licenses_lib::found_license] No license found for MIT license in objc2-core-graphics:0.3.2 - /Users/runner/.cargo/registry/src/index.crates.io-1949cf8c6b5b557f/objc2-core-graphics-0.3.2/Cargo.toml
build (aarch64-apple-darwin, macos-latest)	Generate third-party licenses	2026-09-10T05:28:26.2912450Z [2026-09-10T05:28:26Z WARN  bundle_licenses_lib::found_license] No license found for MIT license in objc2-encode:4.1.0 - /Users/runner/.cargo/registry/src/index.crates.io-1949cf8c6b5b557f/objc2-encode-4.1.0/Cargo.toml
build (aarch64-apple-darwin, macos-latest)	Generate third-party licenses	2026-09-10T05:28:26.2913660Z [2026-09-10T05:28:26Z WARN  bundle_licenses_lib::found_license] No license found for MIT license in objc2-foundation:0.3.2 - /Users/runner/.cargo/registry/src/index.crates.io-1949cf8c6b5b557f/objc2-foundation-0.3.2/Cargo.toml
build (aarch64-apple-darwin, macos-latest)	Generate third-party licenses	2026-09-10T05:28:26.2914840Z [2026-09-10T05:28:26Z WARN  bundle_licenses_lib::found_license] No license found for Zlib license in objc2-io-kit:0.3.2 - /Users/runner/.cargo/registry/src/index.crates.io-1949cf8c6b5b557f/objc2-io-kit-0.3.2/Cargo.toml
build (aarch64-apple-darwin, macos-latest)	Generate third-party licenses	2026-09-10T05:28:26.2916130Z [2026-09-10T05:28:26Z WARN  bundle_licenses_lib::found_license] No license found for Apache-2.0 license in objc2-io-kit:0.3.2 - /Users/runner/.cargo/registry/src/index.crates.io-1949cf8c6b5b557f/objc2-io-kit-0.3.2/Cargo.toml
build (aarch64-apple-darwin, macos-latest)	Generate third-party licenses	2026-09-10T05:28:26.2917240Z [2026-09-10T05:28:26Z WARN  bundle_licenses_lib::found_license] No license found for MIT license in objc2-io-kit:0.3.2 - /Users/runner/.cargo/registry/src/index.crates.io-1949cf8c6b5b557f/objc2-io-kit-0.3.2/Cargo.toml
build (aarch64-apple-darwin, macos-latest)	Generate third-party licenses	2026-09-10T05:28:26.2918600Z [2026-09-10T05:28:26Z WARN  bundle_licenses_lib::found_license] No license found for Zlib license in objc2-io-surface:0.3.2 - /Users/runner/.cargo/registry/src/index.crates.io-1949cf8c6b5b557f/objc2-io-surface-0.3.2/Cargo.toml
build (aarch64-apple-darwin, macos-latest)	Generate third-party licenses	2026-09-10T05:28:26.2919890Z [2026-09-10T05:28:26Z WARN  bundle_licenses_lib::found_license] No license found for Apache-2.0 license in objc2-io-surface:0.3.2 - /Users/runner/.cargo/registry/src/index.crates.io-1949cf8c6b5b557f/objc2-io-surface-0.3.2/Cargo.toml
build (aarch64-apple-darwin, macos-latest)	Generate third-party licenses	2026-09-10T05:28:26.2921060Z [2026-09-10T05:28:26Z WARN  bundle_licenses_lib::found_license] No license found for MIT license in objc2-io-surface:0.3.2 - /Users/runner/.cargo/registry/src/index.crates.io-1949cf8c6b5b557f/objc2-io-surface-0.3.2/Cargo.toml
build (aarch64-apple-darwin, macos-latest)	Generate third-party licenses	2026-09-10T05:28:26.2922530Z [2026-09-10T05:28:26Z WARN  bundle_licenses_lib::found_license] No license found for Zlib license in objc2-open-directory:0.3.2 - /Users/runner/.cargo/registry/src/index.crates.io-1949cf8c6b5b557f/objc2-open-directory-0.3.2/Cargo.toml
build (aarch64-apple-darwin, macos-latest)	Generate third-party licenses	2026-09-10T05:28:26.2924080Z [2026-09-10T05:28:26Z WARN  bundle_licenses_lib::found_license] No license found for Apache-2.0 license in objc2-open-directory:0.3.2 - /Users/runner/.cargo/registry/src/index.crates.io-1949cf8c6b5b557f/objc2-open-directory-0.3.2/Cargo.toml
build (aarch64-apple-darwin, macos-latest)	Generate third-party licenses	2026-09-10T05:28:26.2925450Z [2026-09-10T05:28:26Z WARN  bundle_licenses_lib::found_license] No license found for MIT license in objc2-open-directory:0.3.2 - /Users/runner/.cargo/registry/src/index.crates.io-1949cf8c6b5b557f/objc2-open-directory-0.3.2/Cargo.toml
build (aarch64-apple-darwin, macos-latest)	Generate third-party licenses	2026-09-10T05:28:26.2926860Z [2026-09-10T05:28:26Z WARN  bundle_licenses_lib::found_license] Confidence level SEMI for Apache-2.0 license in pin-project-lite:0.2.16 - /Users/runner/.cargo/registry/src/index.crates.io-1949cf8c6b5b557f/pin-project-lite-0.2.16/Cargo.toml
build (aarch64-apple-darwin, macos-latest)	Generate third-party licenses	2026-09-10T05:28:26.2928180Z [2026-09-10T05:28:26Z WARN  bundle_licenses_lib::found_license] Confidence level SEMI for Apache-2.0 license in portable-atomic:1.13.1 - /Users/runner/.cargo/registry/src/index.crates.io-1949cf8c6b5b557f/portable-atomic-1.13.1/Cargo.toml
build (aarch64-apple-darwin, macos-latest)	Generate third-party licenses	2026-09-10T05:28:26.2929610Z [2026-09-10T05:28:26Z WARN  bundle_licenses_lib::found_license] Confidence level SEMI for Unicode-3.0 license in potential_utf:0.1.4 - /Users/runner/.cargo/registry/src/index.crates.io-1949cf8c6b5b557f/potential_utf-0.1.4/Cargo.toml
build (aarch64-apple-darwin, macos-latest)	Generate third-party licenses	2026-09-10T05:28:26.2930910Z [2026-09-10T05:28:26Z WARN  bundle_licenses_lib::found_license] Confidence level SEMI for Apache-2.0 license in prettyplease:0.2.37 - /Users/runner/.cargo/registry/src/index.crates.io-1949cf8c6b5b557f/prettyplease-0.2.37/Cargo.toml
build (aarch64-apple-darwin, macos-latest)	Generate third-party licenses	2026-09-10T05:28:26.2932250Z [2026-09-10T05:28:26Z WARN  bundle_licenses_lib::found_license] Confidence level SEMI for Apache-2.0 license in proc-macro2:1.0.106 - /Users/runner/.cargo/registry/src/index.crates.io-1949cf8c6b5b557f/proc-macro2-1.0.106/Cargo.toml
build (aarch64-apple-darwin, macos-latest)	Generate third-party licenses	2026-09-10T05:28:26.2933470Z [2026-09-10T05:28:26Z WARN  bundle_licenses_lib::found_license] No license found for MIT license in quantette:0.6.0 - /Users/runner/.cargo/registry/src/index.crates.io-1949cf8c6b5b557f/quantette-0.6.0/Cargo.toml
build (aarch64-apple-darwin, macos-latest)	Generate third-party licenses	2026-09-10T05:28:26.2934660Z [2026-09-10T05:28:26Z WARN  bundle_licenses_lib::found_license] No license found for Apache-2.0 license in quantette:0.6.0 - /Users/runner/.cargo/registry/src/index.crates.io-1949cf8c6b5b557f/quantette-0.6.0/Cargo.toml
build (aarch64-apple-darwin, macos-latest)	Generate third-party licenses	2026-09-10T05:28:26.2935870Z [2026-09-10T05:28:26Z WARN  bundle_licenses_lib::found_license] Confidence level SEMI for Apache-2.0 license in quote:1.0.44 - /Users/runner/.cargo/registry/src/index.crates.io-1949cf8c6b5b557f/quote-1.0.44/Cargo.toml
build (aarch64-apple-darwin, macos-latest)	Generate third-party licenses	2026-09-10T05:28:26.2937190Z [2026-09-10T05:28:26Z WARN  bundle_licenses_lib::found_license] No license found for MIT license in r-efi:5.3.0 - /Users/runner/.cargo/registry/src/index.crates.io-1949cf8c6b5b557f/r-efi-5.3.0/Cargo.toml
build (aarch64-apple-darwin, macos-latest)	Generate third-party licenses	2026-09-10T05:28:26.2938320Z [2026-09-10T05:28:26Z WARN  bundle_licenses_lib::found_license] No license found for Apache-2.0 license in r-efi:5.3.0 - /Users/runner/.cargo/registry/src/index.crates.io-1949cf8c6b5b557f/r-efi-5.3.0/Cargo.toml
build (aarch64-apple-darwin, macos-latest)	Generate third-party licenses	2026-09-10T05:28:26.2939600Z [2026-09-10T05:28:26Z WARN  bundle_licenses_lib::found_license] No license found for LGPL-2.1-or-later license in r-efi:5.3.0 - /Users/runner/.cargo/registry/src/index.crates.io-1949cf8c6b5b557f/r-efi-5.3.0/Cargo.toml
build (aarch64-apple-darwin, macos-latest)	Generate third-party licenses	2026-09-10T05:28:26.2940810Z [2026-09-10T05:28:26Z WARN  bundle_licenses_lib::found_license] Confidence level SEMI for Apache-2.0 license in rand:0.8.8 - /Users/runner/.cargo/registry/src/index.crates.io-1949cf8c6b5b557f/rand-0.8.8/Cargo.toml
build (aarch64-apple-darwin, macos-latest)	Generate third-party licenses	2026-09-10T05:28:26.2942110Z [2026-09-10T05:28:26Z WARN  bundle_licenses_lib::found_license] Confidence level SEMI for Apache-2.0 license in rand:0.10.2 - /Users/runner/.cargo/registry/src/index.crates.io-1949cf8c6b5b557f/rand-0.10.2/Cargo.toml
build (aarch64-apple-darwin, macos-latest)	Generate third-party licenses	2026-09-10T05:28:26.2943360Z [2026-09-10T05:28:26Z WARN  bundle_licenses_lib::found_license] Confidence level SEMI for MIT license in rand_pcg:0.10.2 - /Users/runner/.cargo/registry/src/index.crates.io-1949cf8c6b5b557f/rand_pcg-0.10.2/Cargo.toml
build (aarch64-apple-darwin, macos-latest)	Generate third-party licenses	2026-09-10T05:28:26.2944550Z [2026-09-10T05:28:26Z WARN  bundle_licenses_lib::found_license] Confidence level SEMI for Apache-2.0 license in rand_xoshiro:0.8.1 - /Users/runner/.cargo/registry/src/index.crates.io-1949cf8c6b5b557f/rand_xoshiro-0.8.1/Cargo.toml
build (aarch64-apple-darwin, macos-latest)	Generate third-party licenses	2026-09-10T05:28:26.2945760Z [2026-09-10T05:28:26Z WARN  bundle_licenses_lib::found_license] No license found for MIT license in ratatui:0.30.0 - /Users/runner/.cargo/registry/src/index.crates.io-1949cf8c6b5b557f/ratatui-0.30.0/Cargo.toml
build (aarch64-apple-darwin, macos-latest)	Generate third-party licenses	2026-09-10T05:28:26.2946980Z [2026-09-10T05:28:26Z WARN  bundle_licenses_lib::found_license] No license found for MIT license in ratatui-core:0.1.0 - /Users/runner/.cargo/registry/src/index.crates.io-1949cf8c6b5b557f/ratatui-core-0.1.0/Cargo.toml
build (aarch64-apple-darwin, macos-latest)	Generate third-party licenses	2026-09-10T05:28:26.2948210Z [2026-09-10T05:28:26Z WARN  bundle_licenses_lib::found_license] No license found for MIT license in ratatui-crossterm:0.1.0 - /Users/runner/.cargo/registry/src/index.crates.io-1949cf8c6b5b557f/ratatui-crossterm-0.1.0/Cargo.toml
build (aarch64-apple-darwin, macos-latest)	Generate third-party licenses	2026-09-10T05:28:26.2949470Z [2026-09-10T05:28:26Z WARN  bundle_licenses_lib::found_license] Confidence level UNSURE for MIT license in ratatui-image:11.0.3 - /Users/runner/.cargo/registry/src/index.crates.io-1949cf8c6b5b557f/ratatui-image-11.0.3/Cargo.toml
build (aarch64-apple-darwin, macos-latest)	Generate third-party licenses	2026-09-10T05:28:26.2950840Z [2026-09-10T05:28:26Z WARN  bundle_licenses_lib::found_license] No license found for MIT license in ratatui-termwiz:0.1.0 - /Users/runner/.cargo/registry/src/index.crates.io-1949cf8c6b5b557f/ratatui-termwiz-0.1.0/Cargo.toml
build (aarch64-apple-darwin, macos-latest)	Generate third-party licenses	2026-09-10T05:28:26.2952030Z [2026-09-10T05:28:26Z WARN  bundle_licenses_lib::found_license] No license found for MIT license in ratatui-widgets:0.3.0 - /Users/runner/.cargo/registry/src/index.crates.io-1949cf8c6b5b557f/ratatui-widgets-0.3.0/Cargo.toml
build (aarch64-apple-darwin, macos-latest)	Generate third-party licenses	2026-09-10T05:28:26.2953300Z [2026-09-10T05:28:26Z WARN  bundle_licenses_lib::found_license] Confidence level SEMI for Apache-2.0 license in ref-cast:1.0.27 - /Users/runner/.cargo/registry/src/index.crates.io-1949cf8c6b5b557f/ref-cast-1.0.27/Cargo.toml
build (aarch64-apple-darwin, macos-latest)	Generate third-party licenses	2026-09-10T05:28:26.2954860Z [2026-09-10T05:28:26Z WARN  bundle_licenses_lib::found_license] Confidence level SEMI for Apache-2.0 license in ref-cast-impl:1.0.27 - /Users/runner/.cargo/registry/src/index.crates.io-1949cf8c6b5b557f/ref-cast-impl-1.0.27/Cargo.toml
build (aarch64-apple-darwin, macos-latest)	Generate third-party licenses	2026-09-10T05:28:26.2956110Z [2026-09-10T05:28:26Z WARN  bundle_licenses_lib::found_license] Confidence level UNSURE for Apache-2.0 license in ring:0.17.14 - /Users/runner/.cargo/registry/src/index.crates.io-1949cf8c6b5b557f/ring-0.17.14/Cargo.toml
build (aarch64-apple-darwin, macos-latest)	Generate third-party licenses	2026-09-10T05:28:26.2957590Z [2026-09-10T05:28:26Z WARN  bundle_licenses_lib::found_license] Confidence level UNSURE for ISC license in ring:0.17.14 - /Users/runner/.cargo/registry/src/index.crates.io-1949cf8c6b5b557f/ring-0.17.14/Cargo.toml
build (aarch64-apple-darwin, macos-latest)	Generate third-party licenses	2026-09-10T05:28:26.2959220Z [2026-09-10T05:28:26Z WARN  bundle_licenses_lib::found_license] Confidence level SEMI for Apache-2.0 license in rustc-hash:2.1.1 - /Users/runner/.cargo/registry/src/index.crates.io-1949cf8c6b5b557f/rustc-hash-2.1.1/Cargo.toml
build (aarch64-apple-darwin, macos-latest)	Generate third-party licenses	2026-09-10T05:28:26.2960470Z [2026-09-10T05:28:26Z WARN  bundle_licenses_lib::found_license] Confidence level UNSURE for ISC license in rustls-webpki:0.103.15 - /Users/runner/.cargo/registry/src/index.crates.io-1949cf8c6b5b557f/rustls-webpki-0.103.15/Cargo.toml
build (aarch64-apple-darwin, macos-latest)	Generate third-party licenses	2026-09-10T05:28:26.2961820Z [2026-09-10T05:28:26Z WARN  bundle_licenses_lib::found_license] Confidence level SEMI for Apache-2.0 license in rustversion:1.0.22 - /Users/runner/.cargo/registry/src/index.crates.io-1949cf8c6b5b557f/rustversion-1.0.22/Cargo.toml
build (aarch64-apple-darwin, macos-latest)	Generate third-party licenses	2026-09-10T05:28:26.2963120Z [2026-09-10T05:28:26Z WARN  bundle_licenses_lib::found_license] Confidence level SEMI for Apache-2.0 license in ryu:1.0.23 - /Users/runner/.cargo/registry/src/index.crates.io-1949cf8c6b5b557f/ryu-1.0.23/Cargo.toml
build (aarch64-apple-darwin, macos-latest)	Generate third-party licenses	2026-09-10T05:28:26.2964300Z [2026-09-10T05:28:26Z WARN  bundle_licenses_lib::found_license] No license found for GPL-2.0-only license in self_cell:1.3.0 - /Users/runner/.cargo/registry/src/index.crates.io-1949cf8c6b5b557f/self_cell-1.3.0/Cargo.toml
build (aarch64-apple-darwin, macos-latest)	Generate third-party licenses	2026-09-10T05:28:26.2965520Z [2026-09-10T05:28:26Z WARN  bundle_licenses_lib::found_license] Confidence level SEMI for Apache-2.0 license in semver:1.0.27 - /Users/runner/.cargo/registry/src/index.crates.io-1949cf8c6b5b557f/semver-1.0.27/Cargo.toml
build (aarch64-apple-darwin, macos-latest)	Generate third-party licenses	2026-09-10T05:28:26.2966700Z [2026-09-10T05:28:26Z WARN  bundle_licenses_lib::found_license] Confidence level SEMI for Apache-2.0 license in serde:1.0.228 - /Users/runner/.cargo/registry/src/index.crates.io-1949cf8c6b5b557f/serde-1.0.228/Cargo.toml
build (aarch64-apple-darwin, macos-latest)	Generate third-party licenses	2026-09-10T05:28:26.2967850Z [2026-09-10T05:28:26Z WARN  bundle_licenses_lib::found_license] Confidence level SEMI for Apache-2.0 license in serde_core:1.0.228 - /Users/runner/.cargo/registry/src/index.crates.io-1949cf8c6b5b557f/serde_core-1.0.228/Cargo.toml
build (aarch64-apple-darwin, macos-latest)	Generate third-party licenses	2026-09-10T05:28:26.2969090Z [2026-09-10T05:28:26Z WARN  bundle_licenses_lib::found_license] Confidence level SEMI for Apache-2.0 license in serde_derive:1.0.228 - /Users/runner/.cargo/registry/src/index.crates.io-1949cf8c6b5b557f/serde_derive-1.0.228/Cargo.toml
build (aarch64-apple-darwin, macos-latest)	Generate third-party licenses	2026-09-10T05:28:26.2970360Z [2026-09-10T05:28:26Z WARN  bundle_licenses_lib::found_license] Confidence level SEMI for Apache-2.0 license in serde_json:1.0.149 - /Users/runner/.cargo/registry/src/index.crates.io-1949cf8c6b5b557f/serde_json-1.0.149/Cargo.toml
build (aarch64-apple-darwin, macos-latest)	Generate third-party licenses	2026-09-10T05:28:26.2971720Z [2026-09-10T05:28:26Z WARN  bundle_licenses_lib::found_license] Confidence level SEMI for Apache-2.0 license in serde_urlencoded:0.7.1 - /Users/runner/.cargo/registry/src/index.crates.io-1949cf8c6b5b557f/serde_urlencoded-0.7.1/Cargo.toml
build (aarch64-apple-darwin, macos-latest)	Generate third-party licenses	2026-09-10T05:28:26.2973010Z [2026-09-10T05:28:26Z WARN  bundle_licenses_lib::found_license] Confidence level SEMI for MIT license in sha2:0.10.9 - /Users/runner/.cargo/registry/src/index.crates.io-1949cf8c6b5b557f/sha2-0.10.9/Cargo.toml
build (aarch64-apple-darwin, macos-latest)	Generate third-party licenses	2026-09-10T05:28:26.2974140Z [2026-09-10T05:28:26Z WARN  bundle_licenses_lib::found_license] Confidence level UNSURE for MIT license in siphasher:1.0.2 - /Users/runner/.cargo/registry/src/index.crates.io-1949cf8c6b5b557f/siphasher-1.0.2/Cargo.toml
build (aarch64-apple-darwin, macos-latest)	Generate third-party licenses	2026-09-10T05:28:26.2975270Z [2026-09-10T05:28:26Z WARN  bundle_licenses_lib::found_license] Confidence level UNSURE for Apache-2.0 license in siphasher:1.0.2 - /Users/runner/.cargo/registry/src/index.crates.io-1949cf8c6b5b557f/siphasher-1.0.2/Cargo.toml
build (aarch64-apple-darwin, macos-latest)	Generate third-party licenses	2026-09-10T05:28:26.2976440Z [2026-09-10T05:28:26Z WARN  bundle_licenses_lib::found_license] Confidence level SEMI for MIT license in strsim:0.11.1 - /Users/runner/.cargo/registry/src/index.crates.io-1949cf8c6b5b557f/strsim-0.11.1/Cargo.toml
build (aarch64-apple-darwin, macos-latest)	Generate third-party licenses	2026-09-10T05:28:26.2978400Z [2026-09-10T05:28:26Z WARN  bundle_licenses_lib::found_license] Confidence level SEMI for BSD-3-Clause license in subtle:2.6.1 - /Users/runner/.cargo/registry/src/index.crates.io-1949cf8c6b5b557f/subtle-2.6.1/Cargo.toml
build (aarch64-apple-darwin, macos-latest)	Generate third-party licenses	2026-09-10T05:28:26.2980040Z [2026-09-10T05:28:26Z WARN  bundle_licenses_lib::found_license] Confidence level SEMI for Apache-2.0 license in syn:2.0.115 - /Users/runner/.cargo/registry/src/index.crates.io-1949cf8c6b5b557f/syn-2.0.115/Cargo.toml
build (aarch64-apple-darwin, macos-latest)	Generate third-party licenses	2026-09-10T05:28:26.2981200Z [2026-09-10T05:28:26Z WARN  bundle_licenses_lib::found_license] Confidence level SEMI for Apache-2.0 license in syn:3.0.4 - /Users/runner/.cargo/registry/src/index.crates.io-1949cf8c6b5b557f/syn-3.0.4/Cargo.toml
build (aarch64-apple-darwin, macos-latest)	Generate third-party licenses	2026-09-10T05:28:26.2982350Z [2026-09-10T05:28:26Z WARN  bundle_licenses_lib::found_license] Confidence level SEMI for Apache-2.0 license in sync_wrapper:1.0.2 - /Users/runner/.cargo/registry/src/index.crates.io-1949cf8c6b5b557f/sync_wrapper-1.0.2/Cargo.toml
build (aarch64-apple-darwin, macos-latest)	Generate third-party licenses	2026-09-10T05:28:26.2983550Z [2026-09-10T05:28:26Z WARN  bundle_licenses_lib::found_license] No template for WTFPL license in terminfo:0.9.0 - /Users/runner/.cargo/registry/src/index.crates.io-1949cf8c6b5b557f/terminfo-0.9.0/Cargo.toml
build (aarch64-apple-darwin, macos-latest)	Generate third-party licenses	2026-09-10T05:28:26.2984690Z [2026-09-10T05:28:26Z WARN  bundle_licenses_lib::found_license] Confidence level SEMI for Apache-2.0 license in thiserror:1.0.69 - /Users/runner/.cargo/registry/src/index.crates.io-1949cf8c6b5b557f/thiserror-1.0.69/Cargo.toml
build (aarch64-apple-darwin, macos-latest)	Generate third-party licenses	2026-09-10T05:28:26.2985870Z [2026-09-10T05:28:26Z WARN  bundle_licenses_lib::found_license] Confidence level SEMI for Apache-2.0 license in thiserror:2.0.18 - /Users/runner/.cargo/registry/src/index.crates.io-1949cf8c6b5b557f/thiserror-2.0.18/Cargo.toml
build (aarch64-apple-darwin, macos-latest)	Generate third-party licenses	2026-09-10T05:28:26.2987090Z [2026-09-10T05:28:26Z WARN  bundle_licenses_lib::found_license] Confidence level SEMI for Apache-2.0 license in thiserror-impl:1.0.69 - /Users/runner/.cargo/registry/src/index.crates.io-1949cf8c6b5b557f/thiserror-impl-1.0.69/Cargo.toml
build (aarch64-apple-darwin, macos-latest)	Generate third-party licenses	2026-09-10T05:28:26.2988340Z [2026-09-10T05:28:26Z WARN  bundle_licenses_lib::found_license] Confidence level SEMI for Apache-2.0 license in thiserror-impl:2.0.18 - /Users/runner/.cargo/registry/src/index.crates.io-1949cf8c6b5b557f/thiserror-impl-2.0.18/Cargo.toml
build (aarch64-apple-darwin, macos-latest)	Generate third-party licenses	2026-09-10T05:28:26.2989490Z [2026-09-10T05:28:26Z WARN  bundle_licenses_lib::found_license] Confidence level SEMI for Apache-2.0 license in time:0.3.47 - /Users/runner/.cargo/registry/src/index.crates.io-1949cf8c6b5b557f/time-0.3.47/Cargo.toml
build (aarch64-apple-darwin, macos-latest)	Generate third-party licenses	2026-09-10T05:28:26.2990650Z [2026-09-10T05:28:26Z WARN  bundle_licenses_lib::found_license] Confidence level SEMI for Apache-2.0 license in time-core:0.1.8 - /Users/runner/.cargo/registry/src/index.crates.io-1949cf8c6b5b557f/time-core-0.1.8/Cargo.toml
build (aarch64-apple-darwin, macos-latest)	Generate third-party licenses	2026-09-10T05:28:26.2991970Z [2026-09-10T05:28:26Z WARN  bundle_licenses_lib::found_license] Confidence level SEMI for Apache-2.0 license in time-macros:0.2.27 - /Users/runner/.cargo/registry/src/index.crates.io-1949cf8c6b5b557f/time-macros-0.2.27/Cargo.toml
build (aarch64-apple-darwin, macos-latest)	Generate third-party licenses	2026-09-10T05:28:26.2993110Z [2026-09-10T05:28:26Z WARN  bundle_licenses_lib::found_license] Confidence level SEMI for Unicode-3.0 license in tinystr:0.8.2 - /Users/runner/.cargo/registry/src/index.crates.io-1949cf8c6b5b557f/tinystr-0.8.2/Cargo.toml
build (aarch64-apple-darwin, macos-latest)	Generate third-party licenses	2026-09-10T05:28:26.2994310Z [2026-09-10T05:28:26Z WARN  bundle_licenses_lib::found_license] Confidence level SEMI for Apache-2.0 license in unicode-ident:1.0.23 - /Users/runner/.cargo/registry/src/index.crates.io-1949cf8c6b5b557f/unicode-ident-1.0.23/Cargo.toml
build (aarch64-apple-darwin, macos-latest)	Generate third-party licenses	2026-09-10T05:28:26.2995540Z [2026-09-10T05:28:26Z WARN  bundle_licenses_lib::found_license] Confidence level SEMI for ISC license in untrusted:0.9.0 - /Users/runner/.cargo/registry/src/index.crates.io-1949cf8c6b5b557f/untrusted-0.9.0/Cargo.toml
build (aarch64-apple-darwin, macos-latest)	Generate third-party licenses	2026-09-10T05:28:26.2996690Z [2026-09-10T05:28:26Z WARN  bundle_licenses_lib::found_license] Confidence level SEMI for Apache-2.0 license in utf8parse:0.2.2 - /Users/runner/.cargo/registry/src/index.crates.io-1949cf8c6b5b557f/utf8parse-0.2.2/Cargo.toml
build (aarch64-apple-darwin, macos-latest)	Generate third-party licenses	2026-09-10T05:28:26.2997870Z [2026-09-10T05:28:26Z WARN  bundle_licenses_lib::found_license] Confidence level SEMI for MIT license in uuid:1.21.0 - /Users/runner/.cargo/registry/src/index.crates.io-1949cf8c6b5b557f/uuid-1.21.0/Cargo.toml
build (aarch64-apple-darwin, macos-latest)	Generate third-party licenses	2026-09-10T05:28:26.2999230Z [2026-09-10T05:28:26Z WARN  bundle_licenses_lib::found_license] No license found for MIT license in vsimd:0.8.0 - /Users/runner/.cargo/registry/src/index.crates.io-1949cf8c6b5b557f/vsimd-0.8.0/Cargo.toml
build (aarch64-apple-darwin, macos-latest)	Generate third-party licenses	2026-09-10T05:28:26.3000260Z [2026-09-10T05:28:26Z WARN  bundle_licenses_lib::found_license] No license found for MIT license in vtparse:0.6.2 - /Users/runner/.cargo/registry/src/index.crates.io-1949cf8c6b5b557f/vtparse-0.6.2/Cargo.toml
build (aarch64-apple-darwin, macos-latest)	Generate third-party licenses	2026-09-10T05:28:26.3001490Z [2026-09-10T05:28:26Z WARN  bundle_licenses_lib::found_license] No license found for Apache-2.0 WITH LLVM-exception license in wasip2:1.0.2+wasi-0.2.9 - /Users/runner/.cargo/registry/src/index.crates.io-1949cf8c6b5b557f/wasip2-1.0.2+wasi-0.2.9/Cargo.toml
build (aarch64-apple-darwin, macos-latest)	Generate third-party licenses	2026-09-10T05:28:26.3002750Z [2026-09-10T05:28:26Z WARN  bundle_licenses_lib::found_license] No license found for Apache-2.0 license in wasip2:1.0.2+wasi-0.2.9 - /Users/runner/.cargo/registry/src/index.crates.io-1949cf8c6b5b557f/wasip2-1.0.2+wasi-0.2.9/Cargo.toml
build (aarch64-apple-darwin, macos-latest)	Generate third-party licenses	2026-09-10T05:28:26.3003920Z [2026-09-10T05:28:26Z WARN  bundle_licenses_lib::found_license] No license found for MIT license in wasip2:1.0.2+wasi-0.2.9 - /Users/runner/.cargo/registry/src/index.crates.io-1949cf8c6b5b557f/wasip2-1.0.2+wasi-0.2.9/Cargo.toml
build (aarch64-apple-darwin, macos-latest)	Generate third-party licenses	2026-09-10T05:28:26.3005270Z [2026-09-10T05:28:26Z WARN  bundle_licenses_lib::found_license] No license found for Apache-2.0 WITH LLVM-exception license in wasip3:0.4.0+wasi-0.3.0-rc-2026-01-06 - /Users/runner/.cargo/registry/src/index.crates.io-1949cf8c6b5b557f/wasip3-0.4.0+wasi-0.3.0-rc-2026-01-06/Cargo.toml
build (aarch64-apple-darwin, macos-latest)	Generate third-party licenses	2026-09-10T05:28:26.3006940Z [2026-09-10T05:28:26Z WARN  bundle_licenses_lib::found_license] No license found for Apache-2.0 license in wasip3:0.4.0+wasi-0.3.0-rc-2026-01-06 - /Users/runner/.cargo/registry/src/index.crates.io-1949cf8c6b5b557f/wasip3-0.4.0+wasi-0.3.0-rc-2026-01-06/Cargo.toml
build (aarch64-apple-darwin, macos-latest)	Generate third-party licenses	2026-09-10T05:28:26.3008290Z [2026-09-10T05:28:26Z WARN  bundle_licenses_lib::found_license] No license found for MIT license in wasip3:0.4.0+wasi-0.3.0-rc-2026-01-06 - /Users/runner/.cargo/registry/src/index.crates.io-1949cf8c6b5b557f/wasip3-0.4.0+wasi-0.3.0-rc-2026-01-06/Cargo.toml
build (aarch64-apple-darwin, macos-latest)	Generate third-party licenses	2026-09-10T05:28:26.3009600Z [2026-09-10T05:28:26Z WARN  bundle_licenses_lib::found_license] No license found for Apache-2.0 WITH LLVM-exception license in wasm-encoder:0.244.0 - /Users/runner/.cargo/registry/src/index.crates.io-1949cf8c6b5b557f/wasm-encoder-0.244.0/Cargo.toml
build (aarch64-apple-darwin, macos-latest)	Generate third-party licenses	2026-09-10T05:28:26.3010830Z [2026-09-10T05:28:26Z WARN  bundle_licenses_lib::found_license] No license found for Apache-2.0 license in wasm-encoder:0.244.0 - /Users/runner/.cargo/registry/src/index.crates.io-1949cf8c6b5b557f/wasm-encoder-0.244.0/Cargo.toml
build (aarch64-apple-darwin, macos-latest)	Generate third-party licenses	2026-09-10T05:28:26.3012130Z [2026-09-10T05:28:26Z WARN  bundle_licenses_lib::found_license] No license found for MIT license in wasm-encoder:0.244.0 - /Users/runner/.cargo/registry/src/index.crates.io-1949cf8c6b5b557f/wasm-encoder-0.244.0/Cargo.toml
build (aarch64-apple-darwin, macos-latest)	Generate third-party licenses	2026-09-10T05:28:26.3013370Z [2026-09-10T05:28:26Z WARN  bundle_licenses_lib::found_license] No license found for Apache-2.0 WITH LLVM-exception license in wasm-metadata:0.244.0 - /Users/runner/.cargo/registry/src/index.crates.io-1949cf8c6b5b557f/wasm-metadata-0.244.0/Cargo.toml
build (aarch64-apple-darwin, macos-latest)	Generate third-party licenses	2026-09-10T05:28:26.3014610Z [2026-09-10T05:28:26Z WARN  bundle_licenses_lib::found_license] No license found for Apache-2.0 license in wasm-metadata:0.244.0 - /Users/runner/.cargo/registry/src/index.crates.io-1949cf8c6b5b557f/wasm-metadata-0.244.0/Cargo.toml
build (aarch64-apple-darwin, macos-latest)	Generate third-party licenses	2026-09-10T05:28:26.3015800Z [2026-09-10T05:28:26Z WARN  bundle_licenses_lib::found_license] No license found for MIT license in wasm-metadata:0.244.0 - /Users/runner/.cargo/registry/src/index.crates.io-1949cf8c6b5b557f/wasm-metadata-0.244.0/Cargo.toml
build (aarch64-apple-darwin, macos-latest)	Generate third-party licenses	2026-09-10T05:28:26.3017030Z [2026-09-10T05:28:26Z WARN  bundle_licenses_lib::found_license] No license found for Apache-2.0 WITH LLVM-exception license in wasmparser:0.244.0 - /Users/runner/.cargo/registry/src/index.crates.io-1949cf8c6b5b557f/wasmparser-0.244.0/Cargo.toml
build (aarch64-apple-darwin, macos-latest)	Generate third-party licenses	2026-09-10T05:28:26.3018450Z [2026-09-10T05:28:26Z WARN  bundle_licenses_lib::found_license] No license found for Apache-2.0 license in wasmparser:0.244.0 - /Users/runner/.cargo/registry/src/index.crates.io-1949cf8c6b5b557f/wasmparser-0.244.0/Cargo.toml
build (aarch64-apple-darwin, macos-latest)	Generate third-party licenses	2026-09-10T05:28:26.3019600Z [2026-09-10T05:28:26Z WARN  bundle_licenses_lib::found_license] No license found for MIT license in wasmparser:0.244.0 - /Users/runner/.cargo/registry/src/index.crates.io-1949cf8c6b5b557f/wasmparser-0.244.0/Cargo.toml
build (aarch64-apple-darwin, macos-latest)	Generate third-party licenses	2026-09-10T05:28:26.3020780Z [2026-09-10T05:28:26Z WARN  bundle_licenses_lib::found_license] No template for CDLA-Permissive-2.0 license in webpki-roots:1.0.6 - /Users/runner/.cargo/registry/src/index.crates.io-1949cf8c6b5b557f/webpki-roots-1.0.6/Cargo.toml
build (aarch64-apple-darwin, macos-latest)	Generate third-party licenses	2026-09-10T05:28:26.3021950Z [2026-09-10T05:28:26Z WARN  bundle_licenses_lib::found_license] Confidence level UNSURE for MIT license in wezterm-bidi:0.2.3 - /Users/runner/.cargo/registry/src/index.crates.io-1949cf8c6b5b557f/wezterm-bidi-0.2.3/Cargo.toml
build (aarch64-apple-darwin, macos-latest)	Generate third-party licenses	2026-09-10T05:28:26.3023170Z [2026-09-10T05:28:26Z WARN  bundle_licenses_lib::found_license] Confidence level UNSURE for Unicode-DFS-2016 license in wezterm-bidi:0.2.3 - /Users/runner/.cargo/registry/src/index.crates.io-1949cf8c6b5b557f/wezterm-bidi-0.2.3/Cargo.toml
build (aarch64-apple-darwin, macos-latest)	Generate third-party licenses	2026-09-10T05:28:26.3024410Z [2026-09-10T05:28:26Z WARN  bundle_licenses_lib::found_license] No license found for MIT license in wezterm-input-types:0.1.0 - /Users/runner/.cargo/registry/src/index.crates.io-1949cf8c6b5b557f/wezterm-input-types-0.1.0/Cargo.toml
build (aarch64-apple-darwin, macos-latest)	Generate third-party licenses	2026-09-10T05:28:26.3025660Z [2026-09-10T05:28:26Z WARN  bundle_licenses_lib::found_license] No license found for MIT license in winapi-i686-pc-windows-gnu:0.4.0 - /Users/runner/.cargo/registry/src/index.crates.io-1949cf8c6b5b557f/winapi-i686-pc-windows-gnu-0.4.0/Cargo.toml
build (aarch64-apple-darwin, macos-latest)	Generate third-party licenses	2026-09-10T05:28:26.3026990Z [2026-09-10T05:28:26Z WARN  bundle_licenses_lib::found_license] No license found for Apache-2.0 license in winapi-i686-pc-windows-gnu:0.4.0 - /Users/runner/.cargo/registry/src/index.crates.io-1949cf8c6b5b557f/winapi-i686-pc-windows-gnu-0.4.0/Cargo.toml
build (aarch64-apple-darwin, macos-latest)	Generate third-party licenses	2026-09-10T05:28:26.3028320Z [2026-09-10T05:28:26Z WARN  bundle_licenses_lib::found_license] No license found for MIT license in winapi-x86_64-pc-windows-gnu:0.4.0 - /Users/runner/.cargo/registry/src/index.crates.io-1949cf8c6b5b557f/winapi-x86_64-pc-windows-gnu-0.4.0/Cargo.toml
build (aarch64-apple-darwin, macos-latest)	Generate third-party licenses	2026-09-10T05:28:26.3029620Z [2026-09-10T05:28:26Z WARN  bundle_licenses_lib::found_license] No license found for Apache-2.0 license in winapi-x86_64-pc-windows-gnu:0.4.0 - /Users/runner/.cargo/registry/src/index.crates.io-1949cf8c6b5b557f/winapi-x86_64-pc-windows-gnu-0.4.0/Cargo.toml
build (aarch64-apple-darwin, macos-latest)	Generate third-party licenses	2026-09-10T05:28:26.3031050Z [2026-09-10T05:28:26Z WARN  bundle_licenses_lib::found_license] No license found for Apache-2.0 WITH LLVM-exception license in wit-component:0.244.0 - /Users/runner/.cargo/registry/src/index.crates.io-1949cf8c6b5b557f/wit-component-0.244.0/Cargo.toml
build (aarch64-apple-darwin, macos-latest)	Generate third-party licenses	2026-09-10T05:28:26.3032310Z [2026-09-10T05:28:26Z WARN  bundle_licenses_lib::found_license] No license found for Apache-2.0 license in wit-component:0.244.0 - /Users/runner/.cargo/registry/src/index.crates.io-1949cf8c6b5b557f/wit-component-0.244.0/Cargo.toml
build (aarch64-apple-darwin, macos-latest)	Generate third-party licenses	2026-09-10T05:28:26.3033480Z [2026-09-10T05:28:26Z WARN  bundle_licenses_lib::found_license] No license found for MIT license in wit-component:0.244.0 - /Users/runner/.cargo/registry/src/index.crates.io-1949cf8c6b5b557f/wit-component-0.244.0/Cargo.toml
build (aarch64-apple-darwin, macos-latest)	Generate third-party licenses	2026-09-10T05:28:26.3034700Z [2026-09-10T05:28:26Z WARN  bundle_licenses_lib::found_license] No license found for Apache-2.0 WITH LLVM-exception license in wit-parser:0.244.0 - /Users/runner/.cargo/registry/src/index.crates.io-1949cf8c6b5b557f/wit-parser-0.244.0/Cargo.toml
build (aarch64-apple-darwin, macos-latest)	Generate third-party licenses	2026-09-10T05:28:26.3035930Z [2026-09-10T05:28:26Z WARN  bundle_licenses_lib::found_license] No license found for Apache-2.0 license in wit-parser:0.244.0 - /Users/runner/.cargo/registry/src/index.crates.io-1949cf8c6b5b557f/wit-parser-0.244.0/Cargo.toml
build (aarch64-apple-darwin, macos-latest)	Generate third-party licenses	2026-09-10T05:28:26.3037060Z [2026-09-10T05:28:26Z WARN  bundle_licenses_lib::found_license] No license found for MIT license in wit-parser:0.244.0 - /Users/runner/.cargo/registry/src/index.crates.io-1949cf8c6b5b557f/wit-parser-0.244.0/Cargo.toml
build (aarch64-apple-darwin, macos-latest)	Generate third-party licenses	2026-09-10T05:28:26.3038420Z [2026-09-10T05:28:26Z WARN  bundle_licenses_lib::found_license] Confidence level SEMI for Unicode-3.0 license in writeable:0.6.2 - /Users/runner/.cargo/registry/src/index.crates.io-1949cf8c6b5b557f/writeable-0.6.2/Cargo.toml
build (aarch64-apple-darwin, macos-latest)	Generate third-party licenses	2026-09-10T05:28:26.3039630Z [2026-09-10T05:28:26Z WARN  bundle_licenses_lib::found_license] Confidence level SEMI for Unicode-3.0 license in yoke:0.8.1 - /Users/runner/.cargo/registry/src/index.crates.io-1949cf8c6b5b557f/yoke-0.8.1/Cargo.toml
build (aarch64-apple-darwin, macos-latest)	Generate third-party licenses	2026-09-10T05:28:26.3040770Z [2026-09-10T05:28:26Z WARN  bundle_licenses_lib::found_license] Confidence level SEMI for Unicode-3.0 license in yoke-derive:0.8.1 - /Users/runner/.cargo/registry/src/index.crates.io-1949cf8c6b5b557f/yoke-derive-0.8.1/Cargo.toml
build (aarch64-apple-darwin, macos-latest)	Generate third-party licenses	2026-09-10T05:28:26.3041950Z [2026-09-10T05:28:26Z WARN  bundle_licenses_lib::found_license] Confidence level SEMI for Unicode-3.0 license in zerofrom:0.1.6 - /Users/runner/.cargo/registry/src/index.crates.io-1949cf8c6b5b557f/zerofrom-0.1.6/Cargo.toml
build (aarch64-apple-darwin, macos-latest)	Generate third-party licenses	2026-09-10T05:28:26.3043890Z [2026-09-10T05:28:26Z WARN  bundle_licenses_lib::found_license] Confidence level SEMI for Unicode-3.0 license in zerofrom-derive:0.1.6 - /Users/runner/.cargo/registry/src/index.crates.io-1949cf8c6b5b557f/zerofrom-derive-0.1.6/Cargo.toml
build (aarch64-apple-darwin, macos-latest)	Generate third-party licenses	2026-09-10T05:28:26.3046500Z [2026-09-10T05:28:26Z WARN  bundle_licenses_lib::found_license] Confidence level SEMI for Unicode-3.0 license in zerotrie:0.2.3 - /Users/runner/.cargo/registry/src/index.crates.io-1949cf8c6b5b557f/zerotrie-0.2.3/Cargo.toml
build (aarch64-apple-darwin, macos-latest)	Generate third-party licenses	2026-09-10T05:28:26.3048930Z [2026-09-10T05:28:26Z WARN  bundle_licenses_lib::found_license] Confidence level SEMI for Unicode-3.0 license in zerovec:0.11.5 - /Users/runner/.cargo/registry/src/index.crates.io-1949cf8c6b5b557f/zerovec-0.11.5/Cargo.toml
build (aarch64-apple-darwin, macos-latest)	Generate third-party licenses	2026-09-10T05:28:26.3050080Z [2026-09-10T05:28:26Z WARN  bundle_licenses_lib::found_license] Confidence level SEMI for Unicode-3.0 license in zerovec-derive:0.11.2 - /Users/runner/.cargo/registry/src/index.crates.io-1949cf8c6b5b557f/zerovec-derive-0.11.2/Cargo.toml
build (aarch64-apple-darwin, macos-latest)	Generate third-party licenses	2026-09-10T05:28:26.3051250Z [2026-09-10T05:28:26Z WARN  bundle_licenses_lib::found_license] Confidence level UNSURE for Apache-2.0 license in zipsign-api:0.1.5 - /Users/runner/.cargo/registry/src/index.crates.io-1949cf8c6b5b557f/zipsign-api-0.1.5/Cargo.toml
build (aarch64-apple-darwin, macos-latest)	Generate third-party licenses	2026-09-10T05:28:26.3052430Z [2026-09-10T05:28:26Z WARN  bundle_licenses_lib::found_license] No license found for Apache-2.0 WITH LLVM-exception license in zipsign-api:0.1.5 - /Users/runner/.cargo/registry/src/index.crates.io-1949cf8c6b5b557f/zipsign-api-0.1.5/Cargo.toml
build (aarch64-apple-darwin, macos-latest)	Generate third-party licenses	2026-09-10T05:28:26.3056970Z [2026-09-10T05:28:26Z WARN  bundle_licenses_lib::found_license] No license found for MIT license in zune-core:0.4.12 - /Users/runner/.cargo/registry/src/index.crates.io-1949cf8c6b5b557f/zune-core-0.4.12/Cargo.toml
build (aarch64-apple-darwin, macos-latest)	Generate third-party licenses	2026-09-10T05:28:26.3058150Z [2026-09-10T05:28:26Z WARN  bundle_licenses_lib::found_license] No license found for Apache-2.0 license in zune-core:0.4.12 - /Users/runner/.cargo/registry/src/index.crates.io-1949cf8c6b5b557f/zune-core-0.4.12/Cargo.toml
build (aarch64-apple-darwin, macos-latest)	Generate third-party licenses	2026-09-10T05:28:26.3059280Z [2026-09-10T05:28:26Z WARN  bundle_licenses_lib::found_license] No license found for Zlib license in zune-core:0.4.12 - /Users/runner/.cargo/registry/src/index.crates.io-1949cf8c6b5b557f/zune-core-0.4.12/Cargo.toml
build (aarch64-apple-darwin, macos-latest)	Generate third-party licenses	2026-09-10T05:28:26.3060330Z [2026-09-10T05:28:26Z WARN  bundle_licenses_lib::found_license] No license found for MIT license in zune-jpeg:0.4.21 - /Users/runner/.cargo/registry/src/index.crates.io-1949cf8c6b5b557f/zune-jpeg-0.4.21/Cargo.toml
build (aarch64-apple-darwin, macos-latest)	Generate third-party licenses	2026-09-10T05:28:26.3061450Z [2026-09-10T05:28:26Z WARN  bundle_licenses_lib::found_license] No license found for Apache-2.0 license in zune-jpeg:0.4.21 - /Users/runner/.cargo/registry/src/index.crates.io-1949cf8c6b5b557f/zune-jpeg-0.4.21/Cargo.toml
build (aarch64-apple-darwin, macos-latest)	Generate third-party licenses	2026-09-10T05:28:26.3133150Z [2026-09-10T05:28:26Z WARN  bundle_licenses_lib::found_license] No license found for Zlib license in zune-jpeg:0.4.21 - /Users/runner/.cargo/registry/src/index.crates.io-1949cf8c6b5b557f/zune-jpeg-0.4.21/Cargo.toml
build (aarch64-apple-darwin, macos-latest)	Install zipsign	﻿2026-09-10T05:28:26.3380990Z ##[group]Run cargo install zipsign --locked
build (aarch64-apple-darwin, macos-latest)	Install zipsign	2026-09-10T05:28:26.3381570Z ^[[36;1mcargo install zipsign --locked^[[0m
build (aarch64-apple-darwin, macos-latest)	Install zipsign	2026-09-10T05:28:26.3445390Z shell: /opt/homebrew/bin/bash -e {0}
build (aarch64-apple-darwin, macos-latest)	Install zipsign	2026-09-10T05:28:26.3445630Z env:
build (aarch64-apple-darwin, macos-latest)	Install zipsign	2026-09-10T05:28:26.3445770Z   CARGO_INCREMENTAL: 0
build (aarch64-apple-darwin, macos-latest)	Install zipsign	2026-09-10T05:28:26.3445940Z   CARGO_PROFILE_DEV_DEBUG: 0
build (aarch64-apple-darwin, macos-latest)	Install zipsign	2026-09-10T05:28:26.3446110Z   CARGO_TERM_COLOR: always
build (aarch64-apple-darwin, macos-latest)	Install zipsign	2026-09-10T05:28:26.3446290Z   RUST_BACKTRACE: short
build (aarch64-apple-darwin, macos-latest)	Install zipsign	2026-09-10T05:28:26.3446460Z   RUSTFLAGS: -D warnings
build (aarch64-apple-darwin, macos-latest)	Install zipsign	2026-09-10T05:28:26.3446630Z   CARGO_UNSTABLE_SPARSE_REGISTRY: true
build (aarch64-apple-darwin, macos-latest)	Install zipsign	2026-09-10T05:28:26.3446850Z   CARGO_REGISTRIES_CRATES_IO_PROTOCOL: sparse
build (aarch64-apple-darwin, macos-latest)	Install zipsign	2026-09-10T05:28:26.3447060Z   CACHE_ON_FAILURE: true
build (aarch64-apple-darwin, macos-latest)	Install zipsign	2026-09-10T05:28:26.3447210Z ##[endgroup]
build (aarch64-apple-darwin, macos-latest)	Install zipsign	2026-09-10T05:28:26.4387500Z ^[[1m^[[92m    Updating^[[0m crates.io index
build (aarch64-apple-darwin, macos-latest)	Install zipsign	2026-09-10T05:28:26.7356740Z ^[[1m^[[92m Downloading^[[0m crates ...
build (aarch64-apple-darwin, macos-latest)	Install zipsign	2026-09-10T05:28:26.7513680Z ^[[1m^[[92m  Downloaded^[[0m zipsign v0.2.1
build (aarch64-apple-darwin, macos-latest)	Install zipsign	2026-09-10T05:28:26.7734010Z ^[[1m^[[92m  Installing^[[0m zipsign v0.2.1
build (aarch64-apple-darwin, macos-latest)	Install zipsign	2026-09-10T05:28:26.7734930Z ^[[1m^[[33mwarning^[[0m: default toolchain implicitly overridden with `stable-aarch64-apple-darwin` by rustup directory override
build (aarch64-apple-darwin, macos-latest)	Install zipsign	2026-09-10T05:28:26.7735460Z   ^[[1m^[[94m|^[[0m
build (aarch64-apple-darwin, macos-latest)	Install zipsign	2026-09-10T05:28:26.7735800Z   ^[[1m^[[94m= ^[[0m^[[1mhelp^[[0m: use `cargo +stable install` if you meant to use the stable toolchain
build (aarch64-apple-darwin, macos-latest)	Install zipsign	2026-09-10T05:28:26.7736520Z   ^[[1m^[[94m= ^[[0m^[[1mnote^[[0m: rustup selects the toolchain based on the parent environment and not the environment of the package being installed
build (aarch64-apple-darwin, macos-latest)	Install zipsign	2026-09-10T05:28:26.7755700Z ^[[1m^[[92m    Updating^[[0m crates.io index
build (aarch64-apple-darwin, macos-latest)	Install zipsign	2026-09-10T05:28:27.4543460Z ^[[1m^[[92m    Updating^[[0m crates.io index
build (aarch64-apple-darwin, macos-latest)	Install zipsign	2026-09-10T05:28:27.4984970Z ^[[1m^[[92m Downloading^[[0m crates ...
build (aarch64-apple-darwin, macos-latest)	Install zipsign	2026-09-10T05:28:27.5206640Z ^[[1m^[[92m  Downloaded^[[0m bitflags v2.10.0
build (aarch64-apple-darwin, macos-latest)	Install zipsign	2026-09-10T05:28:27.5286510Z ^[[1m^[[92m  Downloaded^[[0m clap_lex v0.7.7
build (aarch64-apple-darwin, macos-latest)	Install zipsign	2026-09-10T05:28:27.5316110Z ^[[1m^[[92m  Downloaded^[[0m clap v4.5.56
build (aarch64-apple-darwin, macos-latest)	Install zipsign	2026-09-10T05:28:27.5527940Z ^[[1m^[[92m  Downloaded^[[0m clap_builder v4.5.56
build (aarch64-apple-darwin, macos-latest)	Install zipsign	2026-09-10T05:28:27.5936790Z ^[[1m^[[92m  Downloaded^[[0m pretty-error-debug-derive v0.3.1
build (aarch64-apple-darwin, macos-latest)	Install zipsign	2026-09-10T05:28:27.5948640Z ^[[1m^[[92m  Downloaded^[[0m normalize-path v0.2.1
build (aarch64-apple-darwin, macos-latest)	Install zipsign	2026-09-10T05:28:27.5960290Z ^[[1m^[[92m  Downloaded^[[0m pretty-error-debug v0.3.2
build (aarch64-apple-darwin, macos-latest)	Install zipsign	2026-09-10T05:28:27.5985190Z ^[[1m^[[92m  Downloaded^[[0m zipsign-api v0.2.1
build (aarch64-apple-darwin, macos-latest)	Install zipsign	2026-09-10T05:28:27.6015860Z ^[[1m^[[92m  Downloaded^[[0m libc v0.2.180
build (aarch64-apple-darwin, macos-latest)	Install zipsign	2026-09-10T05:28:27.7190940Z ^[[1m^[[92m  Downloaded^[[0m unicode-ident v1.0.22
build (aarch64-apple-darwin, macos-latest)	Install zipsign	2026-09-10T05:28:27.7232730Z ^[[1m^[[92m  Downloaded^[[0m syn v2.0.114
build (aarch64-apple-darwin, macos-latest)	Install zipsign	2026-09-10T05:28:27.7405880Z ^[[1m^[[92m  Downloaded^[[0m tempfile v3.24.0
build (aarch64-apple-darwin, macos-latest)	Install zipsign	2026-09-10T05:28:27.7442020Z ^[[1m^[[92m  Downloaded^[[0m zip v6.0.0
build (aarch64-apple-darwin, macos-latest)	Install zipsign	2026-09-10T05:28:27.8153390Z ^[[1m^[[92m   Compiling^[[0m typenum v1.19.0
build (aarch64-apple-darwin, macos-latest)	Install zipsign	2026-09-10T05:28:27.8156460Z ^[[1m^[[92m   Compiling^[[0m version_check v0.9.5
build (aarch64-apple-darwin, macos-latest)	Install zipsign	2026-09-10T05:28:27.8156980Z ^[[1m^[[92m   Compiling^[[0m proc-macro2 v1.0.106
build (aarch64-apple-darwin, macos-latest)	Install zipsign	2026-09-10T05:28:27.9798850Z ^[[1m^[[92m   Compiling^[[0m generic-array v0.14.7
build (aarch64-apple-darwin, macos-latest)	Install zipsign	2026-09-10T05:28:28.1536500Z ^[[1m^[[92m   Compiling^[[0m unicode-ident v1.0.22
build (aarch64-apple-darwin, macos-latest)	Install zipsign	2026-09-10T05:28:28.1965560Z ^[[1m^[[92m   Compiling^[[0m quote v1.0.44
build (aarch64-apple-darwin, macos-latest)	Install zipsign	2026-09-10T05:28:28.2092320Z ^[[1m^[[92m   Compiling^[[0m libc v0.2.180
build (aarch64-apple-darwin, macos-latest)	Install zipsign	2026-09-10T05:28:28.7206880Z ^[[1m^[[92m   Compiling^[[0m cfg-if v1.0.4
build (aarch64-apple-darwin, macos-latest)	Install zipsign	2026-09-10T05:28:28.7481240Z ^[[1m^[[92m   Compiling^[[0m semver v1.0.27
build (aarch64-apple-darwin, macos-latest)	Install zipsign	2026-09-10T05:28:28.8156750Z ^[[1m^[[92m   Compiling^[[0m syn v2.0.114
build (aarch64-apple-darwin, macos-latest)	Install zipsign	2026-09-10T05:28:28.8416990Z ^[[1m^[[92m   Compiling^[[0m crypto-common v0.1.7
build (aarch64-apple-darwin, macos-latest)	Install zipsign	2026-09-10T05:28:28.8900530Z ^[[1m^[[92m   Compiling^[[0m block-buffer v0.10.4
build (aarch64-apple-darwin, macos-latest)	Install zipsign	2026-09-10T05:28:28.9026020Z ^[[1m^[[92m   Compiling^[[0m rustc_version v0.4.1
build (aarch64-apple-darwin, macos-latest)	Install zipsign	2026-09-10T05:28:28.9512130Z ^[[1m^[[92m   Compiling^[[0m digest v0.10.7
build (aarch64-apple-darwin, macos-latest)	Install zipsign	2026-09-10T05:28:29.0403180Z ^[[1m^[[92m   Compiling^[[0m curve25519-dalek v4.1.3
build (aarch64-apple-darwin, macos-latest)	Install zipsign	2026-09-10T05:28:29.0542750Z ^[[1m^[[92m   Compiling^[[0m crc32fast v1.5.0
build (aarch64-apple-darwin, macos-latest)	Install zipsign	2026-09-10T05:28:29.1732210Z ^[[1m^[[92m   Compiling^[[0m utf8parse v0.2.2
build (aarch64-apple-darwin, macos-latest)	Install zipsign	2026-09-10T05:28:29.2316660Z ^[[1m^[[92m   Compiling^[[0m anstyle-parse v0.2.7
build (aarch64-apple-darwin, macos-latest)	Install zipsign	2026-09-10T05:28:29.2876630Z ^[[1m^[[92m   Compiling^[[0m signature v2.2.0
build (aarch64-apple-darwin, macos-latest)	Install zipsign	2026-09-10T05:28:29.3306200Z ^[[1m^[[92m   Compiling^[[0m cpufeatures v0.2.17
build (aarch64-apple-darwin, macos-latest)	Install zipsign	2026-09-10T05:28:29.3497760Z ^[[1m^[[92m   Compiling^[[0m is_terminal_polyfill v1.70.2
build (aarch64-apple-darwin, macos-latest)	Install zipsign	2026-09-10T05:28:29.3826430Z ^[[1m^[[92m   Compiling^[[0m rustversion v1.0.22
build (aarch64-apple-darwin, macos-latest)	Install zipsign	2026-09-10T05:28:29.3838980Z ^[[1m^[[92m   Compiling^[[0m anstyle v1.0.13
build (aarch64-apple-darwin, macos-latest)	Install zipsign	2026-09-10T05:28:29.5337440Z ^[[1m^[[92m   Compiling^[[0m colorchoice v1.0.4
build (aarch64-apple-darwin, macos-latest)	Install zipsign	2026-09-10T05:28:29.5663920Z ^[[1m^[[92m   Compiling^[[0m subtle v2.6.1
build (aarch64-apple-darwin, macos-latest)	Install zipsign	2026-09-10T05:28:29.5882230Z ^[[1m^[[92m   Compiling^[[0m getrandom v0.3.4
build (aarch64-apple-darwin, macos-latest)	Install zipsign	2026-09-10T05:28:29.6391270Z ^[[1m^[[92m   Compiling^[[0m equivalent v1.0.2
build (aarch64-apple-darwin, macos-latest)	Install zipsign	2026-09-10T05:28:29.6714230Z ^[[1m^[[92m   Compiling^[[0m rustix v1.1.3
build (aarch64-apple-darwin, macos-latest)	Install zipsign	2026-09-10T05:28:29.7656370Z ^[[1m^[[92m   Compiling^[[0m zeroize v1.8.2
build (aarch64-apple-darwin, macos-latest)	Install zipsign	2026-09-10T05:28:29.8706760Z ^[[1m^[[92m   Compiling^[[0m thiserror v2.0.18
build (aarch64-apple-darwin, macos-latest)	Install zipsign	2026-09-10T05:28:29.8814630Z ^[[1m^[[92m   Compiling^[[0m hashbrown v0.16.1
build (aarch64-apple-darwin, macos-latest)	Install zipsign	2026-09-10T05:28:30.0437420Z ^[[1m^[[92m   Compiling^[[0m anstyle-query v1.1.5
build (aarch64-apple-darwin, macos-latest)	Install zipsign	2026-09-10T05:28:30.0917260Z ^[[1m^[[92m   Compiling^[[0m anstream v0.6.21
build (aarch64-apple-darwin, macos-latest)	Install zipsign	2026-09-10T05:28:30.2951260Z ^[[1m^[[92m   Compiling^[[0m indexmap v2.13.0
build (aarch64-apple-darwin, macos-latest)	Install zipsign	2026-09-10T05:28:30.7989930Z ^[[1m^[[92m   Compiling^[[0m sha2 v0.10.9
build (aarch64-apple-darwin, macos-latest)	Install zipsign	2026-09-10T05:28:30.9825820Z ^[[1m^[[92m   Compiling^[[0m thiserror-impl v2.0.18
build (aarch64-apple-darwin, macos-latest)	Install zipsign	2026-09-10T05:28:31.6428980Z ^[[1m^[[92m   Compiling^[[0m ed25519 v2.2.3
build (aarch64-apple-darwin, macos-latest)	Install zipsign	2026-09-10T05:28:31.7489590Z ^[[1m^[[92m   Compiling^[[0m errno v0.3.14
build (aarch64-apple-darwin, macos-latest)	Install zipsign	2026-09-10T05:28:31.8167050Z ^[[1m^[[92m   Compiling^[[0m memchr v2.7.6
build (aarch64-apple-darwin, macos-latest)	Install zipsign	2026-09-10T05:28:31.8206370Z ^[[1m^[[92m   Compiling^[[0m strsim v0.11.1
build (aarch64-apple-darwin, macos-latest)	Install zipsign	2026-09-10T05:28:32.3257800Z ^[[1m^[[92m   Compiling^[[0m bitflags v2.10.0
build (aarch64-apple-darwin, macos-latest)	Install zipsign	2026-09-10T05:28:32.3965740Z ^[[1m^[[92m   Compiling^[[0m clap_lex v0.7.7
build (aarch64-apple-darwin, macos-latest)	Install zipsign	2026-09-10T05:28:32.4637400Z ^[[1m^[[92m   Compiling^[[0m heck v0.5.0
build (aarch64-apple-darwin, macos-latest)	Install zipsign	2026-09-10T05:28:32.5394130Z ^[[1m^[[92m   Compiling^[[0m clap_builder v4.5.56
build (aarch64-apple-darwin, macos-latest)	Install zipsign	2026-09-10T05:28:32.5559720Z ^[[1m^[[92m   Compiling^[[0m clap_derive v4.5.55
build (aarch64-apple-darwin, macos-latest)	Install zipsign	2026-09-10T05:28:33.6474720Z ^[[1m^[[92m   Compiling^[[0m zip v6.0.0
build (aarch64-apple-darwin, macos-latest)	Install zipsign	2026-09-10T05:28:33.9011550Z ^[[1m^[[92m   Compiling^[[0m ed25519-dalek v2.2.0
build (aarch64-apple-darwin, macos-latest)	Install zipsign	2026-09-10T05:28:34.1949390Z ^[[1m^[[92m   Compiling^[[0m pretty-error-debug-derive v0.3.1
build (aarch64-apple-darwin, macos-latest)	Install zipsign	2026-09-10T05:28:34.7257110Z ^[[1m^[[92m   Compiling^[[0m fastrand v2.3.0
build (aarch64-apple-darwin, macos-latest)	Install zipsign	2026-09-10T05:28:34.8599480Z ^[[1m^[[92m   Compiling^[[0m base64 v0.22.1
build (aarch64-apple-darwin, macos-latest)	Install zipsign	2026-09-10T05:28:34.9721420Z ^[[1m^[[92m   Compiling^[[0m once_cell v1.21.3
build (aarch64-apple-darwin, macos-latest)	Install zipsign	2026-09-10T05:28:35.0812400Z ^[[1m^[[92m   Compiling^[[0m tempfile v3.24.0
build (aarch64-apple-darwin, macos-latest)	Install zipsign	2026-09-10T05:28:35.1628730Z ^[[1m^[[92m   Compiling^[[0m zipsign-api v0.2.1
build (aarch64-apple-darwin, macos-latest)	Install zipsign	2026-09-10T05:28:35.6087520Z ^[[1m^[[92m   Compiling^[[0m pretty-error-debug v0.3.2
build (aarch64-apple-darwin, macos-latest)	Install zipsign	2026-09-10T05:28:35.6688580Z ^[[1m^[[92m   Compiling^[[0m clap v4.5.56
build (aarch64-apple-darwin, macos-latest)	Install zipsign	2026-09-10T05:28:35.6956560Z ^[[1m^[[92m   Compiling^[[0m normalize-path v0.2.1
build (aarch64-apple-darwin, macos-latest)	Install zipsign	2026-09-10T05:28:37.6720570Z ^[[1m^[[92m   Compiling^[[0m zipsign v0.2.1
build (aarch64-apple-darwin, macos-latest)	Install zipsign	2026-09-10T05:28:39.2960020Z ^[[1m^[[92m    Finished^[[0m `release` profile [optimized] target(s) in 12.88s
build (aarch64-apple-darwin, macos-latest)	Install zipsign	2026-09-10T05:28:39.2985390Z ^[[1m^[[92m  Installing^[[0m /Users/runner/.cargo/bin/zipsign
build (aarch64-apple-darwin, macos-latest)	Install zipsign	2026-09-10T05:28:39.2987270Z ^[[1m^[[92m   Installed^[[0m package `zipsign v0.2.1` (executable `zipsign`)
build (aarch64-apple-darwin, macos-latest)	Package	﻿2026-09-10T05:28:39.3314870Z ##[group]Run cp target/release/vig .
build (aarch64-apple-darwin, macos-latest)	Package	2026-09-10T05:28:39.3315120Z ^[[36;1mcp target/release/vig .^[[0m
build (aarch64-apple-darwin, macos-latest)	Package	2026-09-10T05:28:39.3315420Z ^[[36;1mtar czf vig-aarch64-apple-darwin.tar.gz vig LICENSE THIRDPARTY.yml^[[0m
build (aarch64-apple-darwin, macos-latest)	Package	2026-09-10T05:28:39.3325100Z shell: /opt/homebrew/bin/bash -e {0}
build (aarch64-apple-darwin, macos-latest)	Package	2026-09-10T05:28:39.3325290Z env:
build (aarch64-apple-darwin, macos-latest)	Package	2026-09-10T05:28:39.3325440Z   CARGO_INCREMENTAL: 0
build (aarch64-apple-darwin, macos-latest)	Package	2026-09-10T05:28:39.3325600Z   CARGO_PROFILE_DEV_DEBUG: 0
build (aarch64-apple-darwin, macos-latest)	Package	2026-09-10T05:28:39.3325790Z   CARGO_TERM_COLOR: always
build (aarch64-apple-darwin, macos-latest)	Package	2026-09-10T05:28:39.3325950Z   RUST_BACKTRACE: short
build (aarch64-apple-darwin, macos-latest)	Package	2026-09-10T05:28:39.3326120Z   RUSTFLAGS: -D warnings
build (aarch64-apple-darwin, macos-latest)	Package	2026-09-10T05:28:39.3326300Z   CARGO_UNSTABLE_SPARSE_REGISTRY: true
build (aarch64-apple-darwin, macos-latest)	Package	2026-09-10T05:28:39.3326520Z   CARGO_REGISTRIES_CRATES_IO_PROTOCOL: sparse
build (aarch64-apple-darwin, macos-latest)	Package	2026-09-10T05:28:39.3326730Z   CACHE_ON_FAILURE: true
build (aarch64-apple-darwin, macos-latest)	Package	2026-09-10T05:28:39.3326880Z ##[endgroup]
build (aarch64-apple-darwin, macos-latest)	Sign archive	﻿2026-09-10T05:28:39.9554210Z ##[group]Run echo "$ZIPSIGN_PRIVATE_KEY" | base64 -d > /tmp/zipsign.key
build (aarch64-apple-darwin, macos-latest)	Sign archive	2026-09-10T05:28:39.9554700Z ^[[36;1mecho "$ZIPSIGN_PRIVATE_KEY" | base64 -d > /tmp/zipsign.key^[[0m
build (aarch64-apple-darwin, macos-latest)	Sign archive	2026-09-10T05:28:39.9555070Z ^[[36;1mzipsign sign tar vig-aarch64-apple-darwin.tar.gz /tmp/zipsign.key^[[0m
build (aarch64-apple-darwin, macos-latest)	Sign archive	2026-09-10T05:28:39.9555370Z ^[[36;1mrm /tmp/zipsign.key^[[0m
build (aarch64-apple-darwin, macos-latest)	Sign archive	2026-09-10T05:28:39.9555700Z ^[[36;1mshasum -a 256 vig-aarch64-apple-darwin.tar.gz > vig-aarch64-apple-darwin.tar.gz.sha256^[[0m
build (aarch64-apple-darwin, macos-latest)	Sign archive	2026-09-10T05:28:39.9566730Z shell: /opt/homebrew/bin/bash -e {0}
build (aarch64-apple-darwin, macos-latest)	Sign archive	2026-09-10T05:28:39.9566930Z env:
build (aarch64-apple-darwin, macos-latest)	Sign archive	2026-09-10T05:28:39.9567160Z   CARGO_INCREMENTAL: 0
build (aarch64-apple-darwin, macos-latest)	Sign archive	2026-09-10T05:28:39.9567330Z   CARGO_PROFILE_DEV_DEBUG: 0
build (aarch64-apple-darwin, macos-latest)	Sign archive	2026-09-10T05:28:39.9567500Z   CARGO_TERM_COLOR: always
build (aarch64-apple-darwin, macos-latest)	Sign archive	2026-09-10T05:28:39.9567670Z   RUST_BACKTRACE: short
build (aarch64-apple-darwin, macos-latest)	Sign archive	2026-09-10T05:28:39.9567830Z   RUSTFLAGS: -D warnings
build (aarch64-apple-darwin, macos-latest)	Sign archive	2026-09-10T05:28:39.9568020Z   CARGO_UNSTABLE_SPARSE_REGISTRY: true
build (aarch64-apple-darwin, macos-latest)	Sign archive	2026-09-10T05:28:39.9568240Z   CARGO_REGISTRIES_CRATES_IO_PROTOCOL: sparse
build (aarch64-apple-darwin, macos-latest)	Sign archive	2026-09-10T05:28:39.9568450Z   CACHE_ON_FAILURE: true
build (aarch64-apple-darwin, macos-latest)	Sign archive	2026-09-10T05:28:39.9569380Z   ZIPSIGN_PRIVATE_KEY: ***
build (aarch64-apple-darwin, macos-latest)	Sign archive	2026-09-10T05:28:39.9569570Z ##[endgroup]
build (aarch64-apple-darwin, macos-latest)	Upload artifact	﻿2026-09-10T05:28:40.1405990Z ##[group]Run actions/upload-artifact@v6
build (aarch64-apple-darwin, macos-latest)	Upload artifact	2026-09-10T05:28:40.1406280Z with:
build (aarch64-apple-darwin, macos-latest)	Upload artifact	2026-09-10T05:28:40.1406450Z   name: vig-aarch64-apple-darwin
build (aarch64-apple-darwin, macos-latest)	Upload artifact	2026-09-10T05:28:40.1406870Z   path: vig-aarch64-apple-darwin.tar.gz
build (aarch64-apple-darwin, macos-latest)	Upload artifact	vig-aarch64-apple-darwin.tar.gz.sha256
build (aarch64-apple-darwin, macos-latest)	Upload artifact	
build (aarch64-apple-darwin, macos-latest)	Upload artifact	2026-09-10T05:28:40.1407260Z   if-no-files-found: warn
build (aarch64-apple-darwin, macos-latest)	Upload artifact	2026-09-10T05:28:40.1407460Z   compression-level: 6
build (aarch64-apple-darwin, macos-latest)	Upload artifact	2026-09-10T05:28:40.1407640Z   overwrite: false
build (aarch64-apple-darwin, macos-latest)	Upload artifact	2026-09-10T05:28:40.1407820Z   include-hidden-files: false
build (aarch64-apple-darwin, macos-latest)	Upload artifact	2026-09-10T05:28:40.1408080Z env:
build (aarch64-apple-darwin, macos-latest)	Upload artifact	2026-09-10T05:28:40.1408230Z   CARGO_INCREMENTAL: 0
build (aarch64-apple-darwin, macos-latest)	Upload artifact	2026-09-10T05:28:40.1408420Z   CARGO_PROFILE_DEV_DEBUG: 0
build (aarch64-apple-darwin, macos-latest)	Upload artifact	2026-09-10T05:28:40.1408620Z   CARGO_TERM_COLOR: always
build (aarch64-apple-darwin, macos-latest)	Upload artifact	2026-09-10T05:28:40.1408800Z   RUST_BACKTRACE: short
build (aarch64-apple-darwin, macos-latest)	Upload artifact	2026-09-10T05:28:40.1409000Z   RUSTFLAGS: -D warnings
build (aarch64-apple-darwin, macos-latest)	Upload artifact	2026-09-10T05:28:40.1409200Z   CARGO_UNSTABLE_SPARSE_REGISTRY: true
build (aarch64-apple-darwin, macos-latest)	Upload artifact	2026-09-10T05:28:40.1409470Z   CARGO_REGISTRIES_CRATES_IO_PROTOCOL: sparse
build (aarch64-apple-darwin, macos-latest)	Upload artifact	2026-09-10T05:28:40.1419930Z   CACHE_ON_FAILURE: true
build (aarch64-apple-darwin, macos-latest)	Upload artifact	2026-09-10T05:28:40.1420150Z ##[endgroup]
build (aarch64-apple-darwin, macos-latest)	Upload artifact	2026-09-10T05:28:40.4768090Z Multiple search paths detected. Calculating the least common ancestor of all paths
build (aarch64-apple-darwin, macos-latest)	Upload artifact	2026-09-10T05:28:40.4769570Z The least common ancestor is /Users/runner/work/vig/vig. This will be the root directory of the artifact
build (aarch64-apple-darwin, macos-latest)	Upload artifact	2026-09-10T05:28:40.4770020Z With the provided path, there will be 2 files uploaded
build (aarch64-apple-darwin, macos-latest)	Upload artifact	2026-09-10T05:28:40.4772810Z Artifact name is valid!
build (aarch64-apple-darwin, macos-latest)	Upload artifact	2026-09-10T05:28:40.4777390Z Root directory input is valid!
build (aarch64-apple-darwin, macos-latest)	Upload artifact	2026-09-10T05:28:40.6802280Z Beginning upload of artifact content to blob storage
build (aarch64-apple-darwin, macos-latest)	Upload artifact	2026-09-10T05:28:41.1431320Z Uploaded bytes 7666748
build (aarch64-apple-darwin, macos-latest)	Upload artifact	2026-09-10T05:28:41.1633340Z Finished uploading artifact content to blob storage!
build (aarch64-apple-darwin, macos-latest)	Upload artifact	2026-09-10T05:28:41.1734590Z SHA256 digest of uploaded artifact zip is 1cb901bff782a5f8671157cbee1f5a955cef0e9d45dc0c946a9d48ba0a7fcb50
build (aarch64-apple-darwin, macos-latest)	Upload artifact	2026-09-10T05:28:41.1835740Z Finalizing artifact upload
build (aarch64-apple-darwin, macos-latest)	Upload artifact	2026-09-10T05:28:41.3474330Z Artifact vig-aarch64-apple-darwin.zip successfully finalized. Artifact ID 10137989390
build (aarch64-apple-darwin, macos-latest)	Upload artifact	2026-09-10T05:28:41.3475110Z Artifact vig-aarch64-apple-darwin has been successfully uploaded! Final size is 7666748 bytes. Artifact ID is 10137989390
build (aarch64-apple-darwin, macos-latest)	Upload artifact	2026-09-10T05:28:41.3481050Z Artifact download URL: https://github.com/td72/vig/actions/runs/34440913700/artifacts/10137989390
build (aarch64-apple-darwin, macos-latest)	Post Run actions-rust-lang/setup-rust-toolchain@v1	﻿2026-09-10T05:28:41.3704080Z Post job cleanup.
build (aarch64-apple-darwin, macos-latest)	Post Run actions-rust-lang/setup-rust-toolchain@v1	2026-09-10T05:28:41.3707390Z ##[start-action display=Setup Rust Caching;id=__5480f59f-f0a7-4174-9dc3-39840f292d02.__Swatinem_rust-cache]
build (aarch64-apple-darwin, macos-latest)	Post Run actions-rust-lang/setup-rust-toolchain@v1	2026-09-10T05:28:41.3780700Z Post job cleanup.
build (aarch64-apple-darwin, macos-latest)	Post Run actions-rust-lang/setup-rust-toolchain@v1	2026-09-10T05:28:41.5872060Z ##[group]Cache Configuration
build (aarch64-apple-darwin, macos-latest)	Post Run actions-rust-lang/setup-rust-toolchain@v1	2026-09-10T05:28:41.5872760Z Cache Provider:
build (aarch64-apple-darwin, macos-latest)	Post Run actions-rust-lang/setup-rust-toolchain@v1	2026-09-10T05:28:41.5873310Z     github
build (aarch64-apple-darwin, macos-latest)	Post Run actions-rust-lang/setup-rust-toolchain@v1	2026-09-10T05:28:41.5873610Z Workspaces:
build (aarch64-apple-darwin, macos-latest)	Post Run actions-rust-lang/setup-rust-toolchain@v1	2026-09-10T05:28:41.5873850Z     /Users/runner/work/vig/vig
build (aarch64-apple-darwin, macos-latest)	Post Run actions-rust-lang/setup-rust-toolchain@v1	2026-09-10T05:28:41.5874190Z Cache Paths:
build (aarch64-apple-darwin, macos-latest)	Post Run actions-rust-lang/setup-rust-toolchain@v1	2026-09-10T05:28:41.5874380Z     /Users/runner/.cargo/bin
build (aarch64-apple-darwin, macos-latest)	Post Run actions-rust-lang/setup-rust-toolchain@v1	2026-09-10T05:28:41.5874630Z     /Users/runner/.cargo/.crates.toml
build (aarch64-apple-darwin, macos-latest)	Post Run actions-rust-lang/setup-rust-toolchain@v1	2026-09-10T05:28:41.5874870Z     /Users/runner/.cargo/.crates2.json
build (aarch64-apple-darwin, macos-latest)	Post Run actions-rust-lang/setup-rust-toolchain@v1	2026-09-10T05:28:41.5875180Z     /Users/runner/.cargo/registry
build (aarch64-apple-darwin, macos-latest)	Post Run actions-rust-lang/setup-rust-toolchain@v1	2026-09-10T05:28:41.5875500Z     /Users/runner/.cargo/git
build (aarch64-apple-darwin, macos-latest)	Post Run actions-rust-lang/setup-rust-toolchain@v1	2026-09-10T05:28:41.5875720Z     /Users/runner/work/vig/vig/target
build (aarch64-apple-darwin, macos-latest)	Post Run actions-rust-lang/setup-rust-toolchain@v1	2026-09-10T05:28:41.5875920Z Restore Key:
build (aarch64-apple-darwin, macos-latest)	Post Run actions-rust-lang/setup-rust-toolchain@v1	2026-09-10T05:28:41.5876110Z     v0-rust-build-Darwin-arm64-2aa5c948
build (aarch64-apple-darwin, macos-latest)	Post Run actions-rust-lang/setup-rust-toolchain@v1	2026-09-10T05:28:41.5876320Z Cache Key:
build (aarch64-apple-darwin, macos-latest)	Post Run actions-rust-lang/setup-rust-toolchain@v1	2026-09-10T05:28:41.5876590Z     v0-rust-build-Darwin-arm64-2aa5c948-eb78a9df
build (aarch64-apple-darwin, macos-latest)	Post Run actions-rust-lang/setup-rust-toolchain@v1	2026-09-10T05:28:41.5876820Z .. Prefix:
build (aarch64-apple-darwin, macos-latest)	Post Run actions-rust-lang/setup-rust-toolchain@v1	2026-09-10T05:28:41.5876990Z   - v0-rust-build-Darwin-arm64
build (aarch64-apple-darwin, macos-latest)	Post Run actions-rust-lang/setup-rust-toolchain@v1	2026-09-10T05:28:41.5877240Z .. Environment considered:
build (aarch64-apple-darwin, macos-latest)	Post Run actions-rust-lang/setup-rust-toolchain@v1	2026-09-10T05:28:41.5877450Z   - Rust Versions:
build (aarch64-apple-darwin, macos-latest)	Post Run actions-rust-lang/setup-rust-toolchain@v1	2026-09-10T05:28:41.5877710Z     - 1.98.1 aarch64-apple-darwin 48a229ceaefd4985c50990b14116b6d856af0985
build (aarch64-apple-darwin, macos-latest)	Post Run actions-rust-lang/setup-rust-toolchain@v1	2026-09-10T05:28:41.5878110Z     - 1.98.1 aarch64-apple-darwin 48a229ceaefd4985c50990b14116b6d856af0985
build (aarch64-apple-darwin, macos-latest)	Post Run actions-rust-lang/setup-rust-toolchain@v1	2026-09-10T05:28:41.5878560Z   - CARGO_INCREMENTAL
build (aarch64-apple-darwin, macos-latest)	Post Run actions-rust-lang/setup-rust-toolchain@v1	2026-09-10T05:28:41.5878820Z   - CARGO_PROFILE_DEV_DEBUG
build (aarch64-apple-darwin, macos-latest)	Post Run actions-rust-lang/setup-rust-toolchain@v1	2026-09-10T05:28:41.5879060Z   - CARGO_REGISTRIES_CRATES_IO_PROTOCOL
build (aarch64-apple-darwin, macos-latest)	Post Run actions-rust-lang/setup-rust-toolchain@v1	2026-09-10T05:28:41.5879300Z   - CARGO_TERM_COLOR
build (aarch64-apple-darwin, macos-latest)	Post Run actions-rust-lang/setup-rust-toolchain@v1	2026-09-10T05:28:41.5879530Z   - CARGO_UNSTABLE_SPARSE_REGISTRY
build (aarch64-apple-darwin, macos-latest)	Post Run actions-rust-lang/setup-rust-toolchain@v1	2026-09-10T05:28:41.5879740Z   - RUST_BACKTRACE
build (aarch64-apple-darwin, macos-latest)	Post Run actions-rust-lang/setup-rust-toolchain@v1	2026-09-10T05:28:41.5879890Z   - RUSTFLAGS
build (aarch64-apple-darwin, macos-latest)	Post Run actions-rust-lang/setup-rust-toolchain@v1	2026-09-10T05:28:41.5880070Z .. Lockfiles considered:
build (aarch64-apple-darwin, macos-latest)	Post Run actions-rust-lang/setup-rust-toolchain@v1	2026-09-10T05:28:41.5880320Z   - /Users/runner/work/vig/vig/Cargo.lock
build (aarch64-apple-darwin, macos-latest)	Post Run actions-rust-lang/setup-rust-toolchain@v1	2026-09-10T05:28:41.5880590Z   - /Users/runner/work/vig/vig/Cargo.toml
build (aarch64-apple-darwin, macos-latest)	Post Run actions-rust-lang/setup-rust-toolchain@v1	2026-09-10T05:28:41.5881030Z ##[endgroup]
build (aarch64-apple-darwin, macos-latest)	Post Run actions-rust-lang/setup-rust-toolchain@v1	2026-09-10T05:28:41.5881120Z 
build (aarch64-apple-darwin, macos-latest)	Post Run actions-rust-lang/setup-rust-toolchain@v1	2026-09-10T05:28:41.5881460Z (node:39996) [DEP0040] DeprecationWarning: The `punycode` module is deprecated. Please use a userland alternative instead.
build (aarch64-apple-darwin, macos-latest)	Post Run actions-rust-lang/setup-rust-toolchain@v1	2026-09-10T05:28:41.5881990Z (Use `node --trace-deprecation ...` to show where the warning was created)
build (aarch64-apple-darwin, macos-latest)	Post Run actions-rust-lang/setup-rust-toolchain@v1	2026-09-10T05:28:44.3740090Z ... Cleaning /Users/runner/work/vig/vig/target ...
build (aarch64-apple-darwin, macos-latest)	Post Run actions-rust-lang/setup-rust-toolchain@v1	2026-09-10T05:28:44.4012870Z ... Cleaning cargo registry (cache-all-crates: false) ...
build (aarch64-apple-darwin, macos-latest)	Post Run actions-rust-lang/setup-rust-toolchain@v1	2026-09-10T05:28:47.4128540Z ... Cleaning cargo/bin ...
build (aarch64-apple-darwin, macos-latest)	Post Run actions-rust-lang/setup-rust-toolchain@v1	2026-09-10T05:28:47.4162520Z ... Cleaning cargo git cache ...
build (aarch64-apple-darwin, macos-latest)	Post Run actions-rust-lang/setup-rust-toolchain@v1	2026-09-10T05:28:47.4168380Z ... Saving cache ...
build (aarch64-apple-darwin, macos-latest)	Post Run actions-rust-lang/setup-rust-toolchain@v1	2026-09-10T05:28:47.4558580Z [command]/opt/homebrew/bin/gtar --posix -cf cache.tzst --exclude cache.tzst -P -C /Users/runner/work/vig/vig --files-from manifest.txt --delay-directory-restore --use-compress-program zstdmt
build (aarch64-apple-darwin, macos-latest)	Post Run actions-rust-lang/setup-rust-toolchain@v1	2026-09-10T05:28:53.5645990Z Sent 0 of 381887174 (0.0%), 0.0 MBs/sec
build (aarch64-apple-darwin, macos-latest)	Post Run actions-rust-lang/setup-rust-toolchain@v1	2026-09-10T05:28:54.5602680Z Sent 201326592 of 381887174 (52.7%), 95.9 MBs/sec
build (aarch64-apple-darwin, macos-latest)	Post Run actions-rust-lang/setup-rust-toolchain@v1	2026-09-10T05:28:55.5617440Z Sent 314778310 of 381887174 (82.4%), 100.0 MBs/sec
build (aarch64-apple-darwin, macos-latest)	Post Run actions-rust-lang/setup-rust-toolchain@v1	2026-09-10T05:28:56.4699380Z Sent 381887174 of 381887174 (100.0%), 93.2 MBs/sec
build (aarch64-apple-darwin, macos-latest)	Post Run actions-rust-lang/setup-rust-toolchain@v1	2026-09-10T05:28:56.6156960Z ##[end-action id=__5480f59f-f0a7-4174-9dc3-39840f292d02.__Swatinem_rust-cache;outcome=success;conclusion=success;duration_ms=15244]
build (aarch64-apple-darwin, macos-latest)	Post Run actions/checkout@v6	﻿2026-09-10T05:28:56.6275670Z Post job cleanup.
build (aarch64-apple-darwin, macos-latest)	Post Run actions/checkout@v6	2026-09-10T05:28:56.8687650Z [command]/opt/homebrew/bin/git version
build (aarch64-apple-darwin, macos-latest)	Post Run actions/checkout@v6	2026-09-10T05:28:56.8895140Z git version 2.55.0
build (aarch64-apple-darwin, macos-latest)	Post Run actions/checkout@v6	2026-09-10T05:28:56.8915880Z Copying '/Users/runner/.gitconfig' to '/Users/runner/work/_temp/1b7209fc-4aab-45cd-86c9-b509e8ff97a0/.gitconfig'
build (aarch64-apple-darwin, macos-latest)	Post Run actions/checkout@v6	2026-09-10T05:28:56.8922630Z Temporarily overriding HOME='/Users/runner/work/_temp/1b7209fc-4aab-45cd-86c9-b509e8ff97a0' before making global git config changes
build (aarch64-apple-darwin, macos-latest)	Post Run actions/checkout@v6	2026-09-10T05:28:56.8923570Z Adding repository directory to the temporary git global config as a safe directory
build (aarch64-apple-darwin, macos-latest)	Post Run actions/checkout@v6	2026-09-10T05:28:56.8926740Z [command]/opt/homebrew/bin/git config --global --add safe.directory /Users/runner/work/vig/vig
build (aarch64-apple-darwin, macos-latest)	Post Run actions/checkout@v6	2026-09-10T05:28:56.9045470Z Removing SSH command configuration
build (aarch64-apple-darwin, macos-latest)	Post Run actions/checkout@v6	2026-09-10T05:28:56.9050980Z [command]/opt/homebrew/bin/git config --local --name-only --get-regexp core\.sshCommand
build (aarch64-apple-darwin, macos-latest)	Post Run actions/checkout@v6	2026-09-10T05:28:56.9117290Z [command]/opt/homebrew/bin/git submodule foreach --recursive sh -c "git config --local --name-only --get-regexp 'core\.sshCommand' && git config --local --unset-all 'core.sshCommand' || :"
build (aarch64-apple-darwin, macos-latest)	Post Run actions/checkout@v6	2026-09-10T05:28:57.0386230Z Removing HTTP extra header
build (aarch64-apple-darwin, macos-latest)	Post Run actions/checkout@v6	2026-09-10T05:28:57.0390430Z [command]/opt/homebrew/bin/git config --local --name-only --get-regexp http\.https\:\/\/github\.com\/\.extraheader
build (aarch64-apple-darwin, macos-latest)	Post Run actions/checkout@v6	2026-09-10T05:28:57.0458930Z [command]/opt/homebrew/bin/git submodule foreach --recursive sh -c "git config --local --name-only --get-regexp 'http\.https\:\/\/github\.com\/\.extraheader' && git config --local --unset-all 'http.https://github.com/.extraheader' || :"
build (aarch64-apple-darwin, macos-latest)	Post Run actions/checkout@v6	2026-09-10T05:28:57.1237120Z Removing includeIf entries pointing to credentials config files
build (aarch64-apple-darwin, macos-latest)	Post Run actions/checkout@v6	2026-09-10T05:28:57.1242690Z [command]/opt/homebrew/bin/git config --local --name-only --get-regexp ^includeIf\.gitdir:
build (aarch64-apple-darwin, macos-latest)	Post Run actions/checkout@v6	2026-09-10T05:28:57.1299120Z includeif.gitdir:/Users/runner/work/vig/vig/.git.path
build (aarch64-apple-darwin, macos-latest)	Post Run actions/checkout@v6	2026-09-10T05:28:57.1314480Z includeif.gitdir:/Users/runner/work/vig/vig/.git/worktrees/*.path
build (aarch64-apple-darwin, macos-latest)	Post Run actions/checkout@v6	2026-09-10T05:28:57.1315060Z includeif.gitdir:/github/workspace/.git.path
build (aarch64-apple-darwin, macos-latest)	Post Run actions/checkout@v6	2026-09-10T05:28:57.1315550Z includeif.gitdir:/github/workspace/.git/worktrees/*.path
build (aarch64-apple-darwin, macos-latest)	Post Run actions/checkout@v6	2026-09-10T05:28:57.1316620Z [command]/opt/homebrew/bin/git config --local --get-all includeif.gitdir:/Users/runner/work/vig/vig/.git.path
build (aarch64-apple-darwin, macos-latest)	Post Run actions/checkout@v6	2026-09-10T05:28:57.1363830Z /Users/runner/work/_temp/git-credentials-6777c8ba-7848-4958-bf80-497a7a307e39.config
build (aarch64-apple-darwin, macos-latest)	Post Run actions/checkout@v6	2026-09-10T05:28:57.1371580Z [command]/opt/homebrew/bin/git config --local --unset includeif.gitdir:/Users/runner/work/vig/vig/.git.path /Users/runner/work/_temp/git-credentials-6777c8ba-7848-4958-bf80-497a7a307e39.config
build (aarch64-apple-darwin, macos-latest)	Post Run actions/checkout@v6	2026-09-10T05:28:57.1436990Z [command]/opt/homebrew/bin/git config --local --get-all includeif.gitdir:/Users/runner/work/vig/vig/.git/worktrees/*.path
build (aarch64-apple-darwin, macos-latest)	Post Run actions/checkout@v6	2026-09-10T05:28:57.1489780Z /Users/runner/work/_temp/git-credentials-6777c8ba-7848-4958-bf80-497a7a307e39.config
build (aarch64-apple-darwin, macos-latest)	Post Run actions/checkout@v6	2026-09-10T05:28:57.1496690Z [command]/opt/homebrew/bin/git config --local --unset includeif.gitdir:/Users/runner/work/vig/vig/.git/worktrees/*.path /Users/runner/work/_temp/git-credentials-6777c8ba-7848-4958-bf80-497a7a307e39.config
build (aarch64-apple-darwin, macos-latest)	Post Run actions/checkout@v6	2026-09-10T05:28:57.1555980Z [command]/opt/homebrew/bin/git config --local --get-all includeif.gitdir:/github/workspace/.git.path
build (aarch64-apple-darwin, macos-latest)	Post Run actions/checkout@v6	2026-09-10T05:28:57.1613790Z /github/runner_temp/git-credentials-6777c8ba-7848-4958-bf80-497a7a307e39.config
build (aarch64-apple-darwin, macos-latest)	Post Run actions/checkout@v6	2026-09-10T05:28:57.1619200Z [command]/opt/homebrew/bin/git config --local --unset includeif.gitdir:/github/workspace/.git.path /github/runner_temp/git-credentials-6777c8ba-7848-4958-bf80-497a7a307e39.config
build (aarch64-apple-darwin, macos-latest)	Post Run actions/checkout@v6	2026-09-10T05:28:57.1681990Z [command]/opt/homebrew/bin/git config --local --get-all includeif.gitdir:/github/workspace/.git/worktrees/*.path
build (aarch64-apple-darwin, macos-latest)	Post Run actions/checkout@v6	2026-09-10T05:28:57.1732280Z /github/runner_temp/git-credentials-6777c8ba-7848-4958-bf80-497a7a307e39.config
build (aarch64-apple-darwin, macos-latest)	Post Run actions/checkout@v6	2026-09-10T05:28:57.1741380Z [command]/opt/homebrew/bin/git config --local --unset includeif.gitdir:/github/workspace/.git/worktrees/*.path /github/runner_temp/git-credentials-6777c8ba-7848-4958-bf80-497a7a307e39.config
build (aarch64-apple-darwin, macos-latest)	Post Run actions/checkout@v6	2026-09-10T05:28:57.1807730Z [command]/opt/homebrew/bin/git submodule foreach --recursive git config --local --show-origin --name-only --get-regexp remote.origin.url
build (aarch64-apple-darwin, macos-latest)	Post Run actions/checkout@v6	2026-09-10T05:28:57.2603130Z Removing credentials config '/Users/runner/work/_temp/git-credentials-6777c8ba-7848-4958-bf80-497a7a307e39.config'
build (aarch64-apple-darwin, macos-latest)	Complete job	﻿2026-09-10T05:28:57.2750460Z Cleaning up orphan processes
