lint	Set up job	﻿2026-09-08T10:01:01.7726991Z Current runner version: '2.337.0'
lint	Set up job	2026-09-08T10:01:01.7754408Z ##[group]Runner Image Provisioner
lint	Set up job	2026-09-08T10:01:01.7755347Z Hosted Compute Agent
lint	Set up job	2026-09-08T10:01:01.7755937Z Version: 20260828.587
lint	Set up job	2026-09-08T10:01:01.7756627Z Commit: abac92662cab4cc7352de4f9f9d2e2419aad9c29
lint	Set up job	2026-09-08T10:01:01.7757467Z Build Date: 2026-08-28T16:44:25Z
lint	Set up job	2026-09-08T10:01:01.7758151Z Worker ID: {4abadca6-ed76-449f-9ea3-5978d71498d1}
lint	Set up job	2026-09-08T10:01:01.7758921Z Azure Region: eastus
lint	Set up job	2026-09-08T10:01:01.7759498Z ##[endgroup]
lint	Set up job	2026-09-08T10:01:01.7761474Z ##[group]Operating System
lint	Set up job	2026-09-08T10:01:01.7762241Z Ubuntu
lint	Set up job	2026-09-08T10:01:01.7762770Z 24.04.4
lint	Set up job	2026-09-08T10:01:01.7763329Z LTS
lint	Set up job	2026-09-08T10:01:01.7763862Z ##[endgroup]
lint	Set up job	2026-09-08T10:01:01.7764456Z ##[group]Runner Image
lint	Set up job	2026-09-08T10:01:01.7765153Z Image: ubuntu-24.04
lint	Set up job	2026-09-08T10:01:01.7765723Z Version: 20260831.293.1
lint	Set up job	2026-09-08T10:01:01.7766823Z Included Software: https://github.com/actions/runner-images/blob/ubuntu24/20260831.293/images/ubuntu/Ubuntu2404-Readme.md
lint	Set up job	2026-09-08T10:01:01.7768615Z Image Release: https://github.com/actions/runner-images/releases/tag/ubuntu24%2F20260831.293
lint	Set up job	2026-09-08T10:01:01.7770077Z ##[endgroup]
lint	Set up job	2026-09-08T10:01:01.7771589Z ##[group]GITHUB_TOKEN Permissions
lint	Set up job	2026-09-08T10:01:01.7773852Z Contents: read
lint	Set up job	2026-09-08T10:01:01.7774516Z Metadata: read
lint	Set up job	2026-09-08T10:01:01.7775137Z Packages: read
lint	Set up job	2026-09-08T10:01:01.7775707Z ##[endgroup]
lint	Set up job	2026-09-08T10:01:01.7778024Z Secret source: Actions
lint	Set up job	2026-09-08T10:01:01.7780024Z Prepare workflow directory
lint	Set up job	2026-09-08T10:01:01.8114865Z Prepare all required actions
lint	Set up job	2026-09-08T10:01:01.8163215Z Getting action download info
lint	Set up job	2026-09-08T10:01:02.0848643Z Download action repository 'actions/checkout@v6' (SHA:d23441a48e516b6c34aea4fa41551a30e30af803)
lint	Set up job	2026-09-08T10:01:02.2554628Z Download action repository 'actions-rust-lang/setup-rust-toolchain@v1' (SHA:166cdcfd11aee3cb47222f9ddb555ce30ddb9659)
lint	Set up job	2026-09-08T10:01:02.3616356Z Download action repository 'awalsh128/cache-apt-pkgs-action@v1' (SHA:553a35bb8ebd9fcabcb1c9451aa4c98e1b4ca8a9)
lint	Set up job	2026-09-08T10:01:02.5427563Z Download action repository 'j178/prek-action@v1' (SHA:0bb87d7f00b0c99306c8bcb8b8beba1eb581c037)
lint	Set up job	2026-09-08T10:01:02.7408709Z Getting action download info
lint	Set up job	2026-09-08T10:01:02.8047349Z Download action repository 'Swatinem/rust-cache@c19371144df3bb44fab255c43d04cbc2ab54d1c4' (SHA:c19371144df3bb44fab255c43d04cbc2ab54d1c4)
lint	Set up job	2026-09-08T10:01:03.1530556Z Getting action download info
lint	Set up job	2026-09-08T10:01:03.2367719Z Download action repository 'actions/cache@55cc8345863c7cc4c66a329aec7e433d2d1c52a9' (SHA:55cc8345863c7cc4c66a329aec7e433d2d1c52a9)
lint	Set up job	2026-09-08T10:01:03.4360387Z Download action repository 'actions/upload-artifact@bbbca2ddaa5d8feaa63e36b76fdaad77386f024f' (SHA:bbbca2ddaa5d8feaa63e36b76fdaad77386f024f)
lint	Set up job	2026-09-08T10:01:03.6226302Z Getting action download info
lint	Set up job	2026-09-08T10:01:03.6961636Z Download action repository 'actions/cache@8b402f58fbc84540c8b491a91e594a4576fec3d7' (SHA:8b402f58fbc84540c8b491a91e594a4576fec3d7)
lint	Set up job	2026-09-08T10:01:03.9307540Z Complete job name: lint
lint	Run actions/checkout@v6	﻿2026-09-08T10:01:04.0135633Z ##[group]Run actions/checkout@v6
lint	Run actions/checkout@v6	2026-09-08T10:01:04.0136466Z with:
lint	Run actions/checkout@v6	2026-09-08T10:01:04.0136885Z   repository: td72/vig
lint	Run actions/checkout@v6	2026-09-08T10:01:04.0139703Z   token: ***
lint	Run actions/checkout@v6	2026-09-08T10:01:04.0140112Z   ssh-strict: true
lint	Run actions/checkout@v6	2026-09-08T10:01:04.0140522Z   ssh-user: git
lint	Run actions/checkout@v6	2026-09-08T10:01:04.0141176Z   persist-credentials: true
lint	Run actions/checkout@v6	2026-09-08T10:01:04.0141629Z   clean: true
lint	Run actions/checkout@v6	2026-09-08T10:01:04.0142069Z   sparse-checkout-cone-mode: true
lint	Run actions/checkout@v6	2026-09-08T10:01:04.0142595Z   fetch-depth: 1
lint	Run actions/checkout@v6	2026-09-08T10:01:04.0142992Z   fetch-tags: false
lint	Run actions/checkout@v6	2026-09-08T10:01:04.0143398Z   show-progress: true
lint	Run actions/checkout@v6	2026-09-08T10:01:04.0143836Z   lfs: false
lint	Run actions/checkout@v6	2026-09-08T10:01:04.0144223Z   submodules: false
lint	Run actions/checkout@v6	2026-09-08T10:01:04.0144633Z   set-safe-directory: true
lint	Run actions/checkout@v6	2026-09-08T10:01:04.0145094Z   allow-unsafe-pr-checkout: false
lint	Run actions/checkout@v6	2026-09-08T10:01:04.0145819Z ##[endgroup]
lint	Run actions/checkout@v6	2026-09-08T10:01:04.1186837Z Syncing repository: td72/vig
lint	Run actions/checkout@v6	2026-09-08T10:01:04.1188539Z ##[group]Getting Git version info
lint	Run actions/checkout@v6	2026-09-08T10:01:04.1189142Z Working directory is '/home/runner/work/vig/vig'
lint	Run actions/checkout@v6	2026-09-08T10:01:04.1190468Z [command]/usr/bin/git version
lint	Run actions/checkout@v6	2026-09-08T10:01:04.1267490Z git version 2.55.0
lint	Run actions/checkout@v6	2026-09-08T10:01:04.1293282Z ##[endgroup]
lint	Run actions/checkout@v6	2026-09-08T10:01:04.1312980Z Temporarily overriding HOME='/home/runner/work/_temp/417c1e6a-65cd-4200-b341-18d03eaab6be' before making global git config changes
lint	Run actions/checkout@v6	2026-09-08T10:01:04.1315009Z Adding repository directory to the temporary git global config as a safe directory
lint	Run actions/checkout@v6	2026-09-08T10:01:04.1318448Z [command]/usr/bin/git config --global --add safe.directory /home/runner/work/vig/vig
lint	Run actions/checkout@v6	2026-09-08T10:01:04.1379818Z Deleting the contents of '/home/runner/work/vig/vig'
lint	Run actions/checkout@v6	2026-09-08T10:01:04.1385841Z ##[group]Determining repository object format
lint	Run actions/checkout@v6	2026-09-08T10:01:04.1388834Z ##[endgroup]
lint	Run actions/checkout@v6	2026-09-08T10:01:04.1389549Z ##[group]Initializing the repository
lint	Run actions/checkout@v6	2026-09-08T10:01:04.1393715Z [command]/usr/bin/git init /home/runner/work/vig/vig
lint	Run actions/checkout@v6	2026-09-08T10:01:04.1553159Z hint: Using 'master' as the name for the initial branch. This default branch name
lint	Run actions/checkout@v6	2026-09-08T10:01:04.1554879Z hint: will change to "main" in Git 3.0. To configure the initial branch name
lint	Run actions/checkout@v6	2026-09-08T10:01:04.1556158Z hint: to use in all of your new repositories, which will suppress this warning,
lint	Run actions/checkout@v6	2026-09-08T10:01:04.1556906Z hint: call:
lint	Run actions/checkout@v6	2026-09-08T10:01:04.1557350Z hint:
lint	Run actions/checkout@v6	2026-09-08T10:01:04.1557929Z hint: 	git config --global init.defaultBranch <name>
lint	Run actions/checkout@v6	2026-09-08T10:01:04.1558573Z hint:
lint	Run actions/checkout@v6	2026-09-08T10:01:04.1559196Z hint: Names commonly chosen instead of 'master' are 'main', 'trunk' and
lint	Run actions/checkout@v6	2026-09-08T10:01:04.1560080Z hint: 'development'. The just-created branch can be renamed via this command:
lint	Run actions/checkout@v6	2026-09-08T10:01:04.1561053Z hint:
lint	Run actions/checkout@v6	2026-09-08T10:01:04.1561823Z hint: 	git branch -m <name>
lint	Run actions/checkout@v6	2026-09-08T10:01:04.1562611Z hint:
lint	Run actions/checkout@v6	2026-09-08T10:01:04.1563700Z hint: Disable this message with "git config set advice.defaultBranchName false"
lint	Run actions/checkout@v6	2026-09-08T10:01:04.1569431Z Initialized empty Git repository in /home/runner/work/vig/vig/.git/
lint	Run actions/checkout@v6	2026-09-08T10:01:04.1582892Z [command]/usr/bin/git remote add origin https://github.com/td72/vig
lint	Run actions/checkout@v6	2026-09-08T10:01:04.1637928Z ##[endgroup]
lint	Run actions/checkout@v6	2026-09-08T10:01:04.1639198Z ##[group]Disabling automatic garbage collection
lint	Run actions/checkout@v6	2026-09-08T10:01:04.1642885Z [command]/usr/bin/git config --local gc.auto 0
lint	Run actions/checkout@v6	2026-09-08T10:01:04.1679805Z ##[endgroup]
lint	Run actions/checkout@v6	2026-09-08T10:01:04.1681764Z ##[group]Setting up auth
lint	Run actions/checkout@v6	2026-09-08T10:01:04.1683213Z Removing SSH command configuration
lint	Run actions/checkout@v6	2026-09-08T10:01:04.1689584Z [command]/usr/bin/git config --local --name-only --get-regexp core\.sshCommand
lint	Run actions/checkout@v6	2026-09-08T10:01:04.1736846Z [command]/usr/bin/git submodule foreach --recursive sh -c "git config --local --name-only --get-regexp 'core\.sshCommand' && git config --local --unset-all 'core.sshCommand' || :"
lint	Run actions/checkout@v6	2026-09-08T10:01:04.2162530Z Removing HTTP extra header
lint	Run actions/checkout@v6	2026-09-08T10:01:04.2169000Z [command]/usr/bin/git config --local --name-only --get-regexp http\.https\:\/\/github\.com\/\.extraheader
lint	Run actions/checkout@v6	2026-09-08T10:01:04.2209517Z [command]/usr/bin/git submodule foreach --recursive sh -c "git config --local --name-only --get-regexp 'http\.https\:\/\/github\.com\/\.extraheader' && git config --local --unset-all 'http.https://github.com/.extraheader' || :"
lint	Run actions/checkout@v6	2026-09-08T10:01:04.2429596Z Removing includeIf entries pointing to credentials config files
lint	Run actions/checkout@v6	2026-09-08T10:01:04.2437242Z [command]/usr/bin/git config --local --name-only --get-regexp ^includeIf\.gitdir:
lint	Run actions/checkout@v6	2026-09-08T10:01:04.2476814Z [command]/usr/bin/git submodule foreach --recursive git config --local --show-origin --name-only --get-regexp remote.origin.url
lint	Run actions/checkout@v6	2026-09-08T10:01:04.2706162Z [command]/usr/bin/git config --file /home/runner/work/_temp/git-credentials-48ed4dd7-e8c4-4010-b978-d1e75e282db8.config http.https://github.com/.extraheader AUTHORIZATION: basic ***
lint	Run actions/checkout@v6	2026-09-08T10:01:04.2747904Z [command]/usr/bin/git config --local includeIf.gitdir:/home/runner/work/vig/vig/.git.path /home/runner/work/_temp/git-credentials-48ed4dd7-e8c4-4010-b978-d1e75e282db8.config
lint	Run actions/checkout@v6	2026-09-08T10:01:04.2782178Z [command]/usr/bin/git config --local includeIf.gitdir:/home/runner/work/vig/vig/.git/worktrees/*.path /home/runner/work/_temp/git-credentials-48ed4dd7-e8c4-4010-b978-d1e75e282db8.config
lint	Run actions/checkout@v6	2026-09-08T10:01:04.2820606Z [command]/usr/bin/git config --local includeIf.gitdir:/github/workspace/.git.path /github/runner_temp/git-credentials-48ed4dd7-e8c4-4010-b978-d1e75e282db8.config
lint	Run actions/checkout@v6	2026-09-08T10:01:04.2861997Z [command]/usr/bin/git config --local includeIf.gitdir:/github/workspace/.git/worktrees/*.path /github/runner_temp/git-credentials-48ed4dd7-e8c4-4010-b978-d1e75e282db8.config
lint	Run actions/checkout@v6	2026-09-08T10:01:04.2891968Z ##[endgroup]
lint	Run actions/checkout@v6	2026-09-08T10:01:04.2893250Z ##[group]Fetching the repository
lint	Run actions/checkout@v6	2026-09-08T10:01:04.2901732Z [command]/usr/bin/git -c protocol.version=2 fetch --no-tags --prune --no-recurse-submodules --depth=1 origin +ca2b9890758636cb1cf92916180f91e2ef787106:refs/remotes/origin/main
lint	Run actions/checkout@v6	2026-09-08T10:01:04.6235072Z From https://github.com/td72/vig
lint	Run actions/checkout@v6	2026-09-08T10:01:04.6236724Z  * [new ref]         ca2b9890758636cb1cf92916180f91e2ef787106 -> origin/main
lint	Run actions/checkout@v6	2026-09-08T10:01:04.6246902Z [command]/usr/bin/git branch --list --remote origin/main
lint	Run actions/checkout@v6	2026-09-08T10:01:04.6275118Z   origin/main
lint	Run actions/checkout@v6	2026-09-08T10:01:04.6284158Z [command]/usr/bin/git rev-parse refs/remotes/origin/main
lint	Run actions/checkout@v6	2026-09-08T10:01:04.6309635Z ca2b9890758636cb1cf92916180f91e2ef787106
lint	Run actions/checkout@v6	2026-09-08T10:01:04.6314285Z ##[endgroup]
lint	Run actions/checkout@v6	2026-09-08T10:01:04.6315272Z ##[group]Determining the checkout info
lint	Run actions/checkout@v6	2026-09-08T10:01:04.6316243Z ##[endgroup]
lint	Run actions/checkout@v6	2026-09-08T10:01:04.6319675Z [command]/usr/bin/git sparse-checkout disable
lint	Run actions/checkout@v6	2026-09-08T10:01:04.6393706Z [command]/usr/bin/git config --local --unset-all extensions.worktreeConfig
lint	Run actions/checkout@v6	2026-09-08T10:01:04.6423232Z ##[group]Checking out the ref
lint	Run actions/checkout@v6	2026-09-08T10:01:04.6426657Z [command]/usr/bin/git checkout --progress --force -B main refs/remotes/origin/main
lint	Run actions/checkout@v6	2026-09-08T10:01:05.3506763Z Switched to a new branch 'main'
lint	Run actions/checkout@v6	2026-09-08T10:01:05.3511980Z branch 'main' set up to track 'origin/main'.
lint	Run actions/checkout@v6	2026-09-08T10:01:05.3829630Z ##[endgroup]
lint	Run actions/checkout@v6	2026-09-08T10:01:05.3875445Z [command]/usr/bin/git log -1 --format=%H
lint	Run actions/checkout@v6	2026-09-08T10:01:05.3903704Z ca2b9890758636cb1cf92916180f91e2ef787106
lint	Run actions-rust-lang/setup-rust-toolchain@v1	﻿2026-09-08T10:01:05.4347523Z ##[group]Run actions-rust-lang/setup-rust-toolchain@v1
lint	Run actions-rust-lang/setup-rust-toolchain@v1	2026-09-08T10:01:05.4347966Z with:
lint	Run actions-rust-lang/setup-rust-toolchain@v1	2026-09-08T10:01:05.4348225Z   components: clippy, rustfmt
lint	Run actions-rust-lang/setup-rust-toolchain@v1	2026-09-08T10:01:05.4348521Z   cache: true
lint	Run actions-rust-lang/setup-rust-toolchain@v1	2026-09-08T10:01:05.4348769Z   cache-on-failure: true
lint	Run actions-rust-lang/setup-rust-toolchain@v1	2026-09-08T10:01:05.4349038Z   cache-bin: true
lint	Run actions-rust-lang/setup-rust-toolchain@v1	2026-09-08T10:01:05.4349291Z   cache-provider: github
lint	Run actions-rust-lang/setup-rust-toolchain@v1	2026-09-08T10:01:05.4349576Z   cache-all-crates: false
lint	Run actions-rust-lang/setup-rust-toolchain@v1	2026-09-08T10:01:05.4349864Z   cache-workspace-crates: false
lint	Run actions-rust-lang/setup-rust-toolchain@v1	2026-09-08T10:01:05.4350158Z   cache-save-if: true
lint	Run actions-rust-lang/setup-rust-toolchain@v1	2026-09-08T10:01:05.4350421Z   cache-targets: true
lint	Run actions-rust-lang/setup-rust-toolchain@v1	2026-09-08T10:01:05.4350937Z   matcher: true
lint	Run actions-rust-lang/setup-rust-toolchain@v1	2026-09-08T10:01:05.4351225Z   rustflags: -D warnings
lint	Run actions-rust-lang/setup-rust-toolchain@v1	2026-09-08T10:01:05.4351521Z   override: true
lint	Run actions-rust-lang/setup-rust-toolchain@v1	2026-09-08T10:01:05.4351772Z ##[endgroup]
lint	Run actions-rust-lang/setup-rust-toolchain@v1	2026-09-08T10:01:05.4411269Z ##[start-action display=Unbork mac;id=__actions-rust-lang_setup-rust-toolchain.__run]
lint	Run actions-rust-lang/setup-rust-toolchain@v1	2026-09-08T10:01:05.4431122Z ##[end-action id=__actions-rust-lang_setup-rust-toolchain.__run;outcome=skipped;conclusion=skipped;duration_ms=0]
lint	Run actions-rust-lang/setup-rust-toolchain@v1	2026-09-08T10:01:05.4470922Z ##[start-action display=Run : construct rustup command line;id=__actions-rust-lang_setup-rust-toolchain.flags]
lint	Run actions-rust-lang/setup-rust-toolchain@v1	2026-09-08T10:01:05.4509979Z ##[group]Run : construct rustup command line
lint	Run actions-rust-lang/setup-rust-toolchain@v1	2026-09-08T10:01:05.4510468Z ^[[36;1m: construct rustup command line^[[0m
lint	Run actions-rust-lang/setup-rust-toolchain@v1	2026-09-08T10:01:05.4511279Z ^[[36;1mecho "targets=$(for t in ${_srt_targets//,/ }; do echo -n ' --target' $t; done)" >> $GITHUB_OUTPUT^[[0m
lint	Run actions-rust-lang/setup-rust-toolchain@v1	2026-09-08T10:01:05.4512301Z ^[[36;1mecho "components=$(for c in ${_srt_components//,/ }; do echo -n ' --component' $c; done)" >> $GITHUB_OUTPUT^[[0m
lint	Run actions-rust-lang/setup-rust-toolchain@v1	2026-09-08T10:01:05.4512882Z ^[[36;1mecho "downgrade=" >> $GITHUB_OUTPUT^[[0m
lint	Run actions-rust-lang/setup-rust-toolchain@v1	2026-09-08T10:01:05.4552972Z shell: /usr/bin/bash --noprofile --norc -e -o pipefail {0}
lint	Run actions-rust-lang/setup-rust-toolchain@v1	2026-09-08T10:01:05.4553400Z env:
lint	Run actions-rust-lang/setup-rust-toolchain@v1	2026-09-08T10:01:05.4553635Z   _srt_targets:
lint	Run actions-rust-lang/setup-rust-toolchain@v1	2026-09-08T10:01:05.4553901Z   _srt_components: clippy, rustfmt
lint	Run actions-rust-lang/setup-rust-toolchain@v1	2026-09-08T10:01:05.4554203Z ##[endgroup]
lint	Run actions-rust-lang/setup-rust-toolchain@v1	2026-09-08T10:01:05.4705862Z ##[end-action id=__actions-rust-lang_setup-rust-toolchain.flags;outcome=success;conclusion=success;duration_ms=23]
lint	Run actions-rust-lang/setup-rust-toolchain@v1	2026-09-08T10:01:05.4712317Z ##[start-action display=Setting Environment Variables;id=__actions-rust-lang_setup-rust-toolchain.__run_2]
lint	Run actions-rust-lang/setup-rust-toolchain@v1	2026-09-08T10:01:05.4732364Z ##[group]Run if [[ ! -v CARGO_INCREMENTAL ]]; then
lint	Run actions-rust-lang/setup-rust-toolchain@v1	2026-09-08T10:01:05.4732824Z ^[[36;1mif [[ ! -v CARGO_INCREMENTAL ]]; then^[[0m
lint	Run actions-rust-lang/setup-rust-toolchain@v1	2026-09-08T10:01:05.4733199Z ^[[36;1m  echo "CARGO_INCREMENTAL=0" >> $GITHUB_ENV^[[0m
lint	Run actions-rust-lang/setup-rust-toolchain@v1	2026-09-08T10:01:05.4733538Z ^[[36;1mfi^[[0m
lint	Run actions-rust-lang/setup-rust-toolchain@v1	2026-09-08T10:01:05.4733815Z ^[[36;1mif [[ ! -v CARGO_PROFILE_DEV_DEBUG ]]; then^[[0m
lint	Run actions-rust-lang/setup-rust-toolchain@v1	2026-09-08T10:01:05.4734204Z ^[[36;1m  echo "CARGO_PROFILE_DEV_DEBUG=0" >> $GITHUB_ENV^[[0m
lint	Run actions-rust-lang/setup-rust-toolchain@v1	2026-09-08T10:01:05.4734548Z ^[[36;1mfi^[[0m
lint	Run actions-rust-lang/setup-rust-toolchain@v1	2026-09-08T10:01:05.4734811Z ^[[36;1mif [[ ! -v CARGO_TERM_COLOR ]]; then^[[0m
lint	Run actions-rust-lang/setup-rust-toolchain@v1	2026-09-08T10:01:05.4735185Z ^[[36;1m  echo "CARGO_TERM_COLOR=always" >> $GITHUB_ENV^[[0m
lint	Run actions-rust-lang/setup-rust-toolchain@v1	2026-09-08T10:01:05.4735529Z ^[[36;1mfi^[[0m
lint	Run actions-rust-lang/setup-rust-toolchain@v1	2026-09-08T10:01:05.4735781Z ^[[36;1mif [[ ! -v RUST_BACKTRACE ]]; then^[[0m
lint	Run actions-rust-lang/setup-rust-toolchain@v1	2026-09-08T10:01:05.4736139Z ^[[36;1m  echo "RUST_BACKTRACE=short" >> $GITHUB_ENV^[[0m
lint	Run actions-rust-lang/setup-rust-toolchain@v1	2026-09-08T10:01:05.4736482Z ^[[36;1mfi^[[0m
lint	Run actions-rust-lang/setup-rust-toolchain@v1	2026-09-08T10:01:05.4736793Z ^[[36;1mif [[ ( ! -v RUSTFLAGS ) && $_srt_NEW_RUSTFLAGS != "" ]]; then^[[0m
lint	Run actions-rust-lang/setup-rust-toolchain@v1	2026-09-08T10:01:05.4737246Z ^[[36;1m  echo "RUSTFLAGS=$_srt_NEW_RUSTFLAGS" >> $GITHUB_ENV^[[0m
lint	Run actions-rust-lang/setup-rust-toolchain@v1	2026-09-08T10:01:05.4737595Z ^[[36;1mfi^[[0m
lint	Run actions-rust-lang/setup-rust-toolchain@v1	2026-09-08T10:01:05.4737869Z ^[[36;1m# Enable faster sparse index on nightly^[[0m
lint	Run actions-rust-lang/setup-rust-toolchain@v1	2026-09-08T10:01:05.4738283Z ^[[36;1m# The value is ignored on stable and causes no problems^[[0m
lint	Run actions-rust-lang/setup-rust-toolchain@v1	2026-09-08T10:01:05.4738878Z ^[[36;1m# https://internals.rust-lang.org/t/call-for-testing-cargo-sparse-registry/16862^[[0m
lint	Run actions-rust-lang/setup-rust-toolchain@v1	2026-09-08T10:01:05.4739456Z ^[[36;1mif [[ ! -v CARGO_UNSTABLE_SPARSE_REGISTRY ]]; then^[[0m
lint	Run actions-rust-lang/setup-rust-toolchain@v1	2026-09-08T10:01:05.4739896Z ^[[36;1m  echo "CARGO_UNSTABLE_SPARSE_REGISTRY=true" >> $GITHUB_ENV^[[0m
lint	Run actions-rust-lang/setup-rust-toolchain@v1	2026-09-08T10:01:05.4740268Z ^[[36;1mfi^[[0m
lint	Run actions-rust-lang/setup-rust-toolchain@v1	2026-09-08T10:01:05.4740563Z ^[[36;1mif [[ ! -v CARGO_REGISTRIES_CRATES_IO_PROTOCOL ]]; then^[[0m
lint	Run actions-rust-lang/setup-rust-toolchain@v1	2026-09-08T10:01:05.4741335Z ^[[36;1m  echo "CARGO_REGISTRIES_CRATES_IO_PROTOCOL=sparse" >> $GITHUB_ENV^[[0m
lint	Run actions-rust-lang/setup-rust-toolchain@v1	2026-09-08T10:01:05.4741995Z ^[[36;1mfi^[[0m
lint	Run actions-rust-lang/setup-rust-toolchain@v1	2026-09-08T10:01:05.4775523Z shell: /usr/bin/bash --noprofile --norc -e -o pipefail {0}
lint	Run actions-rust-lang/setup-rust-toolchain@v1	2026-09-08T10:01:05.4775927Z env:
lint	Run actions-rust-lang/setup-rust-toolchain@v1	2026-09-08T10:01:05.4776175Z   _srt_NEW_RUSTFLAGS: -D warnings
lint	Run actions-rust-lang/setup-rust-toolchain@v1	2026-09-08T10:01:05.4776474Z ##[endgroup]
lint	Run actions-rust-lang/setup-rust-toolchain@v1	2026-09-08T10:01:05.4842167Z ##[end-action id=__actions-rust-lang_setup-rust-toolchain.__run_2;outcome=success;conclusion=success;duration_ms=12]
lint	Run actions-rust-lang/setup-rust-toolchain@v1	2026-09-08T10:01:05.4844931Z ##[start-action display=Install Rust Problem Matcher;id=__actions-rust-lang_setup-rust-toolchain.__run_3]
lint	Run actions-rust-lang/setup-rust-toolchain@v1	2026-09-08T10:01:05.4867357Z ##[group]Run echo "::add-matcher::/home/runner/work/_actions/actions-rust-lang/setup-rust-toolchain/v1/rust.json"
lint	Run actions-rust-lang/setup-rust-toolchain@v1	2026-09-08T10:01:05.4868189Z ^[[36;1mecho "::add-matcher::/home/runner/work/_actions/actions-rust-lang/setup-rust-toolchain/v1/rust.json"^[[0m
lint	Run actions-rust-lang/setup-rust-toolchain@v1	2026-09-08T10:01:05.4902039Z shell: /usr/bin/bash --noprofile --norc -e -o pipefail {0}
lint	Run actions-rust-lang/setup-rust-toolchain@v1	2026-09-08T10:01:05.4902448Z env:
lint	Run actions-rust-lang/setup-rust-toolchain@v1	2026-09-08T10:01:05.4902686Z   CARGO_INCREMENTAL: 0
lint	Run actions-rust-lang/setup-rust-toolchain@v1	2026-09-08T10:01:05.4902977Z   CARGO_PROFILE_DEV_DEBUG: 0
lint	Run actions-rust-lang/setup-rust-toolchain@v1	2026-09-08T10:01:05.4903257Z   CARGO_TERM_COLOR: always
lint	Run actions-rust-lang/setup-rust-toolchain@v1	2026-09-08T10:01:05.4903529Z   RUST_BACKTRACE: short
lint	Run actions-rust-lang/setup-rust-toolchain@v1	2026-09-08T10:01:05.4903792Z   RUSTFLAGS: -D warnings
lint	Run actions-rust-lang/setup-rust-toolchain@v1	2026-09-08T10:01:05.4904084Z   CARGO_UNSTABLE_SPARSE_REGISTRY: true
lint	Run actions-rust-lang/setup-rust-toolchain@v1	2026-09-08T10:01:05.4904422Z   CARGO_REGISTRIES_CRATES_IO_PROTOCOL: sparse
lint	Run actions-rust-lang/setup-rust-toolchain@v1	2026-09-08T10:01:05.4904748Z ##[endgroup]
lint	Run actions-rust-lang/setup-rust-toolchain@v1	2026-09-08T10:01:05.4985341Z ##[end-action id=__actions-rust-lang_setup-rust-toolchain.__run_3;outcome=success;conclusion=success;duration_ms=13]
lint	Run actions-rust-lang/setup-rust-toolchain@v1	2026-09-08T10:01:05.4988896Z ##[start-action display=Install rustup, if needed;id=__actions-rust-lang_setup-rust-toolchain.__run_4]
lint	Run actions-rust-lang/setup-rust-toolchain@v1	2026-09-08T10:01:05.5013176Z ##[group]Run if ! command -v rustup &> /dev/null ; then
lint	Run actions-rust-lang/setup-rust-toolchain@v1	2026-09-08T10:01:05.5013623Z ^[[36;1mif ! command -v rustup &> /dev/null ; then^[[0m
lint	Run actions-rust-lang/setup-rust-toolchain@v1	2026-09-08T10:01:05.5014326Z ^[[36;1m  curl --proto '=https' --tlsv1.2 --retry 10 --retry-connrefused -fsSL "https://sh.rustup.rs" | sh -s -- --default-toolchain none -y^[[0m
lint	Run actions-rust-lang/setup-rust-toolchain@v1	2026-09-08T10:01:05.5015151Z ^[[36;1m^[[0m
lint	Run actions-rust-lang/setup-rust-toolchain@v1	2026-09-08T10:01:05.5015472Z ^[[36;1m  # Resolve the correct CARGO_HOME path depending on OS^[[0m
lint	Run actions-rust-lang/setup-rust-toolchain@v1	2026-09-08T10:01:05.5015888Z ^[[36;1m  if [[ "$RUNNER_OS" == "Windows" ]]; then^[[0m
lint	Run actions-rust-lang/setup-rust-toolchain@v1	2026-09-08T10:01:05.5016367Z ^[[36;1m    echo "${CARGO_HOME:-$USERPROFILE/.cargo}/bin" | sed 's|/|\\|g' >> $GITHUB_PATH^[[0m
lint	Run actions-rust-lang/setup-rust-toolchain@v1	2026-09-08T10:01:05.5016819Z ^[[36;1m  else^[[0m
lint	Run actions-rust-lang/setup-rust-toolchain@v1	2026-09-08T10:01:05.5017130Z ^[[36;1m    echo "${CARGO_HOME:-$HOME/.cargo}/bin" >> $GITHUB_PATH^[[0m
lint	Run actions-rust-lang/setup-rust-toolchain@v1	2026-09-08T10:01:05.5017493Z ^[[36;1m  fi^[[0m
lint	Run actions-rust-lang/setup-rust-toolchain@v1	2026-09-08T10:01:05.5017721Z ^[[36;1mfi^[[0m
lint	Run actions-rust-lang/setup-rust-toolchain@v1	2026-09-08T10:01:05.5051861Z shell: /usr/bin/bash --noprofile --norc -e -o pipefail {0}
lint	Run actions-rust-lang/setup-rust-toolchain@v1	2026-09-08T10:01:05.5052262Z env:
lint	Run actions-rust-lang/setup-rust-toolchain@v1	2026-09-08T10:01:05.5052501Z   CARGO_INCREMENTAL: 0
lint	Run actions-rust-lang/setup-rust-toolchain@v1	2026-09-08T10:01:05.5052774Z   CARGO_PROFILE_DEV_DEBUG: 0
lint	Run actions-rust-lang/setup-rust-toolchain@v1	2026-09-08T10:01:05.5053060Z   CARGO_TERM_COLOR: always
lint	Run actions-rust-lang/setup-rust-toolchain@v1	2026-09-08T10:01:05.5053345Z   RUST_BACKTRACE: short
lint	Run actions-rust-lang/setup-rust-toolchain@v1	2026-09-08T10:01:05.5053615Z   RUSTFLAGS: -D warnings
lint	Run actions-rust-lang/setup-rust-toolchain@v1	2026-09-08T10:01:05.5053903Z   CARGO_UNSTABLE_SPARSE_REGISTRY: true
lint	Run actions-rust-lang/setup-rust-toolchain@v1	2026-09-08T10:01:05.5054258Z   CARGO_REGISTRIES_CRATES_IO_PROTOCOL: sparse
lint	Run actions-rust-lang/setup-rust-toolchain@v1	2026-09-08T10:01:05.5054625Z   RUNNER_OS: Linux
lint	Run actions-rust-lang/setup-rust-toolchain@v1	2026-09-08T10:01:05.5054874Z ##[endgroup]
lint	Run actions-rust-lang/setup-rust-toolchain@v1	2026-09-08T10:01:05.5118356Z ##[end-action id=__actions-rust-lang_setup-rust-toolchain.__run_4;outcome=success;conclusion=success;duration_ms=12]
lint	Run actions-rust-lang/setup-rust-toolchain@v1	2026-09-08T10:01:05.5124596Z ##[start-action display=rustup toolchain install stable;id=__actions-rust-lang_setup-rust-toolchain.__run_5]
lint	Run actions-rust-lang/setup-rust-toolchain@v1	2026-09-08T10:01:05.5146132Z ##[group]Run # Check if value is set
lint	Run actions-rust-lang/setup-rust-toolchain@v1	2026-09-08T10:01:05.5146517Z ^[[36;1m# Check if value is set^[[0m
lint	Run actions-rust-lang/setup-rust-toolchain@v1	2026-09-08T10:01:05.5146840Z ^[[36;1mif [[ -n "$_srt_rust_src_dir" ]]^[[0m
lint	Run actions-rust-lang/setup-rust-toolchain@v1	2026-09-08T10:01:05.5147164Z ^[[36;1mthen^[[0m
lint	Run actions-rust-lang/setup-rust-toolchain@v1	2026-09-08T10:01:05.5147454Z ^[[36;1m  # If value is set the directory must exist^[[0m
lint	Run actions-rust-lang/setup-rust-toolchain@v1	2026-09-08T10:01:05.5147828Z ^[[36;1m  if [[ -d "$_srt_rust_src_dir" ]]^[[0m
lint	Run actions-rust-lang/setup-rust-toolchain@v1	2026-09-08T10:01:05.5148151Z ^[[36;1m  then^[[0m
lint	Run actions-rust-lang/setup-rust-toolchain@v1	2026-09-08T10:01:05.5148411Z ^[[36;1m    cd "$_srt_rust_src_dir"^[[0m
lint	Run actions-rust-lang/setup-rust-toolchain@v1	2026-09-08T10:01:05.5148722Z ^[[36;1m  else^[[0m
lint	Run actions-rust-lang/setup-rust-toolchain@v1	2026-09-08T10:01:05.5149243Z ^[[36;1m    echo "'rust-src-dir' does not point to an existing directory" >&2^[[0m
lint	Run actions-rust-lang/setup-rust-toolchain@v1	2026-09-08T10:01:05.5149782Z ^[[36;1m    echo "The value of 'rust-src-dir' is: ${_srt_rust_src_dir}" >&2^[[0m
lint	Run actions-rust-lang/setup-rust-toolchain@v1	2026-09-08T10:01:05.5150188Z ^[[36;1m    exit 1^[[0m
lint	Run actions-rust-lang/setup-rust-toolchain@v1	2026-09-08T10:01:05.5150444Z ^[[36;1m  fi^[[0m
lint	Run actions-rust-lang/setup-rust-toolchain@v1	2026-09-08T10:01:05.5150941Z ^[[36;1mfi^[[0m
lint	Run actions-rust-lang/setup-rust-toolchain@v1	2026-09-08T10:01:05.5151353Z ^[[36;1mif [[ -z "$_srt_toolchain" && ( -f "rust-toolchain" || -f "rust-toolchain.toml") ]]^[[0m
lint	Run actions-rust-lang/setup-rust-toolchain@v1	2026-09-08T10:01:05.5151814Z ^[[36;1mthen^[[0m
lint	Run actions-rust-lang/setup-rust-toolchain@v1	2026-09-08T10:01:05.5152133Z ^[[36;1m  # Install the toolchain as specified in the file^[[0m
lint	Run actions-rust-lang/setup-rust-toolchain@v1	2026-09-08T10:01:05.5152626Z ^[[36;1m  # rustup show is the old way that implicitly installed a toolchain^[[0m
lint	Run actions-rust-lang/setup-rust-toolchain@v1	2026-09-08T10:01:05.5153115Z ^[[36;1m  # rustup toolchain install is the new explicit way^[[0m
lint	Run actions-rust-lang/setup-rust-toolchain@v1	2026-09-08T10:01:05.5153649Z ^[[36;1m  # https://github.com/rust-lang/rustup/issues/3635#issuecomment-2343511297^[[0m
lint	Run actions-rust-lang/setup-rust-toolchain@v1	2026-09-08T10:01:05.5154195Z ^[[36;1m  rustup show active-toolchain || rustup toolchain install^[[0m
lint	Run actions-rust-lang/setup-rust-toolchain@v1	2026-09-08T10:01:05.5154634Z ^[[36;1m  if [[ -n $_srt_components ]]; then^[[0m
lint	Run actions-rust-lang/setup-rust-toolchain@v1	2026-09-08T10:01:05.5155019Z ^[[36;1m    rustup component add ${_srt_components//,/ }^[[0m
lint	Run actions-rust-lang/setup-rust-toolchain@v1	2026-09-08T10:01:05.5155385Z ^[[36;1m  fi^[[0m
lint	Run actions-rust-lang/setup-rust-toolchain@v1	2026-09-08T10:01:05.5155649Z ^[[36;1m  if [[ -n $_srt_targets ]]; then^[[0m
lint	Run actions-rust-lang/setup-rust-toolchain@v1	2026-09-08T10:01:05.5156008Z ^[[36;1m    rustup target add ${_srt_targets//,/ }^[[0m
lint	Run actions-rust-lang/setup-rust-toolchain@v1	2026-09-08T10:01:05.5156346Z ^[[36;1m  fi^[[0m
lint	Run actions-rust-lang/setup-rust-toolchain@v1	2026-09-08T10:01:05.5156590Z ^[[36;1melse^[[0m
lint	Run actions-rust-lang/setup-rust-toolchain@v1	2026-09-08T10:01:05.5156843Z ^[[36;1m  if [[ -z "$_srt_toolchain" ]]^[[0m
lint	Run actions-rust-lang/setup-rust-toolchain@v1	2026-09-08T10:01:05.5157160Z ^[[36;1m  then^[[0m
lint	Run actions-rust-lang/setup-rust-toolchain@v1	2026-09-08T10:01:05.5157417Z ^[[36;1m    _srt_toolchain=stable^[[0m
lint	Run actions-rust-lang/setup-rust-toolchain@v1	2026-09-08T10:01:05.5157717Z ^[[36;1m  fi^[[0m
lint	Run actions-rust-lang/setup-rust-toolchain@v1	2026-09-08T10:01:05.5158278Z ^[[36;1m  rustup toolchain install ${_srt_toolchain//,/ }  --component clippy --component rustfmt --profile minimal --no-self-update^[[0m
lint	Run actions-rust-lang/setup-rust-toolchain@v1	2026-09-08T10:01:05.5158932Z ^[[36;1m  # Take the last element from the list^[[0m
lint	Run actions-rust-lang/setup-rust-toolchain@v1	2026-09-08T10:01:05.5159298Z ^[[36;1m  if [[ "$_srt_override" == "true" ]]^[[0m
lint	Run actions-rust-lang/setup-rust-toolchain@v1	2026-09-08T10:01:05.5159779Z ^[[36;1m  then^[[0m
lint	Run actions-rust-lang/setup-rust-toolchain@v1	2026-09-08T10:01:05.5160079Z ^[[36;1m    rustup override set ${_srt_toolchain//*,/ }^[[0m
lint	Run actions-rust-lang/setup-rust-toolchain@v1	2026-09-08T10:01:05.5160424Z ^[[36;1m  fi^[[0m
lint	Run actions-rust-lang/setup-rust-toolchain@v1	2026-09-08T10:01:05.5160916Z ^[[36;1mfi^[[0m
lint	Run actions-rust-lang/setup-rust-toolchain@v1	2026-09-08T10:01:05.5194973Z shell: /usr/bin/bash --noprofile --norc -e -o pipefail {0}
lint	Run actions-rust-lang/setup-rust-toolchain@v1	2026-09-08T10:01:05.5195381Z env:
lint	Run actions-rust-lang/setup-rust-toolchain@v1	2026-09-08T10:01:05.5195616Z   CARGO_INCREMENTAL: 0
lint	Run actions-rust-lang/setup-rust-toolchain@v1	2026-09-08T10:01:05.5195889Z   CARGO_PROFILE_DEV_DEBUG: 0
lint	Run actions-rust-lang/setup-rust-toolchain@v1	2026-09-08T10:01:05.5196178Z   CARGO_TERM_COLOR: always
lint	Run actions-rust-lang/setup-rust-toolchain@v1	2026-09-08T10:01:05.5196454Z   RUST_BACKTRACE: short
lint	Run actions-rust-lang/setup-rust-toolchain@v1	2026-09-08T10:01:05.5196719Z   RUSTFLAGS: -D warnings
lint	Run actions-rust-lang/setup-rust-toolchain@v1	2026-09-08T10:01:05.5197006Z   CARGO_UNSTABLE_SPARSE_REGISTRY: true
lint	Run actions-rust-lang/setup-rust-toolchain@v1	2026-09-08T10:01:05.5197365Z   CARGO_REGISTRIES_CRATES_IO_PROTOCOL: sparse
lint	Run actions-rust-lang/setup-rust-toolchain@v1	2026-09-08T10:01:05.5197704Z   _srt_toolchain:
lint	Run actions-rust-lang/setup-rust-toolchain@v1	2026-09-08T10:01:05.5197960Z   _srt_targets:
lint	Run actions-rust-lang/setup-rust-toolchain@v1	2026-09-08T10:01:05.5198227Z   _srt_components: clippy, rustfmt
lint	Run actions-rust-lang/setup-rust-toolchain@v1	2026-09-08T10:01:05.5198529Z   _srt_override: true
lint	Run actions-rust-lang/setup-rust-toolchain@v1	2026-09-08T10:01:05.5198785Z   _srt_rust_src_dir:
lint	Run actions-rust-lang/setup-rust-toolchain@v1	2026-09-08T10:01:05.5199048Z ##[endgroup]
lint	Run actions-rust-lang/setup-rust-toolchain@v1	2026-09-08T10:01:05.8219264Z info: syncing channel updates for stable-x86_64-unknown-linux-gnu
lint	Run actions-rust-lang/setup-rust-toolchain@v1	2026-09-08T10:01:06.0995458Z info: latest update on 2026-09-03 for version 1.98.1 (48a229cea 2026-09-01)
lint	Run actions-rust-lang/setup-rust-toolchain@v1	2026-09-08T10:01:06.1235576Z info: removing previous version of component clippy
lint	Run actions-rust-lang/setup-rust-toolchain@v1	2026-09-08T10:01:06.1251869Z info: removing previous version of component rustfmt
lint	Run actions-rust-lang/setup-rust-toolchain@v1	2026-09-08T10:01:06.1266423Z info: removing previous version of component cargo
lint	Run actions-rust-lang/setup-rust-toolchain@v1	2026-09-08T10:01:06.1318165Z info: removing previous version of component rust-std
lint	Run actions-rust-lang/setup-rust-toolchain@v1	2026-09-08T10:01:06.1365469Z info: removing previous version of component rustc
lint	Run actions-rust-lang/setup-rust-toolchain@v1	2026-09-08T10:01:06.1424827Z info: downloading 5 components
lint	Run actions-rust-lang/setup-rust-toolchain@v1	2026-09-08T10:01:14.1821966Z
lint	Run actions-rust-lang/setup-rust-toolchain@v1	2026-09-08T10:01:14.1897045Z   stable-x86_64-unknown-linux-gnu updated - rustc 1.98.1 (48a229cea 2026-09-01) (from rustc 1.98.0 (88d9e12ae 2026-08-18))
lint	Run actions-rust-lang/setup-rust-toolchain@v1	2026-09-08T10:01:14.1897803Z
lint	Run actions-rust-lang/setup-rust-toolchain@v1	2026-09-08T10:01:14.2070569Z info: override toolchain for /home/runner/work/vig/vig set to stable-x86_64-unknown-linux-gnu
lint	Run actions-rust-lang/setup-rust-toolchain@v1	2026-09-08T10:01:14.2092519Z ##[end-action id=__actions-rust-lang_setup-rust-toolchain.__run_5;outcome=success;conclusion=success;duration_ms=8696]
lint	Run actions-rust-lang/setup-rust-toolchain@v1	2026-09-08T10:01:14.2096171Z ##[start-action display=Print installed versions;id=__actions-rust-lang_setup-rust-toolchain.versions]
lint	Run actions-rust-lang/setup-rust-toolchain@v1	2026-09-08T10:01:14.2119477Z ##[group]Run echo "rustc-version=$(rustc --version)" >> $GITHUB_OUTPUT
lint	Run actions-rust-lang/setup-rust-toolchain@v1	2026-09-08T10:01:14.2120014Z ^[[36;1mecho "rustc-version=$(rustc --version)" >> $GITHUB_OUTPUT^[[0m
lint	Run actions-rust-lang/setup-rust-toolchain@v1	2026-09-08T10:01:14.2120395Z ^[[36;1mrustc --version --verbose^[[0m
lint	Run actions-rust-lang/setup-rust-toolchain@v1	2026-09-08T10:01:14.2121225Z ^[[36;1mecho "cargo-version=$(cargo --version)" >> $GITHUB_OUTPUT^[[0m
lint	Run actions-rust-lang/setup-rust-toolchain@v1	2026-09-08T10:01:14.2121626Z ^[[36;1mcargo --version --verbose^[[0m
lint	Run actions-rust-lang/setup-rust-toolchain@v1	2026-09-08T10:01:14.2121978Z ^[[36;1mecho "rustup-version=$(rustup --version)" >> $GITHUB_OUTPUT^[[0m
lint	Run actions-rust-lang/setup-rust-toolchain@v1	2026-09-08T10:01:14.2122343Z ^[[36;1mrustup --version^[[0m
lint	Run actions-rust-lang/setup-rust-toolchain@v1	2026-09-08T10:01:14.2122577Z ^[[36;1m^[[0m
lint	Run actions-rust-lang/setup-rust-toolchain@v1	2026-09-08T10:01:14.2123037Z ^[[36;1m_srt_DATE=$(rustc --version --verbose | sed -ne 's/^commit-date: \(20[0-9][0-9]\)-\([01][0-9]\)-\([0-3][0-9]\)$/\1\2\3/p')^[[0m
lint	Run actions-rust-lang/setup-rust-toolchain@v1	2026-09-08T10:01:14.2123749Z ^[[36;1m_srt_HASH=$(rustc --version --verbose | sed -ne 's/^commit-hash: //p')^[[0m
lint	Run actions-rust-lang/setup-rust-toolchain@v1	2026-09-08T10:01:14.2124269Z ^[[36;1mecho "cachekey=$(echo $_srt_DATE$_srt_HASH | head -c12)" >> $GITHUB_OUTPUT^[[0m
lint	Run actions-rust-lang/setup-rust-toolchain@v1	2026-09-08T10:01:14.2159923Z shell: /usr/bin/bash --noprofile --norc -e -o pipefail {0}
lint	Run actions-rust-lang/setup-rust-toolchain@v1	2026-09-08T10:01:14.2160273Z env:
lint	Run actions-rust-lang/setup-rust-toolchain@v1	2026-09-08T10:01:14.2160466Z   CARGO_INCREMENTAL: 0
lint	Run actions-rust-lang/setup-rust-toolchain@v1	2026-09-08T10:01:14.2160932Z   CARGO_PROFILE_DEV_DEBUG: 0
lint	Run actions-rust-lang/setup-rust-toolchain@v1	2026-09-08T10:01:14.2161189Z   CARGO_TERM_COLOR: always
lint	Run actions-rust-lang/setup-rust-toolchain@v1	2026-09-08T10:01:14.2161423Z   RUST_BACKTRACE: short
lint	Run actions-rust-lang/setup-rust-toolchain@v1	2026-09-08T10:01:14.2161647Z   RUSTFLAGS: -D warnings
lint	Run actions-rust-lang/setup-rust-toolchain@v1	2026-09-08T10:01:14.2161888Z   CARGO_UNSTABLE_SPARSE_REGISTRY: true
lint	Run actions-rust-lang/setup-rust-toolchain@v1	2026-09-08T10:01:14.2162191Z   CARGO_REGISTRIES_CRATES_IO_PROTOCOL: sparse
lint	Run actions-rust-lang/setup-rust-toolchain@v1	2026-09-08T10:01:14.2162494Z ##[endgroup]
lint	Run actions-rust-lang/setup-rust-toolchain@v1	2026-09-08T10:01:14.2451700Z rustc 1.98.1 (48a229cea 2026-09-01)
lint	Run actions-rust-lang/setup-rust-toolchain@v1	2026-09-08T10:01:14.2452524Z binary: rustc
lint	Run actions-rust-lang/setup-rust-toolchain@v1	2026-09-08T10:01:14.2452930Z commit-hash: 48a229ceaefd4985c50990b14116b6d856af0985
lint	Run actions-rust-lang/setup-rust-toolchain@v1	2026-09-08T10:01:14.2454223Z commit-date: 2026-09-01
lint	Run actions-rust-lang/setup-rust-toolchain@v1	2026-09-08T10:01:14.2454866Z host: x86_64-unknown-linux-gnu
lint	Run actions-rust-lang/setup-rust-toolchain@v1	2026-09-08T10:01:14.2456724Z release: 1.98.1
lint	Run actions-rust-lang/setup-rust-toolchain@v1	2026-09-08T10:01:14.2457185Z LLVM version: 22.1.8
lint	Run actions-rust-lang/setup-rust-toolchain@v1	2026-09-08T10:01:14.2732730Z cargo 1.98.1 (797e8a9bc 2026-08-05)
lint	Run actions-rust-lang/setup-rust-toolchain@v1	2026-09-08T10:01:14.2733275Z release: 1.98.1
lint	Run actions-rust-lang/setup-rust-toolchain@v1	2026-09-08T10:01:14.2733769Z commit-hash: 797e8a9bca276c1c9f9f738d2a20f484fa4eea9d
lint	Run actions-rust-lang/setup-rust-toolchain@v1	2026-09-08T10:01:14.2734192Z commit-date: 2026-08-05
lint	Run actions-rust-lang/setup-rust-toolchain@v1	2026-09-08T10:01:14.2734564Z host: x86_64-unknown-linux-gnu
lint	Run actions-rust-lang/setup-rust-toolchain@v1	2026-09-08T10:01:14.2734895Z libgit2: 1.9.4 (sys:0.21.0 vendored)
lint	Run actions-rust-lang/setup-rust-toolchain@v1	2026-09-08T10:01:14.2735336Z libcurl: 8.21.0-DEV (sys:0.4.90+curl-8.21.0 vendored ssl:OpenSSL/3.6.3)
lint	Run actions-rust-lang/setup-rust-toolchain@v1	2026-09-08T10:01:14.2735930Z ssl: OpenSSL 3.6.3 9 Jun 2026
lint	Run actions-rust-lang/setup-rust-toolchain@v1	2026-09-08T10:01:14.2777849Z info: This is the version for the rustup toolchain manager, not the rustc compiler.
lint	Run actions-rust-lang/setup-rust-toolchain@v1	2026-09-08T10:01:14.2778620Z os: Ubuntu 24.4.0 (noble) [64-bit]
lint	Run actions-rust-lang/setup-rust-toolchain@v1	2026-09-08T10:01:14.2855482Z info: the currently active `rustc` version is `rustc 1.98.1 (48a229cea 2026-09-01)`
lint	Run actions-rust-lang/setup-rust-toolchain@v1	2026-09-08T10:01:14.2903934Z info: This is the version for the rustup toolchain manager, not the rustc compiler.
lint	Run actions-rust-lang/setup-rust-toolchain@v1	2026-09-08T10:01:14.2904754Z rustup 1.29.0 (28d1352db 2026-03-05)
lint	Run actions-rust-lang/setup-rust-toolchain@v1	2026-09-08T10:01:14.2981241Z info: the currently active `rustc` version is `rustc 1.98.1 (48a229cea 2026-09-01)`
lint	Run actions-rust-lang/setup-rust-toolchain@v1	2026-09-08T10:01:14.3264481Z ##[end-action id=__actions-rust-lang_setup-rust-toolchain.versions;outcome=success;conclusion=success;duration_ms=116]
lint	Run actions-rust-lang/setup-rust-toolchain@v1	2026-09-08T10:01:14.3267493Z ##[start-action display=Downgrade registry access protocol when needed;id=__actions-rust-lang_setup-rust-toolchain.__run_6]
lint	Run actions-rust-lang/setup-rust-toolchain@v1	2026-09-08T10:01:14.3287830Z ##[group]Run # Not all versions support setting CARGO_REGISTRIES_CRATES_IO_PROTOCOL
lint	Run actions-rust-lang/setup-rust-toolchain@v1	2026-09-08T10:01:14.3288425Z ^[[36;1m# Not all versions support setting CARGO_REGISTRIES_CRATES_IO_PROTOCOL^[[0m
lint	Run actions-rust-lang/setup-rust-toolchain@v1	2026-09-08T10:01:14.3288975Z ^[[36;1m# On versions 1.66, 1.67, and 1.68.0-nightly the value "sparse" is still unstable.^[[0m
lint	Run actions-rust-lang/setup-rust-toolchain@v1	2026-09-08T10:01:14.3289564Z ^[[36;1m# https://github.com/dtolnay/rust-toolchain/pull/69#discussion_r1107268108^[[0m
lint	Run actions-rust-lang/setup-rust-toolchain@v1	2026-09-08T10:01:14.3290346Z ^[[36;1m# If we detect an incompatible value, set it to "git" which is always supported.^[[0m
lint	Run actions-rust-lang/setup-rust-toolchain@v1	2026-09-08T10:01:14.3291415Z ^[[36;1mif [[ "rustc 1.98.1 (48a229cea 2026-09-01)" =~ ^rustc\ (1\.6[67]\.|1\.68\.0-nightly) && "${CARGO_REGISTRIES_CRATES_IO_PROTOCOL}" == "sparse" ]]; then^[[0m
lint	Run actions-rust-lang/setup-rust-toolchain@v1	2026-09-08T10:01:14.3292081Z ^[[36;1m  echo "Downgrade cargo registry protocol to git"^[[0m
lint	Run actions-rust-lang/setup-rust-toolchain@v1	2026-09-08T10:01:14.3292504Z ^[[36;1m  echo "CARGO_REGISTRIES_CRATES_IO_PROTOCOL=git" >> $GITHUB_ENV^[[0m
lint	Run actions-rust-lang/setup-rust-toolchain@v1	2026-09-08T10:01:14.3292871Z ^[[36;1mfi^[[0m
lint	Run actions-rust-lang/setup-rust-toolchain@v1	2026-09-08T10:01:14.3328107Z shell: /usr/bin/bash --noprofile --norc -e -o pipefail {0}
lint	Run actions-rust-lang/setup-rust-toolchain@v1	2026-09-08T10:01:14.3328479Z env:
lint	Run actions-rust-lang/setup-rust-toolchain@v1	2026-09-08T10:01:14.3328683Z   CARGO_INCREMENTAL: 0
lint	Run actions-rust-lang/setup-rust-toolchain@v1	2026-09-08T10:01:14.3328919Z   CARGO_PROFILE_DEV_DEBUG: 0
lint	Run actions-rust-lang/setup-rust-toolchain@v1	2026-09-08T10:01:14.3329168Z   CARGO_TERM_COLOR: always
lint	Run actions-rust-lang/setup-rust-toolchain@v1	2026-09-08T10:01:14.3329401Z   RUST_BACKTRACE: short
lint	Run actions-rust-lang/setup-rust-toolchain@v1	2026-09-08T10:01:14.3329632Z   RUSTFLAGS: -D warnings
lint	Run actions-rust-lang/setup-rust-toolchain@v1	2026-09-08T10:01:14.3329889Z   CARGO_UNSTABLE_SPARSE_REGISTRY: true
lint	Run actions-rust-lang/setup-rust-toolchain@v1	2026-09-08T10:01:14.3330190Z   CARGO_REGISTRIES_CRATES_IO_PROTOCOL: sparse
lint	Run actions-rust-lang/setup-rust-toolchain@v1	2026-09-08T10:01:14.3330484Z ##[endgroup]
lint	Run actions-rust-lang/setup-rust-toolchain@v1	2026-09-08T10:01:14.3390284Z ##[end-action id=__actions-rust-lang_setup-rust-toolchain.__run_6;outcome=success;conclusion=success;duration_ms=12]
lint	Run actions-rust-lang/setup-rust-toolchain@v1	2026-09-08T10:01:14.3392986Z ##[start-action display=Setup Rust Caching;id=__actions-rust-lang_setup-rust-toolchain.__Swatinem_rust-cache]
lint	Run actions-rust-lang/setup-rust-toolchain@v1	2026-09-08T10:01:14.3454749Z ##[group]Run Swatinem/rust-cache@c19371144df3bb44fab255c43d04cbc2ab54d1c4
lint	Run actions-rust-lang/setup-rust-toolchain@v1	2026-09-08T10:01:14.3455184Z with:
lint	Run actions-rust-lang/setup-rust-toolchain@v1	2026-09-08T10:01:14.3455391Z   cache-on-failure: true
lint	Run actions-rust-lang/setup-rust-toolchain@v1	2026-09-08T10:01:14.3455623Z   cache-bin: true
lint	Run actions-rust-lang/setup-rust-toolchain@v1	2026-09-08T10:01:14.3455838Z   cache-provider: github
lint	Run actions-rust-lang/setup-rust-toolchain@v1	2026-09-08T10:01:14.3456074Z   cache-all-crates: false
lint	Run actions-rust-lang/setup-rust-toolchain@v1	2026-09-08T10:01:14.3456318Z   cache-workspace-crates: false
lint	Run actions-rust-lang/setup-rust-toolchain@v1	2026-09-08T10:01:14.3456573Z   cache-targets: true
lint	Run actions-rust-lang/setup-rust-toolchain@v1	2026-09-08T10:01:14.3456783Z   save-if: true
lint	Run actions-rust-lang/setup-rust-toolchain@v1	2026-09-08T10:01:14.3456988Z   prefix-key: v0-rust
lint	Run actions-rust-lang/setup-rust-toolchain@v1	2026-09-08T10:01:14.3457395Z   add-job-id-key: true
lint	Run actions-rust-lang/setup-rust-toolchain@v1	2026-09-08T10:01:14.3457636Z   add-rust-environment-hash-key: true
lint	Run actions-rust-lang/setup-rust-toolchain@v1	2026-09-08T10:01:14.3457910Z   lookup-only: false
lint	Run actions-rust-lang/setup-rust-toolchain@v1	2026-09-08T10:01:14.3458121Z   cmd-format: {0}
lint	Run actions-rust-lang/setup-rust-toolchain@v1	2026-09-08T10:01:14.3458317Z env:
lint	Run actions-rust-lang/setup-rust-toolchain@v1	2026-09-08T10:01:14.3458506Z   CARGO_INCREMENTAL: 0
lint	Run actions-rust-lang/setup-rust-toolchain@v1	2026-09-08T10:01:14.3458735Z   CARGO_PROFILE_DEV_DEBUG: 0
lint	Run actions-rust-lang/setup-rust-toolchain@v1	2026-09-08T10:01:14.3458972Z   CARGO_TERM_COLOR: always
lint	Run actions-rust-lang/setup-rust-toolchain@v1	2026-09-08T10:01:14.3459203Z   RUST_BACKTRACE: short
lint	Run actions-rust-lang/setup-rust-toolchain@v1	2026-09-08T10:01:14.3459426Z   RUSTFLAGS: -D warnings
lint	Run actions-rust-lang/setup-rust-toolchain@v1	2026-09-08T10:01:14.3459668Z   CARGO_UNSTABLE_SPARSE_REGISTRY: true
lint	Run actions-rust-lang/setup-rust-toolchain@v1	2026-09-08T10:01:14.3459968Z   CARGO_REGISTRIES_CRATES_IO_PROTOCOL: sparse
lint	Run actions-rust-lang/setup-rust-toolchain@v1	2026-09-08T10:01:14.3460258Z ##[endgroup]
lint	Run actions-rust-lang/setup-rust-toolchain@v1	2026-09-08T10:01:14.6429910Z (node:2488) [DEP0040] DeprecationWarning: The `punycode` module is deprecated. Please use a userland alternative instead.
lint	Run actions-rust-lang/setup-rust-toolchain@v1	2026-09-08T10:01:14.6431684Z (Use `node --trace-deprecation ...` to show where the warning was created)
lint	Run actions-rust-lang/setup-rust-toolchain@v1	2026-09-08T10:01:14.8132264Z ##[group]Cache Configuration
lint	Run actions-rust-lang/setup-rust-toolchain@v1	2026-09-08T10:01:14.8152797Z Cache Provider:
lint	Run actions-rust-lang/setup-rust-toolchain@v1	2026-09-08T10:01:14.8155736Z     github
lint	Run actions-rust-lang/setup-rust-toolchain@v1	2026-09-08T10:01:14.8164166Z Workspaces:
lint	Run actions-rust-lang/setup-rust-toolchain@v1	2026-09-08T10:01:14.8177882Z     /home/runner/work/vig/vig
lint	Run actions-rust-lang/setup-rust-toolchain@v1	2026-09-08T10:01:14.8178786Z Cache Paths:
lint	Run actions-rust-lang/setup-rust-toolchain@v1	2026-09-08T10:01:14.8179149Z     /home/runner/.cargo/bin
lint	Run actions-rust-lang/setup-rust-toolchain@v1	2026-09-08T10:01:14.8179546Z     /home/runner/.cargo/.crates.toml
lint	Run actions-rust-lang/setup-rust-toolchain@v1	2026-09-08T10:01:14.8179984Z     /home/runner/.cargo/.crates2.json
lint	Run actions-rust-lang/setup-rust-toolchain@v1	2026-09-08T10:01:14.8180423Z     /home/runner/.cargo/registry
lint	Run actions-rust-lang/setup-rust-toolchain@v1	2026-09-08T10:01:14.8181060Z     /home/runner/.cargo/git
lint	Run actions-rust-lang/setup-rust-toolchain@v1	2026-09-08T10:01:14.8181472Z     /home/runner/work/vig/vig/target
lint	Run actions-rust-lang/setup-rust-toolchain@v1	2026-09-08T10:01:14.8181910Z Restore Key:
lint	Run actions-rust-lang/setup-rust-toolchain@v1	2026-09-08T10:01:14.8182279Z     v0-rust-lint-Linux-x64-09ed3713
lint	Run actions-rust-lang/setup-rust-toolchain@v1	2026-09-08T10:01:14.8182730Z Cache Key:
lint	Run actions-rust-lang/setup-rust-toolchain@v1	2026-09-08T10:01:14.8183117Z     v0-rust-lint-Linux-x64-09ed3713-eb78a9df
lint	Run actions-rust-lang/setup-rust-toolchain@v1	2026-09-08T10:01:14.8183623Z .. Prefix:
lint	Run actions-rust-lang/setup-rust-toolchain@v1	2026-09-08T10:01:14.8183966Z   - v0-rust-lint-Linux-x64
lint	Run actions-rust-lang/setup-rust-toolchain@v1	2026-09-08T10:01:14.8184526Z .. Environment considered:
lint	Run actions-rust-lang/setup-rust-toolchain@v1	2026-09-08T10:01:14.8184881Z   - Rust Versions:
lint	Run actions-rust-lang/setup-rust-toolchain@v1	2026-09-08T10:01:14.8186015Z     - 1.98.1 x86_64-unknown-linux-gnu 48a229ceaefd4985c50990b14116b6d856af0985
lint	Run actions-rust-lang/setup-rust-toolchain@v1	2026-09-08T10:01:14.8186701Z     - 1.98.1 x86_64-unknown-linux-gnu 48a229ceaefd4985c50990b14116b6d856af0985
lint	Run actions-rust-lang/setup-rust-toolchain@v1	2026-09-08T10:01:14.8187472Z   - CARGO_INCREMENTAL
lint	Run actions-rust-lang/setup-rust-toolchain@v1	2026-09-08T10:01:14.8187785Z   - CARGO_PROFILE_DEV_DEBUG
lint	Run actions-rust-lang/setup-rust-toolchain@v1	2026-09-08T10:01:14.8188221Z   - CARGO_REGISTRIES_CRATES_IO_PROTOCOL
lint	Run actions-rust-lang/setup-rust-toolchain@v1	2026-09-08T10:01:14.8188653Z   - CARGO_TERM_COLOR
lint	Run actions-rust-lang/setup-rust-toolchain@v1	2026-09-08T10:01:14.8188938Z   - CARGO_UNSTABLE_SPARSE_REGISTRY
lint	Run actions-rust-lang/setup-rust-toolchain@v1	2026-09-08T10:01:14.8189334Z   - RUST_BACKTRACE
lint	Run actions-rust-lang/setup-rust-toolchain@v1	2026-09-08T10:01:14.8190110Z   - RUSTFLAGS
lint	Run actions-rust-lang/setup-rust-toolchain@v1	2026-09-08T10:01:14.8190971Z .. Lockfiles considered:
lint	Run actions-rust-lang/setup-rust-toolchain@v1	2026-09-08T10:01:14.8191648Z   - /home/runner/work/vig/vig/Cargo.lock
lint	Run actions-rust-lang/setup-rust-toolchain@v1	2026-09-08T10:01:14.8192499Z   - /home/runner/work/vig/vig/Cargo.toml
lint	Run actions-rust-lang/setup-rust-toolchain@v1	2026-09-08T10:01:14.8193871Z ##[endgroup]
lint	Run actions-rust-lang/setup-rust-toolchain@v1	2026-09-08T10:01:14.8194231Z
lint	Run actions-rust-lang/setup-rust-toolchain@v1	2026-09-08T10:01:14.8194506Z ... Restoring cache ...
lint	Run actions-rust-lang/setup-rust-toolchain@v1	2026-09-08T10:01:14.8759728Z Cache hit for: v0-rust-lint-Linux-x64-09ed3713-eb78a9df
lint	Run actions-rust-lang/setup-rust-toolchain@v1	2026-09-08T10:01:15.9339622Z Received 171966464 of 231199837 (74.4%), 164.0 MBs/sec
lint	Run actions-rust-lang/setup-rust-toolchain@v1	2026-09-08T10:01:16.1684651Z Received 231199837 of 231199837 (100.0%), 178.5 MBs/sec
lint	Run actions-rust-lang/setup-rust-toolchain@v1	2026-09-08T10:01:16.1685391Z Cache Size: ~220 MB (231199837 B)
lint	Run actions-rust-lang/setup-rust-toolchain@v1	2026-09-08T10:01:16.1723903Z [command]/usr/bin/tar -xf /home/runner/work/_temp/f84711cd-3840-4d98-a557-4c681d36f5f3/cache.tzst -P -C /home/runner/work/vig/vig --use-compress-program unzstd
lint	Run actions-rust-lang/setup-rust-toolchain@v1	2026-09-08T10:01:17.3949227Z Cache restored successfully
lint	Run actions-rust-lang/setup-rust-toolchain@v1	2026-09-08T10:01:17.4052695Z Restored from cache key "v0-rust-lint-Linux-x64-09ed3713-eb78a9df" full match: true.
lint	Run actions-rust-lang/setup-rust-toolchain@v1	2026-09-08T10:01:17.4189388Z ##[end-action id=__actions-rust-lang_setup-rust-toolchain.__Swatinem_rust-cache;outcome=success;conclusion=success;duration_ms=3079]
lint	Run awalsh128/cache-apt-pkgs-action@v1	﻿2026-09-08T10:01:17.4333487Z ##[group]Run awalsh128/cache-apt-pkgs-action@v1
lint	Run awalsh128/cache-apt-pkgs-action@v1	2026-09-08T10:01:17.4333830Z with:
lint	Run awalsh128/cache-apt-pkgs-action@v1	2026-09-08T10:01:17.4334077Z   packages: libgit2-dev libssl-dev pkg-config
lint	Run awalsh128/cache-apt-pkgs-action@v1	2026-09-08T10:01:17.4334389Z   execute_install_scripts: false
lint	Run awalsh128/cache-apt-pkgs-action@v1	2026-09-08T10:01:17.4334656Z   empty_packages_behavior: error
lint	Run awalsh128/cache-apt-pkgs-action@v1	2026-09-08T10:01:17.4335082Z   debug: false
lint	Run awalsh128/cache-apt-pkgs-action@v1	2026-09-08T10:01:17.4335280Z env:
lint	Run awalsh128/cache-apt-pkgs-action@v1	2026-09-08T10:01:17.4335465Z   CARGO_INCREMENTAL: 0
lint	Run awalsh128/cache-apt-pkgs-action@v1	2026-09-08T10:01:17.4335693Z   CARGO_PROFILE_DEV_DEBUG: 0
lint	Run awalsh128/cache-apt-pkgs-action@v1	2026-09-08T10:01:17.4335943Z   CARGO_TERM_COLOR: always
lint	Run awalsh128/cache-apt-pkgs-action@v1	2026-09-08T10:01:17.4336186Z   RUST_BACKTRACE: short
lint	Run awalsh128/cache-apt-pkgs-action@v1	2026-09-08T10:01:17.4336418Z   RUSTFLAGS: -D warnings
lint	Run awalsh128/cache-apt-pkgs-action@v1	2026-09-08T10:01:17.4336671Z   CARGO_UNSTABLE_SPARSE_REGISTRY: true
lint	Run awalsh128/cache-apt-pkgs-action@v1	2026-09-08T10:01:17.4336976Z   CARGO_REGISTRIES_CRATES_IO_PROTOCOL: sparse
lint	Run awalsh128/cache-apt-pkgs-action@v1	2026-09-08T10:01:17.4337273Z   CACHE_ON_FAILURE: true
lint	Run awalsh128/cache-apt-pkgs-action@v1	2026-09-08T10:01:17.4337502Z ##[endgroup]
lint	Run awalsh128/cache-apt-pkgs-action@v1	2026-09-08T10:01:17.4344977Z ##[start-action display=Run ${GITHUB_ACTION_PATH}/pre_cache_action.sh \;id=__awalsh128_cache-apt-pkgs-action.pre-cache]
lint	Run awalsh128/cache-apt-pkgs-action@v1	2026-09-08T10:01:17.4359073Z ##[group]Run ${GITHUB_ACTION_PATH}/pre_cache_action.sh \
lint	Run awalsh128/cache-apt-pkgs-action@v1	2026-09-08T10:01:17.4359496Z ^[[36;1m${GITHUB_ACTION_PATH}/pre_cache_action.sh \^[[0m
lint	Run awalsh128/cache-apt-pkgs-action@v1	2026-09-08T10:01:17.4359820Z ^[[36;1m  ~/cache-apt-pkgs \^[[0m
lint	Run awalsh128/cache-apt-pkgs-action@v1	2026-09-08T10:01:17.4360087Z ^[[36;1m  "$VERSION" \^[[0m
lint	Run awalsh128/cache-apt-pkgs-action@v1	2026-09-08T10:01:17.4360354Z ^[[36;1m  "$EXEC_INSTALL_SCRIPTS" \^[[0m
lint	Run awalsh128/cache-apt-pkgs-action@v1	2026-09-08T10:01:17.4360873Z ^[[36;1m  "$DEBUG" \^[[0m
lint	Run awalsh128/cache-apt-pkgs-action@v1	2026-09-08T10:01:17.4361127Z ^[[36;1m  "$ADD_REPOSITORY" \^[[0m
lint	Run awalsh128/cache-apt-pkgs-action@v1	2026-09-08T10:01:17.4361386Z ^[[36;1m  "$PACKAGES"^[[0m
lint	Run awalsh128/cache-apt-pkgs-action@v1	2026-09-08T10:01:17.4361682Z ^[[36;1mif [ -f ~/cache-apt-pkgs/cache_key.md5 ]; then^[[0m
lint	Run awalsh128/cache-apt-pkgs-action@v1	2026-09-08T10:01:17.4362118Z ^[[36;1m  echo "CACHE_KEY=$(cat ~/cache-apt-pkgs/cache_key.md5)" >> $GITHUB_ENV^[[0m
lint	Run awalsh128/cache-apt-pkgs-action@v1	2026-09-08T10:01:17.4362502Z ^[[36;1melse^[[0m
lint	Run awalsh128/cache-apt-pkgs-action@v1	2026-09-08T10:01:17.4362732Z ^[[36;1m  echo "CACHE_KEY=" >> $GITHUB_ENV^[[0m
lint	Run awalsh128/cache-apt-pkgs-action@v1	2026-09-08T10:01:17.4363014Z ^[[36;1mfi^[[0m
lint	Run awalsh128/cache-apt-pkgs-action@v1	2026-09-08T10:01:17.4399065Z shell: /usr/bin/bash --noprofile --norc -e -o pipefail {0}
lint	Run awalsh128/cache-apt-pkgs-action@v1	2026-09-08T10:01:17.4399414Z env:
lint	Run awalsh128/cache-apt-pkgs-action@v1	2026-09-08T10:01:17.4399622Z   CARGO_INCREMENTAL: 0
lint	Run awalsh128/cache-apt-pkgs-action@v1	2026-09-08T10:01:17.4399862Z   CARGO_PROFILE_DEV_DEBUG: 0
lint	Run awalsh128/cache-apt-pkgs-action@v1	2026-09-08T10:01:17.4400103Z   CARGO_TERM_COLOR: always
lint	Run awalsh128/cache-apt-pkgs-action@v1	2026-09-08T10:01:17.4400335Z   RUST_BACKTRACE: short
lint	Run awalsh128/cache-apt-pkgs-action@v1	2026-09-08T10:01:17.4400563Z   RUSTFLAGS: -D warnings
lint	Run awalsh128/cache-apt-pkgs-action@v1	2026-09-08T10:01:17.4401041Z   CARGO_UNSTABLE_SPARSE_REGISTRY: true
lint	Run awalsh128/cache-apt-pkgs-action@v1	2026-09-08T10:01:17.4401349Z   CARGO_REGISTRIES_CRATES_IO_PROTOCOL: sparse
lint	Run awalsh128/cache-apt-pkgs-action@v1	2026-09-08T10:01:17.4401650Z   CACHE_ON_FAILURE: true
lint	Run awalsh128/cache-apt-pkgs-action@v1	2026-09-08T10:01:17.4401873Z   VERSION:
lint	Run awalsh128/cache-apt-pkgs-action@v1	2026-09-08T10:01:17.4402073Z   EXEC_INSTALL_SCRIPTS: false
lint	Run awalsh128/cache-apt-pkgs-action@v1	2026-09-08T10:01:17.4402334Z   EMPTY_PACKAGES_BEHAVIOR: error
lint	Run awalsh128/cache-apt-pkgs-action@v1	2026-09-08T10:01:17.4402575Z   DEBUG: false
lint	Run awalsh128/cache-apt-pkgs-action@v1	2026-09-08T10:01:17.4402773Z   ADD_REPOSITORY:
lint	Run awalsh128/cache-apt-pkgs-action@v1	2026-09-08T10:01:17.4403016Z   PACKAGES: libgit2-dev libssl-dev pkg-config
lint	Run awalsh128/cache-apt-pkgs-action@v1	2026-09-08T10:01:17.4403306Z ##[endgroup]
lint	Run awalsh128/cache-apt-pkgs-action@v1	2026-09-08T10:01:17.5015083Z Normalizing package list...
lint	Run awalsh128/cache-apt-pkgs-action@v1	2026-09-08T10:01:20.2094093Z done
lint	Run awalsh128/cache-apt-pkgs-action@v1	2026-09-08T10:01:20.2110470Z Validating action arguments (version='', packages='libgit2-dev=1.7.2+ds-1ubuntu3.1 libssl-dev=3.0.13-0ubuntu3.15 pkg-config=1.8.1-2build1')...
lint	Run awalsh128/cache-apt-pkgs-action@v1	2026-09-08T10:01:20.2124882Z done
lint	Run awalsh128/cache-apt-pkgs-action@v1	2026-09-08T10:01:20.2125109Z
lint	Run awalsh128/cache-apt-pkgs-action@v1	2026-09-08T10:01:20.2125288Z Creating cache key...
lint	Run awalsh128/cache-apt-pkgs-action@v1	2026-09-08T10:01:20.2189687Z - CPU architecture is 'x86_64'.
lint	Run awalsh128/cache-apt-pkgs-action@v1	2026-09-08T10:01:20.2191008Z - Value to hash is 'libgit2-dev=1.7.2+ds-1ubuntu3.1 libssl-dev=3.0.13-0ubuntu3.15 pkg-config=1.8.1-2build1 @  3'.
lint	Run awalsh128/cache-apt-pkgs-action@v1	2026-09-08T10:01:20.2287035Z - Value hashed as 'f383ff6fc98053745e76aa2f6d3abfb7'.
lint	Run awalsh128/cache-apt-pkgs-action@v1	2026-09-08T10:01:20.2287581Z done
lint	Run awalsh128/cache-apt-pkgs-action@v1	2026-09-08T10:01:20.2287991Z Hash value written to /home/runner/cache-apt-pkgs/cache_key.md5
lint	Run awalsh128/cache-apt-pkgs-action@v1	2026-09-08T10:01:20.2311552Z ##[end-action id=__awalsh128_cache-apt-pkgs-action.pre-cache;outcome=success;conclusion=success;duration_ms=2796]
lint	Run awalsh128/cache-apt-pkgs-action@v1	2026-09-08T10:01:20.2314991Z ##[start-action display=Run actions/cache/restore@55cc8345863c7cc4c66a329aec7e433d2d1c52a9;id=__awalsh128_cache-apt-pkgs-action.load-cache]
lint	Run awalsh128/cache-apt-pkgs-action@v1	2026-09-08T10:01:20.2350318Z ##[group]Run actions/cache/restore@55cc8345863c7cc4c66a329aec7e433d2d1c52a9
lint	Run awalsh128/cache-apt-pkgs-action@v1	2026-09-08T10:01:20.2351253Z with:
lint	Run awalsh128/cache-apt-pkgs-action@v1	2026-09-08T10:01:20.2351468Z   path: ~/cache-apt-pkgs
lint	Run awalsh128/cache-apt-pkgs-action@v1	2026-09-08T10:01:20.2351749Z   key: cache-apt-pkgs_f383ff6fc98053745e76aa2f6d3abfb7
lint	Run awalsh128/cache-apt-pkgs-action@v1	2026-09-08T10:01:20.2352080Z   enableCrossOsArchive: false
lint	Run awalsh128/cache-apt-pkgs-action@v1	2026-09-08T10:01:20.2352336Z   fail-on-cache-miss: false
lint	Run awalsh128/cache-apt-pkgs-action@v1	2026-09-08T10:01:20.2352732Z   lookup-only: false
lint	Run awalsh128/cache-apt-pkgs-action@v1	2026-09-08T10:01:20.2352940Z env:
lint	Run awalsh128/cache-apt-pkgs-action@v1	2026-09-08T10:01:20.2353135Z   CARGO_INCREMENTAL: 0
lint	Run awalsh128/cache-apt-pkgs-action@v1	2026-09-08T10:01:20.2353358Z   CARGO_PROFILE_DEV_DEBUG: 0
lint	Run awalsh128/cache-apt-pkgs-action@v1	2026-09-08T10:01:20.2353598Z   CARGO_TERM_COLOR: always
lint	Run awalsh128/cache-apt-pkgs-action@v1	2026-09-08T10:01:20.2353825Z   RUST_BACKTRACE: short
lint	Run awalsh128/cache-apt-pkgs-action@v1	2026-09-08T10:01:20.2354070Z   RUSTFLAGS: -D warnings
lint	Run awalsh128/cache-apt-pkgs-action@v1	2026-09-08T10:01:20.2354319Z   CARGO_UNSTABLE_SPARSE_REGISTRY: true
lint	Run awalsh128/cache-apt-pkgs-action@v1	2026-09-08T10:01:20.2354618Z   CARGO_REGISTRIES_CRATES_IO_PROTOCOL: sparse
lint	Run awalsh128/cache-apt-pkgs-action@v1	2026-09-08T10:01:20.2354915Z   CACHE_ON_FAILURE: true
lint	Run awalsh128/cache-apt-pkgs-action@v1	2026-09-08T10:01:20.2355162Z   CACHE_KEY: f383ff6fc98053745e76aa2f6d3abfb7
lint	Run awalsh128/cache-apt-pkgs-action@v1	2026-09-08T10:01:20.2355436Z ##[endgroup]
lint	Run awalsh128/cache-apt-pkgs-action@v1	2026-09-08T10:01:20.4191642Z Cache hit for: cache-apt-pkgs_f383ff6fc98053745e76aa2f6d3abfb7
lint	Run awalsh128/cache-apt-pkgs-action@v1	2026-09-08T10:01:20.5646791Z Received 2668034 of 2668034 (100.0%), 27.7 MBs/sec
lint	Run awalsh128/cache-apt-pkgs-action@v1	2026-09-08T10:01:20.5647394Z Cache Size: ~3 MB (2668034 B)
lint	Run awalsh128/cache-apt-pkgs-action@v1	2026-09-08T10:01:20.5673819Z [command]/usr/bin/tar -xf /home/runner/work/_temp/b4d49ee9-16e1-4d6d-8e1e-4259f251b91f/cache.tzst -P -C /home/runner/work/vig/vig --use-compress-program unzstd
lint	Run awalsh128/cache-apt-pkgs-action@v1	2026-09-08T10:01:20.5865014Z Cache restored successfully
lint	Run awalsh128/cache-apt-pkgs-action@v1	2026-09-08T10:01:20.5942745Z Cache restored from key: cache-apt-pkgs_f383ff6fc98053745e76aa2f6d3abfb7
lint	Run awalsh128/cache-apt-pkgs-action@v1	2026-09-08T10:01:20.6012597Z ##[end-action id=__awalsh128_cache-apt-pkgs-action.load-cache;outcome=success;conclusion=success;duration_ms=369]
lint	Run awalsh128/cache-apt-pkgs-action@v1	2026-09-08T10:01:20.6019584Z ##[start-action display=Run ${GITHUB_ACTION_PATH}/post_cache_action.sh \;id=__awalsh128_cache-apt-pkgs-action.post-cache]
lint	Run awalsh128/cache-apt-pkgs-action@v1	2026-09-08T10:01:20.6048208Z ##[group]Run ${GITHUB_ACTION_PATH}/post_cache_action.sh \
lint	Run awalsh128/cache-apt-pkgs-action@v1	2026-09-08T10:01:20.6048956Z ^[[36;1m${GITHUB_ACTION_PATH}/post_cache_action.sh \^[[0m
lint	Run awalsh128/cache-apt-pkgs-action@v1	2026-09-08T10:01:20.6049657Z ^[[36;1m  ~/cache-apt-pkgs \^[[0m
lint	Run awalsh128/cache-apt-pkgs-action@v1	2026-09-08T10:01:20.6050173Z ^[[36;1m  / \^[[0m
lint	Run awalsh128/cache-apt-pkgs-action@v1	2026-09-08T10:01:20.6050599Z ^[[36;1m  "$CACHE_HIT" \^[[0m
lint	Run awalsh128/cache-apt-pkgs-action@v1	2026-09-08T10:01:20.6051291Z ^[[36;1m  "$EXEC_INSTALL_SCRIPTS" \^[[0m
lint	Run awalsh128/cache-apt-pkgs-action@v1	2026-09-08T10:01:20.6051802Z ^[[36;1m  "$DEBUG" \^[[0m
lint	Run awalsh128/cache-apt-pkgs-action@v1	2026-09-08T10:01:20.6052234Z ^[[36;1m  "$ADD_REPOSITORY" \^[[0m
lint	Run awalsh128/cache-apt-pkgs-action@v1	2026-09-08T10:01:20.6052773Z ^[[36;1m  "$PACKAGES"^[[0m
lint	Run awalsh128/cache-apt-pkgs-action@v1	2026-09-08T10:01:20.6053684Z ^[[36;1mfunction create_list { local list=$(cat ~/cache-apt-pkgs/manifest_${1}.log | tr '\n' ','); echo ${list:0:-1}; };^[[0m
lint	Run awalsh128/cache-apt-pkgs-action@v1	2026-09-08T10:01:20.6054936Z ^[[36;1mecho "package-version-list=$(create_list main)" >> $GITHUB_OUTPUT^[[0m
lint	Run awalsh128/cache-apt-pkgs-action@v1	2026-09-08T10:01:20.6055928Z ^[[36;1mecho "all-package-version-list=$(create_list all)" >> $GITHUB_OUTPUT^[[0m
lint	Run awalsh128/cache-apt-pkgs-action@v1	2026-09-08T10:01:20.6107739Z shell: /usr/bin/bash --noprofile --norc -e -o pipefail {0}
lint	Run awalsh128/cache-apt-pkgs-action@v1	2026-09-08T10:01:20.6108117Z env:
lint	Run awalsh128/cache-apt-pkgs-action@v1	2026-09-08T10:01:20.6108319Z   CARGO_INCREMENTAL: 0
lint	Run awalsh128/cache-apt-pkgs-action@v1	2026-09-08T10:01:20.6108562Z   CARGO_PROFILE_DEV_DEBUG: 0
lint	Run awalsh128/cache-apt-pkgs-action@v1	2026-09-08T10:01:20.6108812Z   CARGO_TERM_COLOR: always
lint	Run awalsh128/cache-apt-pkgs-action@v1	2026-09-08T10:01:20.6109074Z   RUST_BACKTRACE: short
lint	Run awalsh128/cache-apt-pkgs-action@v1	2026-09-08T10:01:20.6109334Z   RUSTFLAGS: -D warnings
lint	Run awalsh128/cache-apt-pkgs-action@v1	2026-09-08T10:01:20.6109595Z   CARGO_UNSTABLE_SPARSE_REGISTRY: true
lint	Run awalsh128/cache-apt-pkgs-action@v1	2026-09-08T10:01:20.6109908Z   CARGO_REGISTRIES_CRATES_IO_PROTOCOL: sparse
lint	Run awalsh128/cache-apt-pkgs-action@v1	2026-09-08T10:01:20.6110205Z   CACHE_ON_FAILURE: true
lint	Run awalsh128/cache-apt-pkgs-action@v1	2026-09-08T10:01:20.6110471Z   CACHE_KEY: f383ff6fc98053745e76aa2f6d3abfb7
lint	Run awalsh128/cache-apt-pkgs-action@v1	2026-09-08T10:01:20.6110977Z   CACHE_HIT: true
lint	Run awalsh128/cache-apt-pkgs-action@v1	2026-09-08T10:01:20.6111201Z   EXEC_INSTALL_SCRIPTS: false
lint	Run awalsh128/cache-apt-pkgs-action@v1	2026-09-08T10:01:20.6111448Z   DEBUG: false
lint	Run awalsh128/cache-apt-pkgs-action@v1	2026-09-08T10:01:20.6111654Z   ADD_REPOSITORY:
lint	Run awalsh128/cache-apt-pkgs-action@v1	2026-09-08T10:01:20.6111905Z   PACKAGES: libgit2-dev libssl-dev pkg-config
lint	Run awalsh128/cache-apt-pkgs-action@v1	2026-09-08T10:01:20.6112197Z ##[endgroup]
lint	Run awalsh128/cache-apt-pkgs-action@v1	2026-09-08T10:01:20.6299334Z Found 9 files in the cache.
lint	Run awalsh128/cache-apt-pkgs-action@v1	2026-09-08T10:01:20.6311833Z - cache_key.md5
lint	Run awalsh128/cache-apt-pkgs-action@v1	2026-09-08T10:01:20.6324384Z - install.log
lint	Run awalsh128/cache-apt-pkgs-action@v1	2026-09-08T10:01:20.6336451Z - libgit2-1.7=1.7.2+ds-1ubuntu3.1.tar
lint	Run awalsh128/cache-apt-pkgs-action@v1	2026-09-08T10:01:20.6348705Z - libgit2-dev=1.7.2+ds-1ubuntu3.1.tar
lint	Run awalsh128/cache-apt-pkgs-action@v1	2026-09-08T10:01:20.6360860Z - libhttp-parser-dev=2.9.4-6build1.tar
lint	Run awalsh128/cache-apt-pkgs-action@v1	2026-09-08T10:01:20.6372971Z - libhttp-parser2.9=2.9.4-6build1.tar
lint	Run awalsh128/cache-apt-pkgs-action@v1	2026-09-08T10:01:20.6385047Z - libssh2-1-dev=1.11.0-4.1ubuntu0.24.04.3.tar
lint	Run awalsh128/cache-apt-pkgs-action@v1	2026-09-08T10:01:20.6397041Z - manifest_all.log
lint	Run awalsh128/cache-apt-pkgs-action@v1	2026-09-08T10:01:20.6409239Z - manifest_main.log
lint	Run awalsh128/cache-apt-pkgs-action@v1	2026-09-08T10:01:20.6409633Z
lint	Run awalsh128/cache-apt-pkgs-action@v1	2026-09-08T10:01:20.6410212Z Reading from main requested packages manifest...
lint	Run awalsh128/cache-apt-pkgs-action@v1	2026-09-08T10:01:20.6443623Z - libgit2-dev=1.7.2+ds-1ubuntu3.1
lint	Run awalsh128/cache-apt-pkgs-action@v1	2026-09-08T10:01:20.6460101Z - libssl-dev=3.0.13-0ubuntu3.15
lint	Run awalsh128/cache-apt-pkgs-action@v1	2026-09-08T10:01:20.6476627Z - pkg-config=1.8.1-2build1
lint	Run awalsh128/cache-apt-pkgs-action@v1	2026-09-08T10:01:20.6477412Z done
lint	Run awalsh128/cache-apt-pkgs-action@v1	2026-09-08T10:01:20.6494335Z
lint	Run awalsh128/cache-apt-pkgs-action@v1	2026-09-08T10:01:20.6521964Z Restoring 5 packages from cache...
lint	Run awalsh128/cache-apt-pkgs-action@v1	2026-09-08T10:01:20.6536795Z - libgit2-1.7=1.7.2+ds-1ubuntu3.1.tar restoring...
lint	Run awalsh128/cache-apt-pkgs-action@v1	2026-09-08T10:01:20.6631678Z   done
lint	Run awalsh128/cache-apt-pkgs-action@v1	2026-09-08T10:01:20.6644460Z - libgit2-dev=1.7.2+ds-1ubuntu3.1.tar restoring...
lint	Run awalsh128/cache-apt-pkgs-action@v1	2026-09-08T10:01:20.6825521Z   done
lint	Run awalsh128/cache-apt-pkgs-action@v1	2026-09-08T10:01:20.6838173Z - libhttp-parser-dev=2.9.4-6build1.tar restoring...
lint	Run awalsh128/cache-apt-pkgs-action@v1	2026-09-08T10:01:20.6934399Z   done
lint	Run awalsh128/cache-apt-pkgs-action@v1	2026-09-08T10:01:20.6946849Z - libhttp-parser2.9=2.9.4-6build1.tar restoring...
lint	Run awalsh128/cache-apt-pkgs-action@v1	2026-09-08T10:01:20.7024269Z   done
lint	Run awalsh128/cache-apt-pkgs-action@v1	2026-09-08T10:01:20.7037491Z - libssh2-1-dev=1.11.0-4.1ubuntu0.24.04.3.tar restoring...
lint	Run awalsh128/cache-apt-pkgs-action@v1	2026-09-08T10:01:20.7320130Z   done
lint	Run awalsh128/cache-apt-pkgs-action@v1	2026-09-08T10:01:20.7320596Z done
lint	Run awalsh128/cache-apt-pkgs-action@v1	2026-09-08T10:01:20.7323476Z
lint	Run awalsh128/cache-apt-pkgs-action@v1	2026-09-08T10:01:20.7376108Z ##[end-action id=__awalsh128_cache-apt-pkgs-action.post-cache;outcome=success;conclusion=success;duration_ms=135]
lint	Run awalsh128/cache-apt-pkgs-action@v1	2026-09-08T10:01:20.7379404Z ##[start-action display=Run actions/upload-artifact@bbbca2ddaa5d8feaa63e36b76fdaad77386f024f;id=__awalsh128_cache-apt-pkgs-action.upload-logs]
lint	Run awalsh128/cache-apt-pkgs-action@v1	2026-09-08T10:01:20.7385561Z ##[end-action id=__awalsh128_cache-apt-pkgs-action.upload-logs;outcome=skipped;conclusion=skipped;duration_ms=0]
lint	Run awalsh128/cache-apt-pkgs-action@v1	2026-09-08T10:01:20.7387996Z ##[start-action display=Run actions/cache/save@55cc8345863c7cc4c66a329aec7e433d2d1c52a9;id=__awalsh128_cache-apt-pkgs-action.save-cache]
lint	Run awalsh128/cache-apt-pkgs-action@v1	2026-09-08T10:01:20.7397166Z ##[end-action id=__awalsh128_cache-apt-pkgs-action.save-cache;outcome=skipped;conclusion=skipped;duration_ms=0]
lint	Run awalsh128/cache-apt-pkgs-action@v1	2026-09-08T10:01:20.7399665Z ##[start-action display=Run rm -rf ~/cache-apt-pkgs;id=__awalsh128_cache-apt-pkgs-action.clean-cache]
lint	Run awalsh128/cache-apt-pkgs-action@v1	2026-09-08T10:01:20.7415592Z ##[group]Run rm -rf ~/cache-apt-pkgs
lint	Run awalsh128/cache-apt-pkgs-action@v1	2026-09-08T10:01:20.7415962Z ^[[36;1mrm -rf ~/cache-apt-pkgs^[[0m
lint	Run awalsh128/cache-apt-pkgs-action@v1	2026-09-08T10:01:20.7451491Z shell: /usr/bin/bash --noprofile --norc -e -o pipefail {0}
lint	Run awalsh128/cache-apt-pkgs-action@v1	2026-09-08T10:01:20.7451858Z env:
lint	Run awalsh128/cache-apt-pkgs-action@v1	2026-09-08T10:01:20.7452065Z   CARGO_INCREMENTAL: 0
lint	Run awalsh128/cache-apt-pkgs-action@v1	2026-09-08T10:01:20.7452308Z   CARGO_PROFILE_DEV_DEBUG: 0
lint	Run awalsh128/cache-apt-pkgs-action@v1	2026-09-08T10:01:20.7452575Z   CARGO_TERM_COLOR: always
lint	Run awalsh128/cache-apt-pkgs-action@v1	2026-09-08T10:01:20.7452819Z   RUST_BACKTRACE: short
lint	Run awalsh128/cache-apt-pkgs-action@v1	2026-09-08T10:01:20.7453055Z   RUSTFLAGS: -D warnings
lint	Run awalsh128/cache-apt-pkgs-action@v1	2026-09-08T10:01:20.7453314Z   CARGO_UNSTABLE_SPARSE_REGISTRY: true
lint	Run awalsh128/cache-apt-pkgs-action@v1	2026-09-08T10:01:20.7453624Z   CARGO_REGISTRIES_CRATES_IO_PROTOCOL: sparse
lint	Run awalsh128/cache-apt-pkgs-action@v1	2026-09-08T10:01:20.7453931Z   CACHE_ON_FAILURE: true
lint	Run awalsh128/cache-apt-pkgs-action@v1	2026-09-08T10:01:20.7454189Z   CACHE_KEY: f383ff6fc98053745e76aa2f6d3abfb7
lint	Run awalsh128/cache-apt-pkgs-action@v1	2026-09-08T10:01:20.7454473Z ##[endgroup]
lint	Run awalsh128/cache-apt-pkgs-action@v1	2026-09-08T10:01:20.7536517Z ##[end-action id=__awalsh128_cache-apt-pkgs-action.clean-cache;outcome=success;conclusion=success;duration_ms=13]
lint	Run j178/prek-action@v1	﻿2026-09-08T10:01:20.7652376Z ##[group]Run j178/prek-action@v1
lint	Run j178/prek-action@v1	2026-09-08T10:01:20.7652672Z with:
lint	Run j178/prek-action@v1	2026-09-08T10:01:20.7652887Z   extra-args: --all-files
lint	Run j178/prek-action@v1	2026-09-08T10:01:20.7653144Z   install-only: false
lint	Run j178/prek-action@v1	2026-09-08T10:01:20.7653368Z   prek-version: latest
lint	Run j178/prek-action@v1	2026-09-08T10:01:20.7653596Z   working-directory: .
lint	Run j178/prek-action@v1	2026-09-08T10:01:20.7655972Z   token: ***
lint	Run j178/prek-action@v1	2026-09-08T10:01:20.7656177Z env:
lint	Run j178/prek-action@v1	2026-09-08T10:01:20.7656367Z   CARGO_INCREMENTAL: 0
lint	Run j178/prek-action@v1	2026-09-08T10:01:20.7656602Z   CARGO_PROFILE_DEV_DEBUG: 0
lint	Run j178/prek-action@v1	2026-09-08T10:01:20.7656857Z   CARGO_TERM_COLOR: always
lint	Run j178/prek-action@v1	2026-09-08T10:01:20.7657098Z   RUST_BACKTRACE: short
lint	Run j178/prek-action@v1	2026-09-08T10:01:20.7657343Z   RUSTFLAGS: -D warnings
lint	Run j178/prek-action@v1	2026-09-08T10:01:20.7657595Z   CARGO_UNSTABLE_SPARSE_REGISTRY: true
lint	Run j178/prek-action@v1	2026-09-08T10:01:20.7657901Z   CARGO_REGISTRIES_CRATES_IO_PROTOCOL: sparse
lint	Run j178/prek-action@v1	2026-09-08T10:01:20.7658207Z   CACHE_ON_FAILURE: true
lint	Run j178/prek-action@v1	2026-09-08T10:01:20.7658466Z   CACHE_KEY: f383ff6fc98053745e76aa2f6d3abfb7
lint	Run j178/prek-action@v1	2026-09-08T10:01:20.7658744Z ##[endgroup]
lint	Run j178/prek-action@v1	2026-09-08T10:01:20.7665465Z ##[start-action display=Resolve version;id=__j178_prek-action.resolve]
lint	Run j178/prek-action@v1	2026-09-08T10:01:20.7679066Z ##[group]Run # Resolve prek version
lint	Run j178/prek-action@v1	2026-09-08T10:01:20.7679410Z ^[[36;1m# Resolve prek version^[[0m
lint	Run j178/prek-action@v1	2026-09-08T10:01:20.7679812Z ^[[36;1m^[[0m
lint	Run j178/prek-action@v1	2026-09-08T10:01:20.7680011Z ^[[36;1mimport os^[[0m
lint	Run j178/prek-action@v1	2026-09-08T10:01:20.7680227Z ^[[36;1mimport json^[[0m
lint	Run j178/prek-action@v1	2026-09-08T10:01:20.7680460Z ^[[36;1mfrom urllib import request^[[0m
lint	Run j178/prek-action@v1	2026-09-08T10:01:20.7681023Z ^[[36;1m^[[0m
lint	Run j178/prek-action@v1	2026-09-08T10:01:20.7681284Z ^[[36;1mprek_version = os.environ['PREK_VERSION']^[[0m
lint	Run j178/prek-action@v1	2026-09-08T10:01:20.7681647Z ^[[36;1mgh_token = os.environ.get('GH_TOKEN', '')^[[0m
lint	Run j178/prek-action@v1	2026-09-08T10:01:20.7681948Z ^[[36;1m^[[0m
lint	Run j178/prek-action@v1	2026-09-08T10:01:20.7682154Z ^[[36;1mif prek_version == 'latest':^[[0m
lint	Run j178/prek-action@v1	2026-09-08T10:01:20.7682552Z ^[[36;1m    url = 'https://api.github.com/repos/j178/prek/releases/latest'^[[0m
lint	Run j178/prek-action@v1	2026-09-08T10:01:20.7683043Z ^[[36;1m    headers = {'Accept': 'application/vnd.github+json'}^[[0m
lint	Run j178/prek-action@v1	2026-09-08T10:01:20.7683385Z ^[[36;1m^[[0m
lint	Run j178/prek-action@v1	2026-09-08T10:01:20.7683585Z ^[[36;1m    if gh_token:^[[0m
lint	Run j178/prek-action@v1	2026-09-08T10:01:20.7683955Z ^[[36;1m        headers['Authorization'] = f'***'^[[0m
lint	Run j178/prek-action@v1	2026-09-08T10:01:20.7684264Z ^[[36;1m^[[0m
lint	Run j178/prek-action@v1	2026-09-08T10:01:20.7684454Z ^[[36;1m    try:^[[0m
lint	Run j178/prek-action@v1	2026-09-08T10:01:20.7684732Z ^[[36;1m        req = request.Request(url, headers=headers)^[[0m
lint	Run j178/prek-action@v1	2026-09-08T10:01:20.7685106Z ^[[36;1m        with request.urlopen(req) as response:^[[0m
lint	Run j178/prek-action@v1	2026-09-08T10:01:20.7685467Z ^[[36;1m            data = json.loads(response.read())^[[0m
lint	Run j178/prek-action@v1	2026-09-08T10:01:20.7685808Z ^[[36;1m            prek_version = data['tag_name']^[[0m
lint	Run j178/prek-action@v1	2026-09-08T10:01:20.7686134Z ^[[36;1m    except Exception as e:^[[0m
lint	Run j178/prek-action@v1	2026-09-08T10:01:20.7686414Z ^[[36;1m        if gh_token:^[[0m
lint	Run j178/prek-action@v1	2026-09-08T10:01:20.7686909Z ^[[36;1m            print(f'::warning::Authenticated request failed: {e}, falling back to unauthenticated request')^[[0m
lint	Run j178/prek-action@v1	2026-09-08T10:01:20.7687457Z ^[[36;1m            headers.pop('Authorization', None)^[[0m
lint	Run j178/prek-action@v1	2026-09-08T10:01:20.7687901Z ^[[36;1m            req = request.Request(url, headers=headers)^[[0m
lint	Run j178/prek-action@v1	2026-09-08T10:01:20.7688299Z ^[[36;1m            with request.urlopen(req) as response:^[[0m
lint	Run j178/prek-action@v1	2026-09-08T10:01:20.7688657Z ^[[36;1m                data = json.loads(response.read())^[[0m
lint	Run j178/prek-action@v1	2026-09-08T10:01:20.7689007Z ^[[36;1m                prek_version = data['tag_name']^[[0m
lint	Run j178/prek-action@v1	2026-09-08T10:01:20.7689307Z ^[[36;1m        else:^[[0m
lint	Run j178/prek-action@v1	2026-09-08T10:01:20.7689553Z ^[[36;1m            raise^[[0m
lint	Run j178/prek-action@v1	2026-09-08T10:01:20.7689779Z ^[[36;1m^[[0m
lint	Run j178/prek-action@v1	2026-09-08T10:01:20.7689998Z ^[[36;1mversion = prek_version.lstrip('v')^[[0m
lint	Run j178/prek-action@v1	2026-09-08T10:01:20.7690307Z ^[[36;1mversion = f'v{version}'^[[0m
lint	Run j178/prek-action@v1	2026-09-08T10:01:20.7690555Z ^[[36;1m^[[0m
lint	Run j178/prek-action@v1	2026-09-08T10:01:20.7691067Z ^[[36;1mwith open(os.environ['GITHUB_OUTPUT'], 'a') as f:^[[0m
lint	Run j178/prek-action@v1	2026-09-08T10:01:20.7691434Z ^[[36;1m    f.write(f'version={version}\n')^[[0m
lint	Run j178/prek-action@v1	2026-09-08T10:01:20.8044686Z shell: /usr/bin/python {0}
lint	Run j178/prek-action@v1	2026-09-08T10:01:20.8045061Z env:
lint	Run j178/prek-action@v1	2026-09-08T10:01:20.8045337Z   CARGO_INCREMENTAL: 0
lint	Run j178/prek-action@v1	2026-09-08T10:01:20.8045672Z   CARGO_PROFILE_DEV_DEBUG: 0
lint	Run j178/prek-action@v1	2026-09-08T10:01:20.8046026Z   CARGO_TERM_COLOR: always
lint	Run j178/prek-action@v1	2026-09-08T10:01:20.8046351Z   RUST_BACKTRACE: short
lint	Run j178/prek-action@v1	2026-09-08T10:01:20.8046677Z   RUSTFLAGS: -D warnings
lint	Run j178/prek-action@v1	2026-09-08T10:01:20.8047297Z   CARGO_UNSTABLE_SPARSE_REGISTRY: true
lint	Run j178/prek-action@v1	2026-09-08T10:01:20.8047718Z   CARGO_REGISTRIES_CRATES_IO_PROTOCOL: sparse
lint	Run j178/prek-action@v1	2026-09-08T10:01:20.8048142Z   CACHE_ON_FAILURE: true
lint	Run j178/prek-action@v1	2026-09-08T10:01:20.8048489Z   CACHE_KEY: f383ff6fc98053745e76aa2f6d3abfb7
lint	Run j178/prek-action@v1	2026-09-08T10:01:20.8048878Z   PREK_VERSION: latest
lint	Run j178/prek-action@v1	2026-09-08T10:01:20.8052570Z   GH_TOKEN: ***
lint	Run j178/prek-action@v1	2026-09-08T10:01:20.8052840Z ##[endgroup]
lint	Run j178/prek-action@v1	2026-09-08T10:01:21.0679046Z ##[end-action id=__j178_prek-action.resolve;outcome=success;conclusion=success;duration_ms=301]
lint	Run j178/prek-action@v1	2026-09-08T10:01:21.0682931Z ##[start-action display=Install prek;id=__j178_prek-action.__run]
lint	Run j178/prek-action@v1	2026-09-08T10:01:21.0704914Z ##[group]Run # Installing prek
lint	Run j178/prek-action@v1	2026-09-08T10:01:21.0705217Z ^[[36;1m# Installing prek^[[0m
lint	Run j178/prek-action@v1	2026-09-08T10:01:21.0705454Z ^[[36;1m^[[0m
lint	Run j178/prek-action@v1	2026-09-08T10:01:21.0705718Z ^[[36;1mecho "::group::Installing prek ${PREK_VERSION}"^[[0m
lint	Run j178/prek-action@v1	2026-09-08T10:01:21.0706074Z ^[[36;1mexport PREK_UNMANAGED_INSTALL=1^[[0m
lint	Run j178/prek-action@v1	2026-09-08T10:01:21.0706520Z ^[[36;1mexport PREK_INSTALL_DIR="$RUNNER_TOOL_CACHE/prek/${PREK_VERSION}/$RUNNER_ARCH"^[[0m
lint	Run j178/prek-action@v1	2026-09-08T10:01:21.0706996Z ^[[36;1mmkdir -p "$PREK_INSTALL_DIR"^[[0m
lint	Run j178/prek-action@v1	2026-09-08T10:01:21.0707791Z ^[[36;1mcurl --proto '=https' --tlsv1.2 -LsSf https://github.com/j178/prek/releases/download/${PREK_VERSION}/prek-installer.sh | sh^[[0m
lint	Run j178/prek-action@v1	2026-09-08T10:01:21.0708427Z ^[[36;1mecho "$PREK_INSTALL_DIR" >> $GITHUB_PATH^[[0m
lint	Run j178/prek-action@v1	2026-09-08T10:01:21.0708740Z ^[[36;1mecho "::endgroup::"^[[0m
lint	Run j178/prek-action@v1	2026-09-08T10:01:21.0744041Z shell: /usr/bin/bash --noprofile --norc -e -o pipefail {0}
lint	Run j178/prek-action@v1	2026-09-08T10:01:21.0744408Z env:
lint	Run j178/prek-action@v1	2026-09-08T10:01:21.0744613Z   CARGO_INCREMENTAL: 0
lint	Run j178/prek-action@v1	2026-09-08T10:01:21.0744863Z   CARGO_PROFILE_DEV_DEBUG: 0
lint	Run j178/prek-action@v1	2026-09-08T10:01:21.0745140Z   CARGO_TERM_COLOR: always
lint	Run j178/prek-action@v1	2026-09-08T10:01:21.0745384Z   RUST_BACKTRACE: short
lint	Run j178/prek-action@v1	2026-09-08T10:01:21.0745616Z   RUSTFLAGS: -D warnings
lint	Run j178/prek-action@v1	2026-09-08T10:01:21.0745864Z   CARGO_UNSTABLE_SPARSE_REGISTRY: true
lint	Run j178/prek-action@v1	2026-09-08T10:01:21.0746182Z   CARGO_REGISTRIES_CRATES_IO_PROTOCOL: sparse
lint	Run j178/prek-action@v1	2026-09-08T10:01:21.0746481Z   CACHE_ON_FAILURE: true
lint	Run j178/prek-action@v1	2026-09-08T10:01:21.0746749Z   CACHE_KEY: f383ff6fc98053745e76aa2f6d3abfb7
lint	Run j178/prek-action@v1	2026-09-08T10:01:21.0747037Z   PREK_VERSION: v0.5.2
lint	Run j178/prek-action@v1	2026-09-08T10:01:21.0747268Z ##[endgroup]
lint	Run j178/prek-action@v1	2026-09-08T10:01:21.0801455Z ##[group]Installing prek v0.5.2
lint	Run j178/prek-action@v1	2026-09-08T10:01:21.2895755Z downloading prek 0.5.2 x86_64-unknown-linux-gnu
lint	Run j178/prek-action@v1	2026-09-08T10:01:21.9142298Z no checksums to verify
lint	Run j178/prek-action@v1	2026-09-08T10:01:22.0262345Z installing to /opt/hostedtoolcache/prek/v0.5.2/X64
lint	Run j178/prek-action@v1	2026-09-08T10:01:22.0321791Z   prek
lint	Run j178/prek-action@v1	2026-09-08T10:01:22.0344739Z everything's installed!
lint	Run j178/prek-action@v1	2026-09-08T10:01:22.0371837Z ##[endgroup]
lint	Run j178/prek-action@v1	2026-09-08T10:01:22.0380099Z ##[end-action id=__j178_prek-action.__run;outcome=success;conclusion=success;duration_ms=969]
lint	Run j178/prek-action@v1	2026-09-08T10:01:22.0383629Z ##[start-action display=Install prek (Windows);id=__j178_prek-action.__run_2]
lint	Run j178/prek-action@v1	2026-09-08T10:01:22.0387025Z ##[end-action id=__j178_prek-action.__run_2;outcome=skipped;conclusion=skipped;duration_ms=0]
lint	Run j178/prek-action@v1	2026-09-08T10:01:22.0388871Z ##[start-action display=Setup cache;id=__j178_prek-action.__actions_cache]
lint	Run j178/prek-action@v1	2026-09-08T10:01:22.4215626Z ##[group]Run actions/cache@8b402f58fbc84540c8b491a91e594a4576fec3d7
lint	Run j178/prek-action@v1	2026-09-08T10:01:22.4216090Z with:
lint	Run j178/prek-action@v1	2026-09-08T10:01:22.4216371Z   path: ~/.cache/prek
lint	Run j178/prek-action@v1	~\AppData\Local\prek
lint	Run j178/prek-action@v1
lint	Run j178/prek-action@v1	2026-09-08T10:01:22.4216929Z   key: prek-v1|Linux|X64||b243a61f203870d26f96710293093db5b424c9a6124c03bafc37741f1634147a
lint	Run j178/prek-action@v1	2026-09-08T10:01:22.4217484Z   enableCrossOsArchive: false
lint	Run j178/prek-action@v1	2026-09-08T10:01:22.4217803Z   fail-on-cache-miss: false
lint	Run j178/prek-action@v1	2026-09-08T10:01:22.4218092Z   lookup-only: false
lint	Run j178/prek-action@v1	2026-09-08T10:01:22.4218356Z   save-always: false
lint	Run j178/prek-action@v1	2026-09-08T10:01:22.4218608Z env:
lint	Run j178/prek-action@v1	2026-09-08T10:01:22.4218832Z   CARGO_INCREMENTAL: 0
lint	Run j178/prek-action@v1	2026-09-08T10:01:22.4219111Z   CARGO_PROFILE_DEV_DEBUG: 0
lint	Run j178/prek-action@v1	2026-09-08T10:01:22.4219431Z   CARGO_TERM_COLOR: always
lint	Run j178/prek-action@v1	2026-09-08T10:01:22.4219719Z   RUST_BACKTRACE: short
lint	Run j178/prek-action@v1	2026-09-08T10:01:22.4220007Z   RUSTFLAGS: -D warnings
lint	Run j178/prek-action@v1	2026-09-08T10:01:22.4220306Z   CARGO_UNSTABLE_SPARSE_REGISTRY: true
lint	Run j178/prek-action@v1	2026-09-08T10:01:22.4220866Z   CARGO_REGISTRIES_CRATES_IO_PROTOCOL: sparse
lint	Run j178/prek-action@v1	2026-09-08T10:01:22.4221391Z   CACHE_ON_FAILURE: true
lint	Run j178/prek-action@v1	2026-09-08T10:01:22.4222081Z   CACHE_KEY: f383ff6fc98053745e76aa2f6d3abfb7
lint	Run j178/prek-action@v1	2026-09-08T10:01:22.4222462Z ##[endgroup]
lint	Run j178/prek-action@v1	2026-09-08T10:01:22.6231764Z Cache hit for: prek-v1|Linux|X64||b243a61f203870d26f96710293093db5b424c9a6124c03bafc37741f1634147a
lint	Run j178/prek-action@v1	2026-09-08T10:01:22.7359417Z Received 1098 of 1098 (100.0%), 0.0 MBs/sec
lint	Run j178/prek-action@v1	2026-09-08T10:01:22.7360155Z Cache Size: ~0 MB (1098 B)
lint	Run j178/prek-action@v1	2026-09-08T10:01:22.7392894Z [command]/usr/bin/tar -xf /home/runner/work/_temp/f6225f4b-f06c-44d5-8d61-fd6cded85458/cache.tzst -P -C /home/runner/work/vig/vig --use-compress-program unzstd
lint	Run j178/prek-action@v1	2026-09-08T10:01:22.7450908Z Cache restored successfully
lint	Run j178/prek-action@v1	2026-09-08T10:01:22.7528390Z Cache restored from key: prek-v1|Linux|X64||b243a61f203870d26f96710293093db5b424c9a6124c03bafc37741f1634147a
lint	Run j178/prek-action@v1	2026-09-08T10:01:22.7594626Z ##[end-action id=__j178_prek-action.__actions_cache;outcome=success;conclusion=success;duration_ms=720]
lint	Run j178/prek-action@v1	2026-09-08T10:01:22.7598052Z ##[start-action display=Run prek;id=__j178_prek-action.__run_3]
lint	Run j178/prek-action@v1	2026-09-08T10:01:22.7615754Z ##[group]Run # Running prek
lint	Run j178/prek-action@v1	2026-09-08T10:01:22.7616060Z ^[[36;1m# Running prek^[[0m
lint	Run j178/prek-action@v1	2026-09-08T10:01:22.7616293Z ^[[36;1m^[[0m
lint	Run j178/prek-action@v1	2026-09-08T10:01:22.7616663Z ^[[36;1mimport shlex^[[0m
lint	Run j178/prek-action@v1	2026-09-08T10:01:22.7616890Z ^[[36;1mimport sys^[[0m
lint	Run j178/prek-action@v1	2026-09-08T10:01:22.7617111Z ^[[36;1mimport os^[[0m
lint	Run j178/prek-action@v1	2026-09-08T10:01:22.7617319Z ^[[36;1m^[[0m
lint	Run j178/prek-action@v1	2026-09-08T10:01:22.7617637Z ^[[36;1mcmd = ['prek', 'run', '--show-diff-on-failure', '--color=always']^[[0m
lint	Run j178/prek-action@v1	2026-09-08T10:01:22.7618016Z ^[[36;1m^[[0m
lint	Run j178/prek-action@v1	2026-09-08T10:01:22.7618250Z ^[[36;1mextra_args = os.environ['EXTRA_ARGS']^[[0m
lint	Run j178/prek-action@v1	2026-09-08T10:01:22.7618553Z ^[[36;1mif extra_args:^[[0m
lint	Run j178/prek-action@v1	2026-09-08T10:01:22.7618784Z ^[[36;1m    try:^[[0m
lint	Run j178/prek-action@v1	2026-09-08T10:01:22.7619041Z ^[[36;1m        parsed_args = shlex.split(extra_args)^[[0m
lint	Run j178/prek-action@v1	2026-09-08T10:01:22.7619380Z ^[[36;1m        cmd.extend(parsed_args)^[[0m
lint	Run j178/prek-action@v1	2026-09-08T10:01:22.7619676Z ^[[36;1m    except ValueError as e:^[[0m
lint	Run j178/prek-action@v1	2026-09-08T10:01:22.7620052Z ^[[36;1m        print(f'Error parsing extra-args: {e}', file=sys.stderr)^[[0m
lint	Run j178/prek-action@v1	2026-09-08T10:01:22.7620432Z ^[[36;1m        sys.exit(1)^[[0m
lint	Run j178/prek-action@v1	2026-09-08T10:01:22.7621173Z ^[[36;1m^[[0m
lint	Run j178/prek-action@v1	2026-09-08T10:01:22.7621547Z ^[[36;1mos.execvp(cmd[0], cmd)^[[0m
lint	Run j178/prek-action@v1	2026-09-08T10:01:22.7684969Z shell: /usr/bin/python {0}
lint	Run j178/prek-action@v1	2026-09-08T10:01:22.7685250Z env:
lint	Run j178/prek-action@v1	2026-09-08T10:01:22.7685458Z   CARGO_INCREMENTAL: 0
lint	Run j178/prek-action@v1	2026-09-08T10:01:22.7685709Z   CARGO_PROFILE_DEV_DEBUG: 0
lint	Run j178/prek-action@v1	2026-09-08T10:01:22.7685963Z   CARGO_TERM_COLOR: always
lint	Run j178/prek-action@v1	2026-09-08T10:01:22.7686207Z   RUST_BACKTRACE: short
lint	Run j178/prek-action@v1	2026-09-08T10:01:22.7686454Z   RUSTFLAGS: -D warnings
lint	Run j178/prek-action@v1	2026-09-08T10:01:22.7686704Z   CARGO_UNSTABLE_SPARSE_REGISTRY: true
lint	Run j178/prek-action@v1	2026-09-08T10:01:22.7687017Z   CARGO_REGISTRIES_CRATES_IO_PROTOCOL: sparse
lint	Run j178/prek-action@v1	2026-09-08T10:01:22.7687315Z   CACHE_ON_FAILURE: true
lint	Run j178/prek-action@v1	2026-09-08T10:01:22.7687576Z   CACHE_KEY: f383ff6fc98053745e76aa2f6d3abfb7
lint	Run j178/prek-action@v1	2026-09-08T10:01:22.7687863Z   EXTRA_ARGS: --all-files
lint	Run j178/prek-action@v1	2026-09-08T10:01:22.7688104Z ##[endgroup]
lint	Run j178/prek-action@v1	2026-09-08T10:01:29.9209199Z trim trailing whitespace^[[32m.................................................^[[39m^[[32;7mPassed^[[0m
lint	Run j178/prek-action@v1	2026-09-08T10:01:29.9210570Z fix end of files^[[32m.........................................................^[[39m^[[32;7mPassed^[[0m
lint	Run j178/prek-action@v1	2026-09-08T10:01:29.9211974Z check toml^[[32m...............................................................^[[39m^[[32;7mPassed^[[0m
lint	Run j178/prek-action@v1	2026-09-08T10:01:29.9213036Z check yaml^[[32m...............................................................^[[39m^[[32;7mPassed^[[0m
lint	Run j178/prek-action@v1	2026-09-08T10:01:29.9214127Z check for merge conflicts^[[32m................................................^[[39m^[[32;7mPassed^[[0m
lint	Run j178/prek-action@v1	2026-09-08T10:01:29.9215224Z check for added large files^[[32m..............................................^[[39m^[[32;7mPassed^[[0m
lint	Run j178/prek-action@v1	2026-09-08T10:01:29.9216272Z cargo fmt^[[32m................................................................^[[39m^[[32;7mPassed^[[0m
lint	Run j178/prek-action@v1	2026-09-08T10:01:29.9217341Z cargo clippy^[[32m.............................................................^[[39m^[[32;7mPassed^[[0m
lint	Run j178/prek-action@v1	2026-09-08T10:01:29.9218467Z check gif freshness^[[32m......................................................^[[39m^[[32;7mPassed^[[0m
lint	Run j178/prek-action@v1	2026-09-08T10:01:29.9228877Z ##[end-action id=__j178_prek-action.__run_3;outcome=success;conclusion=success;duration_ms=7163]
lint	Run j178/prek-action@v1	2026-09-08T10:01:29.9231896Z ##[start-action display=Show verbose logs;id=__j178_prek-action.__run_4]
lint	Run j178/prek-action@v1	2026-09-08T10:01:29.9249687Z ##[group]Run # Prek verbose logs
lint	Run j178/prek-action@v1	2026-09-08T10:01:29.9250000Z ^[[36;1m# Prek verbose logs^[[0m
lint	Run j178/prek-action@v1	2026-09-08T10:01:29.9250258Z ^[[36;1m^[[0m
lint	Run j178/prek-action@v1	2026-09-08T10:01:29.9250485Z ^[[36;1mecho "::group::Prek verbose logs"^[[0m
lint	Run j178/prek-action@v1	2026-09-08T10:01:29.9251355Z ^[[36;1mcache_dir="$(prek cache dir --no-log-file 2>/dev/null || echo ~/.cache/prek)"^[[0m
lint	Run j178/prek-action@v1	2026-09-08T10:01:29.9251817Z ^[[36;1mlog="$cache_dir/prek.log"^[[0m
lint	Run j178/prek-action@v1	2026-09-08T10:01:29.9252161Z ^[[36;1mcat "$log" || echo "No prek log file found at $log"^[[0m
lint	Run j178/prek-action@v1	2026-09-08T10:01:29.9252515Z ^[[36;1mecho "::endgroup::"^[[0m
lint	Run j178/prek-action@v1	2026-09-08T10:01:29.9288734Z shell: /usr/bin/bash --noprofile --norc -e -o pipefail {0}
lint	Run j178/prek-action@v1	2026-09-08T10:01:29.9289108Z env:
lint	Run j178/prek-action@v1	2026-09-08T10:01:29.9289311Z   CARGO_INCREMENTAL: 0
lint	Run j178/prek-action@v1	2026-09-08T10:01:29.9289557Z   CARGO_PROFILE_DEV_DEBUG: 0
lint	Run j178/prek-action@v1	2026-09-08T10:01:29.9289823Z   CARGO_TERM_COLOR: always
lint	Run j178/prek-action@v1	2026-09-08T10:01:29.9290062Z   RUST_BACKTRACE: short
lint	Run j178/prek-action@v1	2026-09-08T10:01:29.9290496Z   RUSTFLAGS: -D warnings
lint	Run j178/prek-action@v1	2026-09-08T10:01:29.9291079Z   CARGO_UNSTABLE_SPARSE_REGISTRY: true
lint	Run j178/prek-action@v1	2026-09-08T10:01:29.9291404Z   CARGO_REGISTRIES_CRATES_IO_PROTOCOL: sparse
lint	Run j178/prek-action@v1	2026-09-08T10:01:29.9291699Z   CACHE_ON_FAILURE: true
lint	Run j178/prek-action@v1	2026-09-08T10:01:29.9291958Z   CACHE_KEY: f383ff6fc98053745e76aa2f6d3abfb7
lint	Run j178/prek-action@v1	2026-09-08T10:01:29.9292235Z ##[endgroup]
lint	Run j178/prek-action@v1	2026-09-08T10:01:29.9349031Z ##[group]Prek verbose logs
lint	Run j178/prek-action@v1	2026-09-08T10:01:29.9390397Z 2026-09-08T10:01:22.817188Z DEBUG prek: 0.5.2
lint	Run j178/prek-action@v1	2026-09-08T10:01:29.9391640Z 2026-09-08T10:01:22.817210Z DEBUG Args: ["prek", "run", "--show-diff-on-failure", "--color=always", "--all-files"]
lint	Run j178/prek-action@v1	2026-09-08T10:01:29.9393050Z 2026-09-08T10:01:22.818629Z TRACE root: close time.busy=1.40ms time.idle=2.09µs
lint	Run j178/prek-action@v1	2026-09-08T10:01:29.9394182Z 2026-09-08T10:01:22.818651Z DEBUG Git root: /home/runner/work/vig/vig
lint	Run j178/prek-action@v1	2026-09-08T10:01:29.9395113Z 2026-09-08T10:01:22.818672Z DEBUG Found workspace root at `/home/runner/work/vig/vig`
lint	Run j178/prek-action@v1	2026-09-08T10:01:29.9395653Z 2026-09-08T10:01:22.818676Z TRACE Include selectors: ``
lint	Run j178/prek-action@v1	2026-09-08T10:01:29.9396037Z 2026-09-08T10:01:22.818679Z TRACE Skip selectors: ``
lint	Run j178/prek-action@v1	2026-09-08T10:01:29.9396782Z 2026-09-08T10:01:22.818737Z DEBUG discover{root="/home/runner/work/vig/vig" config=None refresh=false}: Cache is too old (1134792s > 3600s), invalidating
lint	Run j178/prek-action@v1	2026-09-08T10:01:29.9397818Z 2026-09-08T10:01:22.818779Z DEBUG discover{root="/home/runner/work/vig/vig" config=None refresh=false}: Performing fresh workspace discovery
lint	Run j178/prek-action@v1	2026-09-08T10:01:29.9399196Z 2026-09-08T10:01:22.818801Z TRACE discover{root="/home/runner/work/vig/vig" config=None refresh=false}:list_submodules{git_root="/home/runner/work/vig/vig"}: close time.busy=7.03µs time.idle=441ns
lint	Run j178/prek-action@v1	2026-09-08T10:01:29.9400181Z 2026-09-08T10:01:22.819700Z DEBUG Loading project configuration path=prek.toml
lint	Run j178/prek-action@v1	2026-09-08T10:01:29.9401287Z 2026-09-08T10:01:22.821928Z TRACE discover{root="/home/runner/work/vig/vig" config=None refresh=false}: close time.busy=3.23ms time.idle=870ns
lint	Run j178/prek-action@v1	2026-09-08T10:01:29.9402150Z 2026-09-08T10:01:22.822040Z TRACE Checking lock resource="store" path=/home/runner/.cache/prek/.lock
lint	Run j178/prek-action@v1	2026-09-08T10:01:29.9402716Z 2026-09-08T10:01:22.822051Z DEBUG Acquired lock resource="store"
lint	Run j178/prek-action@v1	2026-09-08T10:01:29.9403204Z 2026-09-08T10:01:22.822197Z TRACE Released lock path=/home/runner/.cache/prek/.lock
lint	Run j178/prek-action@v1	2026-09-08T10:01:29.9404271Z 2026-09-08T10:01:22.822210Z DEBUG Hooks going to run: ["trailing-whitespace", "end-of-file-fixer", "check-toml", "check-yaml", "check-merge-conflict", "check-added-large-files", "cargo-fmt", "cargo-clippy", "check-gif-freshness"]
lint	Run j178/prek-action@v1	2026-09-08T10:01:29.9405831Z 2026-09-08T10:01:22.822238Z TRACE ls_files{cwd="/home/runner/work/vig/vig"}: Executing `cd /home/runner/work/vig/vig && /usr/bin/git -c core.useBuiltinFSMonitor=false --literal-pathspecs ls-files -z -- /home/runner/work/vig/vig`
lint	Run j178/prek-action@v1	2026-09-08T10:01:29.9407072Z 2026-09-08T10:01:22.823686Z TRACE ls_files{cwd="/home/runner/work/vig/vig"}: close time.busy=256µs time.idle=1.20ms
lint	Run j178/prek-action@v1	2026-09-08T10:01:29.9407919Z 2026-09-08T10:01:22.823701Z DEBUG All files in the workspace: 216
lint	Run j178/prek-action@v1	2026-09-08T10:01:29.9408399Z 2026-09-08T10:01:22.824309Z TRACE Files for project `.` after filtered: 216
lint	Run j178/prek-action@v1	2026-09-08T10:01:29.9408978Z 2026-09-08T10:01:22.824318Z DEBUG Running priority group with priority 0: ["trailing-whitespace"]
lint	Run j178/prek-action@v1	2026-09-08T10:01:29.9409813Z 2026-09-08T10:01:22.824333Z TRACE matching_filenames{hook="trailing-whitespace"}: close time.busy=4.71µs time.idle=832ns
lint	Run j178/prek-action@v1	2026-09-08T10:01:29.9410607Z 2026-09-08T10:01:22.824343Z TRACE Files for hook `trailing-whitespace` after filtering matched=true filenames=200
lint	Run j178/prek-action@v1	2026-09-08T10:01:29.9411699Z 2026-09-08T10:01:22.828548Z  INFO run{hook_id=trailing-whitespace language=system}: close time.busy=2.96ms time.idle=1.24ms
lint	Run j178/prek-action@v1	2026-09-08T10:01:29.9412444Z 2026-09-08T10:01:22.828574Z DEBUG Running priority group with priority 1: ["end-of-file-fixer"]
lint	Run j178/prek-action@v1	2026-09-08T10:01:29.9413268Z 2026-09-08T10:01:22.828583Z TRACE matching_filenames{hook="end-of-file-fixer"}: close time.busy=2.80µs time.idle=440ns
lint	Run j178/prek-action@v1	2026-09-08T10:01:29.9414034Z 2026-09-08T10:01:22.828592Z TRACE Files for hook `end-of-file-fixer` after filtering matched=true filenames=200
lint	Run j178/prek-action@v1	2026-09-08T10:01:29.9414973Z 2026-09-08T10:01:22.830877Z  INFO run{hook_id=end-of-file-fixer language=system}: close time.busy=1.27ms time.idle=1.01ms
lint	Run j178/prek-action@v1	2026-09-08T10:01:29.9415672Z 2026-09-08T10:01:22.830903Z DEBUG Running priority group with priority 2: ["check-toml"]
lint	Run j178/prek-action@v1	2026-09-08T10:01:29.9416418Z 2026-09-08T10:01:22.830911Z TRACE matching_filenames{hook="check-toml"}: close time.busy=1.27µs time.idle=411ns
lint	Run j178/prek-action@v1	2026-09-08T10:01:29.9417217Z 2026-09-08T10:01:22.830919Z TRACE Files for hook `check-toml` after filtering matched=true filenames=6
lint	Run j178/prek-action@v1	2026-09-08T10:01:29.9418008Z 2026-09-08T10:01:22.832834Z  INFO run{hook_id=check-toml language=system}: close time.busy=1.86ms time.idle=53.1µs
lint	Run j178/prek-action@v1	2026-09-08T10:01:29.9418663Z 2026-09-08T10:01:22.832859Z DEBUG Running priority group with priority 3: ["check-yaml"]
lint	Run j178/prek-action@v1	2026-09-08T10:01:29.9419392Z 2026-09-08T10:01:22.832866Z TRACE matching_filenames{hook="check-yaml"}: close time.busy=1.03µs time.idle=372ns
lint	Run j178/prek-action@v1	2026-09-08T10:01:29.9420101Z 2026-09-08T10:01:22.832874Z TRACE Files for hook `check-yaml` after filtering matched=true filenames=4
lint	Run j178/prek-action@v1	2026-09-08T10:01:29.9421293Z 2026-09-08T10:01:22.833526Z  INFO run{hook_id=check-yaml language=system}: close time.busy=647µs time.idle=691ns
lint	Run j178/prek-action@v1	2026-09-08T10:01:29.9422038Z 2026-09-08T10:01:22.833550Z DEBUG Running priority group with priority 4: ["check-merge-conflict"]
lint	Run j178/prek-action@v1	2026-09-08T10:01:29.9422886Z 2026-09-08T10:01:22.833559Z TRACE matching_filenames{hook="check-merge-conflict"}: close time.busy=2.62µs time.idle=341ns
lint	Run j178/prek-action@v1	2026-09-08T10:01:29.9423725Z 2026-09-08T10:01:22.833574Z TRACE Files for hook `check-merge-conflict` after filtering matched=true filenames=200
lint	Run j178/prek-action@v1	2026-09-08T10:01:29.9424672Z 2026-09-08T10:01:22.833601Z TRACE run{hook_id=check-merge-conflict language=system}: Executing `/usr/bin/git -c core.useBuiltinFSMonitor=false rev-parse --git-dir`
lint	Run j178/prek-action@v1	2026-09-08T10:01:29.9425755Z 2026-09-08T10:01:22.834919Z  INFO run{hook_id=check-merge-conflict language=system}: close time.busy=258µs time.idle=1.08ms
lint	Run j178/prek-action@v1	2026-09-08T10:01:29.9426525Z 2026-09-08T10:01:22.834943Z DEBUG Running priority group with priority 5: ["check-added-large-files"]
lint	Run j178/prek-action@v1	2026-09-08T10:01:29.9427382Z 2026-09-08T10:01:22.834952Z TRACE matching_filenames{hook="check-added-large-files"}: close time.busy=2.65µs time.idle=310ns
lint	Run j178/prek-action@v1	2026-09-08T10:01:29.9428191Z 2026-09-08T10:01:22.834960Z TRACE Files for hook `check-added-large-files` after filtering matched=true filenames=216
lint	Run j178/prek-action@v1	2026-09-08T10:01:29.9429381Z 2026-09-08T10:01:22.834985Z TRACE run{hook_id=check-added-large-files language=system}: Executing `cd /home/runner/work/vig/vig && /usr/bin/git -c core.useBuiltinFSMonitor=false diff --staged --relative --name-only --diff-filter=A -z`
lint	Run j178/prek-action@v1	2026-09-08T10:01:29.9430922Z 2026-09-08T10:01:22.836691Z  INFO run{hook_id=check-added-large-files language=system}: close time.busy=259µs time.idle=1.47ms
lint	Run j178/prek-action@v1	2026-09-08T10:01:29.9432182Z 2026-09-08T10:01:22.836720Z TRACE diff_worktree{path="/home/runner/work/vig/vig"}: Executing `/usr/bin/git -c core.useBuiltinFSMonitor=false diff --full-index --no-ext-diff --no-textconv --ignore-submodules -- /home/runner/work/vig/vig`
lint	Run j178/prek-action@v1	2026-09-08T10:01:29.9433663Z 2026-09-08T10:01:22.873417Z TRACE diff_worktree{path="/home/runner/work/vig/vig"}: close time.busy=216µs time.idle=36.5ms
lint	Run j178/prek-action@v1	2026-09-08T10:01:29.9434346Z 2026-09-08T10:01:22.873445Z DEBUG Running priority group with priority 6: ["cargo-fmt"]
lint	Run j178/prek-action@v1	2026-09-08T10:01:29.9434965Z 2026-09-08T10:01:22.873464Z TRACE Files for hook `cargo-fmt` after filtering matched=true filenames=0
lint	Run j178/prek-action@v1	2026-09-08T10:01:29.9435678Z 2026-09-08T10:01:22.873631Z TRACE run{hook_id=cargo-fmt language=system}: Running cargo-fmt total_files=0 concurrency=4
lint	Run j178/prek-action@v1	2026-09-08T10:01:29.9436592Z 2026-09-08T10:01:22.873727Z TRACE run{hook_id=cargo-fmt language=system}: Executing `cd /home/runner/work/vig/vig && /home/runner/.cargo/bin/cargo fmt --check`
lint	Run j178/prek-action@v1	2026-09-08T10:01:29.9437552Z 2026-09-08T10:01:23.327636Z  INFO run{hook_id=cargo-fmt language=system}: close time.busy=572µs time.idle=454ms
lint	Run j178/prek-action@v1	2026-09-08T10:01:29.9438725Z 2026-09-08T10:01:23.327686Z TRACE diff_worktree{path="/home/runner/work/vig/vig"}: Executing `/usr/bin/git -c core.useBuiltinFSMonitor=false diff --full-index --no-ext-diff --no-textconv --ignore-submodules -- /home/runner/work/vig/vig`
lint	Run j178/prek-action@v1	2026-09-08T10:01:29.9440133Z 2026-09-08T10:01:23.359741Z TRACE diff_worktree{path="/home/runner/work/vig/vig"}: close time.busy=332µs time.idle=31.7ms
lint	Run j178/prek-action@v1	2026-09-08T10:01:29.9441176Z 2026-09-08T10:01:23.359777Z DEBUG Running priority group with priority 7: ["cargo-clippy"]
lint	Run j178/prek-action@v1	2026-09-08T10:01:29.9441842Z 2026-09-08T10:01:23.359797Z TRACE Files for hook `cargo-clippy` after filtering matched=true filenames=0
lint	Run j178/prek-action@v1	2026-09-08T10:01:29.9442601Z 2026-09-08T10:01:23.359896Z TRACE run{hook_id=cargo-clippy language=system}: Running cargo-clippy total_files=0 concurrency=4
lint	Run j178/prek-action@v1	2026-09-08T10:01:29.9443645Z 2026-09-08T10:01:23.359990Z TRACE run{hook_id=cargo-clippy language=system}: Executing `cd /home/runner/work/vig/vig && /home/runner/.cargo/bin/cargo clippy --all-targets -- -D warnings`
lint	Run j178/prek-action@v1	2026-09-08T10:01:29.9444728Z 2026-09-08T10:01:29.856549Z  INFO run{hook_id=cargo-clippy language=system}: close time.busy=638µs time.idle=6.50s
lint	Run j178/prek-action@v1	2026-09-08T10:01:29.9445915Z 2026-09-08T10:01:29.856594Z TRACE diff_worktree{path="/home/runner/work/vig/vig"}: Executing `/usr/bin/git -c core.useBuiltinFSMonitor=false diff --full-index --no-ext-diff --no-textconv --ignore-submodules -- /home/runner/work/vig/vig`
lint	Run j178/prek-action@v1	2026-09-08T10:01:29.9447191Z 2026-09-08T10:01:29.885994Z TRACE diff_worktree{path="/home/runner/work/vig/vig"}: close time.busy=335µs time.idle=29.1ms
lint	Run j178/prek-action@v1	2026-09-08T10:01:29.9447910Z 2026-09-08T10:01:29.886026Z DEBUG Running priority group with priority 8: ["check-gif-freshness"]
lint	Run j178/prek-action@v1	2026-09-08T10:01:29.9448610Z 2026-09-08T10:01:29.886037Z TRACE Files for hook `check-gif-freshness` after filtering matched=true filenames=0
lint	Run j178/prek-action@v1	2026-09-08T10:01:29.9449447Z 2026-09-08T10:01:29.886173Z TRACE run{hook_id=check-gif-freshness language=system}: Running check-gif-freshness total_files=0 concurrency=4
lint	Run j178/prek-action@v1	2026-09-08T10:01:29.9450537Z 2026-09-08T10:01:29.886269Z TRACE run{hook_id=check-gif-freshness language=system}: Executing `cd /home/runner/work/vig/vig && /usr/bin/bash -c staged=$(git diff --cached --name-only)
lint	Run j178/prek-action@v1	2026-09-08T10:01:29.9451550Z tapes=$(echo "$staged" | grep '\.tape$' || true)
lint	Run j178/prek-action@v1	2026-09-08T10:01:29.9451879Z if [ -z "$tapes" ]; then exit 0; fi
lint	Run j178/prek-action@v1	2026-09-08T10:01:29.9452159Z for tape in $tapes; do
lint	Run j178/prek-action@v1	2026-09-08T10:01:29.9452425Z   gif="assets/$(basename "${tape%.tape}").gif"
lint	Run j178/prek-action@v1	2026-09-08T10:01:29.9452765Z   if ! echo "$staged" | grep -qF "$gif"; then
lint	Run j178/prek-action@v1	2026-09-08T10:01:29.9453244Z     echo "$tape was modified but $gif is not staged — run: mise run demo:all"
lint	Run j178/prek-action@v1	2026-09-08T10:01:29.9453646Z     exit 1
lint	Run j178/prek-action@v1	2026-09-08T10:01:29.9453836Z   fi
lint	Run j178/prek-action@v1	2026-09-08T10:01:29.9454022Z done
lint	Run j178/prek-action@v1	2026-09-08T10:01:29.9454200Z `
lint	Run j178/prek-action@v1	2026-09-08T10:01:29.9454762Z 2026-09-08T10:01:29.891465Z  INFO run{hook_id=check-gif-freshness language=system}: close time.busy=459µs time.idle=4.96ms
lint	Run j178/prek-action@v1	2026-09-08T10:01:29.9456141Z 2026-09-08T10:01:29.891494Z TRACE diff_worktree{path="/home/runner/work/vig/vig"}: Executing `/usr/bin/git -c core.useBuiltinFSMonitor=false diff --full-index --no-ext-diff --no-textconv --ignore-submodules -- /home/runner/work/vig/vig`
lint	Run j178/prek-action@v1	2026-09-08T10:01:29.9457445Z 2026-09-08T10:01:29.920570Z TRACE diff_worktree{path="/home/runner/work/vig/vig"}: close time.busy=211µs time.idle=28.9ms
lint	Run j178/prek-action@v1	2026-09-08T10:01:29.9458180Z ##[endgroup]
lint	Run j178/prek-action@v1	2026-09-08T10:01:29.9462709Z ##[end-action id=__j178_prek-action.__run_4;outcome=success;conclusion=success;duration_ms=23]
lint	Run j178/prek-action@v1	2026-09-08T10:01:29.9464706Z ##[start-action display=Prune cache;id=__j178_prek-action.__run_5]
lint	Run j178/prek-action@v1	2026-09-08T10:01:29.9479468Z ##[group]Run # Prune prek cache
lint	Run j178/prek-action@v1	2026-09-08T10:01:29.9479763Z ^[[36;1m# Prune prek cache^[[0m
lint	Run j178/prek-action@v1	2026-09-08T10:01:29.9480013Z ^[[36;1m^[[0m
lint	Run j178/prek-action@v1	2026-09-08T10:01:29.9480240Z ^[[36;1mecho "::group::Pruning prek cache"^[[0m
lint	Run j178/prek-action@v1	2026-09-08T10:01:29.9480863Z ^[[36;1mprek cache gc -v || echo "Failed to prune prek cache"^[[0m
lint	Run j178/prek-action@v1	2026-09-08T10:01:29.9481325Z ^[[36;1mecho "::endgroup::"^[[0m
lint	Run j178/prek-action@v1	2026-09-08T10:01:29.9515078Z shell: /usr/bin/bash --noprofile --norc -e -o pipefail {0}
lint	Run j178/prek-action@v1	2026-09-08T10:01:29.9515706Z env:
lint	Run j178/prek-action@v1	2026-09-08T10:01:29.9515922Z   CARGO_INCREMENTAL: 0
lint	Run j178/prek-action@v1	2026-09-08T10:01:29.9516186Z   CARGO_PROFILE_DEV_DEBUG: 0
lint	Run j178/prek-action@v1	2026-09-08T10:01:29.9516442Z   CARGO_TERM_COLOR: always
lint	Run j178/prek-action@v1	2026-09-08T10:01:29.9516725Z   RUST_BACKTRACE: short
lint	Run j178/prek-action@v1	2026-09-08T10:01:29.9516957Z   RUSTFLAGS: -D warnings
lint	Run j178/prek-action@v1	2026-09-08T10:01:29.9517214Z   CARGO_UNSTABLE_SPARSE_REGISTRY: true
lint	Run j178/prek-action@v1	2026-09-08T10:01:29.9517542Z   CARGO_REGISTRIES_CRATES_IO_PROTOCOL: sparse
lint	Run j178/prek-action@v1	2026-09-08T10:01:29.9517847Z   CACHE_ON_FAILURE: true
lint	Run j178/prek-action@v1	2026-09-08T10:01:29.9518103Z   CACHE_KEY: f383ff6fc98053745e76aa2f6d3abfb7
lint	Run j178/prek-action@v1	2026-09-08T10:01:29.9518391Z ##[endgroup]
lint	Run j178/prek-action@v1	2026-09-08T10:01:29.9570250Z ##[group]Pruning prek cache
lint	Run j178/prek-action@v1	2026-09-08T10:01:29.9599303Z Nothing to clean
lint	Run j178/prek-action@v1	2026-09-08T10:01:29.9605821Z ##[endgroup]
lint	Run j178/prek-action@v1	2026-09-08T10:01:29.9612344Z ##[end-action id=__j178_prek-action.__run_5;outcome=success;conclusion=success;duration_ms=14]
lint	Post Run j178/prek-action@v1	﻿2026-09-08T10:01:29.9746980Z Post job cleanup.
lint	Post Run j178/prek-action@v1	2026-09-08T10:01:29.9750438Z ##[start-action display=Setup cache;id=__47391d3d-d9b9-4ca1-b7de-1add2fd4bcfa.__actions_cache]
lint	Post Run j178/prek-action@v1	2026-09-08T10:01:30.3632968Z Post job cleanup.
lint	Post Run j178/prek-action@v1	2026-09-08T10:01:30.4945288Z Cache hit occurred on the primary key prek-v1|Linux|X64||b243a61f203870d26f96710293093db5b424c9a6124c03bafc37741f1634147a, not saving cache.
lint	Post Run j178/prek-action@v1	2026-09-08T10:01:30.5006999Z ##[end-action id=__47391d3d-d9b9-4ca1-b7de-1add2fd4bcfa.__actions_cache;outcome=success;conclusion=success;duration_ms=525]
lint	Post Run actions-rust-lang/setup-rust-toolchain@v1	﻿2026-09-08T10:01:30.5181091Z Post job cleanup.
lint	Post Run actions-rust-lang/setup-rust-toolchain@v1	2026-09-08T10:01:30.5184266Z ##[start-action display=Setup Rust Caching;id=__e331166a-2401-4df6-9cf6-72bb057709d0.__Swatinem_rust-cache]
lint	Post Run actions-rust-lang/setup-rust-toolchain@v1	2026-09-08T10:01:30.5224415Z Post job cleanup.
lint	Post Run actions-rust-lang/setup-rust-toolchain@v1	2026-09-08T10:01:30.8016486Z Cache up-to-date.
lint	Post Run actions-rust-lang/setup-rust-toolchain@v1	2026-09-08T10:01:30.8019472Z (node:2938) [DEP0040] DeprecationWarning: The `punycode` module is deprecated. Please use a userland alternative instead.
lint	Post Run actions-rust-lang/setup-rust-toolchain@v1	2026-09-08T10:01:30.8021106Z (Use `node --trace-deprecation ...` to show where the warning was created)
lint	Post Run actions-rust-lang/setup-rust-toolchain@v1	2026-09-08T10:01:30.8200335Z ##[end-action id=__e331166a-2401-4df6-9cf6-72bb057709d0.__Swatinem_rust-cache;outcome=success;conclusion=success;duration_ms=301]
lint	Post Run actions/checkout@v6	﻿2026-09-08T10:01:30.8303732Z Post job cleanup.
lint	Post Run actions/checkout@v6	2026-09-08T10:01:30.9219420Z [command]/usr/bin/git version
lint	Post Run actions/checkout@v6	2026-09-08T10:01:30.9266196Z git version 2.55.0
lint	Post Run actions/checkout@v6	2026-09-08T10:01:30.9310008Z Temporarily overriding HOME='/home/runner/work/_temp/c3f23f64-0df0-4eb0-b4bf-d91d3987644d' before making global git config changes
lint	Post Run actions/checkout@v6	2026-09-08T10:01:30.9311990Z Adding repository directory to the temporary git global config as a safe directory
lint	Post Run actions/checkout@v6	2026-09-08T10:01:30.9316747Z [command]/usr/bin/git config --global --add safe.directory /home/runner/work/vig/vig
lint	Post Run actions/checkout@v6	2026-09-08T10:01:30.9351320Z Removing SSH command configuration
lint	Post Run actions/checkout@v6	2026-09-08T10:01:30.9359133Z [command]/usr/bin/git config --local --name-only --get-regexp core\.sshCommand
lint	Post Run actions/checkout@v6	2026-09-08T10:01:30.9398409Z [command]/usr/bin/git submodule foreach --recursive sh -c "git config --local --name-only --get-regexp 'core\.sshCommand' && git config --local --unset-all 'core.sshCommand' || :"
lint	Post Run actions/checkout@v6	2026-09-08T10:01:30.9653503Z Removing HTTP extra header
lint	Post Run actions/checkout@v6	2026-09-08T10:01:30.9658804Z [command]/usr/bin/git config --local --name-only --get-regexp http\.https\:\/\/github\.com\/\.extraheader
lint	Post Run actions/checkout@v6	2026-09-08T10:01:30.9698834Z [command]/usr/bin/git submodule foreach --recursive sh -c "git config --local --name-only --get-regexp 'http\.https\:\/\/github\.com\/\.extraheader' && git config --local --unset-all 'http.https://github.com/.extraheader' || :"
lint	Post Run actions/checkout@v6	2026-09-08T10:01:30.9945457Z Removing includeIf entries pointing to credentials config files
lint	Post Run actions/checkout@v6	2026-09-08T10:01:30.9954047Z [command]/usr/bin/git config --local --name-only --get-regexp ^includeIf\.gitdir:
lint	Post Run actions/checkout@v6	2026-09-08T10:01:30.9993054Z includeif.gitdir:/home/runner/work/vig/vig/.git.path
lint	Post Run actions/checkout@v6	2026-09-08T10:01:30.9993974Z includeif.gitdir:/home/runner/work/vig/vig/.git/worktrees/*.path
lint	Post Run actions/checkout@v6	2026-09-08T10:01:30.9995324Z includeif.gitdir:/github/workspace/.git.path
lint	Post Run actions/checkout@v6	2026-09-08T10:01:30.9996348Z includeif.gitdir:/github/workspace/.git/worktrees/*.path
lint	Post Run actions/checkout@v6	2026-09-08T10:01:31.0004183Z [command]/usr/bin/git config --local --get-all includeif.gitdir:/home/runner/work/vig/vig/.git.path
lint	Post Run actions/checkout@v6	2026-09-08T10:01:31.0035784Z /home/runner/work/_temp/git-credentials-48ed4dd7-e8c4-4010-b978-d1e75e282db8.config
lint	Post Run actions/checkout@v6	2026-09-08T10:01:31.0050203Z [command]/usr/bin/git config --local --unset includeif.gitdir:/home/runner/work/vig/vig/.git.path /home/runner/work/_temp/git-credentials-48ed4dd7-e8c4-4010-b978-d1e75e282db8.config
lint	Post Run actions/checkout@v6	2026-09-08T10:01:31.0092953Z [command]/usr/bin/git config --local --get-all includeif.gitdir:/home/runner/work/vig/vig/.git/worktrees/*.path
lint	Post Run actions/checkout@v6	2026-09-08T10:01:31.0121647Z /home/runner/work/_temp/git-credentials-48ed4dd7-e8c4-4010-b978-d1e75e282db8.config
lint	Post Run actions/checkout@v6	2026-09-08T10:01:31.0132829Z [command]/usr/bin/git config --local --unset includeif.gitdir:/home/runner/work/vig/vig/.git/worktrees/*.path /home/runner/work/_temp/git-credentials-48ed4dd7-e8c4-4010-b978-d1e75e282db8.config
lint	Post Run actions/checkout@v6	2026-09-08T10:01:31.0173555Z [command]/usr/bin/git config --local --get-all includeif.gitdir:/github/workspace/.git.path
lint	Post Run actions/checkout@v6	2026-09-08T10:01:31.0201636Z /github/runner_temp/git-credentials-48ed4dd7-e8c4-4010-b978-d1e75e282db8.config
lint	Post Run actions/checkout@v6	2026-09-08T10:01:31.0212926Z [command]/usr/bin/git config --local --unset includeif.gitdir:/github/workspace/.git.path /github/runner_temp/git-credentials-48ed4dd7-e8c4-4010-b978-d1e75e282db8.config
lint	Post Run actions/checkout@v6	2026-09-08T10:01:31.0251442Z [command]/usr/bin/git config --local --get-all includeif.gitdir:/github/workspace/.git/worktrees/*.path
lint	Post Run actions/checkout@v6	2026-09-08T10:01:31.0276101Z /github/runner_temp/git-credentials-48ed4dd7-e8c4-4010-b978-d1e75e282db8.config
lint	Post Run actions/checkout@v6	2026-09-08T10:01:31.0287639Z [command]/usr/bin/git config --local --unset includeif.gitdir:/github/workspace/.git/worktrees/*.path /github/runner_temp/git-credentials-48ed4dd7-e8c4-4010-b978-d1e75e282db8.config
lint	Post Run actions/checkout@v6	2026-09-08T10:01:31.0327652Z [command]/usr/bin/git submodule foreach --recursive git config --local --show-origin --name-only --get-regexp remote.origin.url
lint	Post Run actions/checkout@v6	2026-09-08T10:01:31.0586458Z Removing credentials config '/home/runner/work/_temp/git-credentials-48ed4dd7-e8c4-4010-b978-d1e75e282db8.config'
lint	Complete job	﻿2026-09-08T10:01:31.0751859Z Cleaning up orphan processes
