test (aarch64-apple-darwin, macos-latest)	Set up job	﻿2026-09-09T07:03:03.1999830Z Current runner version: '2.337.0'
test (aarch64-apple-darwin, macos-latest)	Set up job	2026-09-09T07:03:03.2024150Z ##[group]Runner Image Provisioner
test (aarch64-apple-darwin, macos-latest)	Set up job	2026-09-09T07:03:03.2026420Z Hosted Compute Agent
test (aarch64-apple-darwin, macos-latest)	Set up job	2026-09-09T07:03:03.2027650Z Version: 20260828.587
test (aarch64-apple-darwin, macos-latest)	Set up job	2026-09-09T07:03:03.2029220Z Commit: abac92662cab4cc7352de4f9f9d2e2419aad9c29
test (aarch64-apple-darwin, macos-latest)	Set up job	2026-09-09T07:03:03.2030450Z Build Date: 2026-08-28T16:44:25Z
test (aarch64-apple-darwin, macos-latest)	Set up job	2026-09-09T07:03:03.2030940Z Worker ID: {3f6cd988-d888-43cc-add0-f1db9ac0cfc5}
test (aarch64-apple-darwin, macos-latest)	Set up job	2026-09-09T07:03:03.2031470Z Azure Region: westus
test (aarch64-apple-darwin, macos-latest)	Set up job	2026-09-09T07:03:03.2031940Z ##[endgroup]
test (aarch64-apple-darwin, macos-latest)	Set up job	2026-09-09T07:03:03.2033080Z ##[group]Operating System
test (aarch64-apple-darwin, macos-latest)	Set up job	2026-09-09T07:03:03.2033530Z macOS
test (aarch64-apple-darwin, macos-latest)	Set up job	2026-09-09T07:03:03.2033880Z 26.6.2
test (aarch64-apple-darwin, macos-latest)	Set up job	2026-09-09T07:03:03.2034240Z 25G83
test (aarch64-apple-darwin, macos-latest)	Set up job	2026-09-09T07:03:03.2034600Z ##[endgroup]
test (aarch64-apple-darwin, macos-latest)	Set up job	2026-09-09T07:03:03.2035060Z ##[group]Runner Image
test (aarch64-apple-darwin, macos-latest)	Set up job	2026-09-09T07:03:03.2035550Z Image: macos-26-arm64
test (aarch64-apple-darwin, macos-latest)	Set up job	2026-09-09T07:03:03.2035940Z Version: 20260831.0337.3
test (aarch64-apple-darwin, macos-latest)	Set up job	2026-09-09T07:03:03.2036750Z Included Software: https://github.com/actions/runner-images/blob/macos-26-arm64/20260831.0337/images/macos/macos-26-arm64-Readme.md
test (aarch64-apple-darwin, macos-latest)	Set up job	2026-09-09T07:03:03.2040140Z Image Release: https://github.com/actions/runner-images/releases/tag/macos-26-arm64%2F20260831.0337
test (aarch64-apple-darwin, macos-latest)	Set up job	2026-09-09T07:03:03.2040850Z ##[endgroup]
test (aarch64-apple-darwin, macos-latest)	Set up job	2026-09-09T07:03:03.2041740Z ##[group]GITHUB_TOKEN Permissions
test (aarch64-apple-darwin, macos-latest)	Set up job	2026-09-09T07:03:03.2043170Z Contents: read
test (aarch64-apple-darwin, macos-latest)	Set up job	2026-09-09T07:03:03.2043560Z Metadata: read
test (aarch64-apple-darwin, macos-latest)	Set up job	2026-09-09T07:03:03.2043950Z Packages: read
test (aarch64-apple-darwin, macos-latest)	Set up job	2026-09-09T07:03:03.2044320Z ##[endgroup]
test (aarch64-apple-darwin, macos-latest)	Set up job	2026-09-09T07:03:03.2045810Z Secret source: Actions
test (aarch64-apple-darwin, macos-latest)	Set up job	2026-09-09T07:03:03.2046510Z Prepare workflow directory
test (aarch64-apple-darwin, macos-latest)	Set up job	2026-09-09T07:03:03.2429100Z Prepare all required actions
test (aarch64-apple-darwin, macos-latest)	Set up job	2026-09-09T07:03:03.2470390Z Getting action download info
test (aarch64-apple-darwin, macos-latest)	Set up job	2026-09-09T07:03:03.4476470Z Download action repository 'actions/checkout@v6' (SHA:d23441a48e516b6c34aea4fa41551a30e30af803)
test (aarch64-apple-darwin, macos-latest)	Set up job	2026-09-09T07:03:03.7453540Z Download action repository 'actions-rust-lang/setup-rust-toolchain@v1' (SHA:166cdcfd11aee3cb47222f9ddb555ce30ddb9659)
test (aarch64-apple-darwin, macos-latest)	Set up job	2026-09-09T07:03:04.1639830Z Download action repository 'awalsh128/cache-apt-pkgs-action@v1' (SHA:553a35bb8ebd9fcabcb1c9451aa4c98e1b4ca8a9)
test (aarch64-apple-darwin, macos-latest)	Set up job	2026-09-09T07:03:05.1026430Z Getting action download info
test (aarch64-apple-darwin, macos-latest)	Set up job	2026-09-09T07:03:05.1835710Z Download action repository 'Swatinem/rust-cache@c19371144df3bb44fab255c43d04cbc2ab54d1c4' (SHA:c19371144df3bb44fab255c43d04cbc2ab54d1c4)
test (aarch64-apple-darwin, macos-latest)	Set up job	2026-09-09T07:03:06.0698010Z Getting action download info
test (aarch64-apple-darwin, macos-latest)	Set up job	2026-09-09T07:03:06.1586460Z Download action repository 'actions/cache@55cc8345863c7cc4c66a329aec7e433d2d1c52a9' (SHA:55cc8345863c7cc4c66a329aec7e433d2d1c52a9)
test (aarch64-apple-darwin, macos-latest)	Set up job	2026-09-09T07:03:06.2740250Z Download action repository 'actions/upload-artifact@bbbca2ddaa5d8feaa63e36b76fdaad77386f024f' (SHA:bbbca2ddaa5d8feaa63e36b76fdaad77386f024f)
test (aarch64-apple-darwin, macos-latest)	Set up job	2026-09-09T07:03:06.4206650Z Complete job name: test (aarch64-apple-darwin, macos-latest)
test (aarch64-apple-darwin, macos-latest)	Run actions/checkout@v6	﻿2026-09-09T07:03:06.5060060Z ##[group]Run actions/checkout@v6
test (aarch64-apple-darwin, macos-latest)	Run actions/checkout@v6	2026-09-09T07:03:06.5061200Z with:
test (aarch64-apple-darwin, macos-latest)	Run actions/checkout@v6	2026-09-09T07:03:06.5061850Z   repository: td72/vig
test (aarch64-apple-darwin, macos-latest)	Run actions/checkout@v6	2026-09-09T07:03:06.5068570Z   token: ***
test (aarch64-apple-darwin, macos-latest)	Run actions/checkout@v6	2026-09-09T07:03:06.5071130Z   ssh-strict: true
test (aarch64-apple-darwin, macos-latest)	Run actions/checkout@v6	2026-09-09T07:03:06.5072810Z   ssh-user: git
test (aarch64-apple-darwin, macos-latest)	Run actions/checkout@v6	2026-09-09T07:03:06.5073690Z   persist-credentials: true
test (aarch64-apple-darwin, macos-latest)	Run actions/checkout@v6	2026-09-09T07:03:06.5075740Z   clean: true
test (aarch64-apple-darwin, macos-latest)	Run actions/checkout@v6	2026-09-09T07:03:06.5076580Z   sparse-checkout-cone-mode: true
test (aarch64-apple-darwin, macos-latest)	Run actions/checkout@v6	2026-09-09T07:03:06.5077820Z   fetch-depth: 1
test (aarch64-apple-darwin, macos-latest)	Run actions/checkout@v6	2026-09-09T07:03:06.5078970Z   fetch-tags: false
test (aarch64-apple-darwin, macos-latest)	Run actions/checkout@v6	2026-09-09T07:03:06.5079540Z   show-progress: true
test (aarch64-apple-darwin, macos-latest)	Run actions/checkout@v6	2026-09-09T07:03:06.5080120Z   lfs: false
test (aarch64-apple-darwin, macos-latest)	Run actions/checkout@v6	2026-09-09T07:03:06.5081270Z   submodules: false
test (aarch64-apple-darwin, macos-latest)	Run actions/checkout@v6	2026-09-09T07:03:06.5081990Z   set-safe-directory: true
test (aarch64-apple-darwin, macos-latest)	Run actions/checkout@v6	2026-09-09T07:03:06.5082780Z   allow-unsafe-pr-checkout: false
test (aarch64-apple-darwin, macos-latest)	Run actions/checkout@v6	2026-09-09T07:03:06.5084710Z ##[endgroup]
test (aarch64-apple-darwin, macos-latest)	Run actions/checkout@v6	2026-09-09T07:03:07.0411370Z Syncing repository: td72/vig
test (aarch64-apple-darwin, macos-latest)	Run actions/checkout@v6	2026-09-09T07:03:07.0413640Z ##[group]Getting Git version info
test (aarch64-apple-darwin, macos-latest)	Run actions/checkout@v6	2026-09-09T07:03:07.0414420Z Working directory is '/Users/runner/work/vig/vig'
test (aarch64-apple-darwin, macos-latest)	Run actions/checkout@v6	2026-09-09T07:03:07.0415670Z [command]/opt/homebrew/bin/git version
test (aarch64-apple-darwin, macos-latest)	Run actions/checkout@v6	2026-09-09T07:03:07.0758560Z git version 2.55.0
test (aarch64-apple-darwin, macos-latest)	Run actions/checkout@v6	2026-09-09T07:03:07.0771460Z ##[endgroup]
test (aarch64-apple-darwin, macos-latest)	Run actions/checkout@v6	2026-09-09T07:03:07.0778020Z Copying '/Users/runner/.gitconfig' to '/Users/runner/work/_temp/8d85801b-bd20-477c-a5c7-4ac7d9589799/.gitconfig'
test (aarch64-apple-darwin, macos-latest)	Run actions/checkout@v6	2026-09-09T07:03:07.0784780Z Temporarily overriding HOME='/Users/runner/work/_temp/8d85801b-bd20-477c-a5c7-4ac7d9589799' before making global git config changes
test (aarch64-apple-darwin, macos-latest)	Run actions/checkout@v6	2026-09-09T07:03:07.0786520Z Adding repository directory to the temporary git global config as a safe directory
test (aarch64-apple-darwin, macos-latest)	Run actions/checkout@v6	2026-09-09T07:03:07.0788050Z [command]/opt/homebrew/bin/git config --global --add safe.directory /Users/runner/work/vig/vig
test (aarch64-apple-darwin, macos-latest)	Run actions/checkout@v6	2026-09-09T07:03:07.0897640Z Deleting the contents of '/Users/runner/work/vig/vig'
test (aarch64-apple-darwin, macos-latest)	Run actions/checkout@v6	2026-09-09T07:03:07.0901200Z ##[group]Determining repository object format
test (aarch64-apple-darwin, macos-latest)	Run actions/checkout@v6	2026-09-09T07:03:07.0902830Z ##[endgroup]
test (aarch64-apple-darwin, macos-latest)	Run actions/checkout@v6	2026-09-09T07:03:07.0904030Z ##[group]Initializing the repository
test (aarch64-apple-darwin, macos-latest)	Run actions/checkout@v6	2026-09-09T07:03:07.0907210Z [command]/opt/homebrew/bin/git init /Users/runner/work/vig/vig
test (aarch64-apple-darwin, macos-latest)	Run actions/checkout@v6	2026-09-09T07:03:07.1142170Z hint: Using 'master' as the name for the initial branch. This default branch name
test (aarch64-apple-darwin, macos-latest)	Run actions/checkout@v6	2026-09-09T07:03:07.1145630Z hint: will change to "main" in Git 3.0. To configure the initial branch name
test (aarch64-apple-darwin, macos-latest)	Run actions/checkout@v6	2026-09-09T07:03:07.1147950Z hint: to use in all of your new repositories, which will suppress this warning,
test (aarch64-apple-darwin, macos-latest)	Run actions/checkout@v6	2026-09-09T07:03:07.1148990Z hint: call:
test (aarch64-apple-darwin, macos-latest)	Run actions/checkout@v6	2026-09-09T07:03:07.1149500Z hint:
test (aarch64-apple-darwin, macos-latest)	Run actions/checkout@v6	2026-09-09T07:03:07.1150130Z hint: 	git config --global init.defaultBranch <name>
test (aarch64-apple-darwin, macos-latest)	Run actions/checkout@v6	2026-09-09T07:03:07.1150910Z hint:
test (aarch64-apple-darwin, macos-latest)	Run actions/checkout@v6	2026-09-09T07:03:07.1151710Z hint: Names commonly chosen instead of 'master' are 'main', 'trunk' and
test (aarch64-apple-darwin, macos-latest)	Run actions/checkout@v6	2026-09-09T07:03:07.1152900Z hint: 'development'. The just-created branch can be renamed via this command:
test (aarch64-apple-darwin, macos-latest)	Run actions/checkout@v6	2026-09-09T07:03:07.1153810Z hint:
test (aarch64-apple-darwin, macos-latest)	Run actions/checkout@v6	2026-09-09T07:03:07.1154300Z hint: 	git branch -m <name>
test (aarch64-apple-darwin, macos-latest)	Run actions/checkout@v6	2026-09-09T07:03:07.1154880Z hint:
test (aarch64-apple-darwin, macos-latest)	Run actions/checkout@v6	2026-09-09T07:03:07.1155710Z hint: Disable this message with "git config set advice.defaultBranchName false"
test (aarch64-apple-darwin, macos-latest)	Run actions/checkout@v6	2026-09-09T07:03:07.1157000Z Initialized empty Git repository in /Users/runner/work/vig/vig/.git/
test (aarch64-apple-darwin, macos-latest)	Run actions/checkout@v6	2026-09-09T07:03:07.1159200Z [command]/opt/homebrew/bin/git remote add origin https://github.com/td72/vig
test (aarch64-apple-darwin, macos-latest)	Run actions/checkout@v6	2026-09-09T07:03:07.1224910Z ##[endgroup]
test (aarch64-apple-darwin, macos-latest)	Run actions/checkout@v6	2026-09-09T07:03:07.1225920Z ##[group]Disabling automatic garbage collection
test (aarch64-apple-darwin, macos-latest)	Run actions/checkout@v6	2026-09-09T07:03:07.1227110Z [command]/opt/homebrew/bin/git config --local gc.auto 0
test (aarch64-apple-darwin, macos-latest)	Run actions/checkout@v6	2026-09-09T07:03:07.1292110Z ##[endgroup]
test (aarch64-apple-darwin, macos-latest)	Run actions/checkout@v6	2026-09-09T07:03:07.1293350Z ##[group]Setting up auth
test (aarch64-apple-darwin, macos-latest)	Run actions/checkout@v6	2026-09-09T07:03:07.1294370Z Removing SSH command configuration
test (aarch64-apple-darwin, macos-latest)	Run actions/checkout@v6	2026-09-09T07:03:07.1298080Z [command]/opt/homebrew/bin/git config --local --name-only --get-regexp core\.sshCommand
test (aarch64-apple-darwin, macos-latest)	Run actions/checkout@v6	2026-09-09T07:03:07.1374470Z [command]/opt/homebrew/bin/git submodule foreach --recursive sh -c "git config --local --name-only --get-regexp 'core\.sshCommand' && git config --local --unset-all 'core.sshCommand' || :"
test (aarch64-apple-darwin, macos-latest)	Run actions/checkout@v6	2026-09-09T07:03:07.2354620Z Removing HTTP extra header
test (aarch64-apple-darwin, macos-latest)	Run actions/checkout@v6	2026-09-09T07:03:07.2362150Z [command]/opt/homebrew/bin/git config --local --name-only --get-regexp http\.https\:\/\/github\.com\/\.extraheader
test (aarch64-apple-darwin, macos-latest)	Run actions/checkout@v6	2026-09-09T07:03:07.2448290Z [command]/opt/homebrew/bin/git submodule foreach --recursive sh -c "git config --local --name-only --get-regexp 'http\.https\:\/\/github\.com\/\.extraheader' && git config --local --unset-all 'http.https://github.com/.extraheader' || :"
test (aarch64-apple-darwin, macos-latest)	Run actions/checkout@v6	2026-09-09T07:03:07.3262160Z Removing includeIf entries pointing to credentials config files
test (aarch64-apple-darwin, macos-latest)	Run actions/checkout@v6	2026-09-09T07:03:07.3266990Z [command]/opt/homebrew/bin/git config --local --name-only --get-regexp ^includeIf\.gitdir:
test (aarch64-apple-darwin, macos-latest)	Run actions/checkout@v6	2026-09-09T07:03:07.3362730Z [command]/opt/homebrew/bin/git submodule foreach --recursive git config --local --show-origin --name-only --get-regexp remote.origin.url
test (aarch64-apple-darwin, macos-latest)	Run actions/checkout@v6	2026-09-09T07:03:07.4408920Z [command]/opt/homebrew/bin/git config --file /Users/runner/work/_temp/git-credentials-5608ee36-dd3a-4684-834e-8c458c698ac2.config http.https://github.com/.extraheader AUTHORIZATION: basic ***
test (aarch64-apple-darwin, macos-latest)	Run actions/checkout@v6	2026-09-09T07:03:07.4540310Z [command]/opt/homebrew/bin/git config --local includeIf.gitdir:/Users/runner/work/vig/vig/.git.path /Users/runner/work/_temp/git-credentials-5608ee36-dd3a-4684-834e-8c458c698ac2.config
test (aarch64-apple-darwin, macos-latest)	Run actions/checkout@v6	2026-09-09T07:03:07.4598320Z [command]/opt/homebrew/bin/git config --local includeIf.gitdir:/Users/runner/work/vig/vig/.git/worktrees/*.path /Users/runner/work/_temp/git-credentials-5608ee36-dd3a-4684-834e-8c458c698ac2.config
test (aarch64-apple-darwin, macos-latest)	Run actions/checkout@v6	2026-09-09T07:03:07.4700970Z [command]/opt/homebrew/bin/git config --local includeIf.gitdir:/github/workspace/.git.path /github/runner_temp/git-credentials-5608ee36-dd3a-4684-834e-8c458c698ac2.config
test (aarch64-apple-darwin, macos-latest)	Run actions/checkout@v6	2026-09-09T07:03:07.4767430Z [command]/opt/homebrew/bin/git config --local includeIf.gitdir:/github/workspace/.git/worktrees/*.path /github/runner_temp/git-credentials-5608ee36-dd3a-4684-834e-8c458c698ac2.config
test (aarch64-apple-darwin, macos-latest)	Run actions/checkout@v6	2026-09-09T07:03:07.4841880Z ##[endgroup]
test (aarch64-apple-darwin, macos-latest)	Run actions/checkout@v6	2026-09-09T07:03:07.4843290Z ##[group]Fetching the repository
test (aarch64-apple-darwin, macos-latest)	Run actions/checkout@v6	2026-09-09T07:03:07.4853240Z [command]/opt/homebrew/bin/git -c protocol.version=2 fetch --no-tags --prune --no-recurse-submodules --depth=1 origin +074bbad486d5e36c3d911ead96587dcb29057716:refs/remotes/origin/main
test (aarch64-apple-darwin, macos-latest)	Run actions/checkout@v6	2026-09-09T07:03:08.3969590Z From https://github.com/td72/vig
test (aarch64-apple-darwin, macos-latest)	Run actions/checkout@v6	2026-09-09T07:03:08.3982120Z  * [new ref]         074bbad486d5e36c3d911ead96587dcb29057716 -> origin/main
test (aarch64-apple-darwin, macos-latest)	Run actions/checkout@v6	2026-09-09T07:03:08.3984570Z [command]/opt/homebrew/bin/git branch --list --remote origin/main
test (aarch64-apple-darwin, macos-latest)	Run actions/checkout@v6	2026-09-09T07:03:08.4056110Z   origin/main
test (aarch64-apple-darwin, macos-latest)	Run actions/checkout@v6	2026-09-09T07:03:08.4064150Z [command]/opt/homebrew/bin/git rev-parse refs/remotes/origin/main
test (aarch64-apple-darwin, macos-latest)	Run actions/checkout@v6	2026-09-09T07:03:08.4135920Z 074bbad486d5e36c3d911ead96587dcb29057716
test (aarch64-apple-darwin, macos-latest)	Run actions/checkout@v6	2026-09-09T07:03:08.4139120Z ##[endgroup]
test (aarch64-apple-darwin, macos-latest)	Run actions/checkout@v6	2026-09-09T07:03:08.4139980Z ##[group]Determining the checkout info
test (aarch64-apple-darwin, macos-latest)	Run actions/checkout@v6	2026-09-09T07:03:08.4140790Z ##[endgroup]
test (aarch64-apple-darwin, macos-latest)	Run actions/checkout@v6	2026-09-09T07:03:08.4145000Z [command]/opt/homebrew/bin/git sparse-checkout disable
test (aarch64-apple-darwin, macos-latest)	Run actions/checkout@v6	2026-09-09T07:03:08.4244990Z [command]/opt/homebrew/bin/git config --local --unset-all extensions.worktreeConfig
test (aarch64-apple-darwin, macos-latest)	Run actions/checkout@v6	2026-09-09T07:03:08.4331120Z ##[group]Checking out the ref
test (aarch64-apple-darwin, macos-latest)	Run actions/checkout@v6	2026-09-09T07:03:08.4333630Z [command]/opt/homebrew/bin/git checkout --progress --force -B main refs/remotes/origin/main
test (aarch64-apple-darwin, macos-latest)	Run actions/checkout@v6	2026-09-09T07:03:08.6761550Z Switched to a new branch 'main'
test (aarch64-apple-darwin, macos-latest)	Run actions/checkout@v6	2026-09-09T07:03:08.6767790Z branch 'main' set up to track 'origin/main'.
test (aarch64-apple-darwin, macos-latest)	Run actions/checkout@v6	2026-09-09T07:03:08.8062500Z ##[endgroup]
test (aarch64-apple-darwin, macos-latest)	Run actions/checkout@v6	2026-09-09T07:03:08.8166190Z [command]/opt/homebrew/bin/git log -1 --format=%H
test (aarch64-apple-darwin, macos-latest)	Run actions/checkout@v6	2026-09-09T07:03:08.8250720Z 074bbad486d5e36c3d911ead96587dcb29057716
test (aarch64-apple-darwin, macos-latest)	Run actions-rust-lang/setup-rust-toolchain@v1	﻿2026-09-09T07:03:08.8615960Z ##[group]Run actions-rust-lang/setup-rust-toolchain@v1
test (aarch64-apple-darwin, macos-latest)	Run actions-rust-lang/setup-rust-toolchain@v1	2026-09-09T07:03:08.8616270Z with:
test (aarch64-apple-darwin, macos-latest)	Run actions-rust-lang/setup-rust-toolchain@v1	2026-09-09T07:03:08.8616420Z   target: aarch64-apple-darwin
test (aarch64-apple-darwin, macos-latest)	Run actions-rust-lang/setup-rust-toolchain@v1	2026-09-09T07:03:08.8616670Z   cache: true
test (aarch64-apple-darwin, macos-latest)	Run actions-rust-lang/setup-rust-toolchain@v1	2026-09-09T07:03:08.8616850Z   cache-on-failure: true
test (aarch64-apple-darwin, macos-latest)	Run actions-rust-lang/setup-rust-toolchain@v1	2026-09-09T07:03:08.8617040Z   cache-bin: true
test (aarch64-apple-darwin, macos-latest)	Run actions-rust-lang/setup-rust-toolchain@v1	2026-09-09T07:03:08.8617230Z   cache-provider: github
test (aarch64-apple-darwin, macos-latest)	Run actions-rust-lang/setup-rust-toolchain@v1	2026-09-09T07:03:08.8617450Z   cache-all-crates: false
test (aarch64-apple-darwin, macos-latest)	Run actions-rust-lang/setup-rust-toolchain@v1	2026-09-09T07:03:08.8617690Z   cache-workspace-crates: false
test (aarch64-apple-darwin, macos-latest)	Run actions-rust-lang/setup-rust-toolchain@v1	2026-09-09T07:03:08.8617880Z   cache-save-if: true
test (aarch64-apple-darwin, macos-latest)	Run actions-rust-lang/setup-rust-toolchain@v1	2026-09-09T07:03:08.8618050Z   cache-targets: true
test (aarch64-apple-darwin, macos-latest)	Run actions-rust-lang/setup-rust-toolchain@v1	2026-09-09T07:03:08.8618240Z   matcher: true
test (aarch64-apple-darwin, macos-latest)	Run actions-rust-lang/setup-rust-toolchain@v1	2026-09-09T07:03:08.8618550Z   rustflags: -D warnings
test (aarch64-apple-darwin, macos-latest)	Run actions-rust-lang/setup-rust-toolchain@v1	2026-09-09T07:03:08.8618830Z   override: true
test (aarch64-apple-darwin, macos-latest)	Run actions-rust-lang/setup-rust-toolchain@v1	2026-09-09T07:03:08.8618980Z ##[endgroup]
test (aarch64-apple-darwin, macos-latest)	Run actions-rust-lang/setup-rust-toolchain@v1	2026-09-09T07:03:08.8675890Z ##[start-action display=Unbork mac;id=__actions-rust-lang_setup-rust-toolchain.__run]
test (aarch64-apple-darwin, macos-latest)	Run actions-rust-lang/setup-rust-toolchain@v1	2026-09-09T07:03:08.8731030Z ##[group]Run brew install bash
test (aarch64-apple-darwin, macos-latest)	Run actions-rust-lang/setup-rust-toolchain@v1	2026-09-09T07:03:08.8742200Z ^[[36;1mbrew install bash^[[0m
test (aarch64-apple-darwin, macos-latest)	Run actions-rust-lang/setup-rust-toolchain@v1	2026-09-09T07:03:08.8795720Z shell: /bin/bash --noprofile --norc -e -o pipefail {0}
test (aarch64-apple-darwin, macos-latest)	Run actions-rust-lang/setup-rust-toolchain@v1	2026-09-09T07:03:08.8796070Z ##[endgroup]
test (aarch64-apple-darwin, macos-latest)	Run actions-rust-lang/setup-rust-toolchain@v1	2026-09-09T07:03:11.2812810Z ^[[32m==>^[[0m ^[[1mDownloading bottle manifests^[[0m
test (aarch64-apple-darwin, macos-latest)	Run actions-rust-lang/setup-rust-toolchain@v1	2026-09-09T07:03:11.2970480Z ✔︎ Bottle Manifest bash (5.3.15)
test (aarch64-apple-darwin, macos-latest)	Run actions-rust-lang/setup-rust-toolchain@v1	2026-09-09T07:03:11.2972400Z ^[[34m==>^[[0m ^[[1mWould install 1 formula:^[[0m
test (aarch64-apple-darwin, macos-latest)	Run actions-rust-lang/setup-rust-toolchain@v1	2026-09-09T07:03:11.2973020Z bash
test (aarch64-apple-darwin, macos-latest)	Run actions-rust-lang/setup-rust-toolchain@v1	2026-09-09T07:03:11.3392310Z ^[[34m==>^[[0m ^[[1mWould install 1 dependency for bash:^[[0m
test (aarch64-apple-darwin, macos-latest)	Run actions-rust-lang/setup-rust-toolchain@v1	2026-09-09T07:03:11.3392820Z ncurses
test (aarch64-apple-darwin, macos-latest)	Run actions-rust-lang/setup-rust-toolchain@v1	2026-09-09T07:03:11.3504700Z ^[[32m==>^[[0m ^[[1mFetching downloads for: ^[[32mbash^[[39m^[[0m
test (aarch64-apple-darwin, macos-latest)	Run actions-rust-lang/setup-rust-toolchain@v1	2026-09-09T07:03:11.6300850Z ✔︎ Bottle Manifest ncurses (6.6)
test (aarch64-apple-darwin, macos-latest)	Run actions-rust-lang/setup-rust-toolchain@v1	2026-09-09T07:03:11.7541290Z ✔︎ Bottle bash (5.3.15)
test (aarch64-apple-darwin, macos-latest)	Run actions-rust-lang/setup-rust-toolchain@v1	2026-09-09T07:03:12.2011100Z ✔︎ Bottle ncurses (6.6)
test (aarch64-apple-darwin, macos-latest)	Run actions-rust-lang/setup-rust-toolchain@v1	2026-09-09T07:03:12.2110410Z ^[[32m==>^[[0m ^[[1mInstalling bash dependency: ^[[32mncurses^[[39m^[[0m
test (aarch64-apple-darwin, macos-latest)	Run actions-rust-lang/setup-rust-toolchain@v1	2026-09-09T07:03:12.2140510Z ^[[34m==>^[[0m ^[[1mPouring ncurses--6.6.arm64_tahoe.bottle.tar.gz^[[0m
test (aarch64-apple-darwin, macos-latest)	Run actions-rust-lang/setup-rust-toolchain@v1	2026-09-09T07:03:12.7902270Z 🍺  /opt/homebrew/Cellar/ncurses/6.6: 4,086 files, 10.3MB
test (aarch64-apple-darwin, macos-latest)	Run actions-rust-lang/setup-rust-toolchain@v1	2026-09-09T07:03:12.7906620Z ^[[32m==>^[[0m ^[[1mInstalling ^[[32mbash^[[39m^[[0m
test (aarch64-apple-darwin, macos-latest)	Run actions-rust-lang/setup-rust-toolchain@v1	2026-09-09T07:03:12.7909190Z ^[[34m==>^[[0m ^[[1mPouring bash--5.3.15.arm64_tahoe.bottle.tar.gz^[[0m
test (aarch64-apple-darwin, macos-latest)	Run actions-rust-lang/setup-rust-toolchain@v1	2026-09-09T07:03:13.0326080Z 🍺  /opt/homebrew/Cellar/bash/5.3.15: 172 files, 13MB
test (aarch64-apple-darwin, macos-latest)	Run actions-rust-lang/setup-rust-toolchain@v1	2026-09-09T07:03:13.0336930Z ^[[32m==>^[[0m ^[[1mCaveats^[[0m
test (aarch64-apple-darwin, macos-latest)	Run actions-rust-lang/setup-rust-toolchain@v1	2026-09-09T07:03:13.0338190Z ^[[34m==>^[[0m ^[[1mbash^[[0m
test (aarch64-apple-darwin, macos-latest)	Run actions-rust-lang/setup-rust-toolchain@v1	2026-09-09T07:03:13.0339640Z DEFAULT_LOADABLE_BUILTINS_PATH: /opt/homebrew/lib/bash:/usr/local/lib/bash:/usr/lib/bash:/opt/local/lib/bash:/usr/pkg/lib/bash:/opt/pkg/lib/bash:.
test (aarch64-apple-darwin, macos-latest)	Run actions-rust-lang/setup-rust-toolchain@v1	2026-09-09T07:03:13.0467920Z ##[end-action id=__actions-rust-lang_setup-rust-toolchain.__run;outcome=success;conclusion=success;duration_ms=4178]
test (aarch64-apple-darwin, macos-latest)	Run actions-rust-lang/setup-rust-toolchain@v1	2026-09-09T07:03:13.0548890Z ##[start-action display=Run : construct rustup command line;id=__actions-rust-lang_setup-rust-toolchain.flags]
test (aarch64-apple-darwin, macos-latest)	Run actions-rust-lang/setup-rust-toolchain@v1	2026-09-09T07:03:13.0580570Z ##[group]Run : construct rustup command line
test (aarch64-apple-darwin, macos-latest)	Run actions-rust-lang/setup-rust-toolchain@v1	2026-09-09T07:03:13.0581220Z ^[[36;1m: construct rustup command line^[[0m
test (aarch64-apple-darwin, macos-latest)	Run actions-rust-lang/setup-rust-toolchain@v1	2026-09-09T07:03:13.0581780Z ^[[36;1mecho "targets=$(for t in ${_srt_targets//,/ }; do echo -n ' --target' $t; done)" >> $GITHUB_OUTPUT^[[0m
test (aarch64-apple-darwin, macos-latest)	Run actions-rust-lang/setup-rust-toolchain@v1	2026-09-09T07:03:13.0582520Z ^[[36;1mecho "components=$(for c in ${_srt_components//,/ }; do echo -n ' --component' $c; done)" >> $GITHUB_OUTPUT^[[0m
test (aarch64-apple-darwin, macos-latest)	Run actions-rust-lang/setup-rust-toolchain@v1	2026-09-09T07:03:13.0583000Z ^[[36;1mecho "downgrade=" >> $GITHUB_OUTPUT^[[0m
test (aarch64-apple-darwin, macos-latest)	Run actions-rust-lang/setup-rust-toolchain@v1	2026-09-09T07:03:13.0603220Z shell: /opt/homebrew/bin/bash --noprofile --norc -e -o pipefail {0}
test (aarch64-apple-darwin, macos-latest)	Run actions-rust-lang/setup-rust-toolchain@v1	2026-09-09T07:03:13.0610730Z env:
test (aarch64-apple-darwin, macos-latest)	Run actions-rust-lang/setup-rust-toolchain@v1	2026-09-09T07:03:13.0611820Z   _srt_targets: aarch64-apple-darwin
test (aarch64-apple-darwin, macos-latest)	Run actions-rust-lang/setup-rust-toolchain@v1	2026-09-09T07:03:13.0613170Z   _srt_components: 
test (aarch64-apple-darwin, macos-latest)	Run actions-rust-lang/setup-rust-toolchain@v1	2026-09-09T07:03:13.0613800Z ##[endgroup]
test (aarch64-apple-darwin, macos-latest)	Run actions-rust-lang/setup-rust-toolchain@v1	2026-09-09T07:03:13.1531810Z ##[end-action id=__actions-rust-lang_setup-rust-toolchain.flags;outcome=success;conclusion=success;duration_ms=98]
test (aarch64-apple-darwin, macos-latest)	Run actions-rust-lang/setup-rust-toolchain@v1	2026-09-09T07:03:13.1537590Z ##[start-action display=Setting Environment Variables;id=__actions-rust-lang_setup-rust-toolchain.__run_2]
test (aarch64-apple-darwin, macos-latest)	Run actions-rust-lang/setup-rust-toolchain@v1	2026-09-09T07:03:13.1563370Z ##[group]Run if [[ ! -v CARGO_INCREMENTAL ]]; then
test (aarch64-apple-darwin, macos-latest)	Run actions-rust-lang/setup-rust-toolchain@v1	2026-09-09T07:03:13.1563810Z ^[[36;1mif [[ ! -v CARGO_INCREMENTAL ]]; then^[[0m
test (aarch64-apple-darwin, macos-latest)	Run actions-rust-lang/setup-rust-toolchain@v1	2026-09-09T07:03:13.1564840Z ^[[36;1m  echo "CARGO_INCREMENTAL=0" >> $GITHUB_ENV^[[0m
test (aarch64-apple-darwin, macos-latest)	Run actions-rust-lang/setup-rust-toolchain@v1	2026-09-09T07:03:13.1565090Z ^[[36;1mfi^[[0m
test (aarch64-apple-darwin, macos-latest)	Run actions-rust-lang/setup-rust-toolchain@v1	2026-09-09T07:03:13.1565370Z ^[[36;1mif [[ ! -v CARGO_PROFILE_DEV_DEBUG ]]; then^[[0m
test (aarch64-apple-darwin, macos-latest)	Run actions-rust-lang/setup-rust-toolchain@v1	2026-09-09T07:03:13.1565680Z ^[[36;1m  echo "CARGO_PROFILE_DEV_DEBUG=0" >> $GITHUB_ENV^[[0m
test (aarch64-apple-darwin, macos-latest)	Run actions-rust-lang/setup-rust-toolchain@v1	2026-09-09T07:03:13.1565980Z ^[[36;1mfi^[[0m
test (aarch64-apple-darwin, macos-latest)	Run actions-rust-lang/setup-rust-toolchain@v1	2026-09-09T07:03:13.1566210Z ^[[36;1mif [[ ! -v CARGO_TERM_COLOR ]]; then^[[0m
test (aarch64-apple-darwin, macos-latest)	Run actions-rust-lang/setup-rust-toolchain@v1	2026-09-09T07:03:13.1566660Z ^[[36;1m  echo "CARGO_TERM_COLOR=always" >> $GITHUB_ENV^[[0m
test (aarch64-apple-darwin, macos-latest)	Run actions-rust-lang/setup-rust-toolchain@v1	2026-09-09T07:03:13.1566970Z ^[[36;1mfi^[[0m
test (aarch64-apple-darwin, macos-latest)	Run actions-rust-lang/setup-rust-toolchain@v1	2026-09-09T07:03:13.1567190Z ^[[36;1mif [[ ! -v RUST_BACKTRACE ]]; then^[[0m
test (aarch64-apple-darwin, macos-latest)	Run actions-rust-lang/setup-rust-toolchain@v1	2026-09-09T07:03:13.1567640Z ^[[36;1m  echo "RUST_BACKTRACE=short" >> $GITHUB_ENV^[[0m
test (aarch64-apple-darwin, macos-latest)	Run actions-rust-lang/setup-rust-toolchain@v1	2026-09-09T07:03:13.1567980Z ^[[36;1mfi^[[0m
test (aarch64-apple-darwin, macos-latest)	Run actions-rust-lang/setup-rust-toolchain@v1	2026-09-09T07:03:13.1568360Z ^[[36;1mif [[ ( ! -v RUSTFLAGS ) && $_srt_NEW_RUSTFLAGS != "" ]]; then^[[0m
test (aarch64-apple-darwin, macos-latest)	Run actions-rust-lang/setup-rust-toolchain@v1	2026-09-09T07:03:13.1568770Z ^[[36;1m  echo "RUSTFLAGS=$_srt_NEW_RUSTFLAGS" >> $GITHUB_ENV^[[0m
test (aarch64-apple-darwin, macos-latest)	Run actions-rust-lang/setup-rust-toolchain@v1	2026-09-09T07:03:13.1569170Z ^[[36;1mfi^[[0m
test (aarch64-apple-darwin, macos-latest)	Run actions-rust-lang/setup-rust-toolchain@v1	2026-09-09T07:03:13.1569380Z ^[[36;1m# Enable faster sparse index on nightly^[[0m
test (aarch64-apple-darwin, macos-latest)	Run actions-rust-lang/setup-rust-toolchain@v1	2026-09-09T07:03:13.1569750Z ^[[36;1m# The value is ignored on stable and causes no problems^[[0m
test (aarch64-apple-darwin, macos-latest)	Run actions-rust-lang/setup-rust-toolchain@v1	2026-09-09T07:03:13.1570280Z ^[[36;1m# https://internals.rust-lang.org/t/call-for-testing-cargo-sparse-registry/16862^[[0m
test (aarch64-apple-darwin, macos-latest)	Run actions-rust-lang/setup-rust-toolchain@v1	2026-09-09T07:03:13.1570800Z ^[[36;1mif [[ ! -v CARGO_UNSTABLE_SPARSE_REGISTRY ]]; then^[[0m
test (aarch64-apple-darwin, macos-latest)	Run actions-rust-lang/setup-rust-toolchain@v1	2026-09-09T07:03:13.1571210Z ^[[36;1m  echo "CARGO_UNSTABLE_SPARSE_REGISTRY=true" >> $GITHUB_ENV^[[0m
test (aarch64-apple-darwin, macos-latest)	Run actions-rust-lang/setup-rust-toolchain@v1	2026-09-09T07:03:13.1571570Z ^[[36;1mfi^[[0m
test (aarch64-apple-darwin, macos-latest)	Run actions-rust-lang/setup-rust-toolchain@v1	2026-09-09T07:03:13.1571820Z ^[[36;1mif [[ ! -v CARGO_REGISTRIES_CRATES_IO_PROTOCOL ]]; then^[[0m
test (aarch64-apple-darwin, macos-latest)	Run actions-rust-lang/setup-rust-toolchain@v1	2026-09-09T07:03:13.1572230Z ^[[36;1m  echo "CARGO_REGISTRIES_CRATES_IO_PROTOCOL=sparse" >> $GITHUB_ENV^[[0m
test (aarch64-apple-darwin, macos-latest)	Run actions-rust-lang/setup-rust-toolchain@v1	2026-09-09T07:03:13.1572690Z ^[[36;1mfi^[[0m
test (aarch64-apple-darwin, macos-latest)	Run actions-rust-lang/setup-rust-toolchain@v1	2026-09-09T07:03:13.1592210Z shell: /opt/homebrew/bin/bash --noprofile --norc -e -o pipefail {0}
test (aarch64-apple-darwin, macos-latest)	Run actions-rust-lang/setup-rust-toolchain@v1	2026-09-09T07:03:13.1592700Z env:
test (aarch64-apple-darwin, macos-latest)	Run actions-rust-lang/setup-rust-toolchain@v1	2026-09-09T07:03:13.1592940Z   _srt_NEW_RUSTFLAGS: -D warnings
test (aarch64-apple-darwin, macos-latest)	Run actions-rust-lang/setup-rust-toolchain@v1	2026-09-09T07:03:13.1593560Z ##[endgroup]
test (aarch64-apple-darwin, macos-latest)	Run actions-rust-lang/setup-rust-toolchain@v1	2026-09-09T07:03:13.1968310Z ##[end-action id=__actions-rust-lang_setup-rust-toolchain.__run_2;outcome=success;conclusion=success;duration_ms=42]
test (aarch64-apple-darwin, macos-latest)	Run actions-rust-lang/setup-rust-toolchain@v1	2026-09-09T07:03:13.1971800Z ##[start-action display=Install Rust Problem Matcher;id=__actions-rust-lang_setup-rust-toolchain.__run_3]
test (aarch64-apple-darwin, macos-latest)	Run actions-rust-lang/setup-rust-toolchain@v1	2026-09-09T07:03:13.2134410Z ##[group]Run echo "::add-matcher::/Users/runner/work/_actions/actions-rust-lang/setup-rust-toolchain/v1/rust.json"
test (aarch64-apple-darwin, macos-latest)	Run actions-rust-lang/setup-rust-toolchain@v1	2026-09-09T07:03:13.2135280Z ^[[36;1mecho "::add-matcher::/Users/runner/work/_actions/actions-rust-lang/setup-rust-toolchain/v1/rust.json"^[[0m
test (aarch64-apple-darwin, macos-latest)	Run actions-rust-lang/setup-rust-toolchain@v1	2026-09-09T07:03:13.2149360Z shell: /opt/homebrew/bin/bash --noprofile --norc -e -o pipefail {0}
test (aarch64-apple-darwin, macos-latest)	Run actions-rust-lang/setup-rust-toolchain@v1	2026-09-09T07:03:13.2149810Z env:
test (aarch64-apple-darwin, macos-latest)	Run actions-rust-lang/setup-rust-toolchain@v1	2026-09-09T07:03:13.2150040Z   CARGO_INCREMENTAL: 0
test (aarch64-apple-darwin, macos-latest)	Run actions-rust-lang/setup-rust-toolchain@v1	2026-09-09T07:03:13.2150350Z   CARGO_PROFILE_DEV_DEBUG: 0
test (aarch64-apple-darwin, macos-latest)	Run actions-rust-lang/setup-rust-toolchain@v1	2026-09-09T07:03:13.2150610Z   CARGO_TERM_COLOR: always
test (aarch64-apple-darwin, macos-latest)	Run actions-rust-lang/setup-rust-toolchain@v1	2026-09-09T07:03:13.2150810Z   RUST_BACKTRACE: short
test (aarch64-apple-darwin, macos-latest)	Run actions-rust-lang/setup-rust-toolchain@v1	2026-09-09T07:03:13.2150970Z   RUSTFLAGS: -D warnings
test (aarch64-apple-darwin, macos-latest)	Run actions-rust-lang/setup-rust-toolchain@v1	2026-09-09T07:03:13.2151380Z   CARGO_UNSTABLE_SPARSE_REGISTRY: true
test (aarch64-apple-darwin, macos-latest)	Run actions-rust-lang/setup-rust-toolchain@v1	2026-09-09T07:03:13.2151790Z   CARGO_REGISTRIES_CRATES_IO_PROTOCOL: sparse
test (aarch64-apple-darwin, macos-latest)	Run actions-rust-lang/setup-rust-toolchain@v1	2026-09-09T07:03:13.2152100Z ##[endgroup]
test (aarch64-apple-darwin, macos-latest)	Run actions-rust-lang/setup-rust-toolchain@v1	2026-09-09T07:03:13.2543500Z ##[end-action id=__actions-rust-lang_setup-rust-toolchain.__run_3;outcome=success;conclusion=success;duration_ms=57]
test (aarch64-apple-darwin, macos-latest)	Run actions-rust-lang/setup-rust-toolchain@v1	2026-09-09T07:03:13.2549750Z ##[start-action display=Install rustup, if needed;id=__actions-rust-lang_setup-rust-toolchain.__run_4]
test (aarch64-apple-darwin, macos-latest)	Run actions-rust-lang/setup-rust-toolchain@v1	2026-09-09T07:03:13.2604940Z ##[group]Run if ! command -v rustup &> /dev/null ; then
test (aarch64-apple-darwin, macos-latest)	Run actions-rust-lang/setup-rust-toolchain@v1	2026-09-09T07:03:13.2605920Z ^[[36;1mif ! command -v rustup &> /dev/null ; then^[[0m
test (aarch64-apple-darwin, macos-latest)	Run actions-rust-lang/setup-rust-toolchain@v1	2026-09-09T07:03:13.2607390Z ^[[36;1m  curl --proto '=https' --tlsv1.2 --retry 10 --retry-connrefused -fsSL "https://sh.rustup.rs" | sh -s -- --default-toolchain none -y^[[0m
test (aarch64-apple-darwin, macos-latest)	Run actions-rust-lang/setup-rust-toolchain@v1	2026-09-09T07:03:13.2608680Z ^[[36;1m^[[0m
test (aarch64-apple-darwin, macos-latest)	Run actions-rust-lang/setup-rust-toolchain@v1	2026-09-09T07:03:13.2609350Z ^[[36;1m  # Resolve the correct CARGO_HOME path depending on OS^[[0m
test (aarch64-apple-darwin, macos-latest)	Run actions-rust-lang/setup-rust-toolchain@v1	2026-09-09T07:03:13.2610220Z ^[[36;1m  if [[ "$RUNNER_OS" == "Windows" ]]; then^[[0m
test (aarch64-apple-darwin, macos-latest)	Run actions-rust-lang/setup-rust-toolchain@v1	2026-09-09T07:03:13.2611240Z ^[[36;1m    echo "${CARGO_HOME:-$USERPROFILE/.cargo}/bin" | sed 's|/|\\|g' >> $GITHUB_PATH^[[0m
test (aarch64-apple-darwin, macos-latest)	Run actions-rust-lang/setup-rust-toolchain@v1	2026-09-09T07:03:13.2613090Z ^[[36;1m  else^[[0m
test (aarch64-apple-darwin, macos-latest)	Run actions-rust-lang/setup-rust-toolchain@v1	2026-09-09T07:03:13.2613710Z ^[[36;1m    echo "${CARGO_HOME:-$HOME/.cargo}/bin" >> $GITHUB_PATH^[[0m
test (aarch64-apple-darwin, macos-latest)	Run actions-rust-lang/setup-rust-toolchain@v1	2026-09-09T07:03:13.2614450Z ^[[36;1m  fi^[[0m
test (aarch64-apple-darwin, macos-latest)	Run actions-rust-lang/setup-rust-toolchain@v1	2026-09-09T07:03:13.2615000Z ^[[36;1mfi^[[0m
test (aarch64-apple-darwin, macos-latest)	Run actions-rust-lang/setup-rust-toolchain@v1	2026-09-09T07:03:13.2632820Z shell: /opt/homebrew/bin/bash --noprofile --norc -e -o pipefail {0}
test (aarch64-apple-darwin, macos-latest)	Run actions-rust-lang/setup-rust-toolchain@v1	2026-09-09T07:03:13.2633230Z env:
test (aarch64-apple-darwin, macos-latest)	Run actions-rust-lang/setup-rust-toolchain@v1	2026-09-09T07:03:13.2633440Z   CARGO_INCREMENTAL: 0
test (aarch64-apple-darwin, macos-latest)	Run actions-rust-lang/setup-rust-toolchain@v1	2026-09-09T07:03:13.2633670Z   CARGO_PROFILE_DEV_DEBUG: 0
test (aarch64-apple-darwin, macos-latest)	Run actions-rust-lang/setup-rust-toolchain@v1	2026-09-09T07:03:13.2633920Z   CARGO_TERM_COLOR: always
test (aarch64-apple-darwin, macos-latest)	Run actions-rust-lang/setup-rust-toolchain@v1	2026-09-09T07:03:13.2634150Z   RUST_BACKTRACE: short
test (aarch64-apple-darwin, macos-latest)	Run actions-rust-lang/setup-rust-toolchain@v1	2026-09-09T07:03:13.2634370Z   RUSTFLAGS: -D warnings
test (aarch64-apple-darwin, macos-latest)	Run actions-rust-lang/setup-rust-toolchain@v1	2026-09-09T07:03:13.2634630Z   CARGO_UNSTABLE_SPARSE_REGISTRY: true
test (aarch64-apple-darwin, macos-latest)	Run actions-rust-lang/setup-rust-toolchain@v1	2026-09-09T07:03:13.2634930Z   CARGO_REGISTRIES_CRATES_IO_PROTOCOL: sparse
test (aarch64-apple-darwin, macos-latest)	Run actions-rust-lang/setup-rust-toolchain@v1	2026-09-09T07:03:13.2635180Z   RUNNER_OS: macOS
test (aarch64-apple-darwin, macos-latest)	Run actions-rust-lang/setup-rust-toolchain@v1	2026-09-09T07:03:13.2635350Z ##[endgroup]
test (aarch64-apple-darwin, macos-latest)	Run actions-rust-lang/setup-rust-toolchain@v1	2026-09-09T07:03:13.3050040Z ##[end-action id=__actions-rust-lang_setup-rust-toolchain.__run_4;outcome=success;conclusion=success;duration_ms=49]
test (aarch64-apple-darwin, macos-latest)	Run actions-rust-lang/setup-rust-toolchain@v1	2026-09-09T07:03:13.3060730Z ##[start-action display=rustup toolchain install stable;id=__actions-rust-lang_setup-rust-toolchain.__run_5]
test (aarch64-apple-darwin, macos-latest)	Run actions-rust-lang/setup-rust-toolchain@v1	2026-09-09T07:03:13.3109210Z ##[group]Run # Check if value is set
test (aarch64-apple-darwin, macos-latest)	Run actions-rust-lang/setup-rust-toolchain@v1	2026-09-09T07:03:13.3110030Z ^[[36;1m# Check if value is set^[[0m
test (aarch64-apple-darwin, macos-latest)	Run actions-rust-lang/setup-rust-toolchain@v1	2026-09-09T07:03:13.3110650Z ^[[36;1mif [[ -n "$_srt_rust_src_dir" ]]^[[0m
test (aarch64-apple-darwin, macos-latest)	Run actions-rust-lang/setup-rust-toolchain@v1	2026-09-09T07:03:13.3111260Z ^[[36;1mthen^[[0m
test (aarch64-apple-darwin, macos-latest)	Run actions-rust-lang/setup-rust-toolchain@v1	2026-09-09T07:03:13.3111930Z ^[[36;1m  # If value is set the directory must exist^[[0m
test (aarch64-apple-darwin, macos-latest)	Run actions-rust-lang/setup-rust-toolchain@v1	2026-09-09T07:03:13.3112630Z ^[[36;1m  if [[ -d "$_srt_rust_src_dir" ]]^[[0m
test (aarch64-apple-darwin, macos-latest)	Run actions-rust-lang/setup-rust-toolchain@v1	2026-09-09T07:03:13.3113240Z ^[[36;1m  then^[[0m
test (aarch64-apple-darwin, macos-latest)	Run actions-rust-lang/setup-rust-toolchain@v1	2026-09-09T07:03:13.3113730Z ^[[36;1m    cd "$_srt_rust_src_dir"^[[0m
test (aarch64-apple-darwin, macos-latest)	Run actions-rust-lang/setup-rust-toolchain@v1	2026-09-09T07:03:13.3114280Z ^[[36;1m  else^[[0m
test (aarch64-apple-darwin, macos-latest)	Run actions-rust-lang/setup-rust-toolchain@v1	2026-09-09T07:03:13.3114970Z ^[[36;1m    echo "'rust-src-dir' does not point to an existing directory" >&2^[[0m
test (aarch64-apple-darwin, macos-latest)	Run actions-rust-lang/setup-rust-toolchain@v1	2026-09-09T07:03:13.3116010Z ^[[36;1m    echo "The value of 'rust-src-dir' is: ${_srt_rust_src_dir}" >&2^[[0m
test (aarch64-apple-darwin, macos-latest)	Run actions-rust-lang/setup-rust-toolchain@v1	2026-09-09T07:03:13.3117920Z ^[[36;1m    exit 1^[[0m
test (aarch64-apple-darwin, macos-latest)	Run actions-rust-lang/setup-rust-toolchain@v1	2026-09-09T07:03:13.3118370Z ^[[36;1m  fi^[[0m
test (aarch64-apple-darwin, macos-latest)	Run actions-rust-lang/setup-rust-toolchain@v1	2026-09-09T07:03:13.3118830Z ^[[36;1mfi^[[0m
test (aarch64-apple-darwin, macos-latest)	Run actions-rust-lang/setup-rust-toolchain@v1	2026-09-09T07:03:13.3119550Z ^[[36;1mif [[ -z "$_srt_toolchain" && ( -f "rust-toolchain" || -f "rust-toolchain.toml") ]]^[[0m
test (aarch64-apple-darwin, macos-latest)	Run actions-rust-lang/setup-rust-toolchain@v1	2026-09-09T07:03:13.3120500Z ^[[36;1mthen^[[0m
test (aarch64-apple-darwin, macos-latest)	Run actions-rust-lang/setup-rust-toolchain@v1	2026-09-09T07:03:13.3121070Z ^[[36;1m  # Install the toolchain as specified in the file^[[0m
test (aarch64-apple-darwin, macos-latest)	Run actions-rust-lang/setup-rust-toolchain@v1	2026-09-09T07:03:13.3121980Z ^[[36;1m  # rustup show is the old way that implicitly installed a toolchain^[[0m
test (aarch64-apple-darwin, macos-latest)	Run actions-rust-lang/setup-rust-toolchain@v1	2026-09-09T07:03:13.3123100Z ^[[36;1m  # rustup toolchain install is the new explicit way^[[0m
test (aarch64-apple-darwin, macos-latest)	Run actions-rust-lang/setup-rust-toolchain@v1	2026-09-09T07:03:13.3124220Z ^[[36;1m  # https://github.com/rust-lang/rustup/issues/3635#issuecomment-2343511297^[[0m
test (aarch64-apple-darwin, macos-latest)	Run actions-rust-lang/setup-rust-toolchain@v1	2026-09-09T07:03:13.3125590Z ^[[36;1m  rustup show active-toolchain || rustup toolchain install^[[0m
test (aarch64-apple-darwin, macos-latest)	Run actions-rust-lang/setup-rust-toolchain@v1	2026-09-09T07:03:13.3125990Z ^[[36;1m  if [[ -n $_srt_components ]]; then^[[0m
test (aarch64-apple-darwin, macos-latest)	Run actions-rust-lang/setup-rust-toolchain@v1	2026-09-09T07:03:13.3126300Z ^[[36;1m    rustup component add ${_srt_components//,/ }^[[0m
test (aarch64-apple-darwin, macos-latest)	Run actions-rust-lang/setup-rust-toolchain@v1	2026-09-09T07:03:13.3126650Z ^[[36;1m  fi^[[0m
test (aarch64-apple-darwin, macos-latest)	Run actions-rust-lang/setup-rust-toolchain@v1	2026-09-09T07:03:13.3126880Z ^[[36;1m  if [[ -n $_srt_targets ]]; then^[[0m
test (aarch64-apple-darwin, macos-latest)	Run actions-rust-lang/setup-rust-toolchain@v1	2026-09-09T07:03:13.3127190Z ^[[36;1m    rustup target add ${_srt_targets//,/ }^[[0m
test (aarch64-apple-darwin, macos-latest)	Run actions-rust-lang/setup-rust-toolchain@v1	2026-09-09T07:03:13.3127510Z ^[[36;1m  fi^[[0m
test (aarch64-apple-darwin, macos-latest)	Run actions-rust-lang/setup-rust-toolchain@v1	2026-09-09T07:03:13.3127690Z ^[[36;1melse^[[0m
test (aarch64-apple-darwin, macos-latest)	Run actions-rust-lang/setup-rust-toolchain@v1	2026-09-09T07:03:13.3127860Z ^[[36;1m  if [[ -z "$_srt_toolchain" ]]^[[0m
test (aarch64-apple-darwin, macos-latest)	Run actions-rust-lang/setup-rust-toolchain@v1	2026-09-09T07:03:13.3128090Z ^[[36;1m  then^[[0m
test (aarch64-apple-darwin, macos-latest)	Run actions-rust-lang/setup-rust-toolchain@v1	2026-09-09T07:03:13.3128280Z ^[[36;1m    _srt_toolchain=stable^[[0m
test (aarch64-apple-darwin, macos-latest)	Run actions-rust-lang/setup-rust-toolchain@v1	2026-09-09T07:03:13.3128530Z ^[[36;1m  fi^[[0m
test (aarch64-apple-darwin, macos-latest)	Run actions-rust-lang/setup-rust-toolchain@v1	2026-09-09T07:03:13.3128990Z ^[[36;1m  rustup toolchain install ${_srt_toolchain//,/ }  --target aarch64-apple-darwin --profile minimal --no-self-update^[[0m
test (aarch64-apple-darwin, macos-latest)	Run actions-rust-lang/setup-rust-toolchain@v1	2026-09-09T07:03:13.3129470Z ^[[36;1m  # Take the last element from the list^[[0m
test (aarch64-apple-darwin, macos-latest)	Run actions-rust-lang/setup-rust-toolchain@v1	2026-09-09T07:03:13.3129750Z ^[[36;1m  if [[ "$_srt_override" == "true" ]]^[[0m
test (aarch64-apple-darwin, macos-latest)	Run actions-rust-lang/setup-rust-toolchain@v1	2026-09-09T07:03:13.3129990Z ^[[36;1m  then^[[0m
test (aarch64-apple-darwin, macos-latest)	Run actions-rust-lang/setup-rust-toolchain@v1	2026-09-09T07:03:13.3130210Z ^[[36;1m    rustup override set ${_srt_toolchain//*,/ }^[[0m
test (aarch64-apple-darwin, macos-latest)	Run actions-rust-lang/setup-rust-toolchain@v1	2026-09-09T07:03:13.3130450Z ^[[36;1m  fi^[[0m
test (aarch64-apple-darwin, macos-latest)	Run actions-rust-lang/setup-rust-toolchain@v1	2026-09-09T07:03:13.3130610Z ^[[36;1mfi^[[0m
test (aarch64-apple-darwin, macos-latest)	Run actions-rust-lang/setup-rust-toolchain@v1	2026-09-09T07:03:13.3143250Z shell: /opt/homebrew/bin/bash --noprofile --norc -e -o pipefail {0}
test (aarch64-apple-darwin, macos-latest)	Run actions-rust-lang/setup-rust-toolchain@v1	2026-09-09T07:03:13.3143970Z env:
test (aarch64-apple-darwin, macos-latest)	Run actions-rust-lang/setup-rust-toolchain@v1	2026-09-09T07:03:13.3144150Z   CARGO_INCREMENTAL: 0
test (aarch64-apple-darwin, macos-latest)	Run actions-rust-lang/setup-rust-toolchain@v1	2026-09-09T07:03:13.3144370Z   CARGO_PROFILE_DEV_DEBUG: 0
test (aarch64-apple-darwin, macos-latest)	Run actions-rust-lang/setup-rust-toolchain@v1	2026-09-09T07:03:13.3144560Z   CARGO_TERM_COLOR: always
test (aarch64-apple-darwin, macos-latest)	Run actions-rust-lang/setup-rust-toolchain@v1	2026-09-09T07:03:13.3144790Z   RUST_BACKTRACE: short
test (aarch64-apple-darwin, macos-latest)	Run actions-rust-lang/setup-rust-toolchain@v1	2026-09-09T07:03:13.3144980Z   RUSTFLAGS: -D warnings
test (aarch64-apple-darwin, macos-latest)	Run actions-rust-lang/setup-rust-toolchain@v1	2026-09-09T07:03:13.3145190Z   CARGO_UNSTABLE_SPARSE_REGISTRY: true
test (aarch64-apple-darwin, macos-latest)	Run actions-rust-lang/setup-rust-toolchain@v1	2026-09-09T07:03:13.3145450Z   CARGO_REGISTRIES_CRATES_IO_PROTOCOL: sparse
test (aarch64-apple-darwin, macos-latest)	Run actions-rust-lang/setup-rust-toolchain@v1	2026-09-09T07:03:13.3145730Z   _srt_toolchain: 
test (aarch64-apple-darwin, macos-latest)	Run actions-rust-lang/setup-rust-toolchain@v1	2026-09-09T07:03:13.3145970Z   _srt_targets: aarch64-apple-darwin
test (aarch64-apple-darwin, macos-latest)	Run actions-rust-lang/setup-rust-toolchain@v1	2026-09-09T07:03:13.3146240Z   _srt_components: 
test (aarch64-apple-darwin, macos-latest)	Run actions-rust-lang/setup-rust-toolchain@v1	2026-09-09T07:03:13.3146470Z   _srt_override: true
test (aarch64-apple-darwin, macos-latest)	Run actions-rust-lang/setup-rust-toolchain@v1	2026-09-09T07:03:13.3146690Z   _srt_rust_src_dir: 
test (aarch64-apple-darwin, macos-latest)	Run actions-rust-lang/setup-rust-toolchain@v1	2026-09-09T07:03:13.3146870Z ##[endgroup]
test (aarch64-apple-darwin, macos-latest)	Run actions-rust-lang/setup-rust-toolchain@v1	2026-09-09T07:03:13.8689840Z info: syncing channel updates for stable-aarch64-apple-darwin
test (aarch64-apple-darwin, macos-latest)	Run actions-rust-lang/setup-rust-toolchain@v1	2026-09-09T07:03:14.0022680Z info: latest update on 2026-09-03 for version 1.98.1 (48a229cea 2026-09-01)
test (aarch64-apple-darwin, macos-latest)	Run actions-rust-lang/setup-rust-toolchain@v1	2026-09-09T07:03:14.0124350Z info: removing previous version of component clippy
test (aarch64-apple-darwin, macos-latest)	Run actions-rust-lang/setup-rust-toolchain@v1	2026-09-09T07:03:14.0145030Z info: removing previous version of component rustfmt
test (aarch64-apple-darwin, macos-latest)	Run actions-rust-lang/setup-rust-toolchain@v1	2026-09-09T07:03:14.0163120Z info: removing previous version of component cargo
test (aarch64-apple-darwin, macos-latest)	Run actions-rust-lang/setup-rust-toolchain@v1	2026-09-09T07:03:14.0242240Z info: removing previous version of component rust-std
test (aarch64-apple-darwin, macos-latest)	Run actions-rust-lang/setup-rust-toolchain@v1	2026-09-09T07:03:14.0340690Z info: removing previous version of component rustc
test (aarch64-apple-darwin, macos-latest)	Run actions-rust-lang/setup-rust-toolchain@v1	2026-09-09T07:03:14.0432790Z info: downloading 5 components
test (aarch64-apple-darwin, macos-latest)	Run actions-rust-lang/setup-rust-toolchain@v1	2026-09-09T07:03:19.8186520Z 
test (aarch64-apple-darwin, macos-latest)	Run actions-rust-lang/setup-rust-toolchain@v1	2026-09-09T07:03:19.8698280Z   stable-aarch64-apple-darwin updated - rustc 1.98.1 (48a229cea 2026-09-01) (from rustc 1.98.0 (88d9e12ae 2026-08-18))
test (aarch64-apple-darwin, macos-latest)	Run actions-rust-lang/setup-rust-toolchain@v1	2026-09-09T07:03:19.8699670Z info: self-update is disabled for this build of rustup
test (aarch64-apple-darwin, macos-latest)	Run actions-rust-lang/setup-rust-toolchain@v1	2026-09-09T07:03:19.8700190Z 
test (aarch64-apple-darwin, macos-latest)	Run actions-rust-lang/setup-rust-toolchain@v1	2026-09-09T07:03:19.8754180Z info: any updates to rustup will need to be fetched with your system package manager
test (aarch64-apple-darwin, macos-latest)	Run actions-rust-lang/setup-rust-toolchain@v1	2026-09-09T07:03:19.9089390Z info: override toolchain for /Users/runner/work/vig/vig set to stable-aarch64-apple-darwin
test (aarch64-apple-darwin, macos-latest)	Run actions-rust-lang/setup-rust-toolchain@v1	2026-09-09T07:03:19.9207670Z ##[end-action id=__actions-rust-lang_setup-rust-toolchain.__run_5;outcome=success;conclusion=success;duration_ms=6614]
test (aarch64-apple-darwin, macos-latest)	Run actions-rust-lang/setup-rust-toolchain@v1	2026-09-09T07:03:19.9216140Z ##[start-action display=Print installed versions;id=__actions-rust-lang_setup-rust-toolchain.versions]
test (aarch64-apple-darwin, macos-latest)	Run actions-rust-lang/setup-rust-toolchain@v1	2026-09-09T07:03:19.9256400Z ##[group]Run echo "rustc-version=$(rustc --version)" >> $GITHUB_OUTPUT
test (aarch64-apple-darwin, macos-latest)	Run actions-rust-lang/setup-rust-toolchain@v1	2026-09-09T07:03:19.9257130Z ^[[36;1mecho "rustc-version=$(rustc --version)" >> $GITHUB_OUTPUT^[[0m
test (aarch64-apple-darwin, macos-latest)	Run actions-rust-lang/setup-rust-toolchain@v1	2026-09-09T07:03:19.9257560Z ^[[36;1mrustc --version --verbose^[[0m
test (aarch64-apple-darwin, macos-latest)	Run actions-rust-lang/setup-rust-toolchain@v1	2026-09-09T07:03:19.9258830Z ^[[36;1mecho "cargo-version=$(cargo --version)" >> $GITHUB_OUTPUT^[[0m
test (aarch64-apple-darwin, macos-latest)	Run actions-rust-lang/setup-rust-toolchain@v1	2026-09-09T07:03:19.9259970Z ^[[36;1mcargo --version --verbose^[[0m
test (aarch64-apple-darwin, macos-latest)	Run actions-rust-lang/setup-rust-toolchain@v1	2026-09-09T07:03:19.9261150Z ^[[36;1mecho "rustup-version=$(rustup --version)" >> $GITHUB_OUTPUT^[[0m
test (aarch64-apple-darwin, macos-latest)	Run actions-rust-lang/setup-rust-toolchain@v1	2026-09-09T07:03:19.9261680Z ^[[36;1mrustup --version^[[0m
test (aarch64-apple-darwin, macos-latest)	Run actions-rust-lang/setup-rust-toolchain@v1	2026-09-09T07:03:19.9262080Z ^[[36;1m^[[0m
test (aarch64-apple-darwin, macos-latest)	Run actions-rust-lang/setup-rust-toolchain@v1	2026-09-09T07:03:19.9262590Z ^[[36;1m_srt_DATE=$(rustc --version --verbose | sed -ne 's/^commit-date: \(20[0-9][0-9]\)-\([01][0-9]\)-\([0-3][0-9]\)$/\1\2\3/p')^[[0m
test (aarch64-apple-darwin, macos-latest)	Run actions-rust-lang/setup-rust-toolchain@v1	2026-09-09T07:03:19.9263210Z ^[[36;1m_srt_HASH=$(rustc --version --verbose | sed -ne 's/^commit-hash: //p')^[[0m
test (aarch64-apple-darwin, macos-latest)	Run actions-rust-lang/setup-rust-toolchain@v1	2026-09-09T07:03:19.9263770Z ^[[36;1mecho "cachekey=$(echo $_srt_DATE$_srt_HASH | head -c12)" >> $GITHUB_OUTPUT^[[0m
test (aarch64-apple-darwin, macos-latest)	Run actions-rust-lang/setup-rust-toolchain@v1	2026-09-09T07:03:19.9279140Z shell: /opt/homebrew/bin/bash --noprofile --norc -e -o pipefail {0}
test (aarch64-apple-darwin, macos-latest)	Run actions-rust-lang/setup-rust-toolchain@v1	2026-09-09T07:03:19.9279540Z env:
test (aarch64-apple-darwin, macos-latest)	Run actions-rust-lang/setup-rust-toolchain@v1	2026-09-09T07:03:19.9279790Z   CARGO_INCREMENTAL: 0
test (aarch64-apple-darwin, macos-latest)	Run actions-rust-lang/setup-rust-toolchain@v1	2026-09-09T07:03:19.9280110Z   CARGO_PROFILE_DEV_DEBUG: 0
test (aarch64-apple-darwin, macos-latest)	Run actions-rust-lang/setup-rust-toolchain@v1	2026-09-09T07:03:19.9280350Z   CARGO_TERM_COLOR: always
test (aarch64-apple-darwin, macos-latest)	Run actions-rust-lang/setup-rust-toolchain@v1	2026-09-09T07:03:19.9280660Z   RUST_BACKTRACE: short
test (aarch64-apple-darwin, macos-latest)	Run actions-rust-lang/setup-rust-toolchain@v1	2026-09-09T07:03:19.9280950Z   RUSTFLAGS: -D warnings
test (aarch64-apple-darwin, macos-latest)	Run actions-rust-lang/setup-rust-toolchain@v1	2026-09-09T07:03:19.9281360Z   CARGO_UNSTABLE_SPARSE_REGISTRY: true
test (aarch64-apple-darwin, macos-latest)	Run actions-rust-lang/setup-rust-toolchain@v1	2026-09-09T07:03:19.9281800Z   CARGO_REGISTRIES_CRATES_IO_PROTOCOL: sparse
test (aarch64-apple-darwin, macos-latest)	Run actions-rust-lang/setup-rust-toolchain@v1	2026-09-09T07:03:19.9282080Z ##[endgroup]
test (aarch64-apple-darwin, macos-latest)	Run actions-rust-lang/setup-rust-toolchain@v1	2026-09-09T07:03:20.0892480Z rustc 1.98.1 (48a229cea 2026-09-01)
test (aarch64-apple-darwin, macos-latest)	Run actions-rust-lang/setup-rust-toolchain@v1	2026-09-09T07:03:20.0893160Z binary: rustc
test (aarch64-apple-darwin, macos-latest)	Run actions-rust-lang/setup-rust-toolchain@v1	2026-09-09T07:03:20.0894220Z commit-hash: 48a229ceaefd4985c50990b14116b6d856af0985
test (aarch64-apple-darwin, macos-latest)	Run actions-rust-lang/setup-rust-toolchain@v1	2026-09-09T07:03:20.0895330Z commit-date: 2026-09-01
test (aarch64-apple-darwin, macos-latest)	Run actions-rust-lang/setup-rust-toolchain@v1	2026-09-09T07:03:20.0904720Z host: aarch64-apple-darwin
test (aarch64-apple-darwin, macos-latest)	Run actions-rust-lang/setup-rust-toolchain@v1	2026-09-09T07:03:20.0905050Z release: 1.98.1
test (aarch64-apple-darwin, macos-latest)	Run actions-rust-lang/setup-rust-toolchain@v1	2026-09-09T07:03:20.0917470Z LLVM version: 22.1.8
test (aarch64-apple-darwin, macos-latest)	Run actions-rust-lang/setup-rust-toolchain@v1	2026-09-09T07:03:20.1945400Z cargo 1.98.1 (797e8a9bc 2026-08-05)
test (aarch64-apple-darwin, macos-latest)	Run actions-rust-lang/setup-rust-toolchain@v1	2026-09-09T07:03:20.1946420Z release: 1.98.1
test (aarch64-apple-darwin, macos-latest)	Run actions-rust-lang/setup-rust-toolchain@v1	2026-09-09T07:03:20.1949310Z commit-hash: 797e8a9bca276c1c9f9f738d2a20f484fa4eea9d
test (aarch64-apple-darwin, macos-latest)	Run actions-rust-lang/setup-rust-toolchain@v1	2026-09-09T07:03:20.1950910Z commit-date: 2026-08-05
test (aarch64-apple-darwin, macos-latest)	Run actions-rust-lang/setup-rust-toolchain@v1	2026-09-09T07:03:20.1951600Z host: aarch64-apple-darwin
test (aarch64-apple-darwin, macos-latest)	Run actions-rust-lang/setup-rust-toolchain@v1	2026-09-09T07:03:20.1952040Z libgit2: 1.9.4 (sys:0.21.0 vendored)
test (aarch64-apple-darwin, macos-latest)	Run actions-rust-lang/setup-rust-toolchain@v1	2026-09-09T07:03:20.1952620Z libcurl: 8.7.1 (sys:0.4.90+curl-8.21.0 system ssl:(SecureTransport) LibreSSL/3.3.6)
test (aarch64-apple-darwin, macos-latest)	Run actions-rust-lang/setup-rust-toolchain@v1	2026-09-09T07:03:20.1953250Z ssl: OpenSSL 3.6.3 9 Jun 2026
test (aarch64-apple-darwin, macos-latest)	Run actions-rust-lang/setup-rust-toolchain@v1	2026-09-09T07:03:20.1953650Z os: Mac OS 26.6.2 [64-bit]
test (aarch64-apple-darwin, macos-latest)	Run actions-rust-lang/setup-rust-toolchain@v1	2026-09-09T07:03:20.2093220Z info: This is the version for the rustup toolchain manager, not the rustc compiler.
test (aarch64-apple-darwin, macos-latest)	Run actions-rust-lang/setup-rust-toolchain@v1	2026-09-09T07:03:20.2429170Z info: the currently active `rustc` version is `rustc 1.98.1 (48a229cea 2026-09-01)`
test (aarch64-apple-darwin, macos-latest)	Run actions-rust-lang/setup-rust-toolchain@v1	2026-09-09T07:03:20.2677030Z info: This is the version for the rustup toolchain manager, not the rustc compiler.
test (aarch64-apple-darwin, macos-latest)	Run actions-rust-lang/setup-rust-toolchain@v1	2026-09-09T07:03:20.2677600Z rustup 1.29.0 (2026-03-05)
test (aarch64-apple-darwin, macos-latest)	Run actions-rust-lang/setup-rust-toolchain@v1	2026-09-09T07:03:20.2932370Z info: the currently active `rustc` version is `rustc 1.98.1 (48a229cea 2026-09-01)`
test (aarch64-apple-darwin, macos-latest)	Run actions-rust-lang/setup-rust-toolchain@v1	2026-09-09T07:03:20.3848970Z ##[end-action id=__actions-rust-lang_setup-rust-toolchain.versions;outcome=success;conclusion=success;duration_ms=463]
test (aarch64-apple-darwin, macos-latest)	Run actions-rust-lang/setup-rust-toolchain@v1	2026-09-09T07:03:20.3852250Z ##[start-action display=Downgrade registry access protocol when needed;id=__actions-rust-lang_setup-rust-toolchain.__run_6]
test (aarch64-apple-darwin, macos-latest)	Run actions-rust-lang/setup-rust-toolchain@v1	2026-09-09T07:03:20.3879860Z ##[group]Run # Not all versions support setting CARGO_REGISTRIES_CRATES_IO_PROTOCOL
test (aarch64-apple-darwin, macos-latest)	Run actions-rust-lang/setup-rust-toolchain@v1	2026-09-09T07:03:20.3880610Z ^[[36;1m# Not all versions support setting CARGO_REGISTRIES_CRATES_IO_PROTOCOL^[[0m
test (aarch64-apple-darwin, macos-latest)	Run actions-rust-lang/setup-rust-toolchain@v1	2026-09-09T07:03:20.3881200Z ^[[36;1m# On versions 1.66, 1.67, and 1.68.0-nightly the value "sparse" is still unstable.^[[0m
test (aarch64-apple-darwin, macos-latest)	Run actions-rust-lang/setup-rust-toolchain@v1	2026-09-09T07:03:20.3881810Z ^[[36;1m# https://github.com/dtolnay/rust-toolchain/pull/69#discussion_r1107268108^[[0m
test (aarch64-apple-darwin, macos-latest)	Run actions-rust-lang/setup-rust-toolchain@v1	2026-09-09T07:03:20.3883060Z ^[[36;1m# If we detect an incompatible value, set it to "git" which is always supported.^[[0m
test (aarch64-apple-darwin, macos-latest)	Run actions-rust-lang/setup-rust-toolchain@v1	2026-09-09T07:03:20.3883810Z ^[[36;1mif [[ "rustc 1.98.1 (48a229cea 2026-09-01)" =~ ^rustc\ (1\.6[67]\.|1\.68\.0-nightly) && "${CARGO_REGISTRIES_CRATES_IO_PROTOCOL}" == "sparse" ]]; then^[[0m
test (aarch64-apple-darwin, macos-latest)	Run actions-rust-lang/setup-rust-toolchain@v1	2026-09-09T07:03:20.3884530Z ^[[36;1m  echo "Downgrade cargo registry protocol to git"^[[0m
test (aarch64-apple-darwin, macos-latest)	Run actions-rust-lang/setup-rust-toolchain@v1	2026-09-09T07:03:20.3884990Z ^[[36;1m  echo "CARGO_REGISTRIES_CRATES_IO_PROTOCOL=git" >> $GITHUB_ENV^[[0m
test (aarch64-apple-darwin, macos-latest)	Run actions-rust-lang/setup-rust-toolchain@v1	2026-09-09T07:03:20.3885380Z ^[[36;1mfi^[[0m
test (aarch64-apple-darwin, macos-latest)	Run actions-rust-lang/setup-rust-toolchain@v1	2026-09-09T07:03:20.3897930Z shell: /opt/homebrew/bin/bash --noprofile --norc -e -o pipefail {0}
test (aarch64-apple-darwin, macos-latest)	Run actions-rust-lang/setup-rust-toolchain@v1	2026-09-09T07:03:20.3898350Z env:
test (aarch64-apple-darwin, macos-latest)	Run actions-rust-lang/setup-rust-toolchain@v1	2026-09-09T07:03:20.3898920Z   CARGO_INCREMENTAL: 0
test (aarch64-apple-darwin, macos-latest)	Run actions-rust-lang/setup-rust-toolchain@v1	2026-09-09T07:03:20.3899370Z   CARGO_PROFILE_DEV_DEBUG: 0
test (aarch64-apple-darwin, macos-latest)	Run actions-rust-lang/setup-rust-toolchain@v1	2026-09-09T07:03:20.3899660Z   CARGO_TERM_COLOR: always
test (aarch64-apple-darwin, macos-latest)	Run actions-rust-lang/setup-rust-toolchain@v1	2026-09-09T07:03:20.3900000Z   RUST_BACKTRACE: short
test (aarch64-apple-darwin, macos-latest)	Run actions-rust-lang/setup-rust-toolchain@v1	2026-09-09T07:03:20.3900300Z   RUSTFLAGS: -D warnings
test (aarch64-apple-darwin, macos-latest)	Run actions-rust-lang/setup-rust-toolchain@v1	2026-09-09T07:03:20.3900630Z   CARGO_UNSTABLE_SPARSE_REGISTRY: true
test (aarch64-apple-darwin, macos-latest)	Run actions-rust-lang/setup-rust-toolchain@v1	2026-09-09T07:03:20.3901080Z   CARGO_REGISTRIES_CRATES_IO_PROTOCOL: sparse
test (aarch64-apple-darwin, macos-latest)	Run actions-rust-lang/setup-rust-toolchain@v1	2026-09-09T07:03:20.3901400Z ##[endgroup]
test (aarch64-apple-darwin, macos-latest)	Run actions-rust-lang/setup-rust-toolchain@v1	2026-09-09T07:03:20.4194620Z ##[end-action id=__actions-rust-lang_setup-rust-toolchain.__run_6;outcome=success;conclusion=success;duration_ms=34]
test (aarch64-apple-darwin, macos-latest)	Run actions-rust-lang/setup-rust-toolchain@v1	2026-09-09T07:03:20.4197740Z ##[start-action display=Setup Rust Caching;id=__actions-rust-lang_setup-rust-toolchain.__Swatinem_rust-cache]
test (aarch64-apple-darwin, macos-latest)	Run actions-rust-lang/setup-rust-toolchain@v1	2026-09-09T07:03:20.4277100Z ##[group]Run Swatinem/rust-cache@c19371144df3bb44fab255c43d04cbc2ab54d1c4
test (aarch64-apple-darwin, macos-latest)	Run actions-rust-lang/setup-rust-toolchain@v1	2026-09-09T07:03:20.4277470Z with:
test (aarch64-apple-darwin, macos-latest)	Run actions-rust-lang/setup-rust-toolchain@v1	2026-09-09T07:03:20.4277610Z   cache-on-failure: true
test (aarch64-apple-darwin, macos-latest)	Run actions-rust-lang/setup-rust-toolchain@v1	2026-09-09T07:03:20.4277790Z   cache-bin: true
test (aarch64-apple-darwin, macos-latest)	Run actions-rust-lang/setup-rust-toolchain@v1	2026-09-09T07:03:20.4277970Z   cache-provider: github
test (aarch64-apple-darwin, macos-latest)	Run actions-rust-lang/setup-rust-toolchain@v1	2026-09-09T07:03:20.4278150Z   cache-all-crates: false
test (aarch64-apple-darwin, macos-latest)	Run actions-rust-lang/setup-rust-toolchain@v1	2026-09-09T07:03:20.4278360Z   cache-workspace-crates: false
test (aarch64-apple-darwin, macos-latest)	Run actions-rust-lang/setup-rust-toolchain@v1	2026-09-09T07:03:20.4278570Z   cache-targets: true
test (aarch64-apple-darwin, macos-latest)	Run actions-rust-lang/setup-rust-toolchain@v1	2026-09-09T07:03:20.4278760Z   save-if: true
test (aarch64-apple-darwin, macos-latest)	Run actions-rust-lang/setup-rust-toolchain@v1	2026-09-09T07:03:20.4278930Z   prefix-key: v0-rust
test (aarch64-apple-darwin, macos-latest)	Run actions-rust-lang/setup-rust-toolchain@v1	2026-09-09T07:03:20.4279190Z   add-job-id-key: true
test (aarch64-apple-darwin, macos-latest)	Run actions-rust-lang/setup-rust-toolchain@v1	2026-09-09T07:03:20.4279440Z   add-rust-environment-hash-key: true
test (aarch64-apple-darwin, macos-latest)	Run actions-rust-lang/setup-rust-toolchain@v1	2026-09-09T07:03:20.4280060Z   lookup-only: false
test (aarch64-apple-darwin, macos-latest)	Run actions-rust-lang/setup-rust-toolchain@v1	2026-09-09T07:03:20.4280270Z   cmd-format: {0}
test (aarch64-apple-darwin, macos-latest)	Run actions-rust-lang/setup-rust-toolchain@v1	2026-09-09T07:03:20.4280460Z env:
test (aarch64-apple-darwin, macos-latest)	Run actions-rust-lang/setup-rust-toolchain@v1	2026-09-09T07:03:20.4280620Z   CARGO_INCREMENTAL: 0
test (aarch64-apple-darwin, macos-latest)	Run actions-rust-lang/setup-rust-toolchain@v1	2026-09-09T07:03:20.4280800Z   CARGO_PROFILE_DEV_DEBUG: 0
test (aarch64-apple-darwin, macos-latest)	Run actions-rust-lang/setup-rust-toolchain@v1	2026-09-09T07:03:20.4281360Z   CARGO_TERM_COLOR: always
test (aarch64-apple-darwin, macos-latest)	Run actions-rust-lang/setup-rust-toolchain@v1	2026-09-09T07:03:20.4281560Z   RUST_BACKTRACE: short
test (aarch64-apple-darwin, macos-latest)	Run actions-rust-lang/setup-rust-toolchain@v1	2026-09-09T07:03:20.4281800Z   RUSTFLAGS: -D warnings
test (aarch64-apple-darwin, macos-latest)	Run actions-rust-lang/setup-rust-toolchain@v1	2026-09-09T07:03:20.4282060Z   CARGO_UNSTABLE_SPARSE_REGISTRY: true
test (aarch64-apple-darwin, macos-latest)	Run actions-rust-lang/setup-rust-toolchain@v1	2026-09-09T07:03:20.4282300Z   CARGO_REGISTRIES_CRATES_IO_PROTOCOL: sparse
test (aarch64-apple-darwin, macos-latest)	Run actions-rust-lang/setup-rust-toolchain@v1	2026-09-09T07:03:20.4282590Z ##[endgroup]
test (aarch64-apple-darwin, macos-latest)	Run actions-rust-lang/setup-rust-toolchain@v1	2026-09-09T07:03:20.9456410Z (node:1563) [DEP0040] DeprecationWarning: The `punycode` module is deprecated. Please use a userland alternative instead.
test (aarch64-apple-darwin, macos-latest)	Run actions-rust-lang/setup-rust-toolchain@v1	2026-09-09T07:03:20.9457390Z (Use `node --trace-deprecation ...` to show where the warning was created)
test (aarch64-apple-darwin, macos-latest)	Run actions-rust-lang/setup-rust-toolchain@v1	2026-09-09T07:03:21.2546920Z ##[group]Cache Configuration
test (aarch64-apple-darwin, macos-latest)	Run actions-rust-lang/setup-rust-toolchain@v1	2026-09-09T07:03:21.2548190Z Cache Provider:
test (aarch64-apple-darwin, macos-latest)	Run actions-rust-lang/setup-rust-toolchain@v1	2026-09-09T07:03:21.2548630Z     github
test (aarch64-apple-darwin, macos-latest)	Run actions-rust-lang/setup-rust-toolchain@v1	2026-09-09T07:03:21.2549170Z Workspaces:
test (aarch64-apple-darwin, macos-latest)	Run actions-rust-lang/setup-rust-toolchain@v1	2026-09-09T07:03:21.2549890Z     /Users/runner/work/vig/vig
test (aarch64-apple-darwin, macos-latest)	Run actions-rust-lang/setup-rust-toolchain@v1	2026-09-09T07:03:21.2556180Z Cache Paths:
test (aarch64-apple-darwin, macos-latest)	Run actions-rust-lang/setup-rust-toolchain@v1	2026-09-09T07:03:21.2556530Z     /Users/runner/.cargo/bin
test (aarch64-apple-darwin, macos-latest)	Run actions-rust-lang/setup-rust-toolchain@v1	2026-09-09T07:03:21.2556840Z     /Users/runner/.cargo/.crates.toml
test (aarch64-apple-darwin, macos-latest)	Run actions-rust-lang/setup-rust-toolchain@v1	2026-09-09T07:03:21.2557210Z     /Users/runner/.cargo/.crates2.json
test (aarch64-apple-darwin, macos-latest)	Run actions-rust-lang/setup-rust-toolchain@v1	2026-09-09T07:03:21.2557540Z     /Users/runner/.cargo/registry
test (aarch64-apple-darwin, macos-latest)	Run actions-rust-lang/setup-rust-toolchain@v1	2026-09-09T07:03:21.2557860Z     /Users/runner/.cargo/git
test (aarch64-apple-darwin, macos-latest)	Run actions-rust-lang/setup-rust-toolchain@v1	2026-09-09T07:03:21.2558160Z     /Users/runner/work/vig/vig/target
test (aarch64-apple-darwin, macos-latest)	Run actions-rust-lang/setup-rust-toolchain@v1	2026-09-09T07:03:21.2558460Z Restore Key:
test (aarch64-apple-darwin, macos-latest)	Run actions-rust-lang/setup-rust-toolchain@v1	2026-09-09T07:03:21.2558740Z     v0-rust-test-Darwin-arm64-2aa5c948
test (aarch64-apple-darwin, macos-latest)	Run actions-rust-lang/setup-rust-toolchain@v1	2026-09-09T07:03:21.2560760Z Cache Key:
test (aarch64-apple-darwin, macos-latest)	Run actions-rust-lang/setup-rust-toolchain@v1	2026-09-09T07:03:21.2561420Z     v0-rust-test-Darwin-arm64-2aa5c948-eb78a9df
test (aarch64-apple-darwin, macos-latest)	Run actions-rust-lang/setup-rust-toolchain@v1	2026-09-09T07:03:21.2561930Z .. Prefix:
test (aarch64-apple-darwin, macos-latest)	Run actions-rust-lang/setup-rust-toolchain@v1	2026-09-09T07:03:21.2563440Z   - v0-rust-test-Darwin-arm64
test (aarch64-apple-darwin, macos-latest)	Run actions-rust-lang/setup-rust-toolchain@v1	2026-09-09T07:03:21.2564020Z .. Environment considered:
test (aarch64-apple-darwin, macos-latest)	Run actions-rust-lang/setup-rust-toolchain@v1	2026-09-09T07:03:21.2577890Z   - Rust Versions:
test (aarch64-apple-darwin, macos-latest)	Run actions-rust-lang/setup-rust-toolchain@v1	2026-09-09T07:03:21.2580280Z     - 1.98.1 aarch64-apple-darwin 48a229ceaefd4985c50990b14116b6d856af0985
test (aarch64-apple-darwin, macos-latest)	Run actions-rust-lang/setup-rust-toolchain@v1	2026-09-09T07:03:21.2581420Z     - 1.98.1 aarch64-apple-darwin 48a229ceaefd4985c50990b14116b6d856af0985
test (aarch64-apple-darwin, macos-latest)	Run actions-rust-lang/setup-rust-toolchain@v1	2026-09-09T07:03:21.2582240Z   - CARGO_INCREMENTAL
test (aarch64-apple-darwin, macos-latest)	Run actions-rust-lang/setup-rust-toolchain@v1	2026-09-09T07:03:21.2582790Z   - CARGO_PROFILE_DEV_DEBUG
test (aarch64-apple-darwin, macos-latest)	Run actions-rust-lang/setup-rust-toolchain@v1	2026-09-09T07:03:21.2583340Z   - CARGO_REGISTRIES_CRATES_IO_PROTOCOL
test (aarch64-apple-darwin, macos-latest)	Run actions-rust-lang/setup-rust-toolchain@v1	2026-09-09T07:03:21.2583970Z   - CARGO_TERM_COLOR
test (aarch64-apple-darwin, macos-latest)	Run actions-rust-lang/setup-rust-toolchain@v1	2026-09-09T07:03:21.2584520Z   - CARGO_UNSTABLE_SPARSE_REGISTRY
test (aarch64-apple-darwin, macos-latest)	Run actions-rust-lang/setup-rust-toolchain@v1	2026-09-09T07:03:21.2585320Z   - RUST_BACKTRACE
test (aarch64-apple-darwin, macos-latest)	Run actions-rust-lang/setup-rust-toolchain@v1	2026-09-09T07:03:21.2585850Z   - RUSTFLAGS
test (aarch64-apple-darwin, macos-latest)	Run actions-rust-lang/setup-rust-toolchain@v1	2026-09-09T07:03:21.2586290Z .. Lockfiles considered:
test (aarch64-apple-darwin, macos-latest)	Run actions-rust-lang/setup-rust-toolchain@v1	2026-09-09T07:03:21.2587010Z   - /Users/runner/work/vig/vig/Cargo.lock
test (aarch64-apple-darwin, macos-latest)	Run actions-rust-lang/setup-rust-toolchain@v1	2026-09-09T07:03:21.2587290Z   - /Users/runner/work/vig/vig/Cargo.toml
test (aarch64-apple-darwin, macos-latest)	Run actions-rust-lang/setup-rust-toolchain@v1	2026-09-09T07:03:21.2587900Z ##[endgroup]
test (aarch64-apple-darwin, macos-latest)	Run actions-rust-lang/setup-rust-toolchain@v1	2026-09-09T07:03:21.2588010Z 
test (aarch64-apple-darwin, macos-latest)	Run actions-rust-lang/setup-rust-toolchain@v1	2026-09-09T07:03:21.2588110Z ... Restoring cache ...
test (aarch64-apple-darwin, macos-latest)	Run actions-rust-lang/setup-rust-toolchain@v1	2026-09-09T07:03:21.3933480Z Cache hit for: v0-rust-test-Darwin-arm64-2aa5c948-eb78a9df
test (aarch64-apple-darwin, macos-latest)	Run actions-rust-lang/setup-rust-toolchain@v1	2026-09-09T07:03:22.4495950Z Received 134217728 of 354038154 (37.9%), 126.4 MBs/sec
test (aarch64-apple-darwin, macos-latest)	Run actions-rust-lang/setup-rust-toolchain@v1	2026-09-09T07:03:23.4504760Z Received 268435456 of 354038154 (75.8%), 127.0 MBs/sec
test (aarch64-apple-darwin, macos-latest)	Run actions-rust-lang/setup-rust-toolchain@v1	2026-09-09T07:03:23.8903480Z Received 354038154 of 354038154 (100.0%), 138.2 MBs/sec
test (aarch64-apple-darwin, macos-latest)	Run actions-rust-lang/setup-rust-toolchain@v1	2026-09-09T07:03:23.8919630Z Cache Size: ~338 MB (354038154 B)
test (aarch64-apple-darwin, macos-latest)	Run actions-rust-lang/setup-rust-toolchain@v1	2026-09-09T07:03:23.9079570Z [command]/opt/homebrew/bin/gtar -xf /Users/runner/work/_temp/dc98dd4e-b91c-429c-9693-e865431e8165/cache.tzst -P -C /Users/runner/work/vig/vig --delay-directory-restore --use-compress-program unzstd
test (aarch64-apple-darwin, macos-latest)	Run actions-rust-lang/setup-rust-toolchain@v1	2026-09-09T07:03:28.8261870Z Cache restored successfully
test (aarch64-apple-darwin, macos-latest)	Run actions-rust-lang/setup-rust-toolchain@v1	2026-09-09T07:03:28.8413940Z Restored from cache key "v0-rust-test-Darwin-arm64-2aa5c948-eb78a9df" full match: true.
test (aarch64-apple-darwin, macos-latest)	Run actions-rust-lang/setup-rust-toolchain@v1	2026-09-09T07:03:28.8671680Z ##[end-action id=__actions-rust-lang_setup-rust-toolchain.__Swatinem_rust-cache;outcome=success;conclusion=success;duration_ms=8447]
test (aarch64-apple-darwin, macos-latest)	cargo test	﻿2026-09-09T07:03:28.8849660Z ##[group]Run cargo test --target aarch64-apple-darwin
test (aarch64-apple-darwin, macos-latest)	cargo test	2026-09-09T07:03:28.8850280Z ^[[36;1mcargo test --target aarch64-apple-darwin^[[0m
test (aarch64-apple-darwin, macos-latest)	cargo test	2026-09-09T07:03:28.8868010Z shell: /opt/homebrew/bin/bash -e {0}
test (aarch64-apple-darwin, macos-latest)	cargo test	2026-09-09T07:03:28.8868340Z env:
test (aarch64-apple-darwin, macos-latest)	cargo test	2026-09-09T07:03:28.8868550Z   CARGO_INCREMENTAL: 0
test (aarch64-apple-darwin, macos-latest)	cargo test	2026-09-09T07:03:28.8868840Z   CARGO_PROFILE_DEV_DEBUG: 0
test (aarch64-apple-darwin, macos-latest)	cargo test	2026-09-09T07:03:28.8869100Z   CARGO_TERM_COLOR: always
test (aarch64-apple-darwin, macos-latest)	cargo test	2026-09-09T07:03:28.8869410Z   RUST_BACKTRACE: short
test (aarch64-apple-darwin, macos-latest)	cargo test	2026-09-09T07:03:28.8869730Z   RUSTFLAGS: -D warnings
test (aarch64-apple-darwin, macos-latest)	cargo test	2026-09-09T07:03:28.8869970Z   CARGO_UNSTABLE_SPARSE_REGISTRY: true
test (aarch64-apple-darwin, macos-latest)	cargo test	2026-09-09T07:03:28.8870280Z   CARGO_REGISTRIES_CRATES_IO_PROTOCOL: sparse
test (aarch64-apple-darwin, macos-latest)	cargo test	2026-09-09T07:03:28.8870670Z   CACHE_ON_FAILURE: true
test (aarch64-apple-darwin, macos-latest)	cargo test	2026-09-09T07:03:28.8870890Z ##[endgroup]
test (aarch64-apple-darwin, macos-latest)	cargo test	2026-09-09T07:03:29.3378620Z ^[[1m^[[92m    Updating^[[0m crates.io index
test (aarch64-apple-darwin, macos-latest)	cargo test	2026-09-09T07:03:34.6168340Z ^[[1m^[[92m   Compiling^[[0m vig v0.13.0 (/Users/runner/work/vig/vig)
test (aarch64-apple-darwin, macos-latest)	cargo test	2026-09-09T07:03:52.9316360Z ^[[1m^[[92m    Finished^[[0m `test` profile [unoptimized] target(s) in 23.90s
test (aarch64-apple-darwin, macos-latest)	cargo test	2026-09-09T07:03:52.9879490Z ^[[1m^[[92m     Running^[[0m unittests src/main.rs (target/aarch64-apple-darwin/debug/deps/vig-376d8f7cc3c8f402)
test (aarch64-apple-darwin, macos-latest)	cargo test	2026-09-09T07:03:53.0174970Z 
test (aarch64-apple-darwin, macos-latest)	cargo test	2026-09-09T07:03:53.0177360Z running 396 tests
test (aarch64-apple-darwin, macos-latest)	cargo test	2026-09-09T07:03:53.0237130Z test core::api_budget::tests::thresholds ... ok
test (aarch64-apple-darwin, macos-latest)	cargo test	2026-09-09T07:03:56.4746430Z test core::app::tests::page_keys_follow_the_builtin_app_block ... ok
test (aarch64-apple-darwin, macos-latest)	cargo test	2026-09-09T07:03:56.4873650Z test core::app::tests::page_keys_helper_groups_by_page_in_insertion_order ... ok
test (aarch64-apple-darwin, macos-latest)	cargo test	2026-09-09T07:03:56.4974720Z test core::app::tests::refresh_notice_reports_idle_and_off ... ok
test (aarch64-apple-darwin, macos-latest)	cargo test	2026-09-09T07:03:56.5096250Z test core::app::tests::refresh_scale_compounds_idle_and_quota_and_stops ... ok
test (aarch64-apple-darwin, macos-latest)	cargo test	2026-09-09T07:03:56.5198840Z test core::app::tests::app_keymap_resolves_page_switch_bindings ... ok
test (aarch64-apple-darwin, macos-latest)	cargo test	2026-09-09T07:04:00.6200960Z test core::app::tests::page_keys_follow_user_rebindings ... ok
test (aarch64-apple-darwin, macos-latest)	cargo test	2026-09-09T07:04:00.6305500Z test core::browser::tests::macos_launcher_uses_open ... ok
test (aarch64-apple-darwin, macos-latest)	cargo test	2026-09-09T07:04:00.6383020Z test core::config::constraint::tests::errors ... ok
test (aarch64-apple-darwin, macos-latest)	cargo test	2026-09-09T07:04:00.6388090Z test core::config::constraint::tests::length ... ok
test (aarch64-apple-darwin, macos-latest)	cargo test	2026-09-09T07:04:00.6393040Z test core::config::constraint::tests::min ... ok
test (aarch64-apple-darwin, macos-latest)	cargo test	2026-09-09T07:04:00.6396270Z test core::config::constraint::tests::percentage ... ok
test (aarch64-apple-darwin, macos-latest)	cargo test	2026-09-09T07:04:00.7060060Z test core::app::tests::user_pages_disable_pages ... ok
test (aarch64-apple-darwin, macos-latest)	cargo test	2026-09-09T07:04:00.7162340Z test core::config::guide_examples::extractor_tests::extracts_blocks_with_info_and_line_numbers ... ok
test (aarch64-apple-darwin, macos-latest)	cargo test	2026-09-09T07:04:00.7264930Z test core::config::guide_examples::extractor_tests::finds_the_guide_chapters ... ok
test (aarch64-apple-darwin, macos-latest)	cargo test	2026-09-09T07:04:00.7396440Z test core::config::guide_examples::extractor_tests::ignore_annotation_is_a_distinct_info_string ... ok
test (aarch64-apple-darwin, macos-latest)	cargo test	2026-09-09T07:04:00.7449880Z test core::config::guide_examples::extractor_tests::indented_fences_and_unclosed_blocks ... ok
test (aarch64-apple-darwin, macos-latest)	cargo test	2026-09-09T07:04:00.7451880Z test core::config::guide_examples::extractor_tests::text_between_blocks_is_not_captured ... ok
test (aarch64-apple-darwin, macos-latest)	cargo test	2026-09-09T07:04:00.7453270Z test core::config::keymap_builder::tests::explicit_overrides_preset ... ok
test (aarch64-apple-darwin, macos-latest)	cargo test	2026-09-09T07:04:00.7554810Z test core::config::keymap_builder::tests::invalid_action_fails ... ok
test (aarch64-apple-darwin, macos-latest)	cargo test	2026-09-09T07:04:00.7557890Z test core::config::keymap_builder::tests::invalid_key_fails ... ok
test (aarch64-apple-darwin, macos-latest)	cargo test	2026-09-09T07:04:00.7559620Z test core::config::keymap_builder::tests::none_unbinds_key ... ok
test (aarch64-apple-darwin, macos-latest)	cargo test	2026-09-09T07:04:00.7661800Z test core::config::keymap_builder::tests::preset_nav_expands ... ok
test (aarch64-apple-darwin, macos-latest)	cargo test	2026-09-09T07:04:00.7693500Z test core::config::keymap_builder::tests::preset_search_expands ... ok
test (aarch64-apple-darwin, macos-latest)	cargo test	2026-09-09T07:04:00.7794960Z test core::config::keymap_builder::tests::unknown_preset_fails ... ok
test (aarch64-apple-darwin, macos-latest)	cargo test	2026-09-09T07:04:00.7920320Z test core::config::loader::tests::app_entries_populated ... ok
test (aarch64-apple-darwin, macos-latest)	cargo test	2026-09-09T07:04:00.9335440Z test core::config::loader::tests::builtin_pages_list_every_page_in_declaration_order ... ok
test (aarch64-apple-darwin, macos-latest)	cargo test	2026-09-09T07:04:01.0641450Z test core::config::loader::tests::docker_page_ids_keys_and_bindings ... ok
test (aarch64-apple-darwin, macos-latest)	cargo test	2026-09-09T07:04:01.2633740Z test core::config::loader::tests::empty_user_config_equals_builtin ... ok
test (aarch64-apple-darwin, macos-latest)	cargo test	2026-09-09T07:04:01.3981740Z test core::config::loader::tests::files_page_ids_keys_and_bindings ... ok
test (aarch64-apple-darwin, macos-latest)	cargo test	2026-09-09T07:04:01.4570960Z test core::config::loader::tests::git_bindings_correct ... ok
test (aarch64-apple-darwin, macos-latest)	cargo test	2026-09-09T07:04:01.5117380Z test core::config::loader::tests::git_pane_ids_correct ... ok
test (aarch64-apple-darwin, macos-latest)	cargo test	2026-09-09T07:04:01.5620210Z test core::config::loader::tests::git_pane_keys_present ... ok
test (aarch64-apple-darwin, macos-latest)	cargo test	2026-09-09T07:04:01.7453060Z test core::config::loader::tests::github_auto_refresh_default_override_and_validation ... ok
test (aarch64-apple-darwin, macos-latest)	cargo test	2026-09-09T07:04:01.8014390Z test core::config::loader::tests::github_bindings_correct ... ok
test (aarch64-apple-darwin, macos-latest)	cargo test	2026-09-09T07:04:01.8114990Z test core::app::tests::user_pages_reorder_slots_and_keep_keys_by_name ... ok
test (aarch64-apple-darwin, macos-latest)	cargo test	2026-09-09T07:04:01.8556890Z test core::config::loader::tests::github_bindings_distinct_instances ... ok
test (aarch64-apple-darwin, macos-latest)	cargo test	2026-09-09T07:04:01.9140270Z test core::config::loader::tests::github_pane_ids_correct ... ok
test (aarch64-apple-darwin, macos-latest)	cargo test	2026-09-09T07:04:01.9541920Z test core::config::loader::tests::github_pane_keys_present ... ok
test (aarch64-apple-darwin, macos-latest)	cargo test	2026-09-09T07:04:01.9646480Z test core::config::loader::tests::github_page_runs_column_ids_keys_and_bindings ... ok
test (aarch64-apple-darwin, macos-latest)	cargo test	2026-09-09T07:04:02.1567460Z test core::config::loader::tests::icons_default_override_and_validation ... ok
test (aarch64-apple-darwin, macos-latest)	cargo test	2026-09-09T07:04:02.3396520Z test core::config::loader::tests::image_preview_default_override_and_validation ... ok
test (aarch64-apple-darwin, macos-latest)	cargo test	2026-09-09T07:04:02.3746250Z test core::config::loader::tests::github_poll_interval_default_override_and_validation ... ok
test (aarch64-apple-darwin, macos-latest)	cargo test	2026-09-09T07:04:02.3904840Z test core::config::loader::tests::load_git_page ... ok
test (aarch64-apple-darwin, macos-latest)	cargo test	2026-09-09T07:04:02.4281810Z test core::config::loader::tests::load_github_page ... ok
test (aarch64-apple-darwin, macos-latest)	cargo test	2026-09-09T07:04:02.5442860Z test core::config::loader::tests::markdown_preview_default_override_and_validation ... ok
test (aarch64-apple-darwin, macos-latest)	cargo test	2026-09-09T07:04:02.6479680Z test core::config::loader::tests::procs_page_ids_keys_and_bindings ... ok
test (aarch64-apple-darwin, macos-latest)	cargo test	2026-09-09T07:04:02.9227380Z test core::config::loader::tests::procs_history_default_override_and_validation ... ok
test (aarch64-apple-darwin, macos-latest)	cargo test	2026-09-09T07:04:02.9341440Z test core::config::loader::tests::procs_refresh_interval_default_override_and_validation ... ok
test (aarch64-apple-darwin, macos-latest)	cargo test	2026-09-09T07:04:03.0358280Z test core::config::loader::tests::projects_page_ids_keys_and_bindings ... ok
test (aarch64-apple-darwin, macos-latest)	cargo test	2026-09-09T07:04:03.2406030Z test core::config::loader::tests::removed_actions_page_fails_fast_with_a_hint ... ok
test (aarch64-apple-darwin, macos-latest)	cargo test	2026-09-09T07:04:03.4867720Z test core::config::loader::tests::repo_config_kill_switch_parses_and_validates ... ok
test (aarch64-apple-darwin, macos-latest)	cargo test	2026-09-09T07:04:03.5388010Z test core::config::loader::tests::projects_board_default_override_and_validation ... ok
test (aarch64-apple-darwin, macos-latest)	cargo test	2026-09-09T07:04:03.5495920Z test core::config::loader::tests::repo_layer_error_names_the_repo_file_and_leaves_base_usable ... ok
test (aarch64-apple-darwin, macos-latest)	cargo test	2026-09-09T07:04:03.6111880Z test core::config::loader::tests::repo_layer_overrides_user ... ok
test (aarch64-apple-darwin, macos-latest)	cargo test	2026-09-09T07:04:03.6848590Z test core::config::loader::tests::repo_layer_rejects_repo_config_node ... ok
test (aarch64-apple-darwin, macos-latest)	cargo test	2026-09-09T07:04:03.7412130Z test core::config::loader::tests::user_app_keys_merge ... ok
test (aarch64-apple-darwin, macos-latest)	cargo test	2026-09-09T07:04:03.8368770Z test core::config::loader::tests::theme_default_override_and_validation ... ok
test (aarch64-apple-darwin, macos-latest)	cargo test	2026-09-09T07:04:03.8883410Z test core::config::loader::tests::user_invalid_action_mentions_file_page_and_pane ... ok
test (aarch64-apple-darwin, macos-latest)	cargo test	2026-09-09T07:04:03.8985130Z test core::config::loader::tests::user_binding_to_disabled_or_unknown_page_fails ... ok
test (aarch64-apple-darwin, macos-latest)	cargo test	2026-09-09T07:04:03.9436450Z test core::config::loader::tests::user_layer_survives_where_repo_is_silent ... ok
test (aarch64-apple-darwin, macos-latest)	cargo test	2026-09-09T07:04:04.0038550Z test core::config::loader::tests::user_layout_can_place_the_projects_list_pane ... ok
test (aarch64-apple-darwin, macos-latest)	cargo test	2026-09-09T07:04:04.0980780Z test core::config::loader::tests::user_layout_may_leave_panes_unplaced ... ok
test (aarch64-apple-darwin, macos-latest)	cargo test	2026-09-09T07:04:04.2016440Z test core::config::loader::tests::user_layout_replaces_without_renumbering_panes ... ok
test (aarch64-apple-darwin, macos-latest)	cargo test	2026-09-09T07:04:04.3122570Z test core::config::loader::tests::user_overrides_and_unbinds_pane_keys ... ok
test (aarch64-apple-darwin, macos-latest)	cargo test	2026-09-09T07:04:04.3537460Z test core::config::loader::tests::user_layout_rejects_unknown_repeated_or_no_panes ... ok
test (aarch64-apple-darwin, macos-latest)	cargo test	2026-09-09T07:04:04.4040120Z test core::config::loader::tests::user_pages_reorder_and_disable ... ok
test (aarch64-apple-darwin, macos-latest)	cargo test	2026-09-09T07:04:04.4946810Z test core::config::loader::tests::user_pages_errors_mention_file_and_page ... ok
test (aarch64-apple-darwin, macos-latest)	cargo test	2026-09-09T07:04:04.7227640Z test core::config::loader::tests::user_slot_accepts_single_and_multi_case_forms ... ok
test (aarch64-apple-darwin, macos-latest)	cargo test	2026-09-09T07:04:04.7826030Z test core::config::loader::tests::user_structural_errors_mention_file ... ok
test (aarch64-apple-darwin, macos-latest)	cargo test	2026-09-09T07:04:04.7927370Z test core::config::merge::tests::app_keys_merge_per_key ... ok
test (aarch64-apple-darwin, macos-latest)	cargo test	2026-09-09T07:04:04.8029960Z test core::config::merge::tests::github_poll_interval_replaced ... ok
test (aarch64-apple-darwin, macos-latest)	cargo test	2026-09-09T07:04:04.8132130Z test core::config::merge::tests::layout_tabs_bind_replaced_wholesale ... ok
test (aarch64-apple-darwin, macos-latest)	cargo test	2026-09-09T07:04:04.8147850Z test core::config::merge::tests::pages_replaced_wholesale ... ok
test (aarch64-apple-darwin, macos-latest)	cargo test	2026-09-09T07:04:04.8148570Z test core::config::merge::tests::pane_keys_override_add_and_keep_presets ... ok
test (aarch64-apple-darwin, macos-latest)	cargo test	2026-09-09T07:04:04.8149300Z test core::config::merge::tests::projects_board_replaced_wholesale ... ok
test (aarch64-apple-darwin, macos-latest)	cargo test	2026-09-09T07:04:04.8157680Z test core::config::merge::tests::theme_replaced ... ok
test (aarch64-apple-darwin, macos-latest)	cargo test	2026-09-09T07:04:04.8158410Z test core::config::merge::tests::unknown_page_pane_and_blocks_fail ... ok
test (aarch64-apple-darwin, macos-latest)	cargo test	2026-09-09T07:04:04.8166420Z test core::config::loader::tests::worktrees_page_ids_keys_and_bindings ... ok
test (aarch64-apple-darwin, macos-latest)	cargo test	2026-09-09T07:04:04.8174670Z test core::config::repo::tests::classify_absent_disabled_untracked ... ok
test (aarch64-apple-darwin, macos-latest)	cargo test	2026-09-09T07:04:04.8175310Z test core::config::repo::tests::classify_tracked_consults_trust_store ... ok
test (aarch64-apple-darwin, macos-latest)	cargo test	2026-09-09T07:04:04.8175940Z test core::config::repo::tests::content_hash_is_sha256_hex ... ok
test (aarch64-apple-darwin, macos-latest)	cargo test	2026-09-09T07:04:04.8216260Z test core::config::repo::tests::interpret_ls_files_distinguishes_untracked_from_failure ... ok
test (aarch64-apple-darwin, macos-latest)	cargo test	2026-09-09T07:04:04.8337560Z test core::config::repo::tests::spawn_failure_is_undeterminable ... ok
test (aarch64-apple-darwin, macos-latest)	cargo test	2026-09-09T07:04:04.8505070Z test core::config::repo::tests::status_text_covers_every_outcome ... ok
test (aarch64-apple-darwin, macos-latest)	cargo test	2026-09-09T07:04:04.8606940Z test core::config::repo::tests::undeterminable_tracking_fails_closed ... ok
test (aarch64-apple-darwin, macos-latest)	cargo test	2026-09-09T07:04:04.8710350Z test core::config::source::tests::explicit_path_wins ... ok
test (aarch64-apple-darwin, macos-latest)	cargo test	2026-09-09T07:04:04.8715650Z test core::config::source::tests::line_col_basic ... ok
test (aarch64-apple-darwin, macos-latest)	cargo test	2026-09-09T07:04:04.8718580Z test core::config::source::tests::parse_error_mentions_path_and_line ... ok
test (aarch64-apple-darwin, macos-latest)	cargo test	2026-09-09T07:04:04.8719260Z test core::config::trust::tests::changed_hash_invalidates_decision ... ok
test (aarch64-apple-darwin, macos-latest)	cargo test	2026-09-09T07:04:04.8720560Z test core::config::trust::tests::corrupt_or_missing_store_is_empty ... ok
test (aarch64-apple-darwin, macos-latest)	cargo test	2026-09-09T07:04:04.8721530Z test core::config::trust::tests::forget_by_normalized_listing_output_always_matches ... ok
test (aarch64-apple-darwin, macos-latest)	cargo test	2026-09-09T07:04:04.8722790Z test core::config::trust::tests::forget_removes_one_entry ... ok
test (aarch64-apple-darwin, macos-latest)	cargo test	2026-09-09T07:04:04.8724230Z test core::config::trust::tests::format_unix_is_utc_civil ... ok
test (aarch64-apple-darwin, macos-latest)	cargo test	2026-09-09T07:04:04.8725850Z test core::config::trust::tests::roundtrip ... ok
test (aarch64-apple-darwin, macos-latest)	cargo test	2026-09-09T07:04:04.8737460Z test core::config::trust::tests::trailing_slash_and_plain_paths_share_one_key ... ok
test (aarch64-apple-darwin, macos-latest)	cargo test	2026-09-09T07:04:04.8742930Z test core::gh_fixture::tests::names_are_deterministic_and_filesystem_safe ... ok
test (aarch64-apple-darwin, macos-latest)	cargo test	2026-09-09T07:04:04.8743910Z test core::gh_fixture::tests::replay_reads_recordings_and_flags_missing_files ... ok
test (aarch64-apple-darwin, macos-latest)	cargo test	2026-09-09T07:04:04.8744490Z test core::keymap::tests::parse_ctrl_modifier ... ok
test (aarch64-apple-darwin, macos-latest)	cargo test	2026-09-09T07:04:04.8745090Z test core::keymap::tests::parse_invalid ... ok
test (aarch64-apple-darwin, macos-latest)	cargo test	2026-09-09T07:04:04.8745870Z test core::keymap::tests::parse_nav_action ... ok
test (aarch64-apple-darwin, macos-latest)	cargo test	2026-09-09T07:04:04.8747600Z test core::keymap::tests::parse_plain_char ... ok
test (aarch64-apple-darwin, macos-latest)	cargo test	2026-09-09T07:04:04.8748710Z test core::keymap::tests::parse_roundtrip ... ok
test (aarch64-apple-darwin, macos-latest)	cargo test	2026-09-09T07:04:04.8751230Z test core::keymap::tests::parse_search_action ... ok
test (aarch64-apple-darwin, macos-latest)	cargo test	2026-09-09T07:04:04.8753800Z test core::keymap::tests::parse_special_keys ... ok
test (aarch64-apple-darwin, macos-latest)	cargo test	2026-09-09T07:04:04.8755280Z test core::keymap::tests::parse_uppercase_char ... ok
test (aarch64-apple-darwin, macos-latest)	cargo test	2026-09-09T07:04:04.8755760Z test core::keymap::tests::parse_view_action ... ok
test (aarch64-apple-darwin, macos-latest)	cargo test	2026-09-09T07:04:04.8756270Z test core::layout::tests::horizontal_split ... ok
test (aarch64-apple-darwin, macos-latest)	cargo test	2026-09-09T07:04:04.8757500Z test core::layout::tests::multi_case_slot_rule_takes_the_first_matching_case ... ok
test (aarch64-apple-darwin, macos-latest)	cargo test	2026-09-09T07:04:04.8759850Z test core::layout::tests::multiple_slot_rules ... ok
test (aarch64-apple-darwin, macos-latest)	cargo test	2026-09-09T07:04:04.8760440Z test core::layout::tests::nested_split ... ok
test (aarch64-apple-darwin, macos-latest)	cargo test	2026-09-09T07:04:04.8761720Z test core::layout::tests::page_frame_splits_correctly ... ok
test (aarch64-apple-darwin, macos-latest)	cargo test	2026-09-09T07:04:04.8763290Z test core::layout::tests::single_pane_fills_area ... ok
test (aarch64-apple-darwin, macos-latest)	cargo test	2026-09-09T07:04:04.8763810Z test core::layout::tests::slot_resolution ... ok
test (aarch64-apple-darwin, macos-latest)	cargo test	2026-09-09T07:04:04.8764300Z test core::layout::tests::slot_rule_trigger ... ok
test (aarch64-apple-darwin, macos-latest)	cargo test	2026-09-09T07:04:04.8764950Z test core::pane::focus_tests::unplaced_focus_falls_back_to_the_first_placed_tab_pane ... ok
test (aarch64-apple-darwin, macos-latest)	cargo test	2026-09-09T07:04:04.8765730Z test core::tree::tests::children_follow_their_parent_with_guides ... ok
test (aarch64-apple-darwin, macos-latest)	cargo test	2026-09-09T07:04:04.8767200Z test core::tree::tests::cycles_do_not_drop_items ... ok
test (aarch64-apple-darwin, macos-latest)	cargo test	2026-09-09T07:04:04.8768350Z test core::tree::tests::flat_list_keeps_order ... ok
test (aarch64-apple-darwin, macos-latest)	cargo test	2026-09-09T07:04:04.8770220Z test core::tree::tests::guides_continue_past_siblings_with_children ... ok
test (aarch64-apple-darwin, macos-latest)	cargo test	2026-09-09T07:04:04.8772250Z test core::tree::tests::orphans_and_self_parent_are_top_level ... ok
test (aarch64-apple-darwin, macos-latest)	cargo test	2026-09-09T07:04:04.8773550Z test core::ui::markdown::tests::fit_widths_lowers_widest_columns_evenly ... ok
test (aarch64-apple-darwin, macos-latest)	cargo test	2026-09-09T07:04:04.8774260Z test core::ui::markdown::tests::narrowing_accounts_for_padding_and_wide_chars ... ok
test (aarch64-apple-darwin, macos-latest)	cargo test	2026-09-09T07:04:04.8776370Z test core::ui::markdown::tests::padding_is_prepended_to_table_lines ... ok
test (aarch64-apple-darwin, macos-latest)	cargo test	2026-09-09T07:04:04.8780910Z test core::ui::markdown::tests::table_between_paragraphs_keeps_surrounding_text ... ok
test (aarch64-apple-darwin, macos-latest)	cargo test	2026-09-09T07:04:04.8781680Z test core::ui::markdown::tests::table_header_is_bold_and_inline_code_keeps_style ... ok
test (aarch64-apple-darwin, macos-latest)	cargo test	2026-09-09T07:04:04.8782360Z test core::ui::markdown::tests::table_honours_column_alignment ... ok
test (aarch64-apple-darwin, macos-latest)	cargo test	2026-09-09T07:04:04.8783010Z test core::ui::markdown::tests::table_renders_aligned_columns_with_header_rule ... ok
test (aarch64-apple-darwin, macos-latest)	cargo test	2026-09-09T07:04:04.8783630Z test core::ui::markdown::tests::table_with_too_many_columns_keeps_min_width ... ok
test (aarch64-apple-darwin, macos-latest)	cargo test	2026-09-09T07:04:04.8784330Z test core::ui::markdown::tests::wide_table_is_narrowed_to_fit_and_cells_truncated ... ok
test (aarch64-apple-darwin, macos-latest)	cargo test	2026-09-09T07:04:04.8785170Z test core::ui::tail_pane::tests::cap_evicts_oldest_and_keeps_paused_view_stable ... ok
test (aarch64-apple-darwin, macos-latest)	cargo test	2026-09-09T07:04:04.8786330Z test core::ui::tail_pane::tests::clear_and_set_lines_reset_state ... ok
test (aarch64-apple-darwin, macos-latest)	cargo test	2026-09-09T07:04:04.8787390Z test core::ui::tail_pane::tests::follows_the_end_as_lines_arrive ... ok
test (aarch64-apple-darwin, macos-latest)	cargo test	2026-09-09T07:04:04.8788230Z test core::ui::tail_pane::tests::half_page_and_top_navigation_clamp ... ok
test (aarch64-apple-darwin, macos-latest)	cargo test	2026-09-09T07:04:04.8788990Z test core::ui::tail_pane::tests::last_lines_returns_tail_in_order ... ok
test (aarch64-apple-darwin, macos-latest)	cargo test	2026-09-09T07:04:04.8789660Z test core::ui::tail_pane::tests::manual_scroll_pauses_and_g_resumes ... ok
test (aarch64-apple-darwin, macos-latest)	cargo test	2026-09-09T07:04:04.8790350Z test core::ui::tail_pane::tests::search_matches_are_case_insensitive_line_entries ... ok
test (aarch64-apple-darwin, macos-latest)	cargo test	2026-09-09T07:04:04.8791320Z test core::ui::tail_pane::tests::short_buffers_never_scroll ... ok
test (aarch64-apple-darwin, macos-latest)	cargo test	2026-09-09T07:04:04.8816850Z test docker::domain::client::tests::merges_streams_by_timestamp_and_strips_ansi ... ok
test (aarch64-apple-darwin, macos-latest)	cargo test	2026-09-09T07:04:04.8820780Z test docker::domain::client::tests::parses_container_inspect_without_env ... ok
test (aarch64-apple-darwin, macos-latest)	cargo test	2026-09-09T07:04:04.8821440Z test docker::domain::client::tests::parses_docker_images_json_lines ... ok
test (aarch64-apple-darwin, macos-latest)	cargo test	2026-09-09T07:04:04.8822060Z test docker::domain::client::tests::parses_docker_ps_json_lines ... ok
test (aarch64-apple-darwin, macos-latest)	cargo test	2026-09-09T07:04:04.8822650Z test docker::domain::client::tests::parses_image_inspect_without_env ... ok
test (aarch64-apple-darwin, macos-latest)	cargo test	2026-09-09T07:04:04.8823290Z test docker::domain::client::tests::split_timestamp_recognises_rfc3339_prefix ... ok
test (aarch64-apple-darwin, macos-latest)	cargo test	2026-09-09T07:04:04.8824260Z test docker::domain::client::tests::strip_ansi_handles_csi_osc_and_bare_escapes ... ok
test (aarch64-apple-darwin, macos-latest)	cargo test	2026-09-09T07:04:04.8824970Z test docker::domain::types::tests::container_state_parses_and_ranks ... ok
test (aarch64-apple-darwin, macos-latest)	cargo test	2026-09-09T07:04:04.8825710Z test docker::domain::types::tests::image_dangling_and_name ... ok
test (aarch64-apple-darwin, macos-latest)	cargo test	2026-09-09T07:04:04.8826240Z test docker::domain::types::tests::label_string_keeps_commas_inside_values ... ok
test (aarch64-apple-darwin, macos-latest)	cargo test	2026-09-09T07:04:04.8826960Z test docker::panes::containers::tests::groups_compose_members_under_a_project_row_running_first ... ok
test (aarch64-apple-darwin, macos-latest)	cargo test	2026-09-09T07:04:04.8828130Z test docker::panes::containers::tests::set_containers_keeps_selection_by_id ... ok
test (aarch64-apple-darwin, macos-latest)	cargo test	2026-09-09T07:04:04.8828810Z test docker::panes::detail::tests::container_lines_render_sections_and_never_env ... ok
test (aarch64-apple-darwin, macos-latest)	cargo test	2026-09-09T07:04:04.8829540Z test docker::panes::detail::tests::detail_pane_load_uses_cache_and_ignores_stale_results ... ok
test (aarch64-apple-darwin, macos-latest)	cargo test	2026-09-09T07:04:04.8830240Z test docker::panes::detail::tests::fmt_time_trims_nanos_and_hides_zero_time ... ok
test (aarch64-apple-darwin, macos-latest)	cargo test	2026-09-09T07:04:04.8830880Z test docker::panes::detail::tests::short_id_strips_sha_prefix ... ok
test (aarch64-apple-darwin, macos-latest)	cargo test	2026-09-09T07:04:04.8831390Z test docker::panes::images::tests::dangling_images_sort_last ... ok
test (aarch64-apple-darwin, macos-latest)	cargo test	2026-09-09T07:04:04.8831970Z test docker::panes::images::tests::set_images_keeps_selection ... ok
test (aarch64-apple-darwin, macos-latest)	cargo test	2026-09-09T07:04:04.8832620Z test docker::panes::logs::tests::apply_tracks_last_timestamp_and_ignores_stale_requests ... ok
test (aarch64-apple-darwin, macos-latest)	cargo test	2026-09-09T07:04:04.8833260Z test docker::panes::logs::tests::since_filter_drops_old_and_duplicate_lines ... ok
test (aarch64-apple-darwin, macos-latest)	cargo test	2026-09-09T07:04:04.8833990Z test core::config::repo::tests::apply_error_degrades_and_names_the_file ... ok
test (aarch64-apple-darwin, macos-latest)	cargo test	2026-09-09T07:04:04.8834750Z test files::domain::fs::tests::git_file_hidden_and_symlinks_marked ... ok
test (aarch64-apple-darwin, macos-latest)	cargo test	2026-09-09T07:04:04.8835370Z test files::domain::fs::tests::human_size_formats ... ok
test (aarch64-apple-darwin, macos-latest)	cargo test	2026-09-09T07:04:04.8850080Z test docker::state::tests::docker_page_builds_from_builtin_config ... ok
test (aarch64-apple-darwin, macos-latest)	cargo test	2026-09-09T07:04:04.8862730Z test files::domain::fs::tests::list_dir_sorts_dirs_first_and_hides_git ... ok
test (aarch64-apple-darwin, macos-latest)	cargo test	2026-09-09T07:04:04.8996830Z test files::domain::fs::tests::preview_exactly_at_limit_is_not_truncated ... ok
test (aarch64-apple-darwin, macos-latest)	cargo test	2026-09-09T07:04:04.9026610Z test files::domain::icons::tests::glyphs_are_single_column ... ok
test (aarch64-apple-darwin, macos-latest)	cargo test	2026-09-09T07:04:04.9027700Z test files::domain::icons::tests::picks_dir_name_extension_and_fallbacks ... ok
test (aarch64-apple-darwin, macos-latest)	cargo test	2026-09-09T07:04:04.9028670Z test files::domain::image::tests::image_paths_by_extension ... ok
test (aarch64-apple-darwin, macos-latest)	cargo test	2026-09-09T07:04:04.9029350Z test files::domain::image::tests::mode_parsing_matches_the_listed_modes ... ok
test (aarch64-apple-darwin, macos-latest)	cargo test	2026-09-09T07:04:04.9031070Z test files::domain::fs::tests::preview_kinds ... ok
test (aarch64-apple-darwin, macos-latest)	cargo test	2026-09-09T07:04:04.9032660Z test files::domain::image::tests::probe_reads_dimensions_and_rejects_non_images ... ok
test (aarch64-apple-darwin, macos-latest)	cargo test	2026-09-09T07:04:05.8227280Z test files::panes::preview::tests::front_matter_is_kept_verbatim_and_body_rendered ... ok
test (aarch64-apple-darwin, macos-latest)	cargo test	2026-09-09T07:04:05.9581560Z test core::config::guide_examples::every_guide_kdl_example_loads_as_a_user_config ... ok
test (aarch64-apple-darwin, macos-latest)	cargo test	2026-09-09T07:04:06.7998650Z test files::panes::preview::tests::horizontal_scroll_clamps_to_the_longest_line ... ok
test (aarch64-apple-darwin, macos-latest)	cargo test	2026-09-09T07:04:06.8650680Z test files::panes::preview::tests::jump_scrolls_the_match_into_view_both_ways ... ok
test (aarch64-apple-darwin, macos-latest)	cargo test	2026-09-09T07:04:07.7755010Z test files::panes::preview::tests::content_search_finds_char_ranges_in_raw_and_rendered_text ... ok
test (aarch64-apple-darwin, macos-latest)	cargo test	2026-09-09T07:04:07.8534280Z test files::panes::preview::tests::markdown_lines_reflow_on_width_change ... ok
test (aarch64-apple-darwin, macos-latest)	cargo test	2026-09-09T07:04:07.8536300Z test files::panes::preview::tests::shift_and_highlight_drops_scrolled_chars_and_marks_matches ... ok
test (aarch64-apple-darwin, macos-latest)	cargo test	2026-09-09T07:04:08.7855000Z test files::panes::preview::tests::raw_default_needs_toggle_to_render ... ok
test (aarch64-apple-darwin, macos-latest)	cargo test	2026-09-09T07:04:08.7959860Z test files::state::tests::open_with_prompt_confirms_trimmed_name_and_remembers_it ... ok
test (aarch64-apple-darwin, macos-latest)	cargo test	2026-09-09T07:04:08.8060160Z test files::state::tests::open_with_prompt_esc_and_empty_enter_cancel ... ok
test (aarch64-apple-darwin, macos-latest)	cargo test	2026-09-09T07:04:08.8370360Z test git::state::kdl_regression::bindings_match_expected_pairs ... ok
test (aarch64-apple-darwin, macos-latest)	cargo test	2026-09-09T07:04:08.8803490Z test git::state::kdl_regression::branch_list_keymap_matches ... ok
test (aarch64-apple-darwin, macos-latest)	cargo test	2026-09-09T07:04:08.8905210Z test files::panes::preview::tests::toggle_flips_markdown_and_resets_scroll ... ok
test (aarch64-apple-darwin, macos-latest)	cargo test	2026-09-09T07:04:08.9305980Z test git::state::kdl_regression::file_tree_keymap_matches ... ok
test (aarch64-apple-darwin, macos-latest)	cargo test	2026-09-09T07:04:08.9407440Z test git::state::kdl_regression::diff_view_keymap_matches ... ok
test (aarch64-apple-darwin, macos-latest)	cargo test	2026-09-09T07:04:08.9809190Z test git::state::kdl_regression::git_log_keymap_matches ... ok
test (aarch64-apple-darwin, macos-latest)	cargo test	2026-09-09T07:04:08.9910300Z test git::state::kdl_regression::layout_tree_structure_matches ... ok
test (aarch64-apple-darwin, macos-latest)	cargo test	2026-09-09T07:04:09.0222820Z test git::state::kdl_regression::reflog_keymap_matches ... ok
test (aarch64-apple-darwin, macos-latest)	cargo test	2026-09-09T07:04:09.0337970Z test git::state::kdl_regression::select_bindings_drive_sync_dispatch ... ok
test (aarch64-apple-darwin, macos-latest)	cargo test	2026-09-09T07:04:09.0815000Z test git::state::kdl_regression::tab_panes_match ... ok
test (aarch64-apple-darwin, macos-latest)	cargo test	2026-09-09T07:04:09.0947980Z test git::state::kdl_regression::slot_rules_match ... ok
test (aarch64-apple-darwin, macos-latest)	cargo test	2026-09-09T07:04:09.1186110Z test github::domain::actions::client::tests::parses_jobs_json ... ok
test (aarch64-apple-darwin, macos-latest)	cargo test	2026-09-09T07:04:09.1354750Z test github::domain::actions::client::tests::parses_run_list_json ... ok
test (aarch64-apple-darwin, macos-latest)	cargo test	2026-09-09T07:04:09.1491350Z test github::domain::actions::log::tests::finds_failed_and_named_steps ... ok
test (aarch64-apple-darwin, macos-latest)	cargo test	2026-09-09T07:04:09.1700780Z test github::domain::actions::log::tests::new_tail_extends_or_replaces ... ok
test (aarch64-apple-darwin, macos-latest)	cargo test	2026-09-09T07:04:09.1901190Z test github::domain::actions::log::tests::parses_gh_columns_into_sections_and_text ... ok
test (aarch64-apple-darwin, macos-latest)	cargo test	2026-09-09T07:04:09.2083150Z test github::domain::actions::log::tests::parses_rest_output_without_columns ... ok
test (aarch64-apple-darwin, macos-latest)	cargo test	2026-09-09T07:04:09.2430150Z test github::domain::actions::log::tests::strips_ansi_and_marker_bytes ... ok
test (aarch64-apple-darwin, macos-latest)	cargo test	2026-09-09T07:04:09.2539940Z test github::domain::actions::time::tests::clock_of_extracts_hh_mm_ss ... ok
test (aarch64-apple-darwin, macos-latest)	cargo test	2026-09-09T07:04:09.2747200Z test github::domain::actions::time::tests::duration_between_uses_now_for_running_objects ... ok
test (aarch64-apple-darwin, macos-latest)	cargo test	2026-09-09T07:04:09.2842080Z test github::domain::actions::time::tests::formats_durations ... ok
test (aarch64-apple-darwin, macos-latest)	cargo test	2026-09-09T07:04:09.2943390Z test github::domain::actions::time::tests::formats_relative_times ... ok
test (aarch64-apple-darwin, macos-latest)	cargo test	2026-09-09T07:04:09.3043970Z test github::domain::actions::time::tests::parse_iso8601_rejects_impossible_dates ... ok
test (aarch64-apple-darwin, macos-latest)	cargo test	2026-09-09T07:04:09.3147520Z test github::domain::actions::time::tests::parses_iso8601_utc ... ok
test (aarch64-apple-darwin, macos-latest)	cargo test	2026-09-09T07:04:09.3249900Z test github::domain::actions::types::tests::state_from_status_and_conclusion ... ok
test (aarch64-apple-darwin, macos-latest)	cargo test	2026-09-09T07:04:09.3351010Z test github::domain::client::tests::recognises_rate_limit_messages ... ok
test (aarch64-apple-darwin, macos-latest)	cargo test	2026-09-09T07:04:09.3452500Z test github::domain::disk_cache::tests::test_cache_dir_resolves ... ok
test (aarch64-apple-darwin, macos-latest)	cargo test	2026-09-09T07:04:09.3580640Z test github::domain::disk_cache::tests::test_parse_github_nwo_https_with_git_suffix ... ok
test (aarch64-apple-darwin, macos-latest)	cargo test	2026-09-09T07:04:09.3689060Z test github::domain::disk_cache::tests::test_parse_github_nwo_https_without_git_suffix ... ok
test (aarch64-apple-darwin, macos-latest)	cargo test	2026-09-09T07:04:09.3791520Z test github::domain::disk_cache::tests::test_parse_github_nwo_invalid_url ... ok
test (aarch64-apple-darwin, macos-latest)	cargo test	2026-09-09T07:04:09.3966360Z test github::domain::disk_cache::tests::test_parse_github_nwo_no_repo ... ok
test (aarch64-apple-darwin, macos-latest)	cargo test	2026-09-09T07:04:09.4084830Z test github::domain::disk_cache::tests::test_parse_github_nwo_ssh_with_git_suffix ... ok
test (aarch64-apple-darwin, macos-latest)	cargo test	2026-09-09T07:04:09.4240490Z test github::domain::disk_cache::tests::test_parse_github_nwo_ssh_without_git_suffix ... ok
test (aarch64-apple-darwin, macos-latest)	cargo test	2026-09-09T07:04:09.4261500Z test github::domain::disk_cache::tests::test_repo_nwo_resolves ... ok
test (aarch64-apple-darwin, macos-latest)	cargo test	2026-09-09T07:04:09.4262210Z test github::domain::disk_cache::tests::test_save_and_load_json_roundtrip ... ok
test (aarch64-apple-darwin, macos-latest)	cargo test	2026-09-09T07:04:09.4262940Z test github::domain::remote::tests::parses_the_common_github_remote_forms ... ok
test (aarch64-apple-darwin, macos-latest)	cargo test	2026-09-09T07:04:09.4424390Z test github::domain::remote::tests::rejects_non_github_or_malformed_urls ... ok
test (aarch64-apple-darwin, macos-latest)	cargo test	2026-09-09T07:04:09.4426460Z test github::panes::detail_view::jobs::tests::nav_and_search_over_rows ... ok
test (aarch64-apple-darwin, macos-latest)	cargo test	2026-09-09T07:04:09.4543140Z test github::panes::detail_view::jobs::tests::polls_only_while_the_run_is_active ... ok
test (aarch64-apple-darwin, macos-latest)	cargo test	2026-09-09T07:04:09.4663040Z test github::panes::detail_view::jobs::tests::selected_target_resolves_steps_to_their_job ... ok
test (aarch64-apple-darwin, macos-latest)	cargo test	2026-09-09T07:04:09.4764610Z test github::panes::detail_view::jobs::tests::steps_nest_under_their_job ... ok
test (aarch64-apple-darwin, macos-latest)	cargo test	2026-09-09T07:04:09.4865300Z test github::panes::detail_view::log::tests::failed_step_jumps_wrap_around ... ok
test (aarch64-apple-darwin, macos-latest)	cargo test	2026-09-09T07:04:09.4966930Z test github::panes::detail_view::log::tests::load_apply_and_stale_requests ... ok
test (aarch64-apple-darwin, macos-latest)	cargo test	2026-09-09T07:04:09.5068420Z test github::panes::detail_view::log::tests::running_jobs_append_and_finish_with_a_final_fetch ... ok
test (aarch64-apple-darwin, macos-latest)	cargo test	2026-09-09T07:04:09.5169960Z test github::panes::detail_view::log::tests::search_matches_are_line_entries ... ok
test (aarch64-apple-darwin, macos-latest)	cargo test	2026-09-09T07:04:09.5277870Z test github::panes::detail_view::log::tests::step_jump_waits_for_the_log ... ok
test (aarch64-apple-darwin, macos-latest)	cargo test	2026-09-09T07:04:09.5287120Z test github::panes::detail_view::tests::enter_loads_the_selected_jobs_log_and_focuses_it ... ok
test (aarch64-apple-darwin, macos-latest)	cargo test	2026-09-09T07:04:09.5287920Z test github::panes::detail_view::tests::failed_step_jumps_report_when_there_is_no_log ... ok
test (aarch64-apple-darwin, macos-latest)	cargo test	2026-09-09T07:04:09.5288910Z test github::panes::detail_view::tests::loading_a_run_shows_jobs_first_and_keeps_the_same_run ... ok
test (aarch64-apple-darwin, macos-latest)	cargo test	2026-09-09T07:04:09.5289610Z test github::panes::detail_view::tests::open_item_falls_back_to_the_run_url ... ok
test (aarch64-apple-darwin, macos-latest)	cargo test	2026-09-09T07:04:09.5290320Z test github::panes::detail_view::tests::run_actions_are_no_ops_for_issue_and_pr_content ... ok
test (aarch64-apple-darwin, macos-latest)	cargo test	2026-09-09T07:04:09.5291060Z test github::panes::detail_view::tests::run_sub_panes_switch_with_h_l_and_tab ... ok
test (aarch64-apple-darwin, macos-latest)	cargo test	2026-09-09T07:04:09.5291670Z test github::panes::detail_view::tests::search_targets_the_active_sub_pane ... ok
test (aarch64-apple-darwin, macos-latest)	cargo test	2026-09-09T07:04:09.5292350Z test github::panes::detail_view::view::tests::run_header_shows_title_state_branch_event_duration_and_age ... ok
test (aarch64-apple-darwin, macos-latest)	cargo test	2026-09-09T07:04:09.5292890Z test github::panes::gh_list::tests::copy_url_event_copies_or_explains ... ok
test (aarch64-apple-darwin, macos-latest)	cargo test	2026-09-09T07:04:09.5293350Z test github::panes::pr_list::tests::stack_entries_nest_under_the_closest_lower_position ... ok
test (aarch64-apple-darwin, macos-latest)	cargo test	2026-09-09T07:04:09.5294230Z test github::panes::run_list::tests::active_runs_are_counted ... ok
test (aarch64-apple-darwin, macos-latest)	cargo test	2026-09-09T07:04:09.5294760Z test github::panes::run_list::tests::identity_is_the_database_id_not_the_run_number ... ok
test (aarch64-apple-darwin, macos-latest)	cargo test	2026-09-09T07:04:09.5295260Z test github::panes::run_list::tests::refresh_keeps_the_selection_on_the_same_run ... ok
test (aarch64-apple-darwin, macos-latest)	cargo test	2026-09-09T07:04:09.5295770Z test github::panes::run_list::tests::row_shows_icon_workflow_number_branch_event_duration_and_age ... ok
test (aarch64-apple-darwin, macos-latest)	cargo test	2026-09-09T07:04:09.5296260Z test github::panes::run_list::tests::search_covers_workflow_branch_and_event ... ok
test (aarch64-apple-darwin, macos-latest)	cargo test	2026-09-09T07:04:09.6737250Z test git::state::kdl_regression::view_keymap_matches ... ok
test (aarch64-apple-darwin, macos-latest)	cargo test	2026-09-09T07:04:09.7917190Z test github::state::kdl_regression::active_tab_follows_focus_through_the_bindings ... ok
test (aarch64-apple-darwin, macos-latest)	cargo test	2026-09-09T07:04:09.8218010Z test github::state::kdl_regression::bindings_match_expected_pairs ... ok
test (aarch64-apple-darwin, macos-latest)	cargo test	2026-09-09T07:04:09.8412140Z test github::state::kdl_regression::detail_keymap_matches ... ok
test (aarch64-apple-darwin, macos-latest)	cargo test	2026-09-09T07:04:09.8743450Z test github::state::kdl_regression::gh_select_bindings_drive_sync_dispatch ... ok
test (aarch64-apple-darwin, macos-latest)	cargo test	2026-09-09T07:04:09.8944470Z test github::state::kdl_regression::issue_list_keymap_matches ... ok
test (aarch64-apple-darwin, macos-latest)	cargo test	2026-09-09T07:04:09.9250050Z test github::state::kdl_regression::layout_tree_structure_matches ... ok
test (aarch64-apple-darwin, macos-latest)	cargo test	2026-09-09T07:04:09.9359810Z test github::state::kdl_regression::page_loads_lists_from_recorded_fixtures_isolated ... ignored, run through page_loads_lists_from_recorded_fixtures (own process)
test (aarch64-apple-darwin, macos-latest)	cargo test	2026-09-09T07:04:09.9789860Z test github::state::kdl_regression::pane_ids_from_config ... ok
test (aarch64-apple-darwin, macos-latest)	cargo test	2026-09-09T07:04:10.0345820Z test github::state::kdl_regression::pr_list_keymap_matches ... ok
test (aarch64-apple-darwin, macos-latest)	cargo test	2026-09-09T07:04:10.0538980Z test github::state::kdl_regression::page_loads_lists_from_recorded_fixtures ... ok
test (aarch64-apple-darwin, macos-latest)	cargo test	2026-09-09T07:04:10.1010980Z test github::state::kdl_regression::run_detail_keymap_has_log_keys_and_search ... ok
test (aarch64-apple-darwin, macos-latest)	cargo test	2026-09-09T07:04:10.1129770Z test github::state::kdl_regression::run_list_keymap_matches ... ok
test (aarch64-apple-darwin, macos-latest)	cargo test	2026-09-09T07:04:10.1566870Z test github::state::kdl_regression::selecting_a_run_loads_its_jobs_into_the_run_detail ... ok
test (aarch64-apple-darwin, macos-latest)	cargo test	2026-09-09T07:04:10.1871040Z test github::state::kdl_regression::slot_rules_match ... ok
test (aarch64-apple-darwin, macos-latest)	cargo test	2026-09-09T07:04:10.2375570Z test github::state::kdl_regression::tab_cycles_the_three_list_columns ... ok
test (aarch64-apple-darwin, macos-latest)	cargo test	2026-09-09T07:04:10.2477860Z test github::state::kdl_regression::tab_in_a_detail_pane_cycles_its_sub_panes ... ok
test (aarch64-apple-darwin, macos-latest)	cargo test	2026-09-09T07:04:10.3304290Z test github::state::kdl_regression::tab_panes_match ... ok
test (aarch64-apple-darwin, macos-latest)	cargo test	2026-09-09T07:04:10.3406150Z test github::state::rate_limit::a_failed_retry_doubles_the_delay_and_success_clears_it ... ok
test (aarch64-apple-darwin, macos-latest)	cargo test	2026-09-09T07:04:10.3508140Z test github::state::rate_limit::backoff_progression_doubles_to_the_cap ... ok
test (aarch64-apple-darwin, macos-latest)	cargo test	2026-09-09T07:04:10.4409100Z test github::state::rate_limit::other_errors_still_reach_the_error_line ... ok
test (aarch64-apple-darwin, macos-latest)	cargo test	2026-09-09T07:04:10.4511280Z test github::state::rate_limit::reset_time_formatting ... ok
test (aarch64-apple-darwin, macos-latest)	cargo test	2026-09-09T07:04:10.4614080Z test github::state::rate_limit::a_rate_limited_fetch_starts_the_backoff_not_the_error_line ... ok
test (aarch64-apple-darwin, macos-latest)	cargo test	2026-09-09T07:04:10.4715780Z test procs::domain::history::tests::proc_history_new_pid_starts_fresh ... ok
test (aarch64-apple-darwin, macos-latest)	cargo test	2026-09-09T07:04:10.4817170Z test procs::domain::history::tests::proc_history_tracks_caps_and_prunes ... ok
test (aarch64-apple-darwin, macos-latest)	cargo test	2026-09-09T07:04:10.4920450Z test procs::domain::history::tests::ring_capacity_is_at_least_one ... ok
test (aarch64-apple-darwin, macos-latest)	cargo test	2026-09-09T07:04:10.5023040Z test procs::domain::history::tests::ring_pushes_and_evicts_oldest ... ok
test (aarch64-apple-darwin, macos-latest)	cargo test	2026-09-09T07:04:10.5141090Z test procs::domain::ports::tests::host_port_split ... ok
test (aarch64-apple-darwin, macos-latest)	cargo test	2026-09-09T07:04:10.5288320Z test procs::domain::ports::tests::lsof_parses_listening_sockets_and_skips_the_rest ... ok
test (aarch64-apple-darwin, macos-latest)	cargo test	2026-09-09T07:04:10.5433570Z test procs::domain::ports::tests::lsof_row_without_numeric_pid_is_kept_as_no_access ... ok
test (aarch64-apple-darwin, macos-latest)	cargo test	2026-09-09T07:04:10.5536290Z test procs::domain::ports::tests::ss_parses_rows_and_marks_hidden_owners ... ok
test (aarch64-apple-darwin, macos-latest)	cargo test	2026-09-09T07:04:10.5655970Z test procs::domain::ports::tests::ss_process_field ... ok
test (aarch64-apple-darwin, macos-latest)	cargo test	2026-09-09T07:04:10.5782940Z test procs::domain::snapshot::tests::snapshot_contains_this_process_with_its_parent ... ok
test (aarch64-apple-darwin, macos-latest)	cargo test	2026-09-09T07:04:10.5918720Z test procs::domain::snapshot::tests::subtree_ignores_a_process_that_claims_to_be_its_own_parent ... ok
test (aarch64-apple-darwin, macos-latest)	cargo test	2026-09-09T07:04:10.6043230Z test procs::domain::snapshot::tests::subtree_keeps_root_and_transitive_children_only ... ok
test (aarch64-apple-darwin, macos-latest)	cargo test	2026-09-09T07:04:10.6163410Z test procs::domain::snapshot::tests::subtree_of_unknown_root_is_empty ... ok
test (aarch64-apple-darwin, macos-latest)	cargo test	2026-09-09T07:04:10.6288350Z test procs::domain::types::tests::elapsed_formats ... ok
test (aarch64-apple-darwin, macos-latest)	cargo test	2026-09-09T07:04:10.6390700Z test procs::domain::types::tests::port_entry_address ... ok
test (aarch64-apple-darwin, macos-latest)	cargo test	2026-09-09T07:04:10.6492440Z test procs::domain::types::tests::sort_key_cycles_cpu_mem_pid ... ok
test (aarch64-apple-darwin, macos-latest)	cargo test	2026-09-09T07:04:10.6594470Z test procs::domain::types::tests::sort_orders_by_key_with_pid_tie_break ... ok
test (aarch64-apple-darwin, macos-latest)	cargo test	2026-09-09T07:04:10.6697270Z test procs::panes::detail::tests::history_charts_sit_under_cpu_and_mem ... ok
test (aarch64-apple-darwin, macos-latest)	cargo test	2026-09-09T07:04:10.6801870Z test procs::panes::detail::tests::lines_cover_every_field_and_mark_no_access ... ok
test (aarch64-apple-darwin, macos-latest)	cargo test	2026-09-09T07:04:10.6910830Z test procs::panes::detail::tests::load_resets_scroll_only_on_a_different_pid ... ok
test (aarch64-apple-darwin, macos-latest)	cargo test	2026-09-09T07:04:10.7012740Z test procs::panes::detail::tests::wrap_splits_at_width ... ok
test (aarch64-apple-darwin, macos-latest)	cargo test	2026-09-09T07:04:10.7113900Z test procs::panes::graphs::tests::core_grid_lays_cores_out_in_columns ... ok
test (aarch64-apple-darwin, macos-latest)	cargo test	2026-09-09T07:04:10.7215530Z test procs::panes::graphs::tests::labels_format_ratios_and_percentages ... ok
test (aarch64-apple-darwin, macos-latest)	cargo test	2026-09-09T07:04:10.7317410Z test procs::panes::graphs::tests::record_caps_history_and_tracks_peak ... ok
test (aarch64-apple-darwin, macos-latest)	cargo test	2026-09-09T07:04:10.7419040Z test procs::panes::graphs::tests::toggle_emits_event_and_esc_returns_to_processes ... ok
test (aarch64-apple-darwin, macos-latest)	cargo test	2026-09-09T07:04:10.7521540Z test procs::panes::ports::tests::apply_keeps_selection_and_reports_notice ... ok
test (aarch64-apple-darwin, macos-latest)	cargo test	2026-09-09T07:04:10.7624410Z test procs::panes::ports::tests::jump_needs_a_visible_owner ... ok
test (aarch64-apple-darwin, macos-latest)	cargo test	2026-09-09T07:04:10.7736270Z test procs::panes::processes::tests::children_and_names ... ok
test (aarch64-apple-darwin, macos-latest)	cargo test	2026-09-09T07:04:10.7874680Z test procs::panes::processes::tests::rows_nest_children_under_parent_in_sorted_order ... ok
test (aarch64-apple-darwin, macos-latest)	cargo test	2026-09-09T07:04:10.7977250Z test procs::panes::processes::tests::selection_follows_pid_across_refresh_and_sort ... ok
test (aarch64-apple-darwin, macos-latest)	cargo test	2026-09-09T07:04:10.8079160Z test procs::panes::tests::area_chart_colors_columns_by_load ... ok
test (aarch64-apple-darwin, macos-latest)	cargo test	2026-09-09T07:04:10.8180350Z test procs::panes::tests::area_chart_fills_columns_bottom_up ... ok
test (aarch64-apple-darwin, macos-latest)	cargo test	2026-09-09T07:04:10.8282330Z test procs::panes::tests::area_chart_plain_uses_one_style ... ok
test (aarch64-apple-darwin, macos-latest)	cargo test	2026-09-09T07:04:10.8388000Z test procs::panes::tests::area_chart_right_aligns_and_keeps_newest ... ok
test (aarch64-apple-darwin, macos-latest)	cargo test	2026-09-09T07:04:10.8491430Z test procs::panes::tests::area_chart_rounds_eighths_and_shows_tiny_loads ... ok
test (aarch64-apple-darwin, macos-latest)	cargo test	2026-09-09T07:04:10.8606660Z test procs::panes::tests::area_chart_scales_to_max_and_handles_degenerate_sizes ... ok
test (aarch64-apple-darwin, macos-latest)	cargo test	2026-09-09T07:04:10.8738810Z test procs::panes::tests::truncate_marks_the_cut ... ok
test (aarch64-apple-darwin, macos-latest)	cargo test	2026-09-09T07:04:10.8857970Z test github::state::rate_limit::the_backoff_suspends_the_runs_watch ... ok
test (aarch64-apple-darwin, macos-latest)	cargo test	2026-09-09T07:04:10.8965100Z test procs::state::tests::c_toggles_per_core_from_the_list_and_the_graphs_pane ... ok
test (aarch64-apple-darwin, macos-latest)	cargo test	2026-09-09T07:04:10.9069590Z test procs::state::tests::detail_gets_the_selected_pid_history ... ok
test (aarch64-apple-darwin, macos-latest)	cargo test	2026-09-09T07:04:10.9171320Z test procs::state::tests::enter_on_port_jumps_to_owner_and_focuses_processes ... ok
test (aarch64-apple-darwin, macos-latest)	cargo test	2026-09-09T07:04:10.9171770Z test procs::state::tests::help_lists_every_pane ... ok
test (aarch64-apple-darwin, macos-latest)	cargo test	2026-09-09T07:04:10.9172150Z test procs::state::tests::keys_from_default_kdl_match_hardcoded_defaults ... ok
test (aarch64-apple-darwin, macos-latest)	cargo test	2026-09-09T07:04:10.9172570Z test procs::state::tests::pane_ids_tabs_and_bindings_from_default_kdl ... ok
test (aarch64-apple-darwin, macos-latest)	cargo test	2026-09-09T07:04:10.9172990Z test procs::state::tests::selection_drives_detail_with_children_and_ports ... ok
test (aarch64-apple-darwin, macos-latest)	cargo test	2026-09-09T07:04:10.9173510Z test projects::domain::client::tests::bigger_fetch_only_when_the_first_page_was_full ... ok
test (aarch64-apple-darwin, macos-latest)	cargo test	2026-09-09T07:04:10.9174020Z test projects::domain::client::tests::missing_cli_is_recognised ... ok
test (aarch64-apple-darwin, macos-latest)	cargo test	2026-09-09T07:04:10.9174450Z test projects::domain::client::tests::scope_errors_are_recognised ... ok
test (aarch64-apple-darwin, macos-latest)	cargo test	2026-09-09T07:04:10.9174970Z test projects::domain::disk_cache::tests::board_roundtrips_through_json_with_custom_fields ... ok
test (aarch64-apple-darwin, macos-latest)	cargo test	2026-09-09T07:04:10.9175430Z test projects::domain::filter::tests::field_values_lists_and_negation ... ok
test (aarch64-apple-darwin, macos-latest)	cargo test	2026-09-09T07:04:10.9175850Z test projects::domain::filter::tests::is_no_has_label_assignee_repo_text ... ok
test (aarch64-apple-darwin, macos-latest)	cargo test	2026-09-09T07:04:10.9176290Z test projects::domain::filter::tests::tokenizer_keeps_quoted_values_together ... ok
test (aarch64-apple-darwin, macos-latest)	cargo test	2026-09-09T07:04:10.9176740Z test projects::domain::filter::tests::unsupported_tokens_are_reported_not_applied ... ok
test (aarch64-apple-darwin, macos-latest)	cargo test	2026-09-09T07:04:10.9177200Z test projects::domain::graphql::tests::fields_take_the_field_list_shape ... ok
test (aarch64-apple-darwin, macos-latest)	cargo test	2026-09-09T07:04:10.9177620Z test projects::domain::graphql::tests::items_take_the_item_list_shape ... ok
test (aarch64-apple-darwin, macos-latest)	cargo test	2026-09-09T07:04:10.9178090Z test projects::domain::graphql::tests::queries_mention_every_value_type_and_page_by_cursor ... ok
test (aarch64-apple-darwin, macos-latest)	cargo test	2026-09-09T07:04:10.9179270Z test projects::domain::graphql::tests::views_parse_and_skip_unknown_layouts ... ok
test (aarch64-apple-darwin, macos-latest)	cargo test	2026-09-09T07:04:10.9179750Z test projects::domain::roadmap::tests::civil_round_trip_and_parse ... ok
test (aarch64-apple-darwin, macos-latest)	cargo test	2026-09-09T07:04:10.9180240Z test projects::domain::roadmap::tests::item_spans_from_dates_and_iterations ... ok
test (aarch64-apple-darwin, macos-latest)	cargo test	2026-09-09T07:04:10.9180700Z test projects::domain::roadmap::tests::iterations_are_distinct_and_sorted ... ok
test (aarch64-apple-darwin, macos-latest)	cargo test	2026-09-09T07:04:10.9181160Z test projects::domain::roadmap::tests::span_spec_finds_start_and_iteration_fields ... ok
test (aarch64-apple-darwin, macos-latest)	cargo test	2026-09-09T07:04:10.9181600Z test projects::domain::roadmap::tests::zoom_scales_and_cycles ... ok
test (aarch64-apple-darwin, macos-latest)	cargo test	2026-09-09T07:04:10.9182040Z test projects::domain::types::tests::board_without_views_deserializes_from_old_cache ... ok
test (aarch64-apple-darwin, macos-latest)	cargo test	2026-09-09T07:04:10.9182570Z test projects::domain::types::tests::columns_follow_option_order_then_unknown_then_no_status ... ok
test (aarch64-apple-darwin, macos-latest)	cargo test	2026-09-09T07:04:10.9183170Z test projects::domain::types::tests::field_values_follow_field_order_with_status_first ... ok
test (aarch64-apple-darwin, macos-latest)	cargo test	2026-09-09T07:04:10.9184080Z test projects::domain::types::tests::group_rows_use_option_order_and_no_group_last ... ok
test (aarch64-apple-darwin, macos-latest)	cargo test	2026-09-09T07:04:10.9285550Z test projects::domain::types::tests::parses_field_list_and_derives_item_keys ... ok
test (aarch64-apple-darwin, macos-latest)	cargo test	2026-09-09T07:04:10.9398260Z test projects::domain::types::tests::parses_item_list_with_issue_pr_draft_and_redacted_items ... ok
test (aarch64-apple-darwin, macos-latest)	cargo test	2026-09-09T07:04:10.9522170Z test projects::domain::types::tests::parses_repo_info_into_the_linked_projects ... ok
test (aarch64-apple-darwin, macos-latest)	cargo test	2026-09-09T07:04:10.9624090Z test projects::domain::types::tests::sort_items_dir_desc_keeps_empty_cells_last ... ok
test (aarch64-apple-darwin, macos-latest)	cargo test	2026-09-09T07:04:10.9726030Z test projects::domain::types::tests::table_columns_and_sorting ... ok
test (aarch64-apple-darwin, macos-latest)	cargo test	2026-09-09T07:04:10.9827640Z test projects::domain::types::tests::value_text_covers_every_gh_shape ... ok
test (aarch64-apple-darwin, macos-latest)	cargo test	2026-09-09T07:04:10.9928980Z test projects::domain::types::tests::view_layout_parses_graphql_enum ... ok
test (aarch64-apple-darwin, macos-latest)	cargo test	2026-09-09T07:04:11.0030820Z test projects::domain::types::tests::view_table_columns_follow_the_view ... ok
test (aarch64-apple-darwin, macos-latest)	cargo test	2026-09-09T07:04:11.0149870Z test projects::panes::board::roadmap_render_tests::selected_roadmap_row_keeps_its_bar ... ok
test (aarch64-apple-darwin, macos-latest)	cargo test	2026-09-09T07:04:11.0258780Z test projects::panes::board::tests::a_notice_replaces_the_missing_board ... ok
test (aarch64-apple-darwin, macos-latest)	cargo test	2026-09-09T07:04:11.0360040Z test projects::panes::board::tests::board_view_columns_come_from_vertical_group_by ... ok
test (aarch64-apple-darwin, macos-latest)	cargo test	2026-09-09T07:04:11.0462070Z test projects::panes::board::tests::board_view_group_by_builds_swimlanes_and_j_crosses_them ... ok
test (aarch64-apple-darwin, macos-latest)	cargo test	2026-09-09T07:04:11.0564570Z test projects::panes::board::tests::board_view_sort_orders_cards_inside_columns ... ok
test (aarch64-apple-darwin, macos-latest)	cargo test	2026-09-09T07:04:11.0666080Z test projects::panes::board::tests::cards_of_other_repositories_carry_a_dimmed_prefix ... ok
test (aarch64-apple-darwin, macos-latest)	cargo test	2026-09-09T07:04:11.0802560Z test projects::panes::board::tests::cards_truncate_and_pad_to_the_column_width ... ok
test (aarch64-apple-darwin, macos-latest)	cargo test	2026-09-09T07:04:11.0904570Z test projects::panes::board::tests::columns_and_cards_navigate_with_hjkl ... ok
test (aarch64-apple-darwin, macos-latest)	cargo test	2026-09-09T07:04:11.1009270Z test projects::panes::board::tests::group_headers_offset_the_visual_selection ... ok
test (aarch64-apple-darwin, macos-latest)	cargo test	2026-09-09T07:04:11.1113360Z test projects::panes::board::tests::open_browser_uses_the_item_url_or_the_project_url ... ok
test (aarch64-apple-darwin, macos-latest)	cargo test	2026-09-09T07:04:11.1216120Z test projects::panes::board::tests::refresh_keeps_the_selection_by_item_id ... ok
test (aarch64-apple-darwin, macos-latest)	cargo test	2026-09-09T07:04:11.1319240Z test projects::panes::board::tests::roadmap_view_drives_mode_zoom_and_scroll ... ok
test (aarch64-apple-darwin, macos-latest)	cargo test	2026-09-09T07:04:11.1460050Z test projects::panes::board::tests::search_matches_titles_and_numbers_across_columns ... ok
test (aarch64-apple-darwin, macos-latest)	cargo test	2026-09-09T07:04:11.1561560Z test projects::panes::board::tests::table_mode_keeps_the_selected_item_and_sorts ... ok
test (aarch64-apple-darwin, macos-latest)	cargo test	2026-09-09T07:04:11.1664100Z test projects::panes::board::tests::table_view_drives_mode_columns_sort_and_groups ... ok
test (aarch64-apple-darwin, macos-latest)	cargo test	2026-09-09T07:04:11.1768130Z test projects::panes::board::tests::v_cycles_saved_views_and_survives_refresh ... ok
test (aarch64-apple-darwin, macos-latest)	cargo test	2026-09-09T07:04:11.1870250Z test projects::panes::board::tests::view_filter_hides_items_in_every_layout_and_reports_unsupported ... ok
test (aarch64-apple-darwin, macos-latest)	cargo test	2026-09-09T07:04:11.1979110Z test projects::panes::detail::tests::a_failed_fetch_keeps_the_fields_and_shows_the_error ... ok
test (aarch64-apple-darwin, macos-latest)	cargo test	2026-09-09T07:04:11.2080720Z test projects::panes::detail::tests::drafts_show_fields_and_body_without_a_fetch ... ok
test (aarch64-apple-darwin, macos-latest)	cargo test	2026-09-09T07:04:11.2182980Z test projects::panes::detail::tests::issues_list_every_field_then_the_fetched_body_and_comments ... ok
test (aarch64-apple-darwin, macos-latest)	cargo test	2026-09-09T07:04:11.2285020Z test projects::panes::projects::tests::enter_focuses_the_board_and_o_opens_the_project ... ok
test (aarch64-apple-darwin, macos-latest)	cargo test	2026-09-09T07:04:11.2387610Z test projects::panes::projects::tests::rows_show_number_title_owner_and_count ... ok
test (aarch64-apple-darwin, macos-latest)	cargo test	2026-09-09T07:04:11.2490380Z test projects::panes::projects::tests::selection_survives_refresh_and_counts_come_from_boards ... ok
test (aarch64-apple-darwin, macos-latest)	cargo test	2026-09-09T07:04:11.2594050Z test procs::state::tests::sort_cycles_and_keeps_selection ... ok
test (aarch64-apple-darwin, macos-latest)	cargo test	2026-09-09T07:04:11.2717180Z test projects::state::tests::a_failed_fetch_does_not_suppress_the_retry ... ok
test (aarch64-apple-darwin, macos-latest)	cargo test	2026-09-09T07:04:11.2840390Z test projects::state::tests::a_placed_list_pane_takes_focus_and_drives_the_board ... ok
test (aarch64-apple-darwin, macos-latest)	cargo test	2026-09-09T07:04:11.2964370Z test projects::state::tests::a_repository_without_linked_projects_shows_the_notice ... ok
test (aarch64-apple-darwin, macos-latest)	cargo test	2026-09-09T07:04:11.3070930Z test projects::state::tests::a_stale_board_is_refetched_on_activation_and_a_fresh_one_is_not ... ok
test (aarch64-apple-darwin, macos-latest)	cargo test	2026-09-09T07:04:11.3185050Z test projects::state::tests::an_unmatched_projects_board_pin_names_itself_in_the_notice ... ok
test (aarch64-apple-darwin, macos-latest)	cargo test	2026-09-09T07:04:11.3304790Z test projects::state::tests::enter_and_esc_walk_board_and_detail_without_the_list ... ok
test (aarch64-apple-darwin, macos-latest)	cargo test	2026-09-09T07:04:11.3412670Z test projects::state::tests::linked_projects_drive_the_board_and_p_cycles_them ... ok
test (aarch64-apple-darwin, macos-latest)	cargo test	2026-09-09T07:04:11.3545480Z test projects::state::tests::page_loads_a_board_from_recorded_fixtures_isolated ... ignored, run through page_loads_a_board_from_recorded_fixtures (own process)
test (aarch64-apple-darwin, macos-latest)	cargo test	2026-09-09T07:04:11.4137020Z test projects::state::tests::projects_board_pins_the_board_by_number ... ok
test (aarch64-apple-darwin, macos-latest)	cargo test	2026-09-09T07:04:11.4339700Z test projects::state::tests::page_loads_a_board_from_recorded_fixtures ... ok
test (aarch64-apple-darwin, macos-latest)	cargo test	2026-09-09T07:04:11.5244420Z test projects::state::tests::projects_page_builds_from_builtin_config ... ok
test (aarch64-apple-darwin, macos-latest)	cargo test	2026-09-09T07:04:11.5350780Z test projects::state::tests::projects_board_pins_the_board_by_title_case_insensitively ... ok
test (aarch64-apple-darwin, macos-latest)	cargo test	2026-09-09T07:04:11.6069920Z test projects::state::tests::the_status_bar_shows_the_board_age ... ok
test (aarch64-apple-darwin, macos-latest)	cargo test	2026-09-09T07:04:11.6178320Z test worktrees::domain::stash::tests::falls_back_only_when_include_untracked_is_unknown ... ok
test (aarch64-apple-darwin, macos-latest)	cargo test	2026-09-09T07:04:11.6280720Z test worktrees::domain::stash::tests::parses_stash_list ... ok
test (aarch64-apple-darwin, macos-latest)	cargo test	2026-09-09T07:04:11.6381140Z test worktrees::domain::stash::tests::patch_buffer_becomes_side_by_side_files ... ok
test (aarch64-apple-darwin, macos-latest)	cargo test	2026-09-09T07:04:11.6481760Z test worktrees::domain::stash::tests::splits_subject_variants ... ok
test (aarch64-apple-darwin, macos-latest)	cargo test	2026-09-09T07:04:11.6583150Z test worktrees::domain::worktree::tests::current_worktree_is_detected ... ok
test (aarch64-apple-darwin, macos-latest)	cargo test	2026-09-09T07:04:11.6684300Z test worktrees::domain::worktree::tests::current_worktree_survives_symlinked_root ... ok
test (aarch64-apple-darwin, macos-latest)	cargo test	2026-09-09T07:04:11.6785310Z test worktrees::domain::worktree::tests::display_path_sibling_and_unrelated ... ok
test (aarch64-apple-darwin, macos-latest)	cargo test	2026-09-09T07:04:11.6888370Z test worktrees::domain::worktree::tests::display_paths_are_relative_to_main ... ok
test (aarch64-apple-darwin, macos-latest)	cargo test	2026-09-09T07:04:11.6988530Z test worktrees::domain::worktree::tests::parses_porcelain_entries ... ok
test (aarch64-apple-darwin, macos-latest)	cargo test	2026-09-09T07:04:11.7089420Z test worktrees::domain::worktree::tests::parses_show_output ... ok
test (aarch64-apple-darwin, macos-latest)	cargo test	2026-09-09T07:04:11.7190840Z test worktrees::domain::worktree::tests::unquotes_git_style_paths ... ok
test (aarch64-apple-darwin, macos-latest)	cargo test	2026-09-09T07:04:11.8503480Z test projects::state::tests::scope_errors_replace_the_panes_with_the_notice ... ok
test (aarch64-apple-darwin, macos-latest)	cargo test	2026-09-09T07:04:12.9892720Z test worktrees::panes::preview::tests::normal_and_visual_mode_keys_reach_the_diff_widget ... ok
test (aarch64-apple-darwin, macos-latest)	cargo test	2026-09-09T07:04:13.0014930Z test worktrees::panes::preview::tests::summary_lines_layout ... ok
test (aarch64-apple-darwin, macos-latest)	cargo test	2026-09-09T07:04:13.0132140Z test worktrees::panes::stashes::tests::right_column_degrades_gracefully ... ok
test (aarch64-apple-darwin, macos-latest)	cargo test	2026-09-09T07:04:13.0233470Z test worktrees::panes::tests::fit_head_truncates ... ok
test (aarch64-apple-darwin, macos-latest)	cargo test	2026-09-09T07:04:13.0335140Z test worktrees::panes::tests::fit_tail_pads_and_truncates ... ok
test (aarch64-apple-darwin, macos-latest)	cargo test	2026-09-09T07:04:13.0435460Z test worktrees::state::tests::default_kdl_wires_panes_bindings_and_keys ... ok
test (aarch64-apple-darwin, macos-latest)	cargo test	2026-09-09T07:04:13.2142270Z test worktrees::panes::preview::tests::scroll_mode_uses_the_pane_keymap_only ... ok
test (aarch64-apple-darwin, macos-latest)	cargo test	2026-09-09T07:04:13.8872820Z test files::panes::preview::tests::markdown_detection_is_by_extension ... ok
test (aarch64-apple-darwin, macos-latest)	cargo test	2026-09-09T07:04:14.5115190Z test worktrees::state::tests::page_loads_for_this_repository ... ok
test (aarch64-apple-darwin, macos-latest)	cargo test	2026-09-09T07:04:14.5117130Z 
test (aarch64-apple-darwin, macos-latest)	cargo test	2026-09-09T07:04:14.5117490Z test result: ok. 394 passed; 0 failed; 2 ignored; 0 measured; 0 filtered out; finished in 21.49s
test (aarch64-apple-darwin, macos-latest)	cargo test	2026-09-09T07:04:14.5117940Z 
test (aarch64-apple-darwin, macos-latest)	cargo build	﻿2026-09-09T07:04:14.5377500Z ##[group]Run cargo build --target aarch64-apple-darwin
test (aarch64-apple-darwin, macos-latest)	cargo build	2026-09-09T07:04:14.5378180Z ^[[36;1mcargo build --target aarch64-apple-darwin^[[0m
test (aarch64-apple-darwin, macos-latest)	cargo build	2026-09-09T07:04:14.5399240Z shell: /opt/homebrew/bin/bash -e {0}
test (aarch64-apple-darwin, macos-latest)	cargo build	2026-09-09T07:04:14.5399520Z env:
test (aarch64-apple-darwin, macos-latest)	cargo build	2026-09-09T07:04:14.5399680Z   CARGO_INCREMENTAL: 0
test (aarch64-apple-darwin, macos-latest)	cargo build	2026-09-09T07:04:14.5399910Z   CARGO_PROFILE_DEV_DEBUG: 0
test (aarch64-apple-darwin, macos-latest)	cargo build	2026-09-09T07:04:14.5400130Z   CARGO_TERM_COLOR: always
test (aarch64-apple-darwin, macos-latest)	cargo build	2026-09-09T07:04:14.5400300Z   RUST_BACKTRACE: short
test (aarch64-apple-darwin, macos-latest)	cargo build	2026-09-09T07:04:14.5400490Z   RUSTFLAGS: -D warnings
test (aarch64-apple-darwin, macos-latest)	cargo build	2026-09-09T07:04:14.5400690Z   CARGO_UNSTABLE_SPARSE_REGISTRY: true
test (aarch64-apple-darwin, macos-latest)	cargo build	2026-09-09T07:04:14.5400990Z   CARGO_REGISTRIES_CRATES_IO_PROTOCOL: sparse
test (aarch64-apple-darwin, macos-latest)	cargo build	2026-09-09T07:04:14.5401300Z   CACHE_ON_FAILURE: true
test (aarch64-apple-darwin, macos-latest)	cargo build	2026-09-09T07:04:14.5401650Z ##[endgroup]
test (aarch64-apple-darwin, macos-latest)	cargo build	2026-09-09T07:04:15.5171160Z ^[[1m^[[92m   Compiling^[[0m vig v0.13.0 (/Users/runner/work/vig/vig)
test (aarch64-apple-darwin, macos-latest)	cargo build	2026-09-09T07:04:23.5244100Z ^[[1m^[[92m    Finished^[[0m `dev` profile [unoptimized] target(s) in 8.87s
test (aarch64-apple-darwin, macos-latest)	Post Run actions-rust-lang/setup-rust-toolchain@v1	﻿2026-09-09T07:04:23.6311870Z Post job cleanup.
test (aarch64-apple-darwin, macos-latest)	Post Run actions-rust-lang/setup-rust-toolchain@v1	2026-09-09T07:04:23.6317280Z ##[start-action display=Setup Rust Caching;id=__fcf7b998-8113-4bb4-ae44-45c5ba786074.__Swatinem_rust-cache]
test (aarch64-apple-darwin, macos-latest)	Post Run actions-rust-lang/setup-rust-toolchain@v1	2026-09-09T07:04:23.6413330Z Post job cleanup.
test (aarch64-apple-darwin, macos-latest)	Post Run actions-rust-lang/setup-rust-toolchain@v1	2026-09-09T07:04:24.3515440Z Cache up-to-date.
test (aarch64-apple-darwin, macos-latest)	Post Run actions-rust-lang/setup-rust-toolchain@v1	2026-09-09T07:04:24.3517470Z (node:2567) [DEP0040] DeprecationWarning: The `punycode` module is deprecated. Please use a userland alternative instead.
test (aarch64-apple-darwin, macos-latest)	Post Run actions-rust-lang/setup-rust-toolchain@v1	2026-09-09T07:04:24.3519980Z (Use `node --trace-deprecation ...` to show where the warning was created)
test (aarch64-apple-darwin, macos-latest)	Post Run actions-rust-lang/setup-rust-toolchain@v1	2026-09-09T07:04:24.3629360Z ##[end-action id=__fcf7b998-8113-4bb4-ae44-45c5ba786074.__Swatinem_rust-cache;outcome=success;conclusion=success;duration_ms=731]
test (aarch64-apple-darwin, macos-latest)	Post Run actions/checkout@v6	﻿2026-09-09T07:04:24.3757270Z Post job cleanup.
test (aarch64-apple-darwin, macos-latest)	Post Run actions/checkout@v6	2026-09-09T07:04:24.5113950Z [command]/opt/homebrew/bin/git version
test (aarch64-apple-darwin, macos-latest)	Post Run actions/checkout@v6	2026-09-09T07:04:24.5271350Z git version 2.55.0
test (aarch64-apple-darwin, macos-latest)	Post Run actions/checkout@v6	2026-09-09T07:04:24.5295540Z Copying '/Users/runner/.gitconfig' to '/Users/runner/work/_temp/47639dc4-ce94-4eb8-b470-5d5b2302bdd9/.gitconfig'
test (aarch64-apple-darwin, macos-latest)	Post Run actions/checkout@v6	2026-09-09T07:04:24.5309050Z Temporarily overriding HOME='/Users/runner/work/_temp/47639dc4-ce94-4eb8-b470-5d5b2302bdd9' before making global git config changes
test (aarch64-apple-darwin, macos-latest)	Post Run actions/checkout@v6	2026-09-09T07:04:24.5311610Z Adding repository directory to the temporary git global config as a safe directory
test (aarch64-apple-darwin, macos-latest)	Post Run actions/checkout@v6	2026-09-09T07:04:24.5313010Z [command]/opt/homebrew/bin/git config --global --add safe.directory /Users/runner/work/vig/vig
test (aarch64-apple-darwin, macos-latest)	Post Run actions/checkout@v6	2026-09-09T07:04:24.5451000Z Removing SSH command configuration
test (aarch64-apple-darwin, macos-latest)	Post Run actions/checkout@v6	2026-09-09T07:04:24.5457650Z [command]/opt/homebrew/bin/git config --local --name-only --get-regexp core\.sshCommand
test (aarch64-apple-darwin, macos-latest)	Post Run actions/checkout@v6	2026-09-09T07:04:24.5567620Z [command]/opt/homebrew/bin/git submodule foreach --recursive sh -c "git config --local --name-only --get-regexp 'core\.sshCommand' && git config --local --unset-all 'core.sshCommand' || :"
test (aarch64-apple-darwin, macos-latest)	Post Run actions/checkout@v6	2026-09-09T07:04:24.7066830Z Removing HTTP extra header
test (aarch64-apple-darwin, macos-latest)	Post Run actions/checkout@v6	2026-09-09T07:04:24.7073300Z [command]/opt/homebrew/bin/git config --local --name-only --get-regexp http\.https\:\/\/github\.com\/\.extraheader
test (aarch64-apple-darwin, macos-latest)	Post Run actions/checkout@v6	2026-09-09T07:04:24.7164960Z [command]/opt/homebrew/bin/git submodule foreach --recursive sh -c "git config --local --name-only --get-regexp 'http\.https\:\/\/github\.com\/\.extraheader' && git config --local --unset-all 'http.https://github.com/.extraheader' || :"
test (aarch64-apple-darwin, macos-latest)	Post Run actions/checkout@v6	2026-09-09T07:04:24.8497280Z Removing includeIf entries pointing to credentials config files
test (aarch64-apple-darwin, macos-latest)	Post Run actions/checkout@v6	2026-09-09T07:04:24.8504960Z [command]/opt/homebrew/bin/git config --local --name-only --get-regexp ^includeIf\.gitdir:
test (aarch64-apple-darwin, macos-latest)	Post Run actions/checkout@v6	2026-09-09T07:04:24.8586180Z includeif.gitdir:/Users/runner/work/vig/vig/.git.path
test (aarch64-apple-darwin, macos-latest)	Post Run actions/checkout@v6	2026-09-09T07:04:24.8586920Z includeif.gitdir:/Users/runner/work/vig/vig/.git/worktrees/*.path
test (aarch64-apple-darwin, macos-latest)	Post Run actions/checkout@v6	2026-09-09T07:04:24.8587410Z includeif.gitdir:/github/workspace/.git.path
test (aarch64-apple-darwin, macos-latest)	Post Run actions/checkout@v6	2026-09-09T07:04:24.8587920Z includeif.gitdir:/github/workspace/.git/worktrees/*.path
test (aarch64-apple-darwin, macos-latest)	Post Run actions/checkout@v6	2026-09-09T07:04:24.8597420Z [command]/opt/homebrew/bin/git config --local --get-all includeif.gitdir:/Users/runner/work/vig/vig/.git.path
test (aarch64-apple-darwin, macos-latest)	Post Run actions/checkout@v6	2026-09-09T07:04:24.8693150Z /Users/runner/work/_temp/git-credentials-5608ee36-dd3a-4684-834e-8c458c698ac2.config
test (aarch64-apple-darwin, macos-latest)	Post Run actions/checkout@v6	2026-09-09T07:04:24.8715030Z [command]/opt/homebrew/bin/git config --local --unset includeif.gitdir:/Users/runner/work/vig/vig/.git.path /Users/runner/work/_temp/git-credentials-5608ee36-dd3a-4684-834e-8c458c698ac2.config
test (aarch64-apple-darwin, macos-latest)	Post Run actions/checkout@v6	2026-09-09T07:04:24.8804260Z [command]/opt/homebrew/bin/git config --local --get-all includeif.gitdir:/Users/runner/work/vig/vig/.git/worktrees/*.path
test (aarch64-apple-darwin, macos-latest)	Post Run actions/checkout@v6	2026-09-09T07:04:24.8891320Z /Users/runner/work/_temp/git-credentials-5608ee36-dd3a-4684-834e-8c458c698ac2.config
test (aarch64-apple-darwin, macos-latest)	Post Run actions/checkout@v6	2026-09-09T07:04:24.8908090Z [command]/opt/homebrew/bin/git config --local --unset includeif.gitdir:/Users/runner/work/vig/vig/.git/worktrees/*.path /Users/runner/work/_temp/git-credentials-5608ee36-dd3a-4684-834e-8c458c698ac2.config
test (aarch64-apple-darwin, macos-latest)	Post Run actions/checkout@v6	2026-09-09T07:04:24.8995850Z [command]/opt/homebrew/bin/git config --local --get-all includeif.gitdir:/github/workspace/.git.path
test (aarch64-apple-darwin, macos-latest)	Post Run actions/checkout@v6	2026-09-09T07:04:24.9075170Z /github/runner_temp/git-credentials-5608ee36-dd3a-4684-834e-8c458c698ac2.config
test (aarch64-apple-darwin, macos-latest)	Post Run actions/checkout@v6	2026-09-09T07:04:24.9082680Z [command]/opt/homebrew/bin/git config --local --unset includeif.gitdir:/github/workspace/.git.path /github/runner_temp/git-credentials-5608ee36-dd3a-4684-834e-8c458c698ac2.config
test (aarch64-apple-darwin, macos-latest)	Post Run actions/checkout@v6	2026-09-09T07:04:24.9171600Z [command]/opt/homebrew/bin/git config --local --get-all includeif.gitdir:/github/workspace/.git/worktrees/*.path
test (aarch64-apple-darwin, macos-latest)	Post Run actions/checkout@v6	2026-09-09T07:04:24.9253640Z /github/runner_temp/git-credentials-5608ee36-dd3a-4684-834e-8c458c698ac2.config
test (aarch64-apple-darwin, macos-latest)	Post Run actions/checkout@v6	2026-09-09T07:04:24.9269860Z [command]/opt/homebrew/bin/git config --local --unset includeif.gitdir:/github/workspace/.git/worktrees/*.path /github/runner_temp/git-credentials-5608ee36-dd3a-4684-834e-8c458c698ac2.config
test (aarch64-apple-darwin, macos-latest)	Post Run actions/checkout@v6	2026-09-09T07:04:24.9389040Z [command]/opt/homebrew/bin/git submodule foreach --recursive git config --local --show-origin --name-only --get-regexp remote.origin.url
test (aarch64-apple-darwin, macos-latest)	Post Run actions/checkout@v6	2026-09-09T07:04:25.0500700Z Removing credentials config '/Users/runner/work/_temp/git-credentials-5608ee36-dd3a-4684-834e-8c458c698ac2.config'
test (aarch64-apple-darwin, macos-latest)	Complete job	﻿2026-09-09T07:04:25.0624550Z Cleaning up orphan processes
