build (aarch64-unknown-linux-gnu, ubuntu-24.04-arm)	Set up job	﻿2026-09-09T07:37:21.9756071Z Current runner version: '2.337.0'
build (aarch64-unknown-linux-gnu, ubuntu-24.04-arm)	Set up job	2026-09-09T07:37:21.9788074Z ##[group]Runner Image Provisioner
build (aarch64-unknown-linux-gnu, ubuntu-24.04-arm)	Set up job	2026-09-09T07:37:21.9789032Z Hosted Compute Agent
build (aarch64-unknown-linux-gnu, ubuntu-24.04-arm)	Set up job	2026-09-09T07:37:21.9790197Z Version: 20260828.587
build (aarch64-unknown-linux-gnu, ubuntu-24.04-arm)	Set up job	2026-09-09T07:37:21.9790883Z Commit: abac92662cab4cc7352de4f9f9d2e2419aad9c29
build (aarch64-unknown-linux-gnu, ubuntu-24.04-arm)	Set up job	2026-09-09T07:37:21.9791720Z Build Date: 2026-08-28T16:44:25Z
build (aarch64-unknown-linux-gnu, ubuntu-24.04-arm)	Set up job	2026-09-09T07:37:21.9792424Z Worker ID: {9df382c6-5f64-48be-9f83-6c72fcced782}
build (aarch64-unknown-linux-gnu, ubuntu-24.04-arm)	Set up job	2026-09-09T07:37:21.9793122Z Azure Region: westus3
build (aarch64-unknown-linux-gnu, ubuntu-24.04-arm)	Set up job	2026-09-09T07:37:21.9793847Z ##[endgroup]
build (aarch64-unknown-linux-gnu, ubuntu-24.04-arm)	Set up job	2026-09-09T07:37:21.9795921Z ##[group]Operating System
build (aarch64-unknown-linux-gnu, ubuntu-24.04-arm)	Set up job	2026-09-09T07:37:21.9796783Z Ubuntu
build (aarch64-unknown-linux-gnu, ubuntu-24.04-arm)	Set up job	2026-09-09T07:37:21.9797319Z 24.04.4
build (aarch64-unknown-linux-gnu, ubuntu-24.04-arm)	Set up job	2026-09-09T07:37:21.9797814Z LTS
build (aarch64-unknown-linux-gnu, ubuntu-24.04-arm)	Set up job	2026-09-09T07:37:21.9798459Z ##[endgroup]
build (aarch64-unknown-linux-gnu, ubuntu-24.04-arm)	Set up job	2026-09-09T07:37:21.9799060Z ##[group]Runner Image
build (aarch64-unknown-linux-gnu, ubuntu-24.04-arm)	Set up job	2026-09-09T07:37:21.9799722Z Image: ubuntu-24.04-arm
build (aarch64-unknown-linux-gnu, ubuntu-24.04-arm)	Set up job	2026-09-09T07:37:21.9800641Z Version: 20260831.111.1
build (aarch64-unknown-linux-gnu, ubuntu-24.04-arm)	Set up job	2026-09-09T07:37:21.9801761Z Included Software: https://github.com/actions/runner-images/blob/ubuntu24-arm64/20260831.111/images/ubuntu/Ubuntu2404-Arm64-Readme.md
build (aarch64-unknown-linux-gnu, ubuntu-24.04-arm)	Set up job	2026-09-09T07:37:21.9803792Z Image Release: https://github.com/actions/runner-images/releases/tag/ubuntu24-arm64%2F20260831.111
build (aarch64-unknown-linux-gnu, ubuntu-24.04-arm)	Set up job	2026-09-09T07:37:21.9804850Z ##[endgroup]
build (aarch64-unknown-linux-gnu, ubuntu-24.04-arm)	Set up job	2026-09-09T07:37:21.9806013Z ##[group]GITHUB_TOKEN Permissions
build (aarch64-unknown-linux-gnu, ubuntu-24.04-arm)	Set up job	2026-09-09T07:37:21.9809304Z Contents: read
build (aarch64-unknown-linux-gnu, ubuntu-24.04-arm)	Set up job	2026-09-09T07:37:21.9810447Z Metadata: read
build (aarch64-unknown-linux-gnu, ubuntu-24.04-arm)	Set up job	2026-09-09T07:37:21.9811185Z ##[endgroup]
build (aarch64-unknown-linux-gnu, ubuntu-24.04-arm)	Set up job	2026-09-09T07:37:21.9814069Z Secret source: Actions
build (aarch64-unknown-linux-gnu, ubuntu-24.04-arm)	Set up job	2026-09-09T07:37:21.9815432Z Prepare workflow directory
build (aarch64-unknown-linux-gnu, ubuntu-24.04-arm)	Set up job	2026-09-09T07:37:22.0208097Z Prepare all required actions
build (aarch64-unknown-linux-gnu, ubuntu-24.04-arm)	Set up job	2026-09-09T07:37:22.0262450Z Getting action download info
build (aarch64-unknown-linux-gnu, ubuntu-24.04-arm)	Set up job	2026-09-09T07:37:22.3758988Z Download action repository 'actions/checkout@v6' (SHA:d23441a48e516b6c34aea4fa41551a30e30af803)
build (aarch64-unknown-linux-gnu, ubuntu-24.04-arm)	Set up job	2026-09-09T07:37:22.5373080Z Download action repository 'actions-rust-lang/setup-rust-toolchain@v1' (SHA:166cdcfd11aee3cb47222f9ddb555ce30ddb9659)
build (aarch64-unknown-linux-gnu, ubuntu-24.04-arm)	Set up job	2026-09-09T07:37:22.8171366Z Download action repository 'actions/upload-artifact@v6' (SHA:b7c566a772e6b6bfb58ed0dc250532a479d7789f)
build (aarch64-unknown-linux-gnu, ubuntu-24.04-arm)	Set up job	2026-09-09T07:37:23.0788307Z Getting action download info
build (aarch64-unknown-linux-gnu, ubuntu-24.04-arm)	Set up job	2026-09-09T07:37:23.1934802Z Download action repository 'Swatinem/rust-cache@c19371144df3bb44fab255c43d04cbc2ab54d1c4' (SHA:c19371144df3bb44fab255c43d04cbc2ab54d1c4)
build (aarch64-unknown-linux-gnu, ubuntu-24.04-arm)	Set up job	2026-09-09T07:37:24.1742881Z Complete job name: build (aarch64-unknown-linux-gnu, ubuntu-24.04-arm)
build (aarch64-unknown-linux-gnu, ubuntu-24.04-arm)	Run actions/checkout@v6	﻿2026-09-09T07:37:24.2752835Z ##[group]Run actions/checkout@v6
build (aarch64-unknown-linux-gnu, ubuntu-24.04-arm)	Run actions/checkout@v6	2026-09-09T07:37:24.2754587Z with:
build (aarch64-unknown-linux-gnu, ubuntu-24.04-arm)	Run actions/checkout@v6	2026-09-09T07:37:24.2755386Z   repository: td72/vig
build (aarch64-unknown-linux-gnu, ubuntu-24.04-arm)	Run actions/checkout@v6	2026-09-09T07:37:24.2762625Z   token: ***
build (aarch64-unknown-linux-gnu, ubuntu-24.04-arm)	Run actions/checkout@v6	2026-09-09T07:37:24.2763351Z   ssh-strict: true
build (aarch64-unknown-linux-gnu, ubuntu-24.04-arm)	Run actions/checkout@v6	2026-09-09T07:37:24.2764166Z   ssh-user: git
build (aarch64-unknown-linux-gnu, ubuntu-24.04-arm)	Run actions/checkout@v6	2026-09-09T07:37:24.2764959Z   persist-credentials: true
build (aarch64-unknown-linux-gnu, ubuntu-24.04-arm)	Run actions/checkout@v6	2026-09-09T07:37:24.2765748Z   clean: true
build (aarch64-unknown-linux-gnu, ubuntu-24.04-arm)	Run actions/checkout@v6	2026-09-09T07:37:24.2766567Z   sparse-checkout-cone-mode: true
build (aarch64-unknown-linux-gnu, ubuntu-24.04-arm)	Run actions/checkout@v6	2026-09-09T07:37:24.2767393Z   fetch-depth: 1
build (aarch64-unknown-linux-gnu, ubuntu-24.04-arm)	Run actions/checkout@v6	2026-09-09T07:37:24.2768131Z   fetch-tags: false
build (aarch64-unknown-linux-gnu, ubuntu-24.04-arm)	Run actions/checkout@v6	2026-09-09T07:37:24.2768854Z   show-progress: true
build (aarch64-unknown-linux-gnu, ubuntu-24.04-arm)	Run actions/checkout@v6	2026-09-09T07:37:24.2769624Z   lfs: false
build (aarch64-unknown-linux-gnu, ubuntu-24.04-arm)	Run actions/checkout@v6	2026-09-09T07:37:24.2770639Z   submodules: false
build (aarch64-unknown-linux-gnu, ubuntu-24.04-arm)	Run actions/checkout@v6	2026-09-09T07:37:24.2771432Z   set-safe-directory: true
build (aarch64-unknown-linux-gnu, ubuntu-24.04-arm)	Run actions/checkout@v6	2026-09-09T07:37:24.2772384Z   allow-unsafe-pr-checkout: false
build (aarch64-unknown-linux-gnu, ubuntu-24.04-arm)	Run actions/checkout@v6	2026-09-09T07:37:24.2773877Z ##[endgroup]
build (aarch64-unknown-linux-gnu, ubuntu-24.04-arm)	Run actions/checkout@v6	2026-09-09T07:37:24.3647177Z Syncing repository: td72/vig
build (aarch64-unknown-linux-gnu, ubuntu-24.04-arm)	Run actions/checkout@v6	2026-09-09T07:37:24.3650227Z ##[group]Getting Git version info
build (aarch64-unknown-linux-gnu, ubuntu-24.04-arm)	Run actions/checkout@v6	2026-09-09T07:37:24.3651574Z Working directory is '/home/runner/work/vig/vig'
build (aarch64-unknown-linux-gnu, ubuntu-24.04-arm)	Run actions/checkout@v6	2026-09-09T07:37:24.3653485Z [command]/usr/bin/git version
build (aarch64-unknown-linux-gnu, ubuntu-24.04-arm)	Run actions/checkout@v6	2026-09-09T07:37:24.3684570Z git version 2.55.0
build (aarch64-unknown-linux-gnu, ubuntu-24.04-arm)	Run actions/checkout@v6	2026-09-09T07:37:24.3704170Z ##[endgroup]
build (aarch64-unknown-linux-gnu, ubuntu-24.04-arm)	Run actions/checkout@v6	2026-09-09T07:37:24.3718651Z Temporarily overriding HOME='/home/runner/work/_temp/6337769b-9666-4c8d-a392-d8344819954d' before making global git config changes
build (aarch64-unknown-linux-gnu, ubuntu-24.04-arm)	Run actions/checkout@v6	2026-09-09T07:37:24.3724823Z Adding repository directory to the temporary git global config as a safe directory
build (aarch64-unknown-linux-gnu, ubuntu-24.04-arm)	Run actions/checkout@v6	2026-09-09T07:37:24.3726601Z [command]/usr/bin/git config --global --add safe.directory /home/runner/work/vig/vig
build (aarch64-unknown-linux-gnu, ubuntu-24.04-arm)	Run actions/checkout@v6	2026-09-09T07:37:24.3753883Z Deleting the contents of '/home/runner/work/vig/vig'
build (aarch64-unknown-linux-gnu, ubuntu-24.04-arm)	Run actions/checkout@v6	2026-09-09T07:37:24.3758790Z ##[group]Determining repository object format
build (aarch64-unknown-linux-gnu, ubuntu-24.04-arm)	Run actions/checkout@v6	2026-09-09T07:37:24.3761432Z ##[endgroup]
build (aarch64-unknown-linux-gnu, ubuntu-24.04-arm)	Run actions/checkout@v6	2026-09-09T07:37:24.3763396Z ##[group]Initializing the repository
build (aarch64-unknown-linux-gnu, ubuntu-24.04-arm)	Run actions/checkout@v6	2026-09-09T07:37:24.3765425Z [command]/usr/bin/git init /home/runner/work/vig/vig
build (aarch64-unknown-linux-gnu, ubuntu-24.04-arm)	Run actions/checkout@v6	2026-09-09T07:37:24.3838849Z hint: Using 'master' as the name for the initial branch. This default branch name
build (aarch64-unknown-linux-gnu, ubuntu-24.04-arm)	Run actions/checkout@v6	2026-09-09T07:37:24.3842937Z hint: will change to "main" in Git 3.0. To configure the initial branch name
build (aarch64-unknown-linux-gnu, ubuntu-24.04-arm)	Run actions/checkout@v6	2026-09-09T07:37:24.3844953Z hint: to use in all of your new repositories, which will suppress this warning,
build (aarch64-unknown-linux-gnu, ubuntu-24.04-arm)	Run actions/checkout@v6	2026-09-09T07:37:24.3846272Z hint: call:
build (aarch64-unknown-linux-gnu, ubuntu-24.04-arm)	Run actions/checkout@v6	2026-09-09T07:37:24.3846987Z hint:
build (aarch64-unknown-linux-gnu, ubuntu-24.04-arm)	Run actions/checkout@v6	2026-09-09T07:37:24.3847849Z hint: 	git config --global init.defaultBranch <name>
build (aarch64-unknown-linux-gnu, ubuntu-24.04-arm)	Run actions/checkout@v6	2026-09-09T07:37:24.3848973Z hint:
build (aarch64-unknown-linux-gnu, ubuntu-24.04-arm)	Run actions/checkout@v6	2026-09-09T07:37:24.3850175Z hint: Names commonly chosen instead of 'master' are 'main', 'trunk' and
build (aarch64-unknown-linux-gnu, ubuntu-24.04-arm)	Run actions/checkout@v6	2026-09-09T07:37:24.3851695Z hint: 'development'. The just-created branch can be renamed via this command:
build (aarch64-unknown-linux-gnu, ubuntu-24.04-arm)	Run actions/checkout@v6	2026-09-09T07:37:24.3852863Z hint:
build (aarch64-unknown-linux-gnu, ubuntu-24.04-arm)	Run actions/checkout@v6	2026-09-09T07:37:24.3853550Z hint: 	git branch -m <name>
build (aarch64-unknown-linux-gnu, ubuntu-24.04-arm)	Run actions/checkout@v6	2026-09-09T07:37:24.3854466Z hint:
build (aarch64-unknown-linux-gnu, ubuntu-24.04-arm)	Run actions/checkout@v6	2026-09-09T07:37:24.3855473Z hint: Disable this message with "git config set advice.defaultBranchName false"
build (aarch64-unknown-linux-gnu, ubuntu-24.04-arm)	Run actions/checkout@v6	2026-09-09T07:37:24.3857059Z Initialized empty Git repository in /home/runner/work/vig/vig/.git/
build (aarch64-unknown-linux-gnu, ubuntu-24.04-arm)	Run actions/checkout@v6	2026-09-09T07:37:24.3861659Z [command]/usr/bin/git remote add origin https://github.com/td72/vig
build (aarch64-unknown-linux-gnu, ubuntu-24.04-arm)	Run actions/checkout@v6	2026-09-09T07:37:24.3896244Z ##[endgroup]
build (aarch64-unknown-linux-gnu, ubuntu-24.04-arm)	Run actions/checkout@v6	2026-09-09T07:37:24.3897623Z ##[group]Disabling automatic garbage collection
build (aarch64-unknown-linux-gnu, ubuntu-24.04-arm)	Run actions/checkout@v6	2026-09-09T07:37:24.3898896Z [command]/usr/bin/git config --local gc.auto 0
build (aarch64-unknown-linux-gnu, ubuntu-24.04-arm)	Run actions/checkout@v6	2026-09-09T07:37:24.3926261Z ##[endgroup]
build (aarch64-unknown-linux-gnu, ubuntu-24.04-arm)	Run actions/checkout@v6	2026-09-09T07:37:24.3927553Z ##[group]Setting up auth
build (aarch64-unknown-linux-gnu, ubuntu-24.04-arm)	Run actions/checkout@v6	2026-09-09T07:37:24.3928614Z Removing SSH command configuration
build (aarch64-unknown-linux-gnu, ubuntu-24.04-arm)	Run actions/checkout@v6	2026-09-09T07:37:24.3932503Z [command]/usr/bin/git config --local --name-only --get-regexp core\.sshCommand
build (aarch64-unknown-linux-gnu, ubuntu-24.04-arm)	Run actions/checkout@v6	2026-09-09T07:37:24.3960242Z [command]/usr/bin/git submodule foreach --recursive sh -c "git config --local --name-only --get-regexp 'core\.sshCommand' && git config --local --unset-all 'core.sshCommand' || :"
build (aarch64-unknown-linux-gnu, ubuntu-24.04-arm)	Run actions/checkout@v6	2026-09-09T07:37:24.4225820Z Removing HTTP extra header
build (aarch64-unknown-linux-gnu, ubuntu-24.04-arm)	Run actions/checkout@v6	2026-09-09T07:37:24.4232522Z [command]/usr/bin/git config --local --name-only --get-regexp http\.https\:\/\/github\.com\/\.extraheader
build (aarch64-unknown-linux-gnu, ubuntu-24.04-arm)	Run actions/checkout@v6	2026-09-09T07:37:24.4265289Z [command]/usr/bin/git submodule foreach --recursive sh -c "git config --local --name-only --get-regexp 'http\.https\:\/\/github\.com\/\.extraheader' && git config --local --unset-all 'http.https://github.com/.extraheader' || :"
build (aarch64-unknown-linux-gnu, ubuntu-24.04-arm)	Run actions/checkout@v6	2026-09-09T07:37:24.4447297Z Removing includeIf entries pointing to credentials config files
build (aarch64-unknown-linux-gnu, ubuntu-24.04-arm)	Run actions/checkout@v6	2026-09-09T07:37:24.4451196Z [command]/usr/bin/git config --local --name-only --get-regexp ^includeIf\.gitdir:
build (aarch64-unknown-linux-gnu, ubuntu-24.04-arm)	Run actions/checkout@v6	2026-09-09T07:37:24.4484004Z [command]/usr/bin/git submodule foreach --recursive git config --local --show-origin --name-only --get-regexp remote.origin.url
build (aarch64-unknown-linux-gnu, ubuntu-24.04-arm)	Run actions/checkout@v6	2026-09-09T07:37:24.4683168Z [command]/usr/bin/git config --file /home/runner/work/_temp/git-credentials-e9fa616d-a59d-4ad9-b656-e07c625d92fe.config http.https://github.com/.extraheader AUTHORIZATION: basic ***
build (aarch64-unknown-linux-gnu, ubuntu-24.04-arm)	Run actions/checkout@v6	2026-09-09T07:37:24.4721377Z [command]/usr/bin/git config --local includeIf.gitdir:/home/runner/work/vig/vig/.git.path /home/runner/work/_temp/git-credentials-e9fa616d-a59d-4ad9-b656-e07c625d92fe.config
build (aarch64-unknown-linux-gnu, ubuntu-24.04-arm)	Run actions/checkout@v6	2026-09-09T07:37:24.4750625Z [command]/usr/bin/git config --local includeIf.gitdir:/home/runner/work/vig/vig/.git/worktrees/*.path /home/runner/work/_temp/git-credentials-e9fa616d-a59d-4ad9-b656-e07c625d92fe.config
build (aarch64-unknown-linux-gnu, ubuntu-24.04-arm)	Run actions/checkout@v6	2026-09-09T07:37:24.4779372Z [command]/usr/bin/git config --local includeIf.gitdir:/github/workspace/.git.path /github/runner_temp/git-credentials-e9fa616d-a59d-4ad9-b656-e07c625d92fe.config
build (aarch64-unknown-linux-gnu, ubuntu-24.04-arm)	Run actions/checkout@v6	2026-09-09T07:37:24.4807335Z [command]/usr/bin/git config --local includeIf.gitdir:/github/workspace/.git/worktrees/*.path /github/runner_temp/git-credentials-e9fa616d-a59d-4ad9-b656-e07c625d92fe.config
build (aarch64-unknown-linux-gnu, ubuntu-24.04-arm)	Run actions/checkout@v6	2026-09-09T07:37:24.4835899Z ##[endgroup]
build (aarch64-unknown-linux-gnu, ubuntu-24.04-arm)	Run actions/checkout@v6	2026-09-09T07:37:24.4837409Z ##[group]Fetching the repository
build (aarch64-unknown-linux-gnu, ubuntu-24.04-arm)	Run actions/checkout@v6	2026-09-09T07:37:24.4843376Z [command]/usr/bin/git -c protocol.version=2 fetch --no-tags --prune --no-recurse-submodules --depth=1 origin +762ba74f44154d3e403b30eeb31d8b646da23c35:refs/remotes/pull/179/merge
build (aarch64-unknown-linux-gnu, ubuntu-24.04-arm)	Run actions/checkout@v6	2026-09-09T07:37:25.4214841Z From https://github.com/td72/vig
build (aarch64-unknown-linux-gnu, ubuntu-24.04-arm)	Run actions/checkout@v6	2026-09-09T07:37:25.4215725Z  * [new ref]         762ba74f44154d3e403b30eeb31d8b646da23c35 -> pull/179/merge
build (aarch64-unknown-linux-gnu, ubuntu-24.04-arm)	Run actions/checkout@v6	2026-09-09T07:37:25.4220708Z ##[endgroup]
build (aarch64-unknown-linux-gnu, ubuntu-24.04-arm)	Run actions/checkout@v6	2026-09-09T07:37:25.4221473Z ##[group]Determining the checkout info
build (aarch64-unknown-linux-gnu, ubuntu-24.04-arm)	Run actions/checkout@v6	2026-09-09T07:37:25.4222710Z ##[endgroup]
build (aarch64-unknown-linux-gnu, ubuntu-24.04-arm)	Run actions/checkout@v6	2026-09-09T07:37:25.4227133Z [command]/usr/bin/git sparse-checkout disable
build (aarch64-unknown-linux-gnu, ubuntu-24.04-arm)	Run actions/checkout@v6	2026-09-09T07:37:25.4277685Z [command]/usr/bin/git config --local --unset-all extensions.worktreeConfig
build (aarch64-unknown-linux-gnu, ubuntu-24.04-arm)	Run actions/checkout@v6	2026-09-09T07:37:25.4311811Z ##[group]Checking out the ref
build (aarch64-unknown-linux-gnu, ubuntu-24.04-arm)	Run actions/checkout@v6	2026-09-09T07:37:25.4317294Z [command]/usr/bin/git checkout --progress --force refs/remotes/pull/179/merge
build (aarch64-unknown-linux-gnu, ubuntu-24.04-arm)	Run actions/checkout@v6	2026-09-09T07:37:26.0671889Z Note: switching to 'refs/remotes/pull/179/merge'.
build (aarch64-unknown-linux-gnu, ubuntu-24.04-arm)	Run actions/checkout@v6	2026-09-09T07:37:26.0672353Z 
build (aarch64-unknown-linux-gnu, ubuntu-24.04-arm)	Run actions/checkout@v6	2026-09-09T07:37:26.0672578Z You are in 'detached HEAD' state. You can look around, make experimental
build (aarch64-unknown-linux-gnu, ubuntu-24.04-arm)	Run actions/checkout@v6	2026-09-09T07:37:26.0673122Z changes and commit them, and you can discard any commits you make in this
build (aarch64-unknown-linux-gnu, ubuntu-24.04-arm)	Run actions/checkout@v6	2026-09-09T07:37:26.0673689Z state without impacting any branches by switching back to a branch.
build (aarch64-unknown-linux-gnu, ubuntu-24.04-arm)	Run actions/checkout@v6	2026-09-09T07:37:26.0673983Z 
build (aarch64-unknown-linux-gnu, ubuntu-24.04-arm)	Run actions/checkout@v6	2026-09-09T07:37:26.0674191Z If you want to create a new branch to retain commits you create, you may
build (aarch64-unknown-linux-gnu, ubuntu-24.04-arm)	Run actions/checkout@v6	2026-09-09T07:37:26.0674640Z do so (now or later) by using -c with the switch command. Example:
build (aarch64-unknown-linux-gnu, ubuntu-24.04-arm)	Run actions/checkout@v6	2026-09-09T07:37:26.0674913Z 
build (aarch64-unknown-linux-gnu, ubuntu-24.04-arm)	Run actions/checkout@v6	2026-09-09T07:37:26.0675044Z   git switch -c <new-branch-name>
build (aarch64-unknown-linux-gnu, ubuntu-24.04-arm)	Run actions/checkout@v6	2026-09-09T07:37:26.0675289Z 
build (aarch64-unknown-linux-gnu, ubuntu-24.04-arm)	Run actions/checkout@v6	2026-09-09T07:37:26.0675404Z Or undo this operation with:
build (aarch64-unknown-linux-gnu, ubuntu-24.04-arm)	Run actions/checkout@v6	2026-09-09T07:37:26.0675603Z 
build (aarch64-unknown-linux-gnu, ubuntu-24.04-arm)	Run actions/checkout@v6	2026-09-09T07:37:26.0675746Z   git switch -
build (aarch64-unknown-linux-gnu, ubuntu-24.04-arm)	Run actions/checkout@v6	2026-09-09T07:37:26.0675937Z 
build (aarch64-unknown-linux-gnu, ubuntu-24.04-arm)	Run actions/checkout@v6	2026-09-09T07:37:26.0676218Z Turn off this advice by setting config variable advice.detachedHead to false
build (aarch64-unknown-linux-gnu, ubuntu-24.04-arm)	Run actions/checkout@v6	2026-09-09T07:37:26.0676512Z 
build (aarch64-unknown-linux-gnu, ubuntu-24.04-arm)	Run actions/checkout@v6	2026-09-09T07:37:26.0676843Z HEAD is now at 762ba74 Merge d8133819eab19a9b837d55207d786090922809b5 into 074bbad486d5e36c3d911ead96587dcb29057716
build (aarch64-unknown-linux-gnu, ubuntu-24.04-arm)	Run actions/checkout@v6	2026-09-09T07:37:26.0868780Z ##[endgroup]
build (aarch64-unknown-linux-gnu, ubuntu-24.04-arm)	Run actions/checkout@v6	2026-09-09T07:37:26.0905914Z [command]/usr/bin/git log -1 --format=%H
build (aarch64-unknown-linux-gnu, ubuntu-24.04-arm)	Run actions/checkout@v6	2026-09-09T07:37:26.0929620Z 762ba74f44154d3e403b30eeb31d8b646da23c35
build (aarch64-unknown-linux-gnu, ubuntu-24.04-arm)	Run actions-rust-lang/setup-rust-toolchain@v1	﻿2026-09-09T07:37:26.1361380Z ##[group]Run actions-rust-lang/setup-rust-toolchain@v1
build (aarch64-unknown-linux-gnu, ubuntu-24.04-arm)	Run actions-rust-lang/setup-rust-toolchain@v1	2026-09-09T07:37:26.1361855Z with:
build (aarch64-unknown-linux-gnu, ubuntu-24.04-arm)	Run actions-rust-lang/setup-rust-toolchain@v1	2026-09-09T07:37:26.1362042Z   cache: true
build (aarch64-unknown-linux-gnu, ubuntu-24.04-arm)	Run actions-rust-lang/setup-rust-toolchain@v1	2026-09-09T07:37:26.1362231Z   cache-on-failure: true
build (aarch64-unknown-linux-gnu, ubuntu-24.04-arm)	Run actions-rust-lang/setup-rust-toolchain@v1	2026-09-09T07:37:26.1362481Z   cache-bin: true
build (aarch64-unknown-linux-gnu, ubuntu-24.04-arm)	Run actions-rust-lang/setup-rust-toolchain@v1	2026-09-09T07:37:26.1362736Z   cache-provider: github
build (aarch64-unknown-linux-gnu, ubuntu-24.04-arm)	Run actions-rust-lang/setup-rust-toolchain@v1	2026-09-09T07:37:26.1363016Z   cache-all-crates: false
build (aarch64-unknown-linux-gnu, ubuntu-24.04-arm)	Run actions-rust-lang/setup-rust-toolchain@v1	2026-09-09T07:37:26.1363312Z   cache-workspace-crates: false
build (aarch64-unknown-linux-gnu, ubuntu-24.04-arm)	Run actions-rust-lang/setup-rust-toolchain@v1	2026-09-09T07:37:26.1363652Z   cache-save-if: true
build (aarch64-unknown-linux-gnu, ubuntu-24.04-arm)	Run actions-rust-lang/setup-rust-toolchain@v1	2026-09-09T07:37:26.1363876Z   cache-targets: true
build (aarch64-unknown-linux-gnu, ubuntu-24.04-arm)	Run actions-rust-lang/setup-rust-toolchain@v1	2026-09-09T07:37:26.1364080Z   matcher: true
build (aarch64-unknown-linux-gnu, ubuntu-24.04-arm)	Run actions-rust-lang/setup-rust-toolchain@v1	2026-09-09T07:37:26.1364310Z   rustflags: -D warnings
build (aarch64-unknown-linux-gnu, ubuntu-24.04-arm)	Run actions-rust-lang/setup-rust-toolchain@v1	2026-09-09T07:37:26.1364524Z   override: true
build (aarch64-unknown-linux-gnu, ubuntu-24.04-arm)	Run actions-rust-lang/setup-rust-toolchain@v1	2026-09-09T07:37:26.1364716Z ##[endgroup]
build (aarch64-unknown-linux-gnu, ubuntu-24.04-arm)	Run actions-rust-lang/setup-rust-toolchain@v1	2026-09-09T07:37:26.1432212Z ##[start-action display=Unbork mac;id=__actions-rust-lang_setup-rust-toolchain.__run]
build (aarch64-unknown-linux-gnu, ubuntu-24.04-arm)	Run actions-rust-lang/setup-rust-toolchain@v1	2026-09-09T07:37:26.1453990Z ##[end-action id=__actions-rust-lang_setup-rust-toolchain.__run;outcome=skipped;conclusion=skipped;duration_ms=0]
build (aarch64-unknown-linux-gnu, ubuntu-24.04-arm)	Run actions-rust-lang/setup-rust-toolchain@v1	2026-09-09T07:37:26.1508930Z ##[start-action display=Run : construct rustup command line;id=__actions-rust-lang_setup-rust-toolchain.flags]
build (aarch64-unknown-linux-gnu, ubuntu-24.04-arm)	Run actions-rust-lang/setup-rust-toolchain@v1	2026-09-09T07:37:26.1563543Z ##[group]Run : construct rustup command line
build (aarch64-unknown-linux-gnu, ubuntu-24.04-arm)	Run actions-rust-lang/setup-rust-toolchain@v1	2026-09-09T07:37:26.1564022Z ^[[36;1m: construct rustup command line^[[0m
build (aarch64-unknown-linux-gnu, ubuntu-24.04-arm)	Run actions-rust-lang/setup-rust-toolchain@v1	2026-09-09T07:37:26.1564478Z ^[[36;1mecho "targets=$(for t in ${_srt_targets//,/ }; do echo -n ' --target' $t; done)" >> $GITHUB_OUTPUT^[[0m
build (aarch64-unknown-linux-gnu, ubuntu-24.04-arm)	Run actions-rust-lang/setup-rust-toolchain@v1	2026-09-09T07:37:26.1565118Z ^[[36;1mecho "components=$(for c in ${_srt_components//,/ }; do echo -n ' --component' $c; done)" >> $GITHUB_OUTPUT^[[0m
build (aarch64-unknown-linux-gnu, ubuntu-24.04-arm)	Run actions-rust-lang/setup-rust-toolchain@v1	2026-09-09T07:37:26.1565658Z ^[[36;1mecho "downgrade=" >> $GITHUB_OUTPUT^[[0m
build (aarch64-unknown-linux-gnu, ubuntu-24.04-arm)	Run actions-rust-lang/setup-rust-toolchain@v1	2026-09-09T07:37:26.1661543Z shell: /usr/bin/bash --noprofile --norc -e -o pipefail {0}
build (aarch64-unknown-linux-gnu, ubuntu-24.04-arm)	Run actions-rust-lang/setup-rust-toolchain@v1	2026-09-09T07:37:26.1661961Z env:
build (aarch64-unknown-linux-gnu, ubuntu-24.04-arm)	Run actions-rust-lang/setup-rust-toolchain@v1	2026-09-09T07:37:26.1662144Z   _srt_targets: 
build (aarch64-unknown-linux-gnu, ubuntu-24.04-arm)	Run actions-rust-lang/setup-rust-toolchain@v1	2026-09-09T07:37:26.1662342Z   _srt_components: 
build (aarch64-unknown-linux-gnu, ubuntu-24.04-arm)	Run actions-rust-lang/setup-rust-toolchain@v1	2026-09-09T07:37:26.1662580Z ##[endgroup]
build (aarch64-unknown-linux-gnu, ubuntu-24.04-arm)	Run actions-rust-lang/setup-rust-toolchain@v1	2026-09-09T07:37:26.1805411Z ##[end-action id=__actions-rust-lang_setup-rust-toolchain.flags;outcome=success;conclusion=success;duration_ms=29]
build (aarch64-unknown-linux-gnu, ubuntu-24.04-arm)	Run actions-rust-lang/setup-rust-toolchain@v1	2026-09-09T07:37:26.1812448Z ##[start-action display=Setting Environment Variables;id=__actions-rust-lang_setup-rust-toolchain.__run_2]
build (aarch64-unknown-linux-gnu, ubuntu-24.04-arm)	Run actions-rust-lang/setup-rust-toolchain@v1	2026-09-09T07:37:26.1840602Z ##[group]Run if [[ ! -v CARGO_INCREMENTAL ]]; then
build (aarch64-unknown-linux-gnu, ubuntu-24.04-arm)	Run actions-rust-lang/setup-rust-toolchain@v1	2026-09-09T07:37:26.1840994Z ^[[36;1mif [[ ! -v CARGO_INCREMENTAL ]]; then^[[0m
build (aarch64-unknown-linux-gnu, ubuntu-24.04-arm)	Run actions-rust-lang/setup-rust-toolchain@v1	2026-09-09T07:37:26.1841305Z ^[[36;1m  echo "CARGO_INCREMENTAL=0" >> $GITHUB_ENV^[[0m
build (aarch64-unknown-linux-gnu, ubuntu-24.04-arm)	Run actions-rust-lang/setup-rust-toolchain@v1	2026-09-09T07:37:26.1841577Z ^[[36;1mfi^[[0m
build (aarch64-unknown-linux-gnu, ubuntu-24.04-arm)	Run actions-rust-lang/setup-rust-toolchain@v1	2026-09-09T07:37:26.1841792Z ^[[36;1mif [[ ! -v CARGO_PROFILE_DEV_DEBUG ]]; then^[[0m
build (aarch64-unknown-linux-gnu, ubuntu-24.04-arm)	Run actions-rust-lang/setup-rust-toolchain@v1	2026-09-09T07:37:26.1842119Z ^[[36;1m  echo "CARGO_PROFILE_DEV_DEBUG=0" >> $GITHUB_ENV^[[0m
build (aarch64-unknown-linux-gnu, ubuntu-24.04-arm)	Run actions-rust-lang/setup-rust-toolchain@v1	2026-09-09T07:37:26.1842401Z ^[[36;1mfi^[[0m
build (aarch64-unknown-linux-gnu, ubuntu-24.04-arm)	Run actions-rust-lang/setup-rust-toolchain@v1	2026-09-09T07:37:26.1842606Z ^[[36;1mif [[ ! -v CARGO_TERM_COLOR ]]; then^[[0m
build (aarch64-unknown-linux-gnu, ubuntu-24.04-arm)	Run actions-rust-lang/setup-rust-toolchain@v1	2026-09-09T07:37:26.1842927Z ^[[36;1m  echo "CARGO_TERM_COLOR=always" >> $GITHUB_ENV^[[0m
build (aarch64-unknown-linux-gnu, ubuntu-24.04-arm)	Run actions-rust-lang/setup-rust-toolchain@v1	2026-09-09T07:37:26.1843207Z ^[[36;1mfi^[[0m
build (aarch64-unknown-linux-gnu, ubuntu-24.04-arm)	Run actions-rust-lang/setup-rust-toolchain@v1	2026-09-09T07:37:26.1843403Z ^[[36;1mif [[ ! -v RUST_BACKTRACE ]]; then^[[0m
build (aarch64-unknown-linux-gnu, ubuntu-24.04-arm)	Run actions-rust-lang/setup-rust-toolchain@v1	2026-09-09T07:37:26.1843703Z ^[[36;1m  echo "RUST_BACKTRACE=short" >> $GITHUB_ENV^[[0m
build (aarch64-unknown-linux-gnu, ubuntu-24.04-arm)	Run actions-rust-lang/setup-rust-toolchain@v1	2026-09-09T07:37:26.1843994Z ^[[36;1mfi^[[0m
build (aarch64-unknown-linux-gnu, ubuntu-24.04-arm)	Run actions-rust-lang/setup-rust-toolchain@v1	2026-09-09T07:37:26.1844261Z ^[[36;1mif [[ ( ! -v RUSTFLAGS ) && $_srt_NEW_RUSTFLAGS != "" ]]; then^[[0m
build (aarch64-unknown-linux-gnu, ubuntu-24.04-arm)	Run actions-rust-lang/setup-rust-toolchain@v1	2026-09-09T07:37:26.1844641Z ^[[36;1m  echo "RUSTFLAGS=$_srt_NEW_RUSTFLAGS" >> $GITHUB_ENV^[[0m
build (aarch64-unknown-linux-gnu, ubuntu-24.04-arm)	Run actions-rust-lang/setup-rust-toolchain@v1	2026-09-09T07:37:26.1844939Z ^[[36;1mfi^[[0m
build (aarch64-unknown-linux-gnu, ubuntu-24.04-arm)	Run actions-rust-lang/setup-rust-toolchain@v1	2026-09-09T07:37:26.1845153Z ^[[36;1m# Enable faster sparse index on nightly^[[0m
build (aarch64-unknown-linux-gnu, ubuntu-24.04-arm)	Run actions-rust-lang/setup-rust-toolchain@v1	2026-09-09T07:37:26.1845494Z ^[[36;1m# The value is ignored on stable and causes no problems^[[0m
build (aarch64-unknown-linux-gnu, ubuntu-24.04-arm)	Run actions-rust-lang/setup-rust-toolchain@v1	2026-09-09T07:37:26.1845991Z ^[[36;1m# https://internals.rust-lang.org/t/call-for-testing-cargo-sparse-registry/16862^[[0m
build (aarch64-unknown-linux-gnu, ubuntu-24.04-arm)	Run actions-rust-lang/setup-rust-toolchain@v1	2026-09-09T07:37:26.1846476Z ^[[36;1mif [[ ! -v CARGO_UNSTABLE_SPARSE_REGISTRY ]]; then^[[0m
build (aarch64-unknown-linux-gnu, ubuntu-24.04-arm)	Run actions-rust-lang/setup-rust-toolchain@v1	2026-09-09T07:37:26.1846854Z ^[[36;1m  echo "CARGO_UNSTABLE_SPARSE_REGISTRY=true" >> $GITHUB_ENV^[[0m
build (aarch64-unknown-linux-gnu, ubuntu-24.04-arm)	Run actions-rust-lang/setup-rust-toolchain@v1	2026-09-09T07:37:26.1847178Z ^[[36;1mfi^[[0m
build (aarch64-unknown-linux-gnu, ubuntu-24.04-arm)	Run actions-rust-lang/setup-rust-toolchain@v1	2026-09-09T07:37:26.1847455Z ^[[36;1mif [[ ! -v CARGO_REGISTRIES_CRATES_IO_PROTOCOL ]]; then^[[0m
build (aarch64-unknown-linux-gnu, ubuntu-24.04-arm)	Run actions-rust-lang/setup-rust-toolchain@v1	2026-09-09T07:37:26.1847925Z ^[[36;1m  echo "CARGO_REGISTRIES_CRATES_IO_PROTOCOL=sparse" >> $GITHUB_ENV^[[0m
build (aarch64-unknown-linux-gnu, ubuntu-24.04-arm)	Run actions-rust-lang/setup-rust-toolchain@v1	2026-09-09T07:37:26.1848282Z ^[[36;1mfi^[[0m
build (aarch64-unknown-linux-gnu, ubuntu-24.04-arm)	Run actions-rust-lang/setup-rust-toolchain@v1	2026-09-09T07:37:26.1899291Z shell: /usr/bin/bash --noprofile --norc -e -o pipefail {0}
build (aarch64-unknown-linux-gnu, ubuntu-24.04-arm)	Run actions-rust-lang/setup-rust-toolchain@v1	2026-09-09T07:37:26.1899641Z env:
build (aarch64-unknown-linux-gnu, ubuntu-24.04-arm)	Run actions-rust-lang/setup-rust-toolchain@v1	2026-09-09T07:37:26.1900148Z   _srt_NEW_RUSTFLAGS: -D warnings
build (aarch64-unknown-linux-gnu, ubuntu-24.04-arm)	Run actions-rust-lang/setup-rust-toolchain@v1	2026-09-09T07:37:26.1900431Z ##[endgroup]
build (aarch64-unknown-linux-gnu, ubuntu-24.04-arm)	Run actions-rust-lang/setup-rust-toolchain@v1	2026-09-09T07:37:26.1986206Z ##[end-action id=__actions-rust-lang_setup-rust-toolchain.__run_2;outcome=success;conclusion=success;duration_ms=17]
build (aarch64-unknown-linux-gnu, ubuntu-24.04-arm)	Run actions-rust-lang/setup-rust-toolchain@v1	2026-09-09T07:37:26.1988754Z ##[start-action display=Install Rust Problem Matcher;id=__actions-rust-lang_setup-rust-toolchain.__run_3]
build (aarch64-unknown-linux-gnu, ubuntu-24.04-arm)	Run actions-rust-lang/setup-rust-toolchain@v1	2026-09-09T07:37:26.2020918Z ##[group]Run echo "::add-matcher::/home/runner/work/_actions/actions-rust-lang/setup-rust-toolchain/v1/rust.json"
build (aarch64-unknown-linux-gnu, ubuntu-24.04-arm)	Run actions-rust-lang/setup-rust-toolchain@v1	2026-09-09T07:37:26.2021683Z ^[[36;1mecho "::add-matcher::/home/runner/work/_actions/actions-rust-lang/setup-rust-toolchain/v1/rust.json"^[[0m
build (aarch64-unknown-linux-gnu, ubuntu-24.04-arm)	Run actions-rust-lang/setup-rust-toolchain@v1	2026-09-09T07:37:26.2074050Z shell: /usr/bin/bash --noprofile --norc -e -o pipefail {0}
build (aarch64-unknown-linux-gnu, ubuntu-24.04-arm)	Run actions-rust-lang/setup-rust-toolchain@v1	2026-09-09T07:37:26.2074412Z env:
build (aarch64-unknown-linux-gnu, ubuntu-24.04-arm)	Run actions-rust-lang/setup-rust-toolchain@v1	2026-09-09T07:37:26.2074591Z   CARGO_INCREMENTAL: 0
build (aarch64-unknown-linux-gnu, ubuntu-24.04-arm)	Run actions-rust-lang/setup-rust-toolchain@v1	2026-09-09T07:37:26.2074824Z   CARGO_PROFILE_DEV_DEBUG: 0
build (aarch64-unknown-linux-gnu, ubuntu-24.04-arm)	Run actions-rust-lang/setup-rust-toolchain@v1	2026-09-09T07:37:26.2075096Z   CARGO_TERM_COLOR: always
build (aarch64-unknown-linux-gnu, ubuntu-24.04-arm)	Run actions-rust-lang/setup-rust-toolchain@v1	2026-09-09T07:37:26.2075317Z   RUST_BACKTRACE: short
build (aarch64-unknown-linux-gnu, ubuntu-24.04-arm)	Run actions-rust-lang/setup-rust-toolchain@v1	2026-09-09T07:37:26.2075524Z   RUSTFLAGS: -D warnings
build (aarch64-unknown-linux-gnu, ubuntu-24.04-arm)	Run actions-rust-lang/setup-rust-toolchain@v1	2026-09-09T07:37:26.2075753Z   CARGO_UNSTABLE_SPARSE_REGISTRY: true
build (aarch64-unknown-linux-gnu, ubuntu-24.04-arm)	Run actions-rust-lang/setup-rust-toolchain@v1	2026-09-09T07:37:26.2076032Z   CARGO_REGISTRIES_CRATES_IO_PROTOCOL: sparse
build (aarch64-unknown-linux-gnu, ubuntu-24.04-arm)	Run actions-rust-lang/setup-rust-toolchain@v1	2026-09-09T07:37:26.2076296Z ##[endgroup]
build (aarch64-unknown-linux-gnu, ubuntu-24.04-arm)	Run actions-rust-lang/setup-rust-toolchain@v1	2026-09-09T07:37:26.2182318Z ##[end-action id=__actions-rust-lang_setup-rust-toolchain.__run_3;outcome=success;conclusion=success;duration_ms=19]
build (aarch64-unknown-linux-gnu, ubuntu-24.04-arm)	Run actions-rust-lang/setup-rust-toolchain@v1	2026-09-09T07:37:26.2186140Z ##[start-action display=Install rustup, if needed;id=__actions-rust-lang_setup-rust-toolchain.__run_4]
build (aarch64-unknown-linux-gnu, ubuntu-24.04-arm)	Run actions-rust-lang/setup-rust-toolchain@v1	2026-09-09T07:37:26.2214763Z ##[group]Run if ! command -v rustup &> /dev/null ; then
build (aarch64-unknown-linux-gnu, ubuntu-24.04-arm)	Run actions-rust-lang/setup-rust-toolchain@v1	2026-09-09T07:37:26.2215174Z ^[[36;1mif ! command -v rustup &> /dev/null ; then^[[0m
build (aarch64-unknown-linux-gnu, ubuntu-24.04-arm)	Run actions-rust-lang/setup-rust-toolchain@v1	2026-09-09T07:37:26.2215781Z ^[[36;1m  curl --proto '=https' --tlsv1.2 --retry 10 --retry-connrefused -fsSL "https://sh.rustup.rs" | sh -s -- --default-toolchain none -y^[[0m
build (aarch64-unknown-linux-gnu, ubuntu-24.04-arm)	Run actions-rust-lang/setup-rust-toolchain@v1	2026-09-09T07:37:26.2216628Z ^[[36;1m^[[0m
build (aarch64-unknown-linux-gnu, ubuntu-24.04-arm)	Run actions-rust-lang/setup-rust-toolchain@v1	2026-09-09T07:37:26.2216923Z ^[[36;1m  # Resolve the correct CARGO_HOME path depending on OS^[[0m
build (aarch64-unknown-linux-gnu, ubuntu-24.04-arm)	Run actions-rust-lang/setup-rust-toolchain@v1	2026-09-09T07:37:26.2217290Z ^[[36;1m  if [[ "$RUNNER_OS" == "Windows" ]]; then^[[0m
build (aarch64-unknown-linux-gnu, ubuntu-24.04-arm)	Run actions-rust-lang/setup-rust-toolchain@v1	2026-09-09T07:37:26.2217696Z ^[[36;1m    echo "${CARGO_HOME:-$USERPROFILE/.cargo}/bin" | sed 's|/|\\|g' >> $GITHUB_PATH^[[0m
build (aarch64-unknown-linux-gnu, ubuntu-24.04-arm)	Run actions-rust-lang/setup-rust-toolchain@v1	2026-09-09T07:37:26.2218082Z ^[[36;1m  else^[[0m
build (aarch64-unknown-linux-gnu, ubuntu-24.04-arm)	Run actions-rust-lang/setup-rust-toolchain@v1	2026-09-09T07:37:26.2218329Z ^[[36;1m    echo "${CARGO_HOME:-$HOME/.cargo}/bin" >> $GITHUB_PATH^[[0m
build (aarch64-unknown-linux-gnu, ubuntu-24.04-arm)	Run actions-rust-lang/setup-rust-toolchain@v1	2026-09-09T07:37:26.2218635Z ^[[36;1m  fi^[[0m
build (aarch64-unknown-linux-gnu, ubuntu-24.04-arm)	Run actions-rust-lang/setup-rust-toolchain@v1	2026-09-09T07:37:26.2218809Z ^[[36;1mfi^[[0m
build (aarch64-unknown-linux-gnu, ubuntu-24.04-arm)	Run actions-rust-lang/setup-rust-toolchain@v1	2026-09-09T07:37:26.2271349Z shell: /usr/bin/bash --noprofile --norc -e -o pipefail {0}
build (aarch64-unknown-linux-gnu, ubuntu-24.04-arm)	Run actions-rust-lang/setup-rust-toolchain@v1	2026-09-09T07:37:26.2271778Z env:
build (aarch64-unknown-linux-gnu, ubuntu-24.04-arm)	Run actions-rust-lang/setup-rust-toolchain@v1	2026-09-09T07:37:26.2271993Z   CARGO_INCREMENTAL: 0
build (aarch64-unknown-linux-gnu, ubuntu-24.04-arm)	Run actions-rust-lang/setup-rust-toolchain@v1	2026-09-09T07:37:26.2272278Z   CARGO_PROFILE_DEV_DEBUG: 0
build (aarch64-unknown-linux-gnu, ubuntu-24.04-arm)	Run actions-rust-lang/setup-rust-toolchain@v1	2026-09-09T07:37:26.2272544Z   CARGO_TERM_COLOR: always
build (aarch64-unknown-linux-gnu, ubuntu-24.04-arm)	Run actions-rust-lang/setup-rust-toolchain@v1	2026-09-09T07:37:26.2272778Z   RUST_BACKTRACE: short
build (aarch64-unknown-linux-gnu, ubuntu-24.04-arm)	Run actions-rust-lang/setup-rust-toolchain@v1	2026-09-09T07:37:26.2273026Z   RUSTFLAGS: -D warnings
build (aarch64-unknown-linux-gnu, ubuntu-24.04-arm)	Run actions-rust-lang/setup-rust-toolchain@v1	2026-09-09T07:37:26.2273254Z   CARGO_UNSTABLE_SPARSE_REGISTRY: true
build (aarch64-unknown-linux-gnu, ubuntu-24.04-arm)	Run actions-rust-lang/setup-rust-toolchain@v1	2026-09-09T07:37:26.2273557Z   CARGO_REGISTRIES_CRATES_IO_PROTOCOL: sparse
build (aarch64-unknown-linux-gnu, ubuntu-24.04-arm)	Run actions-rust-lang/setup-rust-toolchain@v1	2026-09-09T07:37:26.2273842Z   RUNNER_OS: Linux
build (aarch64-unknown-linux-gnu, ubuntu-24.04-arm)	Run actions-rust-lang/setup-rust-toolchain@v1	2026-09-09T07:37:26.2274027Z ##[endgroup]
build (aarch64-unknown-linux-gnu, ubuntu-24.04-arm)	Run actions-rust-lang/setup-rust-toolchain@v1	2026-09-09T07:37:26.2362549Z ##[end-action id=__actions-rust-lang_setup-rust-toolchain.__run_4;outcome=success;conclusion=success;duration_ms=17]
build (aarch64-unknown-linux-gnu, ubuntu-24.04-arm)	Run actions-rust-lang/setup-rust-toolchain@v1	2026-09-09T07:37:26.2368375Z ##[start-action display=rustup toolchain install stable;id=__actions-rust-lang_setup-rust-toolchain.__run_5]
build (aarch64-unknown-linux-gnu, ubuntu-24.04-arm)	Run actions-rust-lang/setup-rust-toolchain@v1	2026-09-09T07:37:26.2398393Z ##[group]Run # Check if value is set
build (aarch64-unknown-linux-gnu, ubuntu-24.04-arm)	Run actions-rust-lang/setup-rust-toolchain@v1	2026-09-09T07:37:26.2398738Z ^[[36;1m# Check if value is set^[[0m
build (aarch64-unknown-linux-gnu, ubuntu-24.04-arm)	Run actions-rust-lang/setup-rust-toolchain@v1	2026-09-09T07:37:26.2398996Z ^[[36;1mif [[ -n "$_srt_rust_src_dir" ]]^[[0m
build (aarch64-unknown-linux-gnu, ubuntu-24.04-arm)	Run actions-rust-lang/setup-rust-toolchain@v1	2026-09-09T07:37:26.2399247Z ^[[36;1mthen^[[0m
build (aarch64-unknown-linux-gnu, ubuntu-24.04-arm)	Run actions-rust-lang/setup-rust-toolchain@v1	2026-09-09T07:37:26.2399476Z ^[[36;1m  # If value is set the directory must exist^[[0m
build (aarch64-unknown-linux-gnu, ubuntu-24.04-arm)	Run actions-rust-lang/setup-rust-toolchain@v1	2026-09-09T07:37:26.2399775Z ^[[36;1m  if [[ -d "$_srt_rust_src_dir" ]]^[[0m
build (aarch64-unknown-linux-gnu, ubuntu-24.04-arm)	Run actions-rust-lang/setup-rust-toolchain@v1	2026-09-09T07:37:26.2400376Z ^[[36;1m  then^[[0m
build (aarch64-unknown-linux-gnu, ubuntu-24.04-arm)	Run actions-rust-lang/setup-rust-toolchain@v1	2026-09-09T07:37:26.2400578Z ^[[36;1m    cd "$_srt_rust_src_dir"^[[0m
build (aarch64-unknown-linux-gnu, ubuntu-24.04-arm)	Run actions-rust-lang/setup-rust-toolchain@v1	2026-09-09T07:37:26.2400816Z ^[[36;1m  else^[[0m
build (aarch64-unknown-linux-gnu, ubuntu-24.04-arm)	Run actions-rust-lang/setup-rust-toolchain@v1	2026-09-09T07:37:26.2401148Z ^[[36;1m    echo "'rust-src-dir' does not point to an existing directory" >&2^[[0m
build (aarch64-unknown-linux-gnu, ubuntu-24.04-arm)	Run actions-rust-lang/setup-rust-toolchain@v1	2026-09-09T07:37:26.2401927Z ^[[36;1m    echo "The value of 'rust-src-dir' is: ${_srt_rust_src_dir}" >&2^[[0m
build (aarch64-unknown-linux-gnu, ubuntu-24.04-arm)	Run actions-rust-lang/setup-rust-toolchain@v1	2026-09-09T07:37:26.2402266Z ^[[36;1m    exit 1^[[0m
build (aarch64-unknown-linux-gnu, ubuntu-24.04-arm)	Run actions-rust-lang/setup-rust-toolchain@v1	2026-09-09T07:37:26.2402456Z ^[[36;1m  fi^[[0m
build (aarch64-unknown-linux-gnu, ubuntu-24.04-arm)	Run actions-rust-lang/setup-rust-toolchain@v1	2026-09-09T07:37:26.2402634Z ^[[36;1mfi^[[0m
build (aarch64-unknown-linux-gnu, ubuntu-24.04-arm)	Run actions-rust-lang/setup-rust-toolchain@v1	2026-09-09T07:37:26.2402953Z ^[[36;1mif [[ -z "$_srt_toolchain" && ( -f "rust-toolchain" || -f "rust-toolchain.toml") ]]^[[0m
build (aarch64-unknown-linux-gnu, ubuntu-24.04-arm)	Run actions-rust-lang/setup-rust-toolchain@v1	2026-09-09T07:37:26.2403335Z ^[[36;1mthen^[[0m
build (aarch64-unknown-linux-gnu, ubuntu-24.04-arm)	Run actions-rust-lang/setup-rust-toolchain@v1	2026-09-09T07:37:26.2403571Z ^[[36;1m  # Install the toolchain as specified in the file^[[0m
build (aarch64-unknown-linux-gnu, ubuntu-24.04-arm)	Run actions-rust-lang/setup-rust-toolchain@v1	2026-09-09T07:37:26.2403973Z ^[[36;1m  # rustup show is the old way that implicitly installed a toolchain^[[0m
build (aarch64-unknown-linux-gnu, ubuntu-24.04-arm)	Run actions-rust-lang/setup-rust-toolchain@v1	2026-09-09T07:37:26.2404379Z ^[[36;1m  # rustup toolchain install is the new explicit way^[[0m
build (aarch64-unknown-linux-gnu, ubuntu-24.04-arm)	Run actions-rust-lang/setup-rust-toolchain@v1	2026-09-09T07:37:26.2404822Z ^[[36;1m  # https://github.com/rust-lang/rustup/issues/3635#issuecomment-2343511297^[[0m
build (aarch64-unknown-linux-gnu, ubuntu-24.04-arm)	Run actions-rust-lang/setup-rust-toolchain@v1	2026-09-09T07:37:26.2405284Z ^[[36;1m  rustup show active-toolchain || rustup toolchain install^[[0m
build (aarch64-unknown-linux-gnu, ubuntu-24.04-arm)	Run actions-rust-lang/setup-rust-toolchain@v1	2026-09-09T07:37:26.2405663Z ^[[36;1m  if [[ -n $_srt_components ]]; then^[[0m
build (aarch64-unknown-linux-gnu, ubuntu-24.04-arm)	Run actions-rust-lang/setup-rust-toolchain@v1	2026-09-09T07:37:26.2405990Z ^[[36;1m    rustup component add ${_srt_components//,/ }^[[0m
build (aarch64-unknown-linux-gnu, ubuntu-24.04-arm)	Run actions-rust-lang/setup-rust-toolchain@v1	2026-09-09T07:37:26.2406279Z ^[[36;1m  fi^[[0m
build (aarch64-unknown-linux-gnu, ubuntu-24.04-arm)	Run actions-rust-lang/setup-rust-toolchain@v1	2026-09-09T07:37:26.2406479Z ^[[36;1m  if [[ -n $_srt_targets ]]; then^[[0m
build (aarch64-unknown-linux-gnu, ubuntu-24.04-arm)	Run actions-rust-lang/setup-rust-toolchain@v1	2026-09-09T07:37:26.2406769Z ^[[36;1m    rustup target add ${_srt_targets//,/ }^[[0m
build (aarch64-unknown-linux-gnu, ubuntu-24.04-arm)	Run actions-rust-lang/setup-rust-toolchain@v1	2026-09-09T07:37:26.2407039Z ^[[36;1m  fi^[[0m
build (aarch64-unknown-linux-gnu, ubuntu-24.04-arm)	Run actions-rust-lang/setup-rust-toolchain@v1	2026-09-09T07:37:26.2407219Z ^[[36;1melse^[[0m
build (aarch64-unknown-linux-gnu, ubuntu-24.04-arm)	Run actions-rust-lang/setup-rust-toolchain@v1	2026-09-09T07:37:26.2407414Z ^[[36;1m  if [[ -z "$_srt_toolchain" ]]^[[0m
build (aarch64-unknown-linux-gnu, ubuntu-24.04-arm)	Run actions-rust-lang/setup-rust-toolchain@v1	2026-09-09T07:37:26.2407666Z ^[[36;1m  then^[[0m
build (aarch64-unknown-linux-gnu, ubuntu-24.04-arm)	Run actions-rust-lang/setup-rust-toolchain@v1	2026-09-09T07:37:26.2407865Z ^[[36;1m    _srt_toolchain=stable^[[0m
build (aarch64-unknown-linux-gnu, ubuntu-24.04-arm)	Run actions-rust-lang/setup-rust-toolchain@v1	2026-09-09T07:37:26.2408095Z ^[[36;1m  fi^[[0m
build (aarch64-unknown-linux-gnu, ubuntu-24.04-arm)	Run actions-rust-lang/setup-rust-toolchain@v1	2026-09-09T07:37:26.2408436Z ^[[36;1m  rustup toolchain install ${_srt_toolchain//,/ }  --profile minimal --no-self-update^[[0m
build (aarch64-unknown-linux-gnu, ubuntu-24.04-arm)	Run actions-rust-lang/setup-rust-toolchain@v1	2026-09-09T07:37:26.2408874Z ^[[36;1m  # Take the last element from the list^[[0m
build (aarch64-unknown-linux-gnu, ubuntu-24.04-arm)	Run actions-rust-lang/setup-rust-toolchain@v1	2026-09-09T07:37:26.2409188Z ^[[36;1m  if [[ "$_srt_override" == "true" ]]^[[0m
build (aarch64-unknown-linux-gnu, ubuntu-24.04-arm)	Run actions-rust-lang/setup-rust-toolchain@v1	2026-09-09T07:37:26.2409805Z ^[[36;1m  then^[[0m
build (aarch64-unknown-linux-gnu, ubuntu-24.04-arm)	Run actions-rust-lang/setup-rust-toolchain@v1	2026-09-09T07:37:26.2410249Z ^[[36;1m    rustup override set ${_srt_toolchain//*,/ }^[[0m
build (aarch64-unknown-linux-gnu, ubuntu-24.04-arm)	Run actions-rust-lang/setup-rust-toolchain@v1	2026-09-09T07:37:26.2410553Z ^[[36;1m  fi^[[0m
build (aarch64-unknown-linux-gnu, ubuntu-24.04-arm)	Run actions-rust-lang/setup-rust-toolchain@v1	2026-09-09T07:37:26.2410726Z ^[[36;1mfi^[[0m
build (aarch64-unknown-linux-gnu, ubuntu-24.04-arm)	Run actions-rust-lang/setup-rust-toolchain@v1	2026-09-09T07:37:26.2463726Z shell: /usr/bin/bash --noprofile --norc -e -o pipefail {0}
build (aarch64-unknown-linux-gnu, ubuntu-24.04-arm)	Run actions-rust-lang/setup-rust-toolchain@v1	2026-09-09T07:37:26.2464085Z env:
build (aarch64-unknown-linux-gnu, ubuntu-24.04-arm)	Run actions-rust-lang/setup-rust-toolchain@v1	2026-09-09T07:37:26.2464269Z   CARGO_INCREMENTAL: 0
build (aarch64-unknown-linux-gnu, ubuntu-24.04-arm)	Run actions-rust-lang/setup-rust-toolchain@v1	2026-09-09T07:37:26.2464487Z   CARGO_PROFILE_DEV_DEBUG: 0
build (aarch64-unknown-linux-gnu, ubuntu-24.04-arm)	Run actions-rust-lang/setup-rust-toolchain@v1	2026-09-09T07:37:26.2464714Z   CARGO_TERM_COLOR: always
build (aarch64-unknown-linux-gnu, ubuntu-24.04-arm)	Run actions-rust-lang/setup-rust-toolchain@v1	2026-09-09T07:37:26.2464929Z   RUST_BACKTRACE: short
build (aarch64-unknown-linux-gnu, ubuntu-24.04-arm)	Run actions-rust-lang/setup-rust-toolchain@v1	2026-09-09T07:37:26.2465144Z   RUSTFLAGS: -D warnings
build (aarch64-unknown-linux-gnu, ubuntu-24.04-arm)	Run actions-rust-lang/setup-rust-toolchain@v1	2026-09-09T07:37:26.2465370Z   CARGO_UNSTABLE_SPARSE_REGISTRY: true
build (aarch64-unknown-linux-gnu, ubuntu-24.04-arm)	Run actions-rust-lang/setup-rust-toolchain@v1	2026-09-09T07:37:26.2465647Z   CARGO_REGISTRIES_CRATES_IO_PROTOCOL: sparse
build (aarch64-unknown-linux-gnu, ubuntu-24.04-arm)	Run actions-rust-lang/setup-rust-toolchain@v1	2026-09-09T07:37:26.2465917Z   _srt_toolchain: 
build (aarch64-unknown-linux-gnu, ubuntu-24.04-arm)	Run actions-rust-lang/setup-rust-toolchain@v1	2026-09-09T07:37:26.2466104Z   _srt_targets: 
build (aarch64-unknown-linux-gnu, ubuntu-24.04-arm)	Run actions-rust-lang/setup-rust-toolchain@v1	2026-09-09T07:37:26.2466289Z   _srt_components: 
build (aarch64-unknown-linux-gnu, ubuntu-24.04-arm)	Run actions-rust-lang/setup-rust-toolchain@v1	2026-09-09T07:37:26.2466488Z   _srt_override: true
build (aarch64-unknown-linux-gnu, ubuntu-24.04-arm)	Run actions-rust-lang/setup-rust-toolchain@v1	2026-09-09T07:37:26.2466683Z   _srt_rust_src_dir: 
build (aarch64-unknown-linux-gnu, ubuntu-24.04-arm)	Run actions-rust-lang/setup-rust-toolchain@v1	2026-09-09T07:37:26.2466878Z ##[endgroup]
build (aarch64-unknown-linux-gnu, ubuntu-24.04-arm)	Run actions-rust-lang/setup-rust-toolchain@v1	2026-09-09T07:37:26.3936928Z info: syncing channel updates for stable-aarch64-unknown-linux-gnu
build (aarch64-unknown-linux-gnu, ubuntu-24.04-arm)	Run actions-rust-lang/setup-rust-toolchain@v1	2026-09-09T07:37:26.5617292Z info: latest update on 2026-09-03 for version 1.98.1 (48a229cea 2026-09-01)
build (aarch64-unknown-linux-gnu, ubuntu-24.04-arm)	Run actions-rust-lang/setup-rust-toolchain@v1	2026-09-09T07:37:26.5781690Z info: removing previous version of component clippy
build (aarch64-unknown-linux-gnu, ubuntu-24.04-arm)	Run actions-rust-lang/setup-rust-toolchain@v1	2026-09-09T07:37:26.5841331Z info: removing previous version of component rustfmt
build (aarch64-unknown-linux-gnu, ubuntu-24.04-arm)	Run actions-rust-lang/setup-rust-toolchain@v1	2026-09-09T07:37:26.5848806Z info: removing previous version of component cargo
build (aarch64-unknown-linux-gnu, ubuntu-24.04-arm)	Run actions-rust-lang/setup-rust-toolchain@v1	2026-09-09T07:37:26.5916311Z info: removing previous version of component rust-std
build (aarch64-unknown-linux-gnu, ubuntu-24.04-arm)	Run actions-rust-lang/setup-rust-toolchain@v1	2026-09-09T07:37:26.5936592Z info: removing previous version of component rustc
build (aarch64-unknown-linux-gnu, ubuntu-24.04-arm)	Run actions-rust-lang/setup-rust-toolchain@v1	2026-09-09T07:37:26.6011755Z info: downloading 5 components
build (aarch64-unknown-linux-gnu, ubuntu-24.04-arm)	Run actions-rust-lang/setup-rust-toolchain@v1	2026-09-09T07:37:32.0407506Z 
build (aarch64-unknown-linux-gnu, ubuntu-24.04-arm)	Run actions-rust-lang/setup-rust-toolchain@v1	2026-09-09T07:37:32.0478942Z   stable-aarch64-unknown-linux-gnu updated - rustc 1.98.1 (48a229cea 2026-09-01) (from rustc 1.98.0 (88d9e12ae 2026-08-18))
build (aarch64-unknown-linux-gnu, ubuntu-24.04-arm)	Run actions-rust-lang/setup-rust-toolchain@v1	2026-09-09T07:37:32.0479548Z 
build (aarch64-unknown-linux-gnu, ubuntu-24.04-arm)	Run actions-rust-lang/setup-rust-toolchain@v1	2026-09-09T07:37:32.0649549Z info: override toolchain for /home/runner/work/vig/vig set to stable-aarch64-unknown-linux-gnu
build (aarch64-unknown-linux-gnu, ubuntu-24.04-arm)	Run actions-rust-lang/setup-rust-toolchain@v1	2026-09-09T07:37:32.0673968Z ##[end-action id=__actions-rust-lang_setup-rust-toolchain.__run_5;outcome=success;conclusion=success;duration_ms=5830]
build (aarch64-unknown-linux-gnu, ubuntu-24.04-arm)	Run actions-rust-lang/setup-rust-toolchain@v1	2026-09-09T07:37:32.0677772Z ##[start-action display=Print installed versions;id=__actions-rust-lang_setup-rust-toolchain.versions]
build (aarch64-unknown-linux-gnu, ubuntu-24.04-arm)	Run actions-rust-lang/setup-rust-toolchain@v1	2026-09-09T07:37:32.0703471Z ##[group]Run echo "rustc-version=$(rustc --version)" >> $GITHUB_OUTPUT
build (aarch64-unknown-linux-gnu, ubuntu-24.04-arm)	Run actions-rust-lang/setup-rust-toolchain@v1	2026-09-09T07:37:32.0703964Z ^[[36;1mecho "rustc-version=$(rustc --version)" >> $GITHUB_OUTPUT^[[0m
build (aarch64-unknown-linux-gnu, ubuntu-24.04-arm)	Run actions-rust-lang/setup-rust-toolchain@v1	2026-09-09T07:37:32.0704303Z ^[[36;1mrustc --version --verbose^[[0m
build (aarch64-unknown-linux-gnu, ubuntu-24.04-arm)	Run actions-rust-lang/setup-rust-toolchain@v1	2026-09-09T07:37:32.0704611Z ^[[36;1mecho "cargo-version=$(cargo --version)" >> $GITHUB_OUTPUT^[[0m
build (aarch64-unknown-linux-gnu, ubuntu-24.04-arm)	Run actions-rust-lang/setup-rust-toolchain@v1	2026-09-09T07:37:32.0704944Z ^[[36;1mcargo --version --verbose^[[0m
build (aarch64-unknown-linux-gnu, ubuntu-24.04-arm)	Run actions-rust-lang/setup-rust-toolchain@v1	2026-09-09T07:37:32.0705266Z ^[[36;1mecho "rustup-version=$(rustup --version)" >> $GITHUB_OUTPUT^[[0m
build (aarch64-unknown-linux-gnu, ubuntu-24.04-arm)	Run actions-rust-lang/setup-rust-toolchain@v1	2026-09-09T07:37:32.0705596Z ^[[36;1mrustup --version^[[0m
build (aarch64-unknown-linux-gnu, ubuntu-24.04-arm)	Run actions-rust-lang/setup-rust-toolchain@v1	2026-09-09T07:37:32.0705799Z ^[[36;1m^[[0m
build (aarch64-unknown-linux-gnu, ubuntu-24.04-arm)	Run actions-rust-lang/setup-rust-toolchain@v1	2026-09-09T07:37:32.0706201Z ^[[36;1m_srt_DATE=$(rustc --version --verbose | sed -ne 's/^commit-date: \(20[0-9][0-9]\)-\([01][0-9]\)-\([0-3][0-9]\)$/\1\2\3/p')^[[0m
build (aarch64-unknown-linux-gnu, ubuntu-24.04-arm)	Run actions-rust-lang/setup-rust-toolchain@v1	2026-09-09T07:37:32.0706812Z ^[[36;1m_srt_HASH=$(rustc --version --verbose | sed -ne 's/^commit-hash: //p')^[[0m
build (aarch64-unknown-linux-gnu, ubuntu-24.04-arm)	Run actions-rust-lang/setup-rust-toolchain@v1	2026-09-09T07:37:32.0707295Z ^[[36;1mecho "cachekey=$(echo $_srt_DATE$_srt_HASH | head -c12)" >> $GITHUB_OUTPUT^[[0m
build (aarch64-unknown-linux-gnu, ubuntu-24.04-arm)	Run actions-rust-lang/setup-rust-toolchain@v1	2026-09-09T07:37:32.0741553Z shell: /usr/bin/bash --noprofile --norc -e -o pipefail {0}
build (aarch64-unknown-linux-gnu, ubuntu-24.04-arm)	Run actions-rust-lang/setup-rust-toolchain@v1	2026-09-09T07:37:32.0741879Z env:
build (aarch64-unknown-linux-gnu, ubuntu-24.04-arm)	Run actions-rust-lang/setup-rust-toolchain@v1	2026-09-09T07:37:32.0742059Z   CARGO_INCREMENTAL: 0
build (aarch64-unknown-linux-gnu, ubuntu-24.04-arm)	Run actions-rust-lang/setup-rust-toolchain@v1	2026-09-09T07:37:32.0742267Z   CARGO_PROFILE_DEV_DEBUG: 0
build (aarch64-unknown-linux-gnu, ubuntu-24.04-arm)	Run actions-rust-lang/setup-rust-toolchain@v1	2026-09-09T07:37:32.0742493Z   CARGO_TERM_COLOR: always
build (aarch64-unknown-linux-gnu, ubuntu-24.04-arm)	Run actions-rust-lang/setup-rust-toolchain@v1	2026-09-09T07:37:32.0742706Z   RUST_BACKTRACE: short
build (aarch64-unknown-linux-gnu, ubuntu-24.04-arm)	Run actions-rust-lang/setup-rust-toolchain@v1	2026-09-09T07:37:32.0742906Z   RUSTFLAGS: -D warnings
build (aarch64-unknown-linux-gnu, ubuntu-24.04-arm)	Run actions-rust-lang/setup-rust-toolchain@v1	2026-09-09T07:37:32.0743125Z   CARGO_UNSTABLE_SPARSE_REGISTRY: true
build (aarch64-unknown-linux-gnu, ubuntu-24.04-arm)	Run actions-rust-lang/setup-rust-toolchain@v1	2026-09-09T07:37:32.0743397Z   CARGO_REGISTRIES_CRATES_IO_PROTOCOL: sparse
build (aarch64-unknown-linux-gnu, ubuntu-24.04-arm)	Run actions-rust-lang/setup-rust-toolchain@v1	2026-09-09T07:37:32.0743692Z ##[endgroup]
build (aarch64-unknown-linux-gnu, ubuntu-24.04-arm)	Run actions-rust-lang/setup-rust-toolchain@v1	2026-09-09T07:37:32.0998260Z rustc 1.98.1 (48a229cea 2026-09-01)
build (aarch64-unknown-linux-gnu, ubuntu-24.04-arm)	Run actions-rust-lang/setup-rust-toolchain@v1	2026-09-09T07:37:32.0998652Z binary: rustc
build (aarch64-unknown-linux-gnu, ubuntu-24.04-arm)	Run actions-rust-lang/setup-rust-toolchain@v1	2026-09-09T07:37:32.0998902Z commit-hash: 48a229ceaefd4985c50990b14116b6d856af0985
build (aarch64-unknown-linux-gnu, ubuntu-24.04-arm)	Run actions-rust-lang/setup-rust-toolchain@v1	2026-09-09T07:37:32.0999775Z commit-date: 2026-09-01
build (aarch64-unknown-linux-gnu, ubuntu-24.04-arm)	Run actions-rust-lang/setup-rust-toolchain@v1	2026-09-09T07:37:32.1000244Z host: aarch64-unknown-linux-gnu
build (aarch64-unknown-linux-gnu, ubuntu-24.04-arm)	Run actions-rust-lang/setup-rust-toolchain@v1	2026-09-09T07:37:32.1000564Z release: 1.98.1
build (aarch64-unknown-linux-gnu, ubuntu-24.04-arm)	Run actions-rust-lang/setup-rust-toolchain@v1	2026-09-09T07:37:32.1001208Z LLVM version: 22.1.8
build (aarch64-unknown-linux-gnu, ubuntu-24.04-arm)	Run actions-rust-lang/setup-rust-toolchain@v1	2026-09-09T07:37:32.1229727Z cargo 1.98.1 (797e8a9bc 2026-08-05)
build (aarch64-unknown-linux-gnu, ubuntu-24.04-arm)	Run actions-rust-lang/setup-rust-toolchain@v1	2026-09-09T07:37:32.1230306Z release: 1.98.1
build (aarch64-unknown-linux-gnu, ubuntu-24.04-arm)	Run actions-rust-lang/setup-rust-toolchain@v1	2026-09-09T07:37:32.1230568Z commit-hash: 797e8a9bca276c1c9f9f738d2a20f484fa4eea9d
build (aarch64-unknown-linux-gnu, ubuntu-24.04-arm)	Run actions-rust-lang/setup-rust-toolchain@v1	2026-09-09T07:37:32.1230915Z commit-date: 2026-08-05
build (aarch64-unknown-linux-gnu, ubuntu-24.04-arm)	Run actions-rust-lang/setup-rust-toolchain@v1	2026-09-09T07:37:32.1231141Z host: aarch64-unknown-linux-gnu
build (aarch64-unknown-linux-gnu, ubuntu-24.04-arm)	Run actions-rust-lang/setup-rust-toolchain@v1	2026-09-09T07:37:32.1231390Z libgit2: 1.9.4 (sys:0.21.0 vendored)
build (aarch64-unknown-linux-gnu, ubuntu-24.04-arm)	Run actions-rust-lang/setup-rust-toolchain@v1	2026-09-09T07:37:32.1231718Z libcurl: 8.21.0-DEV (sys:0.4.90+curl-8.21.0 vendored ssl:OpenSSL/3.6.3)
build (aarch64-unknown-linux-gnu, ubuntu-24.04-arm)	Run actions-rust-lang/setup-rust-toolchain@v1	2026-09-09T07:37:32.1232062Z ssl: OpenSSL 3.6.3 9 Jun 2026
build (aarch64-unknown-linux-gnu, ubuntu-24.04-arm)	Run actions-rust-lang/setup-rust-toolchain@v1	2026-09-09T07:37:32.1232294Z os: Ubuntu 24.4.0 (noble) [64-bit]
build (aarch64-unknown-linux-gnu, ubuntu-24.04-arm)	Run actions-rust-lang/setup-rust-toolchain@v1	2026-09-09T07:37:32.1265611Z info: This is the version for the rustup toolchain manager, not the rustc compiler.
build (aarch64-unknown-linux-gnu, ubuntu-24.04-arm)	Run actions-rust-lang/setup-rust-toolchain@v1	2026-09-09T07:37:32.1334566Z info: the currently active `rustc` version is `rustc 1.98.1 (48a229cea 2026-09-01)`
build (aarch64-unknown-linux-gnu, ubuntu-24.04-arm)	Run actions-rust-lang/setup-rust-toolchain@v1	2026-09-09T07:37:32.1373559Z rustup 1.29.0 (28d1352db 2026-03-05)
build (aarch64-unknown-linux-gnu, ubuntu-24.04-arm)	Run actions-rust-lang/setup-rust-toolchain@v1	2026-09-09T07:37:32.1380753Z info: This is the version for the rustup toolchain manager, not the rustc compiler.
build (aarch64-unknown-linux-gnu, ubuntu-24.04-arm)	Run actions-rust-lang/setup-rust-toolchain@v1	2026-09-09T07:37:32.1440744Z info: the currently active `rustc` version is `rustc 1.98.1 (48a229cea 2026-09-01)`
build (aarch64-unknown-linux-gnu, ubuntu-24.04-arm)	Run actions-rust-lang/setup-rust-toolchain@v1	2026-09-09T07:37:32.1677571Z ##[end-action id=__actions-rust-lang_setup-rust-toolchain.versions;outcome=success;conclusion=success;duration_ms=99]
build (aarch64-unknown-linux-gnu, ubuntu-24.04-arm)	Run actions-rust-lang/setup-rust-toolchain@v1	2026-09-09T07:37:32.1680684Z ##[start-action display=Downgrade registry access protocol when needed;id=__actions-rust-lang_setup-rust-toolchain.__run_6]
build (aarch64-unknown-linux-gnu, ubuntu-24.04-arm)	Run actions-rust-lang/setup-rust-toolchain@v1	2026-09-09T07:37:32.1702480Z ##[group]Run # Not all versions support setting CARGO_REGISTRIES_CRATES_IO_PROTOCOL
build (aarch64-unknown-linux-gnu, ubuntu-24.04-arm)	Run actions-rust-lang/setup-rust-toolchain@v1	2026-09-09T07:37:32.1703028Z ^[[36;1m# Not all versions support setting CARGO_REGISTRIES_CRATES_IO_PROTOCOL^[[0m
build (aarch64-unknown-linux-gnu, ubuntu-24.04-arm)	Run actions-rust-lang/setup-rust-toolchain@v1	2026-09-09T07:37:32.1703520Z ^[[36;1m# On versions 1.66, 1.67, and 1.68.0-nightly the value "sparse" is still unstable.^[[0m
build (aarch64-unknown-linux-gnu, ubuntu-24.04-arm)	Run actions-rust-lang/setup-rust-toolchain@v1	2026-09-09T07:37:32.1704042Z ^[[36;1m# https://github.com/dtolnay/rust-toolchain/pull/69#discussion_r1107268108^[[0m
build (aarch64-unknown-linux-gnu, ubuntu-24.04-arm)	Run actions-rust-lang/setup-rust-toolchain@v1	2026-09-09T07:37:32.1704578Z ^[[36;1m# If we detect an incompatible value, set it to "git" which is always supported.^[[0m
build (aarch64-unknown-linux-gnu, ubuntu-24.04-arm)	Run actions-rust-lang/setup-rust-toolchain@v1	2026-09-09T07:37:32.1705523Z ^[[36;1mif [[ "rustc 1.98.1 (48a229cea 2026-09-01)" =~ ^rustc\ (1\.6[67]\.|1\.68\.0-nightly) && "${CARGO_REGISTRIES_CRATES_IO_PROTOCOL}" == "sparse" ]]; then^[[0m
build (aarch64-unknown-linux-gnu, ubuntu-24.04-arm)	Run actions-rust-lang/setup-rust-toolchain@v1	2026-09-09T07:37:32.1706123Z ^[[36;1m  echo "Downgrade cargo registry protocol to git"^[[0m
build (aarch64-unknown-linux-gnu, ubuntu-24.04-arm)	Run actions-rust-lang/setup-rust-toolchain@v1	2026-09-09T07:37:32.1706512Z ^[[36;1m  echo "CARGO_REGISTRIES_CRATES_IO_PROTOCOL=git" >> $GITHUB_ENV^[[0m
build (aarch64-unknown-linux-gnu, ubuntu-24.04-arm)	Run actions-rust-lang/setup-rust-toolchain@v1	2026-09-09T07:37:32.1706837Z ^[[36;1mfi^[[0m
build (aarch64-unknown-linux-gnu, ubuntu-24.04-arm)	Run actions-rust-lang/setup-rust-toolchain@v1	2026-09-09T07:37:32.1740298Z shell: /usr/bin/bash --noprofile --norc -e -o pipefail {0}
build (aarch64-unknown-linux-gnu, ubuntu-24.04-arm)	Run actions-rust-lang/setup-rust-toolchain@v1	2026-09-09T07:37:32.1740625Z env:
build (aarch64-unknown-linux-gnu, ubuntu-24.04-arm)	Run actions-rust-lang/setup-rust-toolchain@v1	2026-09-09T07:37:32.1740803Z   CARGO_INCREMENTAL: 0
build (aarch64-unknown-linux-gnu, ubuntu-24.04-arm)	Run actions-rust-lang/setup-rust-toolchain@v1	2026-09-09T07:37:32.1741015Z   CARGO_PROFILE_DEV_DEBUG: 0
build (aarch64-unknown-linux-gnu, ubuntu-24.04-arm)	Run actions-rust-lang/setup-rust-toolchain@v1	2026-09-09T07:37:32.1741235Z   CARGO_TERM_COLOR: always
build (aarch64-unknown-linux-gnu, ubuntu-24.04-arm)	Run actions-rust-lang/setup-rust-toolchain@v1	2026-09-09T07:37:32.1741449Z   RUST_BACKTRACE: short
build (aarch64-unknown-linux-gnu, ubuntu-24.04-arm)	Run actions-rust-lang/setup-rust-toolchain@v1	2026-09-09T07:37:32.1741652Z   RUSTFLAGS: -D warnings
build (aarch64-unknown-linux-gnu, ubuntu-24.04-arm)	Run actions-rust-lang/setup-rust-toolchain@v1	2026-09-09T07:37:32.1741876Z   CARGO_UNSTABLE_SPARSE_REGISTRY: true
build (aarch64-unknown-linux-gnu, ubuntu-24.04-arm)	Run actions-rust-lang/setup-rust-toolchain@v1	2026-09-09T07:37:32.1742163Z   CARGO_REGISTRIES_CRATES_IO_PROTOCOL: sparse
build (aarch64-unknown-linux-gnu, ubuntu-24.04-arm)	Run actions-rust-lang/setup-rust-toolchain@v1	2026-09-09T07:37:32.1742437Z ##[endgroup]
build (aarch64-unknown-linux-gnu, ubuntu-24.04-arm)	Run actions-rust-lang/setup-rust-toolchain@v1	2026-09-09T07:37:32.1801470Z ##[end-action id=__actions-rust-lang_setup-rust-toolchain.__run_6;outcome=success;conclusion=success;duration_ms=11]
build (aarch64-unknown-linux-gnu, ubuntu-24.04-arm)	Run actions-rust-lang/setup-rust-toolchain@v1	2026-09-09T07:37:32.1803764Z ##[start-action display=Setup Rust Caching;id=__actions-rust-lang_setup-rust-toolchain.__Swatinem_rust-cache]
build (aarch64-unknown-linux-gnu, ubuntu-24.04-arm)	Run actions-rust-lang/setup-rust-toolchain@v1	2026-09-09T07:37:32.1854446Z ##[group]Run Swatinem/rust-cache@c19371144df3bb44fab255c43d04cbc2ab54d1c4
build (aarch64-unknown-linux-gnu, ubuntu-24.04-arm)	Run actions-rust-lang/setup-rust-toolchain@v1	2026-09-09T07:37:32.1854824Z with:
build (aarch64-unknown-linux-gnu, ubuntu-24.04-arm)	Run actions-rust-lang/setup-rust-toolchain@v1	2026-09-09T07:37:32.1855011Z   cache-on-failure: true
build (aarch64-unknown-linux-gnu, ubuntu-24.04-arm)	Run actions-rust-lang/setup-rust-toolchain@v1	2026-09-09T07:37:32.1855219Z   cache-bin: true
build (aarch64-unknown-linux-gnu, ubuntu-24.04-arm)	Run actions-rust-lang/setup-rust-toolchain@v1	2026-09-09T07:37:32.1855406Z   cache-provider: github
build (aarch64-unknown-linux-gnu, ubuntu-24.04-arm)	Run actions-rust-lang/setup-rust-toolchain@v1	2026-09-09T07:37:32.1855617Z   cache-all-crates: false
build (aarch64-unknown-linux-gnu, ubuntu-24.04-arm)	Run actions-rust-lang/setup-rust-toolchain@v1	2026-09-09T07:37:32.1855840Z   cache-workspace-crates: false
build (aarch64-unknown-linux-gnu, ubuntu-24.04-arm)	Run actions-rust-lang/setup-rust-toolchain@v1	2026-09-09T07:37:32.1856064Z   cache-targets: true
build (aarch64-unknown-linux-gnu, ubuntu-24.04-arm)	Run actions-rust-lang/setup-rust-toolchain@v1	2026-09-09T07:37:32.1856273Z   save-if: true
build (aarch64-unknown-linux-gnu, ubuntu-24.04-arm)	Run actions-rust-lang/setup-rust-toolchain@v1	2026-09-09T07:37:32.1856458Z   prefix-key: v0-rust
build (aarch64-unknown-linux-gnu, ubuntu-24.04-arm)	Run actions-rust-lang/setup-rust-toolchain@v1	2026-09-09T07:37:32.1856663Z   add-job-id-key: true
build (aarch64-unknown-linux-gnu, ubuntu-24.04-arm)	Run actions-rust-lang/setup-rust-toolchain@v1	2026-09-09T07:37:32.1857225Z   add-rust-environment-hash-key: true
build (aarch64-unknown-linux-gnu, ubuntu-24.04-arm)	Run actions-rust-lang/setup-rust-toolchain@v1	2026-09-09T07:37:32.1857489Z   lookup-only: false
build (aarch64-unknown-linux-gnu, ubuntu-24.04-arm)	Run actions-rust-lang/setup-rust-toolchain@v1	2026-09-09T07:37:32.1857679Z   cmd-format: {0}
build (aarch64-unknown-linux-gnu, ubuntu-24.04-arm)	Run actions-rust-lang/setup-rust-toolchain@v1	2026-09-09T07:37:32.1857859Z env:
build (aarch64-unknown-linux-gnu, ubuntu-24.04-arm)	Run actions-rust-lang/setup-rust-toolchain@v1	2026-09-09T07:37:32.1858021Z   CARGO_INCREMENTAL: 0
build (aarch64-unknown-linux-gnu, ubuntu-24.04-arm)	Run actions-rust-lang/setup-rust-toolchain@v1	2026-09-09T07:37:32.1858221Z   CARGO_PROFILE_DEV_DEBUG: 0
build (aarch64-unknown-linux-gnu, ubuntu-24.04-arm)	Run actions-rust-lang/setup-rust-toolchain@v1	2026-09-09T07:37:32.1858439Z   CARGO_TERM_COLOR: always
build (aarch64-unknown-linux-gnu, ubuntu-24.04-arm)	Run actions-rust-lang/setup-rust-toolchain@v1	2026-09-09T07:37:32.1858646Z   RUST_BACKTRACE: short
build (aarch64-unknown-linux-gnu, ubuntu-24.04-arm)	Run actions-rust-lang/setup-rust-toolchain@v1	2026-09-09T07:37:32.1858848Z   RUSTFLAGS: -D warnings
build (aarch64-unknown-linux-gnu, ubuntu-24.04-arm)	Run actions-rust-lang/setup-rust-toolchain@v1	2026-09-09T07:37:32.1859111Z   CARGO_UNSTABLE_SPARSE_REGISTRY: true
build (aarch64-unknown-linux-gnu, ubuntu-24.04-arm)	Run actions-rust-lang/setup-rust-toolchain@v1	2026-09-09T07:37:32.1859455Z   CARGO_REGISTRIES_CRATES_IO_PROTOCOL: sparse
build (aarch64-unknown-linux-gnu, ubuntu-24.04-arm)	Run actions-rust-lang/setup-rust-toolchain@v1	2026-09-09T07:37:32.1859763Z ##[endgroup]
build (aarch64-unknown-linux-gnu, ubuntu-24.04-arm)	Run actions-rust-lang/setup-rust-toolchain@v1	2026-09-09T07:37:32.4276713Z (node:2379) [DEP0040] DeprecationWarning: The `punycode` module is deprecated. Please use a userland alternative instead.
build (aarch64-unknown-linux-gnu, ubuntu-24.04-arm)	Run actions-rust-lang/setup-rust-toolchain@v1	2026-09-09T07:37:32.4277487Z (Use `node --trace-deprecation ...` to show where the warning was created)
build (aarch64-unknown-linux-gnu, ubuntu-24.04-arm)	Run actions-rust-lang/setup-rust-toolchain@v1	2026-09-09T07:37:32.5556189Z ##[group]Cache Configuration
build (aarch64-unknown-linux-gnu, ubuntu-24.04-arm)	Run actions-rust-lang/setup-rust-toolchain@v1	2026-09-09T07:37:32.5556964Z Cache Provider:
build (aarch64-unknown-linux-gnu, ubuntu-24.04-arm)	Run actions-rust-lang/setup-rust-toolchain@v1	2026-09-09T07:37:32.5557429Z     github
build (aarch64-unknown-linux-gnu, ubuntu-24.04-arm)	Run actions-rust-lang/setup-rust-toolchain@v1	2026-09-09T07:37:32.5557937Z Workspaces:
build (aarch64-unknown-linux-gnu, ubuntu-24.04-arm)	Run actions-rust-lang/setup-rust-toolchain@v1	2026-09-09T07:37:32.5558320Z     /home/runner/work/vig/vig
build (aarch64-unknown-linux-gnu, ubuntu-24.04-arm)	Run actions-rust-lang/setup-rust-toolchain@v1	2026-09-09T07:37:32.5558700Z Cache Paths:
build (aarch64-unknown-linux-gnu, ubuntu-24.04-arm)	Run actions-rust-lang/setup-rust-toolchain@v1	2026-09-09T07:37:32.5559047Z     /home/runner/.cargo/bin
build (aarch64-unknown-linux-gnu, ubuntu-24.04-arm)	Run actions-rust-lang/setup-rust-toolchain@v1	2026-09-09T07:37:32.5559413Z     /home/runner/.cargo/.crates.toml
build (aarch64-unknown-linux-gnu, ubuntu-24.04-arm)	Run actions-rust-lang/setup-rust-toolchain@v1	2026-09-09T07:37:32.5559816Z     /home/runner/.cargo/.crates2.json
build (aarch64-unknown-linux-gnu, ubuntu-24.04-arm)	Run actions-rust-lang/setup-rust-toolchain@v1	2026-09-09T07:37:32.5560403Z     /home/runner/.cargo/registry
build (aarch64-unknown-linux-gnu, ubuntu-24.04-arm)	Run actions-rust-lang/setup-rust-toolchain@v1	2026-09-09T07:37:32.5560787Z     /home/runner/.cargo/git
build (aarch64-unknown-linux-gnu, ubuntu-24.04-arm)	Run actions-rust-lang/setup-rust-toolchain@v1	2026-09-09T07:37:32.5561164Z     /home/runner/work/vig/vig/target
build (aarch64-unknown-linux-gnu, ubuntu-24.04-arm)	Run actions-rust-lang/setup-rust-toolchain@v1	2026-09-09T07:37:32.5561548Z Restore Key:
build (aarch64-unknown-linux-gnu, ubuntu-24.04-arm)	Run actions-rust-lang/setup-rust-toolchain@v1	2026-09-09T07:37:32.5561879Z     v0-rust-build-Linux-arm64-dc0089af
build (aarch64-unknown-linux-gnu, ubuntu-24.04-arm)	Run actions-rust-lang/setup-rust-toolchain@v1	2026-09-09T07:37:32.5562303Z Cache Key:
build (aarch64-unknown-linux-gnu, ubuntu-24.04-arm)	Run actions-rust-lang/setup-rust-toolchain@v1	2026-09-09T07:37:32.5562680Z     v0-rust-build-Linux-arm64-dc0089af-eb78a9df
build (aarch64-unknown-linux-gnu, ubuntu-24.04-arm)	Run actions-rust-lang/setup-rust-toolchain@v1	2026-09-09T07:37:32.5563085Z .. Prefix:
build (aarch64-unknown-linux-gnu, ubuntu-24.04-arm)	Run actions-rust-lang/setup-rust-toolchain@v1	2026-09-09T07:37:32.5563408Z   - v0-rust-build-Linux-arm64
build (aarch64-unknown-linux-gnu, ubuntu-24.04-arm)	Run actions-rust-lang/setup-rust-toolchain@v1	2026-09-09T07:37:32.5563786Z .. Environment considered:
build (aarch64-unknown-linux-gnu, ubuntu-24.04-arm)	Run actions-rust-lang/setup-rust-toolchain@v1	2026-09-09T07:37:32.5564148Z   - Rust Versions:
build (aarch64-unknown-linux-gnu, ubuntu-24.04-arm)	Run actions-rust-lang/setup-rust-toolchain@v1	2026-09-09T07:37:32.5564595Z     - 1.98.1 aarch64-unknown-linux-gnu 48a229ceaefd4985c50990b14116b6d856af0985
build (aarch64-unknown-linux-gnu, ubuntu-24.04-arm)	Run actions-rust-lang/setup-rust-toolchain@v1	2026-09-09T07:37:32.5565812Z     - 1.98.1 aarch64-unknown-linux-gnu 48a229ceaefd4985c50990b14116b6d856af0985
build (aarch64-unknown-linux-gnu, ubuntu-24.04-arm)	Run actions-rust-lang/setup-rust-toolchain@v1	2026-09-09T07:37:32.5567755Z   - CARGO_INCREMENTAL
build (aarch64-unknown-linux-gnu, ubuntu-24.04-arm)	Run actions-rust-lang/setup-rust-toolchain@v1	2026-09-09T07:37:32.5568195Z   - CARGO_PROFILE_DEV_DEBUG
build (aarch64-unknown-linux-gnu, ubuntu-24.04-arm)	Run actions-rust-lang/setup-rust-toolchain@v1	2026-09-09T07:37:32.5568652Z   - CARGO_REGISTRIES_CRATES_IO_PROTOCOL
build (aarch64-unknown-linux-gnu, ubuntu-24.04-arm)	Run actions-rust-lang/setup-rust-toolchain@v1	2026-09-09T07:37:32.5569071Z   - CARGO_TERM_COLOR
build (aarch64-unknown-linux-gnu, ubuntu-24.04-arm)	Run actions-rust-lang/setup-rust-toolchain@v1	2026-09-09T07:37:32.5569444Z   - CARGO_UNSTABLE_SPARSE_REGISTRY
build (aarch64-unknown-linux-gnu, ubuntu-24.04-arm)	Run actions-rust-lang/setup-rust-toolchain@v1	2026-09-09T07:37:32.5569829Z   - RUST_BACKTRACE
build (aarch64-unknown-linux-gnu, ubuntu-24.04-arm)	Run actions-rust-lang/setup-rust-toolchain@v1	2026-09-09T07:37:32.5570475Z   - RUSTFLAGS
build (aarch64-unknown-linux-gnu, ubuntu-24.04-arm)	Run actions-rust-lang/setup-rust-toolchain@v1	2026-09-09T07:37:32.5570827Z .. Lockfiles considered:
build (aarch64-unknown-linux-gnu, ubuntu-24.04-arm)	Run actions-rust-lang/setup-rust-toolchain@v1	2026-09-09T07:37:32.5571393Z   - /home/runner/work/vig/vig/Cargo.lock
build (aarch64-unknown-linux-gnu, ubuntu-24.04-arm)	Run actions-rust-lang/setup-rust-toolchain@v1	2026-09-09T07:37:32.5571819Z   - /home/runner/work/vig/vig/Cargo.toml
build (aarch64-unknown-linux-gnu, ubuntu-24.04-arm)	Run actions-rust-lang/setup-rust-toolchain@v1	2026-09-09T07:37:32.5572434Z ##[endgroup]
build (aarch64-unknown-linux-gnu, ubuntu-24.04-arm)	Run actions-rust-lang/setup-rust-toolchain@v1	2026-09-09T07:37:32.5572719Z 
build (aarch64-unknown-linux-gnu, ubuntu-24.04-arm)	Run actions-rust-lang/setup-rust-toolchain@v1	2026-09-09T07:37:32.5572983Z ... Restoring cache ...
build (aarch64-unknown-linux-gnu, ubuntu-24.04-arm)	Run actions-rust-lang/setup-rust-toolchain@v1	2026-09-09T07:37:32.7617162Z No cache found.
build (aarch64-unknown-linux-gnu, ubuntu-24.04-arm)	Run actions-rust-lang/setup-rust-toolchain@v1	2026-09-09T07:37:32.7710112Z ##[end-action id=__actions-rust-lang_setup-rust-toolchain.__Swatinem_rust-cache;outcome=success;conclusion=success;duration_ms=590]
build (aarch64-unknown-linux-gnu, ubuntu-24.04-arm)	Build	﻿2026-09-09T07:37:32.7766484Z ##[group]Run cargo build --locked --release --features vendored
build (aarch64-unknown-linux-gnu, ubuntu-24.04-arm)	Build	2026-09-09T07:37:32.7766987Z ^[[36;1mcargo build --locked --release --features vendored^[[0m
build (aarch64-unknown-linux-gnu, ubuntu-24.04-arm)	Build	2026-09-09T07:37:32.7801263Z shell: /usr/bin/bash -e {0}
build (aarch64-unknown-linux-gnu, ubuntu-24.04-arm)	Build	2026-09-09T07:37:32.7801510Z env:
build (aarch64-unknown-linux-gnu, ubuntu-24.04-arm)	Build	2026-09-09T07:37:32.7801683Z   CARGO_INCREMENTAL: 0
build (aarch64-unknown-linux-gnu, ubuntu-24.04-arm)	Build	2026-09-09T07:37:32.7801888Z   CARGO_PROFILE_DEV_DEBUG: 0
build (aarch64-unknown-linux-gnu, ubuntu-24.04-arm)	Build	2026-09-09T07:37:32.7802105Z   CARGO_TERM_COLOR: always
build (aarch64-unknown-linux-gnu, ubuntu-24.04-arm)	Build	2026-09-09T07:37:32.7802312Z   RUST_BACKTRACE: short
build (aarch64-unknown-linux-gnu, ubuntu-24.04-arm)	Build	2026-09-09T07:37:32.7802512Z   RUSTFLAGS: -D warnings
build (aarch64-unknown-linux-gnu, ubuntu-24.04-arm)	Build	2026-09-09T07:37:32.7802733Z   CARGO_UNSTABLE_SPARSE_REGISTRY: true
build (aarch64-unknown-linux-gnu, ubuntu-24.04-arm)	Build	2026-09-09T07:37:32.7802998Z   CARGO_REGISTRIES_CRATES_IO_PROTOCOL: sparse
build (aarch64-unknown-linux-gnu, ubuntu-24.04-arm)	Build	2026-09-09T07:37:32.7803261Z   CACHE_ON_FAILURE: true
build (aarch64-unknown-linux-gnu, ubuntu-24.04-arm)	Build	2026-09-09T07:37:32.7803457Z ##[endgroup]
build (aarch64-unknown-linux-gnu, ubuntu-24.04-arm)	Build	2026-09-09T07:37:32.8170251Z ^[[1m^[[92m    Updating^[[0m crates.io index
build (aarch64-unknown-linux-gnu, ubuntu-24.04-arm)	Build	2026-09-09T07:37:33.5375767Z ^[[1m^[[92m Downloading^[[0m crates ...
build (aarch64-unknown-linux-gnu, ubuntu-24.04-arm)	Build	2026-09-09T07:37:33.5848490Z ^[[1m^[[92m  Downloaded^[[0m futures-core v0.3.31
build (aarch64-unknown-linux-gnu, ubuntu-24.04-arm)	Build	2026-09-09T07:37:33.5859230Z ^[[1m^[[92m  Downloaded^[[0m futures-io v0.3.31
build (aarch64-unknown-linux-gnu, ubuntu-24.04-arm)	Build	2026-09-09T07:37:33.5864455Z ^[[1m^[[92m  Downloaded^[[0m adler2 v2.0.1
build (aarch64-unknown-linux-gnu, ubuntu-24.04-arm)	Build	2026-09-09T07:37:33.5893241Z ^[[1m^[[92m  Downloaded^[[0m futures-sink v0.3.31
build (aarch64-unknown-linux-gnu, ubuntu-24.04-arm)	Build	2026-09-09T07:37:33.5952206Z ^[[1m^[[92m  Downloaded^[[0m futures-channel v0.3.31
build (aarch64-unknown-linux-gnu, ubuntu-24.04-arm)	Build	2026-09-09T07:37:33.6111922Z ^[[1m^[[92m  Downloaded^[[0m h2 v0.4.13
build (aarch64-unknown-linux-gnu, ubuntu-24.04-arm)	Build	2026-09-09T07:37:33.6149381Z ^[[1m^[[92m  Downloaded^[[0m num_threads v0.1.7
build (aarch64-unknown-linux-gnu, ubuntu-24.04-arm)	Build	2026-09-09T07:37:33.6194299Z ^[[1m^[[92m  Downloaded^[[0m heck v0.5.0
build (aarch64-unknown-linux-gnu, ubuntu-24.04-arm)	Build	2026-09-09T07:37:33.6206994Z ^[[1m^[[92m  Downloaded^[[0m num-derive v0.4.2
build (aarch64-unknown-linux-gnu, ubuntu-24.04-arm)	Build	2026-09-09T07:37:33.6235506Z ^[[1m^[[92m  Downloaded^[[0m hex v0.4.3
build (aarch64-unknown-linux-gnu, ubuntu-24.04-arm)	Build	2026-09-09T07:37:33.6245316Z ^[[1m^[[92m  Downloaded^[[0m notify-types v1.0.1
build (aarch64-unknown-linux-gnu, ubuntu-24.04-arm)	Build	2026-09-09T07:37:33.6261781Z ^[[1m^[[92m  Downloaded^[[0m number_prefix v0.4.0
build (aarch64-unknown-linux-gnu, ubuntu-24.04-arm)	Build	2026-09-09T07:37:33.6267144Z ^[[1m^[[92m  Downloaded^[[0m futures-task v0.3.31
build (aarch64-unknown-linux-gnu, ubuntu-24.04-arm)	Build	2026-09-09T07:37:33.6273794Z ^[[1m^[[92m  Downloaded^[[0m palette_math v0.7.7
build (aarch64-unknown-linux-gnu, ubuntu-24.04-arm)	Build	2026-09-09T07:37:33.6281327Z ^[[1m^[[92m  Downloaded^[[0m option-ext v0.2.0
build (aarch64-unknown-linux-gnu, ubuntu-24.04-arm)	Build	2026-09-09T07:37:33.6292159Z ^[[1m^[[92m  Downloaded^[[0m notify-debouncer-mini v0.5.0
build (aarch64-unknown-linux-gnu, ubuntu-24.04-arm)	Build	2026-09-09T07:37:33.6301038Z ^[[1m^[[92m  Downloaded^[[0m openssl-probe v0.1.6
build (aarch64-unknown-linux-gnu, ubuntu-24.04-arm)	Build	2026-09-09T07:37:33.6303057Z ^[[1m^[[92m  Downloaded^[[0m version_check v0.9.5
build (aarch64-unknown-linux-gnu, ubuntu-24.04-arm)	Build	2026-09-09T07:37:33.6320832Z ^[[1m^[[92m  Downloaded^[[0m vtparse v0.6.2
build (aarch64-unknown-linux-gnu, ubuntu-24.04-arm)	Build	2026-09-09T07:37:33.6326149Z ^[[1m^[[92m  Downloaded^[[0m http-body v1.0.1
build (aarch64-unknown-linux-gnu, ubuntu-24.04-arm)	Build	2026-09-09T07:37:33.6340765Z ^[[1m^[[92m  Downloaded^[[0m instant v0.1.13
build (aarch64-unknown-linux-gnu, ubuntu-24.04-arm)	Build	2026-09-09T07:37:33.6341297Z ^[[1m^[[92m  Downloaded^[[0m urlencoding v2.1.3
build (aarch64-unknown-linux-gnu, ubuntu-24.04-arm)	Build	2026-09-09T07:37:33.6341780Z ^[[1m^[[92m  Downloaded^[[0m utf8_iter v1.0.4
build (aarch64-unknown-linux-gnu, ubuntu-24.04-arm)	Build	2026-09-09T07:37:33.6342264Z ^[[1m^[[92m  Downloaded^[[0m utf8parse v0.2.2
build (aarch64-unknown-linux-gnu, ubuntu-24.04-arm)	Build	2026-09-09T07:37:33.6345075Z ^[[1m^[[92m  Downloaded^[[0m is_terminal_polyfill v1.70.2
build (aarch64-unknown-linux-gnu, ubuntu-24.04-arm)	Build	2026-09-09T07:37:33.6351954Z ^[[1m^[[92m  Downloaded^[[0m memoffset v0.9.1
build (aarch64-unknown-linux-gnu, ubuntu-24.04-arm)	Build	2026-09-09T07:37:33.6361173Z ^[[1m^[[92m  Downloaded^[[0m num-conv v0.2.0
build (aarch64-unknown-linux-gnu, ubuntu-24.04-arm)	Build	2026-09-09T07:37:33.6363439Z ^[[1m^[[92m  Downloaded^[[0m gethostname v1.1.0
build (aarch64-unknown-linux-gnu, ubuntu-24.04-arm)	Build	2026-09-09T07:37:33.6369519Z ^[[1m^[[92m  Downloaded^[[0m lazy_static v1.5.0
build (aarch64-unknown-linux-gnu, ubuntu-24.04-arm)	Build	2026-09-09T07:37:33.6378870Z ^[[1m^[[92m  Downloaded^[[0m lru-slab v0.1.2
build (aarch64-unknown-linux-gnu, ubuntu-24.04-arm)	Build	2026-09-09T07:37:33.6384870Z ^[[1m^[[92m  Downloaded^[[0m want v0.3.1
build (aarch64-unknown-linux-gnu, ubuntu-24.04-arm)	Build	2026-09-09T07:37:33.6390600Z ^[[1m^[[92m  Downloaded^[[0m cfg_aliases v0.2.1
build (aarch64-unknown-linux-gnu, ubuntu-24.04-arm)	Build	2026-09-09T07:37:33.6420892Z ^[[1m^[[92m  Downloaded^[[0m linked-hash-map v0.5.6
build (aarch64-unknown-linux-gnu, ubuntu-24.04-arm)	Build	2026-09-09T07:37:33.6434504Z ^[[1m^[[92m  Downloaded^[[0m memmem v0.1.1
build (aarch64-unknown-linux-gnu, ubuntu-24.04-arm)	Build	2026-09-09T07:37:33.6434914Z ^[[1m^[[92m  Downloaded^[[0m inotify-sys v0.1.5
build (aarch64-unknown-linux-gnu, ubuntu-24.04-arm)	Build	2026-09-09T07:37:33.6435233Z ^[[1m^[[92m  Downloaded^[[0m outref v0.5.2
build (aarch64-unknown-linux-gnu, ubuntu-24.04-arm)	Build	2026-09-09T07:37:33.6435540Z ^[[1m^[[92m  Downloaded^[[0m lab v0.11.0
build (aarch64-unknown-linux-gnu, ubuntu-24.04-arm)	Build	2026-09-09T07:37:33.6436140Z ^[[1m^[[92m  Downloaded^[[0m generic-array v0.14.7
build (aarch64-unknown-linux-gnu, ubuntu-24.04-arm)	Build	2026-09-09T07:37:33.6436638Z ^[[1m^[[92m  Downloaded^[[0m ident_case v1.0.1
build (aarch64-unknown-linux-gnu, ubuntu-24.04-arm)	Build	2026-09-09T07:37:33.6441294Z ^[[1m^[[92m  Downloaded^[[0m untrusted v0.9.0
build (aarch64-unknown-linux-gnu, ubuntu-24.04-arm)	Build	2026-09-09T07:37:33.6457079Z ^[[1m^[[92m  Downloaded^[[0m itoa v1.0.17
build (aarch64-unknown-linux-gnu, ubuntu-24.04-arm)	Build	2026-09-09T07:37:33.6465496Z ^[[1m^[[92m  Downloaded^[[0m tokio-rustls v0.26.4
build (aarch64-unknown-linux-gnu, ubuntu-24.04-arm)	Build	2026-09-09T07:37:33.6477746Z ^[[1m^[[92m  Downloaded^[[0m anstyle-query v1.1.5
build (aarch64-unknown-linux-gnu, ubuntu-24.04-arm)	Build	2026-09-09T07:37:33.6485168Z ^[[1m^[[92m  Downloaded^[[0m block-buffer v0.10.4
build (aarch64-unknown-linux-gnu, ubuntu-24.04-arm)	Build	2026-09-09T07:37:33.6500873Z ^[[1m^[[92m  Downloaded^[[0m unicase v2.9.0
build (aarch64-unknown-linux-gnu, ubuntu-24.04-arm)	Build	2026-09-09T07:37:33.6513018Z ^[[1m^[[92m  Downloaded^[[0m unicode-truncate v2.0.1
build (aarch64-unknown-linux-gnu, ubuntu-24.04-arm)	Build	2026-09-09T07:37:33.6514598Z ^[[1m^[[92m  Downloaded^[[0m yoke-derive v0.8.1
build (aarch64-unknown-linux-gnu, ubuntu-24.04-arm)	Build	2026-09-09T07:37:33.6514936Z ^[[1m^[[92m  Downloaded^[[0m http-body-util v0.1.3
build (aarch64-unknown-linux-gnu, ubuntu-24.04-arm)	Build	2026-09-09T07:37:33.6525156Z ^[[1m^[[92m  Downloaded^[[0m idna_adapter v1.2.1
build (aarch64-unknown-linux-gnu, ubuntu-24.04-arm)	Build	2026-09-09T07:37:33.6530213Z ^[[1m^[[92m  Downloaded^[[0m instability v0.3.11
build (aarch64-unknown-linux-gnu, ubuntu-24.04-arm)	Build	2026-09-09T07:37:33.6538536Z ^[[1m^[[92m  Downloaded^[[0m ipnet v2.11.0
build (aarch64-unknown-linux-gnu, ubuntu-24.04-arm)	Build	2026-09-09T07:37:33.6548107Z ^[[1m^[[92m  Downloaded^[[0m line-clipping v0.3.5
build (aarch64-unknown-linux-gnu, ubuntu-24.04-arm)	Build	2026-09-09T07:37:33.6556290Z ^[[1m^[[92m  Downloaded^[[0m mac_address v1.1.8
build (aarch64-unknown-linux-gnu, ubuntu-24.04-arm)	Build	2026-09-09T07:37:33.6568505Z ^[[1m^[[92m  Downloaded^[[0m ordered-float v4.6.0
build (aarch64-unknown-linux-gnu, ubuntu-24.04-arm)	Build	2026-09-09T07:37:33.6578048Z ^[[1m^[[92m  Downloaded^[[0m palette_derive v0.7.7
build (aarch64-unknown-linux-gnu, ubuntu-24.04-arm)	Build	2026-09-09T07:37:33.6588558Z ^[[1m^[[92m  Downloaded^[[0m lru v0.16.3
build (aarch64-unknown-linux-gnu, ubuntu-24.04-arm)	Build	2026-09-09T07:37:33.6595323Z ^[[1m^[[92m  Downloaded^[[0m notify v7.0.0
build (aarch64-unknown-linux-gnu, ubuntu-24.04-arm)	Build	2026-09-09T07:37:33.6606471Z ^[[1m^[[92m  Downloaded^[[0m atomic-waker v1.1.2
build (aarch64-unknown-linux-gnu, ubuntu-24.04-arm)	Build	2026-09-09T07:37:33.6613614Z ^[[1m^[[92m  Downloaded^[[0m tower-layer v0.3.3
build (aarch64-unknown-linux-gnu, ubuntu-24.04-arm)	Build	2026-09-09T07:37:33.6618702Z ^[[1m^[[92m  Downloaded^[[0m base64-simd v0.8.0
build (aarch64-unknown-linux-gnu, ubuntu-24.04-arm)	Build	2026-09-09T07:37:33.6626641Z ^[[1m^[[92m  Downloaded^[[0m clap_lex v1.0.0
build (aarch64-unknown-linux-gnu, ubuntu-24.04-arm)	Build	2026-09-09T07:37:33.6634983Z ^[[1m^[[92m  Downloaded^[[0m lock_api v0.4.14
build (aarch64-unknown-linux-gnu, ubuntu-24.04-arm)	Build	2026-09-09T07:37:33.6643443Z ^[[1m^[[92m  Downloaded^[[0m jobserver v0.1.34
build (aarch64-unknown-linux-gnu, ubuntu-24.04-arm)	Build	2026-09-09T07:37:33.6655909Z ^[[1m^[[92m  Downloaded^[[0m scopeguard v1.2.0
build (aarch64-unknown-linux-gnu, ubuntu-24.04-arm)	Build	2026-09-09T07:37:33.6663585Z ^[[1m^[[92m  Downloaded^[[0m time-macros v0.2.27
build (aarch64-unknown-linux-gnu, ubuntu-24.04-arm)	Build	2026-09-09T07:37:33.6677819Z ^[[1m^[[92m  Downloaded^[[0m zerofrom v0.1.6
build (aarch64-unknown-linux-gnu, ubuntu-24.04-arm)	Build	2026-09-09T07:37:33.6682888Z ^[[1m^[[92m  Downloaded^[[0m atomic v0.6.1
build (aarch64-unknown-linux-gnu, ubuntu-24.04-arm)	Build	2026-09-09T07:37:33.6691240Z ^[[1m^[[92m  Downloaded^[[0m bit-set v0.5.3
build (aarch64-unknown-linux-gnu, ubuntu-24.04-arm)	Build	2026-09-09T07:37:33.6698695Z ^[[1m^[[92m  Downloaded^[[0m bit-set v0.8.0
build (aarch64-unknown-linux-gnu, ubuntu-24.04-arm)	Build	2026-09-09T07:37:33.6707569Z ^[[1m^[[92m  Downloaded^[[0m getrandom v0.2.17
build (aarch64-unknown-linux-gnu, ubuntu-24.04-arm)	Build	2026-09-09T07:37:33.6724672Z ^[[1m^[[92m  Downloaded^[[0m gif v0.14.2
build (aarch64-unknown-linux-gnu, ubuntu-24.04-arm)	Build	2026-09-09T07:37:33.6734783Z ^[[1m^[[92m  Downloaded^[[0m httparse v1.10.1
build (aarch64-unknown-linux-gnu, ubuntu-24.04-arm)	Build	2026-09-09T07:37:33.6750224Z ^[[1m^[[92m  Downloaded^[[0m hyper-rustls v0.27.7
build (aarch64-unknown-linux-gnu, ubuntu-24.04-arm)	Build	2026-09-09T07:37:33.6763095Z ^[[1m^[[92m  Downloaded^[[0m indoc v2.0.7
build (aarch64-unknown-linux-gnu, ubuntu-24.04-arm)	Build	2026-09-09T07:37:33.6780155Z ^[[1m^[[92m  Downloaded^[[0m inotify v0.10.2
build (aarch64-unknown-linux-gnu, ubuntu-24.04-arm)	Build	2026-09-09T07:37:33.6792695Z ^[[1m^[[92m  Downloaded^[[0m once_cell v1.21.3
build (aarch64-unknown-linux-gnu, ubuntu-24.04-arm)	Build	2026-09-09T07:37:33.6805631Z ^[[1m^[[92m  Downloaded^[[0m ordered-float v5.5.0
build (aarch64-unknown-linux-gnu, ubuntu-24.04-arm)	Build	2026-09-09T07:37:33.6816101Z ^[[1m^[[92m  Downloaded^[[0m serde_urlencoded v0.7.1
build (aarch64-unknown-linux-gnu, ubuntu-24.04-arm)	Build	2026-09-09T07:37:33.6825618Z ^[[1m^[[92m  Downloaded^[[0m by_address v1.2.1
build (aarch64-unknown-linux-gnu, ubuntu-24.04-arm)	Build	2026-09-09T07:37:33.6830792Z ^[[1m^[[92m  Downloaded^[[0m siphasher v1.0.2
build (aarch64-unknown-linux-gnu, ubuntu-24.04-arm)	Build	2026-09-09T07:37:33.6838496Z ^[[1m^[[92m  Downloaded^[[0m thiserror-impl v2.0.18
build (aarch64-unknown-linux-gnu, ubuntu-24.04-arm)	Build	2026-09-09T07:37:33.6860904Z ^[[1m^[[92m  Downloaded^[[0m castaway v0.2.4
build (aarch64-unknown-linux-gnu, ubuntu-24.04-arm)	Build	2026-09-09T07:37:33.6861327Z ^[[1m^[[92m  Downloaded^[[0m tower-service v0.3.3
build (aarch64-unknown-linux-gnu, ubuntu-24.04-arm)	Build	2026-09-09T07:37:33.6862641Z ^[[1m^[[92m  Downloaded^[[0m try-lock v0.2.5
build (aarch64-unknown-linux-gnu, ubuntu-24.04-arm)	Build	2026-09-09T07:37:33.6869587Z ^[[1m^[[92m  Downloaded^[[0m wezterm-blob-leases v0.1.1
build (aarch64-unknown-linux-gnu, ubuntu-24.04-arm)	Build	2026-09-09T07:37:33.6877995Z ^[[1m^[[92m  Downloaded^[[0m wezterm-dynamic-derive v0.1.1
build (aarch64-unknown-linux-gnu, ubuntu-24.04-arm)	Build	2026-09-09T07:37:33.6886177Z ^[[1m^[[92m  Downloaded^[[0m zerofrom-derive v0.1.6
build (aarch64-unknown-linux-gnu, ubuntu-24.04-arm)	Build	2026-09-09T07:37:33.6892930Z ^[[1m^[[92m  Downloaded^[[0m icu_properties v2.1.2
build (aarch64-unknown-linux-gnu, ubuntu-24.04-arm)	Build	2026-09-09T07:37:33.6907619Z ^[[1m^[[92m  Downloaded^[[0m icu_provider v2.1.1
build (aarch64-unknown-linux-gnu, ubuntu-24.04-arm)	Build	2026-09-09T07:37:33.6924236Z ^[[1m^[[92m  Downloaded^[[0m kasuari v0.4.11
build (aarch64-unknown-linux-gnu, ubuntu-24.04-arm)	Build	2026-09-09T07:37:33.6938007Z ^[[1m^[[92m  Downloaded^[[0m litemap v0.8.1
build (aarch64-unknown-linux-gnu, ubuntu-24.04-arm)	Build	2026-09-09T07:37:33.6950426Z ^[[1m^[[92m  Downloaded^[[0m num-traits v0.2.19
build (aarch64-unknown-linux-gnu, ubuntu-24.04-arm)	Build	2026-09-09T07:37:33.6965084Z ^[[1m^[[92m  Downloaded^[[0m semver v1.0.27
build (aarch64-unknown-linux-gnu, ubuntu-24.04-arm)	Build	2026-09-09T07:37:33.6980077Z ^[[1m^[[92m  Downloaded^[[0m synstructure v0.13.2
build (aarch64-unknown-linux-gnu, ubuntu-24.04-arm)	Build	2026-09-09T07:37:33.6986705Z ^[[1m^[[92m  Downloaded^[[0m tempfile v3.25.0
build (aarch64-unknown-linux-gnu, ubuntu-24.04-arm)	Build	2026-09-09T07:37:33.7000971Z ^[[1m^[[92m  Downloaded^[[0m tower v0.5.3
build (aarch64-unknown-linux-gnu, ubuntu-24.04-arm)	Build	2026-09-09T07:37:33.7051597Z ^[[1m^[[92m  Downloaded^[[0m vsimd v0.8.0
build (aarch64-unknown-linux-gnu, ubuntu-24.04-arm)	Build	2026-09-09T07:37:33.7063536Z ^[[1m^[[92m  Downloaded^[[0m walkdir v2.5.0
build (aarch64-unknown-linux-gnu, ubuntu-24.04-arm)	Build	2026-09-09T07:37:33.7074537Z ^[[1m^[[92m  Downloaded^[[0m wezterm-dynamic v0.2.1
build (aarch64-unknown-linux-gnu, ubuntu-24.04-arm)	Build	2026-09-09T07:37:33.7091908Z ^[[1m^[[92m  Downloaded^[[0m cfg-if v1.0.4
build (aarch64-unknown-linux-gnu, ubuntu-24.04-arm)	Build	2026-09-09T07:37:33.7102541Z ^[[1m^[[92m  Downloaded^[[0m color_quant v1.1.0
build (aarch64-unknown-linux-gnu, ubuntu-24.04-arm)	Build	2026-09-09T07:37:33.7113982Z ^[[1m^[[92m  Downloaded^[[0m colorchoice v1.0.4
build (aarch64-unknown-linux-gnu, ubuntu-24.04-arm)	Build	2026-09-09T07:37:33.7122856Z ^[[1m^[[92m  Downloaded^[[0m darling_macro v0.23.0
build (aarch64-unknown-linux-gnu, ubuntu-24.04-arm)	Build	2026-09-09T07:37:33.7133713Z ^[[1m^[[92m  Downloaded^[[0m equivalent v1.0.2
build (aarch64-unknown-linux-gnu, ubuntu-24.04-arm)	Build	2026-09-09T07:37:33.7144414Z ^[[1m^[[92m  Downloaded^[[0m fax_derive v0.2.0
build (aarch64-unknown-linux-gnu, ubuntu-24.04-arm)	Build	2026-09-09T07:37:33.7152617Z ^[[1m^[[92m  Downloaded^[[0m getrandom v0.3.4
build (aarch64-unknown-linux-gnu, ubuntu-24.04-arm)	Build	2026-09-09T07:37:33.7185752Z ^[[1m^[[92m  Downloaded^[[0m getrandom v0.4.1
build (aarch64-unknown-linux-gnu, ubuntu-24.04-arm)	Build	2026-09-09T07:37:33.7222059Z ^[[1m^[[92m  Downloaded^[[0m half v2.7.1
build (aarch64-unknown-linux-gnu, ubuntu-24.04-arm)	Build	2026-09-09T07:37:33.7252055Z ^[[1m^[[92m  Downloaded^[[0m icu_locale_core v2.1.1
build (aarch64-unknown-linux-gnu, ubuntu-24.04-arm)	Build	2026-09-09T07:37:33.7312572Z ^[[1m^[[92m  Downloaded^[[0m icu_normalizer_data v2.1.1
build (aarch64-unknown-linux-gnu, ubuntu-24.04-arm)	Build	2026-09-09T07:37:33.7345440Z ^[[1m^[[92m  Downloaded^[[0m image v0.25.9
build (aarch64-unknown-linux-gnu, ubuntu-24.04-arm)	Build	2026-09-09T07:37:33.7444302Z ^[[1m^[[92m  Downloaded^[[0m litrs v1.0.0
build (aarch64-unknown-linux-gnu, ubuntu-24.04-arm)	Build	2026-09-09T07:37:33.7466613Z ^[[1m^[[92m  Downloaded^[[0m log v0.4.29
build (aarch64-unknown-linux-gnu, ubuntu-24.04-arm)	Build	2026-09-09T07:37:33.7483570Z ^[[1m^[[92m  Downloaded^[[0m openssl-sys v0.9.111
build (aarch64-unknown-linux-gnu, ubuntu-24.04-arm)	Build	2026-09-09T07:37:33.7514812Z ^[[1m^[[92m  Downloaded^[[0m parking_lot v0.12.5
build (aarch64-unknown-linux-gnu, ubuntu-24.04-arm)	Build	2026-09-09T07:37:33.7528602Z ^[[1m^[[92m  Downloaded^[[0m pin-utils v0.1.0
build (aarch64-unknown-linux-gnu, ubuntu-24.04-arm)	Build	2026-09-09T07:37:33.7535479Z ^[[1m^[[92m  Downloaded^[[0m sha2 v0.10.9
build (aarch64-unknown-linux-gnu, ubuntu-24.04-arm)	Build	2026-09-09T07:37:33.7549011Z ^[[1m^[[92m  Downloaded^[[0m zune-core v0.4.12
build (aarch64-unknown-linux-gnu, ubuntu-24.04-arm)	Build	2026-09-09T07:37:33.7557963Z ^[[1m^[[92m  Downloaded^[[0m fdeflate v0.3.7
build (aarch64-unknown-linux-gnu, ubuntu-24.04-arm)	Build	2026-09-09T07:37:33.7567145Z ^[[1m^[[92m  Downloaded^[[0m fnv v1.0.7
build (aarch64-unknown-linux-gnu, ubuntu-24.04-arm)	Build	2026-09-09T07:37:33.7572843Z ^[[1m^[[92m  Downloaded^[[0m yoke v0.8.1
build (aarch64-unknown-linux-gnu, ubuntu-24.04-arm)	Build	2026-09-09T07:37:33.7582932Z ^[[1m^[[92m  Downloaded^[[0m zmij v1.0.21
build (aarch64-unknown-linux-gnu, ubuntu-24.04-arm)	Build	2026-09-09T07:37:33.7593394Z ^[[1m^[[92m  Downloaded^[[0m wezterm-color-types v0.3.0
build (aarch64-unknown-linux-gnu, ubuntu-24.04-arm)	Build	2026-09-09T07:37:33.7599060Z ^[[1m^[[92m  Downloaded^[[0m wyz v0.5.1
build (aarch64-unknown-linux-gnu, ubuntu-24.04-arm)	Build	2026-09-09T07:37:33.7606233Z ^[[1m^[[92m  Downloaded^[[0m xattr v1.6.1
build (aarch64-unknown-linux-gnu, ubuntu-24.04-arm)	Build	2026-09-09T07:37:33.7616327Z ^[[1m^[[92m  Downloaded^[[0m zeroize v1.8.2
build (aarch64-unknown-linux-gnu, ubuntu-24.04-arm)	Build	2026-09-09T07:37:33.7624083Z ^[[1m^[[92m  Downloaded^[[0m zipsign-api v0.1.5
build (aarch64-unknown-linux-gnu, ubuntu-24.04-arm)	Build	2026-09-09T07:37:33.7634903Z ^[[1m^[[92m  Downloaded^[[0m zune-core v0.5.3
build (aarch64-unknown-linux-gnu, ubuntu-24.04-arm)	Build	2026-09-09T07:37:33.7646922Z ^[[1m^[[92m  Downloaded^[[0m anstyle v1.0.13
build (aarch64-unknown-linux-gnu, ubuntu-24.04-arm)	Build	2026-09-09T07:37:33.7656641Z ^[[1m^[[92m  Downloaded^[[0m anstyle-parse v0.2.7
build (aarch64-unknown-linux-gnu, ubuntu-24.04-arm)	Build	2026-09-09T07:37:33.7666389Z ^[[1m^[[92m  Downloaded^[[0m autocfg v1.5.0
build (aarch64-unknown-linux-gnu, ubuntu-24.04-arm)	Build	2026-09-09T07:37:33.7676984Z ^[[1m^[[92m  Downloaded^[[0m bincode v1.3.3
build (aarch64-unknown-linux-gnu, ubuntu-24.04-arm)	Build	2026-09-09T07:37:33.7689292Z ^[[1m^[[92m  Downloaded^[[0m bit-vec v0.6.3
build (aarch64-unknown-linux-gnu, ubuntu-24.04-arm)	Build	2026-09-09T07:37:33.7696882Z ^[[1m^[[92m  Downloaded^[[0m bit-vec v0.8.0
build (aarch64-unknown-linux-gnu, ubuntu-24.04-arm)	Build	2026-09-09T07:37:33.7706235Z ^[[1m^[[92m  Downloaded^[[0m bitflags v1.3.2
build (aarch64-unknown-linux-gnu, ubuntu-24.04-arm)	Build	2026-09-09T07:37:33.7722989Z ^[[1m^[[92m  Downloaded^[[0m byteorder-lite v0.1.0
build (aarch64-unknown-linux-gnu, ubuntu-24.04-arm)	Build	2026-09-09T07:37:33.7729579Z ^[[1m^[[92m  Downloaded^[[0m icu_normalizer v2.1.1
build (aarch64-unknown-linux-gnu, ubuntu-24.04-arm)	Build	2026-09-09T07:37:33.7749673Z ^[[1m^[[92m  Downloaded^[[0m indicatif v0.17.11
build (aarch64-unknown-linux-gnu, ubuntu-24.04-arm)	Build	2026-09-09T07:37:33.7771467Z ^[[1m^[[92m  Downloaded^[[0m miniz_oxide v0.8.9
build (aarch64-unknown-linux-gnu, ubuntu-24.04-arm)	Build	2026-09-09T07:37:33.7786322Z ^[[1m^[[92m  Downloaded^[[0m ppv-lite86 v0.2.21
build (aarch64-unknown-linux-gnu, ubuntu-24.04-arm)	Build	2026-09-09T07:37:33.7794232Z ^[[1m^[[92m  Downloaded^[[0m pulldown-cmark-escape v0.11.0
build (aarch64-unknown-linux-gnu, ubuntu-24.04-arm)	Build	2026-09-09T07:37:33.7798553Z ^[[1m^[[92m  Downloaded^[[0m rustls-webpki v0.103.15
build (aarch64-unknown-linux-gnu, ubuntu-24.04-arm)	Build	2026-09-09T07:37:33.7817403Z ^[[1m^[[92m  Downloaded^[[0m tar v0.4.46
build (aarch64-unknown-linux-gnu, ubuntu-24.04-arm)	Build	2026-09-09T07:37:33.7834428Z ^[[1m^[[92m  Downloaded^[[0m tokio-util v0.7.18
build (aarch64-unknown-linux-gnu, ubuntu-24.04-arm)	Build	2026-09-09T07:37:33.7875389Z ^[[1m^[[92m  Downloaded^[[0m unicode-ident v1.0.23
build (aarch64-unknown-linux-gnu, ubuntu-24.04-arm)	Build	2026-09-09T07:37:33.7890917Z ^[[1m^[[92m  Downloaded^[[0m wezterm-input-types v0.1.0
build (aarch64-unknown-linux-gnu, ubuntu-24.04-arm)	Build	2026-09-09T07:37:33.7896713Z ^[[1m^[[92m  Downloaded^[[0m writeable v0.6.2
build (aarch64-unknown-linux-gnu, ubuntu-24.04-arm)	Build	2026-09-09T07:37:33.7906689Z ^[[1m^[[92m  Downloaded^[[0m bytemuck_derive v1.12.0
build (aarch64-unknown-linux-gnu, ubuntu-24.04-arm)	Build	2026-09-09T07:37:33.7914203Z ^[[1m^[[92m  Downloaded^[[0m hyper-util v0.1.20
build (aarch64-unknown-linux-gnu, ubuntu-24.04-arm)	Build	2026-09-09T07:37:33.7947440Z ^[[1m^[[92m  Downloaded^[[0m icu_collections v2.1.1
build (aarch64-unknown-linux-gnu, ubuntu-24.04-arm)	Build	2026-09-09T07:37:33.7979521Z ^[[1m^[[92m  Downloaded^[[0m image-webp v0.2.4
build (aarch64-unknown-linux-gnu, ubuntu-24.04-arm)	Build	2026-09-09T07:37:33.7993357Z ^[[1m^[[92m  Downloaded^[[0m indexmap v2.13.0
build (aarch64-unknown-linux-gnu, ubuntu-24.04-arm)	Build	2026-09-09T07:37:33.8017714Z ^[[1m^[[92m  Downloaded^[[0m mio v1.1.1
build (aarch64-unknown-linux-gnu, ubuntu-24.04-arm)	Build	2026-09-09T07:37:33.8049580Z ^[[1m^[[92m  Downloaded^[[0m pest_generator v2.8.6
build (aarch64-unknown-linux-gnu, ubuntu-24.04-arm)	Build	2026-09-09T07:37:33.8059667Z ^[[1m^[[92m  Downloaded^[[0m memchr v2.8.0
build (aarch64-unknown-linux-gnu, ubuntu-24.04-arm)	Build	2026-09-09T07:37:33.8088736Z ^[[1m^[[92m  Downloaded^[[0m nom v7.1.3
build (aarch64-unknown-linux-gnu, ubuntu-24.04-arm)	Build	2026-09-09T07:37:33.8118326Z ^[[1m^[[92m  Downloaded^[[0m strsim v0.11.1
build (aarch64-unknown-linux-gnu, ubuntu-24.04-arm)	Build	2026-09-09T07:37:33.8125511Z ^[[1m^[[92m  Downloaded^[[0m thiserror v2.0.18
build (aarch64-unknown-linux-gnu, ubuntu-24.04-arm)	Build	2026-09-09T07:37:33.8155540Z ^[[1m^[[92m  Downloaded^[[0m thiserror-impl v1.0.69
build (aarch64-unknown-linux-gnu, ubuntu-24.04-arm)	Build	2026-09-09T07:37:33.8163288Z ^[[1m^[[92m  Downloaded^[[0m yaml-rust v0.4.5
build (aarch64-unknown-linux-gnu, ubuntu-24.04-arm)	Build	2026-09-09T07:37:33.8176857Z ^[[1m^[[92m  Downloaded^[[0m base64ct v1.8.3
build (aarch64-unknown-linux-gnu, ubuntu-24.04-arm)	Build	2026-09-09T07:37:33.8190202Z ^[[1m^[[92m  Downloaded^[[0m bitflags v2.11.0
build (aarch64-unknown-linux-gnu, ubuntu-24.04-arm)	Build	2026-09-09T07:37:33.8212527Z ^[[1m^[[92m  Downloaded^[[0m chacha20 v0.10.1
build (aarch64-unknown-linux-gnu, ubuntu-24.04-arm)	Build	2026-09-09T07:37:33.8225802Z ^[[1m^[[92m  Downloaded^[[0m foldhash v0.2.0
build (aarch64-unknown-linux-gnu, ubuntu-24.04-arm)	Build	2026-09-09T07:37:33.8233536Z ^[[1m^[[92m  Downloaded^[[0m http v1.4.0
build (aarch64-unknown-linux-gnu, ubuntu-24.04-arm)	Build	2026-09-09T07:37:33.8254946Z ^[[1m^[[92m  Downloaded^[[0m miette v7.6.0
build (aarch64-unknown-linux-gnu, ubuntu-24.04-arm)	Build	2026-09-09T07:37:33.8280391Z ^[[1m^[[92m  Downloaded^[[0m minimal-lexical v0.2.1
build (aarch64-unknown-linux-gnu, ubuntu-24.04-arm)	Build	2026-09-09T07:37:33.8304952Z ^[[1m^[[92m  Downloaded^[[0m plist v1.8.0
build (aarch64-unknown-linux-gnu, ubuntu-24.04-arm)	Build	2026-09-09T07:37:33.8319689Z ^[[1m^[[92m  Downloaded^[[0m rand_chacha v0.3.1
build (aarch64-unknown-linux-gnu, ubuntu-24.04-arm)	Build	2026-09-09T07:37:33.8326338Z ^[[1m^[[92m  Downloaded^[[0m rand_pcg v0.10.2
build (aarch64-unknown-linux-gnu, ubuntu-24.04-arm)	Build	2026-09-09T07:37:33.8334272Z ^[[1m^[[92m  Downloaded^[[0m rustc-hash v2.1.1
build (aarch64-unknown-linux-gnu, ubuntu-24.04-arm)	Build	2026-09-09T07:37:33.8341157Z ^[[1m^[[92m  Downloaded^[[0m rustc_version v0.4.1
build (aarch64-unknown-linux-gnu, ubuntu-24.04-arm)	Build	2026-09-09T07:37:33.8347878Z ^[[1m^[[92m  Downloaded^[[0m same-file v1.0.6
build (aarch64-unknown-linux-gnu, ubuntu-24.04-arm)	Build	2026-09-09T07:37:33.8355128Z ^[[1m^[[92m  Downloaded^[[0m tap v1.0.1
build (aarch64-unknown-linux-gnu, ubuntu-24.04-arm)	Build	2026-09-09T07:37:33.8360369Z ^[[1m^[[92m  Downloaded^[[0m terminfo v0.9.0
build (aarch64-unknown-linux-gnu, ubuntu-24.04-arm)	Build	2026-09-09T07:37:33.8374797Z ^[[1m^[[92m  Downloaded^[[0m tracing-core v0.1.36
build (aarch64-unknown-linux-gnu, ubuntu-24.04-arm)	Build	2026-09-09T07:37:33.8390166Z ^[[1m^[[92m  Downloaded^[[0m ucd-trie v0.1.7
build (aarch64-unknown-linux-gnu, ubuntu-24.04-arm)	Build	2026-09-09T07:37:33.8399046Z ^[[1m^[[92m  Downloaded^[[0m uuid v1.21.0
build (aarch64-unknown-linux-gnu, ubuntu-24.04-arm)	Build	2026-09-09T07:37:33.8416592Z ^[[1m^[[92m  Downloaded^[[0m weezl v0.1.12
build (aarch64-unknown-linux-gnu, ubuntu-24.04-arm)	Build	2026-09-09T07:37:33.8430923Z ^[[1m^[[92m  Downloaded^[[0m zerovec-derive v0.11.2
build (aarch64-unknown-linux-gnu, ubuntu-24.04-arm)	Build	2026-09-09T07:37:33.8438783Z ^[[1m^[[92m  Downloaded^[[0m allocator-api2 v0.2.21
build (aarch64-unknown-linux-gnu, ubuntu-24.04-arm)	Build	2026-09-09T07:37:33.8453671Z ^[[1m^[[92m  Downloaded^[[0m anstream v0.6.21
build (aarch64-unknown-linux-gnu, ubuntu-24.04-arm)	Build	2026-09-09T07:37:33.8465307Z ^[[1m^[[92m  Downloaded^[[0m anyhow v1.0.101
build (aarch64-unknown-linux-gnu, ubuntu-24.04-arm)	Build	2026-09-09T07:37:33.8486414Z ^[[1m^[[92m  Downloaded^[[0m arboard v3.6.1
build (aarch64-unknown-linux-gnu, ubuntu-24.04-arm)	Build	2026-09-09T07:37:33.8501561Z ^[[1m^[[92m  Downloaded^[[0m bytemuck v1.25.0
build (aarch64-unknown-linux-gnu, ubuntu-24.04-arm)	Build	2026-09-09T07:37:33.8518639Z ^[[1m^[[92m  Downloaded^[[0m clap_derive v4.5.55
build (aarch64-unknown-linux-gnu, ubuntu-24.04-arm)	Build	2026-09-09T07:37:33.8531447Z ^[[1m^[[92m  Downloaded^[[0m console v0.15.11
build (aarch64-unknown-linux-gnu, ubuntu-24.04-arm)	Build	2026-09-09T07:37:33.8547197Z ^[[1m^[[92m  Downloaded^[[0m const-oid v0.9.6
build (aarch64-unknown-linux-gnu, ubuntu-24.04-arm)	Build	2026-09-09T07:37:33.8558281Z ^[[1m^[[92m  Downloaded^[[0m der v0.7.10
build (aarch64-unknown-linux-gnu, ubuntu-24.04-arm)	Build	2026-09-09T07:37:33.8586353Z ^[[1m^[[92m  Downloaded^[[0m futures-util v0.3.31
build (aarch64-unknown-linux-gnu, ubuntu-24.04-arm)	Build	2026-09-09T07:37:33.8650575Z ^[[1m^[[92m  Downloaded^[[0m hashbrown v0.16.1
build (aarch64-unknown-linux-gnu, ubuntu-24.04-arm)	Build	2026-09-09T07:37:33.8680612Z ^[[1m^[[92m  Downloaded^[[0m hyper v1.8.1
build (aarch64-unknown-linux-gnu, ubuntu-24.04-arm)	Build	2026-09-09T07:37:33.8718151Z ^[[1m^[[92m  Downloaded^[[0m icu_properties_data v2.1.2
build (aarch64-unknown-linux-gnu, ubuntu-24.04-arm)	Build	2026-09-09T07:37:33.8769760Z ^[[1m^[[92m  Downloaded^[[0m idna v1.1.0
build (aarch64-unknown-linux-gnu, ubuntu-24.04-arm)	Build	2026-09-09T07:37:33.8792296Z ^[[1m^[[92m  Downloaded^[[0m iri-string v0.7.10
build (aarch64-unknown-linux-gnu, ubuntu-24.04-arm)	Build	2026-09-09T07:37:33.8832045Z ^[[1m^[[92m  Downloaded^[[0m itertools v0.14.0
build (aarch64-unknown-linux-gnu, ubuntu-24.04-arm)	Build	2026-09-09T07:37:33.8869500Z ^[[1m^[[92m  Downloaded^[[0m kdl v6.7.1
build (aarch64-unknown-linux-gnu, ubuntu-24.04-arm)	Build	2026-09-09T07:37:33.9031253Z ^[[1m^[[92m  Downloaded^[[0m libm v0.2.16
build (aarch64-unknown-linux-gnu, ubuntu-24.04-arm)	Build	2026-09-09T07:37:33.9085546Z ^[[1m^[[92m  Downloaded^[[0m moxcms v0.7.11
build (aarch64-unknown-linux-gnu, ubuntu-24.04-arm)	Build	2026-09-09T07:37:33.9137178Z ^[[1m^[[92m  Downloaded^[[0m pest_meta v2.8.6
build (aarch64-unknown-linux-gnu, ubuntu-24.04-arm)	Build	2026-09-09T07:37:33.9151478Z ^[[1m^[[92m  Downloaded^[[0m rustls-pki-types v1.14.0
build (aarch64-unknown-linux-gnu, ubuntu-24.04-arm)	Build	2026-09-09T07:37:33.9165297Z ^[[1m^[[92m  Downloaded^[[0m serde_json v1.0.149
build (aarch64-unknown-linux-gnu, ubuntu-24.04-arm)	Build	2026-09-09T07:37:33.9204779Z ^[[1m^[[92m  Downloaded^[[0m errno v0.3.14
build (aarch64-unknown-linux-gnu, ubuntu-24.04-arm)	Build	2026-09-09T07:37:33.9213168Z ^[[1m^[[92m  Downloaded^[[0m git2 v0.20.4
build (aarch64-unknown-linux-gnu, ubuntu-24.04-arm)	Build	2026-09-09T07:37:33.9258392Z ^[[1m^[[92m  Downloaded^[[0m ratatui-macros v0.7.0
build (aarch64-unknown-linux-gnu, ubuntu-24.04-arm)	Build	2026-09-09T07:37:33.9266851Z ^[[1m^[[92m  Downloaded^[[0m url v2.5.8
build (aarch64-unknown-linux-gnu, ubuntu-24.04-arm)	Build	2026-09-09T07:37:33.9283347Z ^[[1m^[[92m  Downloaded^[[0m zerotrie v0.2.3
build (aarch64-unknown-linux-gnu, ubuntu-24.04-arm)	Build	2026-09-09T07:37:33.9302950Z ^[[1m^[[92m  Downloaded^[[0m zune-jpeg v0.4.21
build (aarch64-unknown-linux-gnu, ubuntu-24.04-arm)	Build	2026-09-09T07:37:33.9319463Z ^[[1m^[[92m  Downloaded^[[0m clap v4.5.58
build (aarch64-unknown-linux-gnu, ubuntu-24.04-arm)	Build	2026-09-09T07:37:33.9366618Z ^[[1m^[[92m  Downloaded^[[0m dirs v6.0.0
build (aarch64-unknown-linux-gnu, ubuntu-24.04-arm)	Build	2026-09-09T07:37:33.9374066Z ^[[1m^[[92m  Downloaded^[[0m fastrand v2.3.0
build (aarch64-unknown-linux-gnu, ubuntu-24.04-arm)	Build	2026-09-09T07:37:33.9381205Z ^[[1m^[[92m  Downloaded^[[0m fax v0.2.6
build (aarch64-unknown-linux-gnu, ubuntu-24.04-arm)	Build	2026-09-09T07:37:33.9389019Z ^[[1m^[[92m  Downloaded^[[0m filedescriptor v0.8.3
build (aarch64-unknown-linux-gnu, ubuntu-24.04-arm)	Build	2026-09-09T07:37:33.9395020Z ^[[1m^[[92m  Downloaded^[[0m percent-encoding v2.3.2
build (aarch64-unknown-linux-gnu, ubuntu-24.04-arm)	Build	2026-09-09T07:37:33.9400026Z ^[[1m^[[92m  Downloaded^[[0m phf_codegen v0.11.3
build (aarch64-unknown-linux-gnu, ubuntu-24.04-arm)	Build	2026-09-09T07:37:33.9405097Z ^[[1m^[[92m  Downloaded^[[0m phf_generator v0.11.3
build (aarch64-unknown-linux-gnu, ubuntu-24.04-arm)	Build	2026-09-09T07:37:33.9411505Z ^[[1m^[[92m  Downloaded^[[0m quinn-udp v0.5.14
build (aarch64-unknown-linux-gnu, ubuntu-24.04-arm)	Build	2026-09-09T07:37:33.9421834Z ^[[1m^[[92m  Downloaded^[[0m rustversion v1.0.22
build (aarch64-unknown-linux-gnu, ubuntu-24.04-arm)	Build	2026-09-09T07:37:33.9435803Z ^[[1m^[[92m  Downloaded^[[0m signature v2.2.0
build (aarch64-unknown-linux-gnu, ubuntu-24.04-arm)	Build	2026-09-09T07:37:33.9443864Z ^[[1m^[[92m  Downloaded^[[0m strum v0.27.2
build (aarch64-unknown-linux-gnu, ubuntu-24.04-arm)	Build	2026-09-09T07:37:33.9448795Z ^[[1m^[[92m  Downloaded^[[0m wezterm-bidi v0.2.3
build (aarch64-unknown-linux-gnu, ubuntu-24.04-arm)	Build	2026-09-09T07:37:33.9461512Z ^[[1m^[[92m  Downloaded^[[0m base64 v0.22.1
build (aarch64-unknown-linux-gnu, ubuntu-24.04-arm)	Build	2026-09-09T07:37:33.9482275Z ^[[1m^[[92m  Downloaded^[[0m bytes v1.11.1
build (aarch64-unknown-linux-gnu, ubuntu-24.04-arm)	Build	2026-09-09T07:37:33.9505097Z ^[[1m^[[92m  Downloaded^[[0m compact_str v0.9.0
build (aarch64-unknown-linux-gnu, ubuntu-24.04-arm)	Build	2026-09-09T07:37:33.9523627Z ^[[1m^[[92m  Downloaded^[[0m digest v0.10.7
build (aarch64-unknown-linux-gnu, ubuntu-24.04-arm)	Build	2026-09-09T07:37:33.9534605Z ^[[1m^[[92m  Downloaded^[[0m nix v0.29.0
build (aarch64-unknown-linux-gnu, ubuntu-24.04-arm)	Build	2026-09-09T07:37:33.9596769Z ^[[1m^[[92m  Downloaded^[[0m palette v0.7.7
build (aarch64-unknown-linux-gnu, ubuntu-24.04-arm)	Build	2026-09-09T07:37:33.9661882Z ^[[1m^[[92m  Downloaded^[[0m parking_lot_core v0.9.12
build (aarch64-unknown-linux-gnu, ubuntu-24.04-arm)	Build	2026-09-09T07:37:33.9673724Z ^[[1m^[[92m  Downloaded^[[0m pest_derive v2.8.6
build (aarch64-unknown-linux-gnu, ubuntu-24.04-arm)	Build	2026-09-09T07:37:33.9687301Z ^[[1m^[[92m  Downloaded^[[0m phf v0.11.3
build (aarch64-unknown-linux-gnu, ubuntu-24.04-arm)	Build	2026-09-09T07:37:33.9695003Z ^[[1m^[[92m  Downloaded^[[0m phf_macros v0.11.3
build (aarch64-unknown-linux-gnu, ubuntu-24.04-arm)	Build	2026-09-09T07:37:33.9700848Z ^[[1m^[[92m  Downloaded^[[0m quick-xml v0.38.4
build (aarch64-unknown-linux-gnu, ubuntu-24.04-arm)	Build	2026-09-09T07:37:33.9734442Z ^[[1m^[[92m  Downloaded^[[0m reqwest v0.12.28
build (aarch64-unknown-linux-gnu, ubuntu-24.04-arm)	Build	2026-09-09T07:37:33.9767784Z ^[[1m^[[92m  Downloaded^[[0m ryu v1.0.23
build (aarch64-unknown-linux-gnu, ubuntu-24.04-arm)	Build	2026-09-09T07:37:33.9785081Z ^[[1m^[[92m  Downloaded^[[0m syn v1.0.109
build (aarch64-unknown-linux-gnu, ubuntu-24.04-arm)	Build	2026-09-09T07:37:33.9836797Z ^[[1m^[[92m  Downloaded^[[0m typenum v1.19.0
build (aarch64-unknown-linux-gnu, ubuntu-24.04-arm)	Build	2026-09-09T07:37:33.9853349Z ^[[1m^[[92m  Downloaded^[[0m unicode-segmentation v1.12.0
build (aarch64-unknown-linux-gnu, ubuntu-24.04-arm)	Build	2026-09-09T07:37:33.9871315Z ^[[1m^[[92m  Downloaded^[[0m zerocopy-derive v0.8.39
build (aarch64-unknown-linux-gnu, ubuntu-24.04-arm)	Build	2026-09-09T07:37:33.9918623Z ^[[1m^[[92m  Downloaded^[[0m zune-jpeg v0.5.15
build (aarch64-unknown-linux-gnu, ubuntu-24.04-arm)	Build	2026-09-09T07:37:33.9938429Z ^[[1m^[[92m  Downloaded^[[0m cc v1.2.56
build (aarch64-unknown-linux-gnu, ubuntu-24.04-arm)	Build	2026-09-09T07:37:33.9956578Z ^[[1m^[[92m  Downloaded^[[0m fancy-regex v0.16.2
build (aarch64-unknown-linux-gnu, ubuntu-24.04-arm)	Build	2026-09-09T07:37:33.9977256Z ^[[1m^[[92m  Downloaded^[[0m filetime v0.2.27
build (aarch64-unknown-linux-gnu, ubuntu-24.04-arm)	Build	2026-09-09T07:37:33.9986310Z ^[[1m^[[92m  Downloaded^[[0m find-msvc-tools v0.1.9
build (aarch64-unknown-linux-gnu, ubuntu-24.04-arm)	Build	2026-09-09T07:37:33.9995194Z ^[[1m^[[92m  Downloaded^[[0m pest v2.8.6
build (aarch64-unknown-linux-gnu, ubuntu-24.04-arm)	Build	2026-09-09T07:37:34.0021331Z ^[[1m^[[92m  Downloaded^[[0m smallvec v1.15.1
build (aarch64-unknown-linux-gnu, ubuntu-24.04-arm)	Build	2026-09-09T07:37:34.0033202Z ^[[1m^[[92m  Downloaded^[[0m sync_wrapper v1.0.2
build (aarch64-unknown-linux-gnu, ubuntu-24.04-arm)	Build	2026-09-09T07:37:34.0038014Z ^[[1m^[[92m  Downloaded^[[0m time-core v0.1.8
build (aarch64-unknown-linux-gnu, ubuntu-24.04-arm)	Build	2026-09-09T07:37:34.0044788Z ^[[1m^[[92m  Downloaded^[[0m tinyvec_macros v0.1.1
build (aarch64-unknown-linux-gnu, ubuntu-24.04-arm)	Build	2026-09-09T07:37:34.0049811Z ^[[1m^[[92m  Downloaded^[[0m convert_case v0.10.0
build (aarch64-unknown-linux-gnu, ubuntu-24.04-arm)	Build	2026-09-09T07:37:34.0059127Z ^[[1m^[[92m  Downloaded^[[0m cpufeatures v0.2.17
build (aarch64-unknown-linux-gnu, ubuntu-24.04-arm)	Build	2026-09-09T07:37:34.0066659Z ^[[1m^[[92m  Downloaded^[[0m crypto-common v0.1.7
build (aarch64-unknown-linux-gnu, ubuntu-24.04-arm)	Build	2026-09-09T07:37:34.0072200Z ^[[1m^[[92m  Downloaded^[[0m darling_core v0.23.0
build (aarch64-unknown-linux-gnu, ubuntu-24.04-arm)	Build	2026-09-09T07:37:34.0099571Z ^[[1m^[[92m  Downloaded^[[0m finl_unicode v1.4.0
build (aarch64-unknown-linux-gnu, ubuntu-24.04-arm)	Build	2026-09-09T07:37:34.0120465Z ^[[1m^[[92m  Downloaded^[[0m rustix v0.38.44
build (aarch64-unknown-linux-gnu, ubuntu-24.04-arm)	Build	2026-09-09T07:37:34.0249483Z ^[[1m^[[92m  Downloaded^[[0m tinystr v0.8.2
build (aarch64-unknown-linux-gnu, ubuntu-24.04-arm)	Build	2026-09-09T07:37:34.0260798Z ^[[1m^[[92m  Downloaded^[[0m tinyvec v1.10.0
build (aarch64-unknown-linux-gnu, ubuntu-24.04-arm)	Build	2026-09-09T07:37:34.0275444Z ^[[1m^[[92m  Downloaded^[[0m tower-http v0.6.8
build (aarch64-unknown-linux-gnu, ubuntu-24.04-arm)	Build	2026-09-09T07:37:34.0318427Z ^[[1m^[[92m  Downloaded^[[0m zerovec v0.11.5
build (aarch64-unknown-linux-gnu, ubuntu-24.04-arm)	Build	2026-09-09T07:37:34.0348009Z ^[[1m^[[92m  Downloaded^[[0m clap_builder v4.5.58
build (aarch64-unknown-linux-gnu, ubuntu-24.04-arm)	Build	2026-09-09T07:37:34.0383677Z ^[[1m^[[92m  Downloaded^[[0m crc32fast v1.5.0
build (aarch64-unknown-linux-gnu, ubuntu-24.04-arm)	Build	2026-09-09T07:37:34.0394165Z ^[[1m^[[92m  Downloaded^[[0m crossterm v0.28.1
build (aarch64-unknown-linux-gnu, ubuntu-24.04-arm)	Build	2026-09-09T07:37:34.0429580Z ^[[1m^[[92m  Downloaded^[[0m dirs-sys v0.5.0
build (aarch64-unknown-linux-gnu, ubuntu-24.04-arm)	Build	2026-09-09T07:37:34.0435883Z ^[[1m^[[92m  Downloaded^[[0m displaydoc v0.2.5
build (aarch64-unknown-linux-gnu, ubuntu-24.04-arm)	Build	2026-09-09T07:37:34.0451227Z ^[[1m^[[92m  Downloaded^[[0m document-features v0.2.12
build (aarch64-unknown-linux-gnu, ubuntu-24.04-arm)	Build	2026-09-09T07:37:34.0458257Z ^[[1m^[[92m  Downloaded^[[0m fixedbitset v0.4.2
build (aarch64-unknown-linux-gnu, ubuntu-24.04-arm)	Build	2026-09-09T07:37:34.0465280Z ^[[1m^[[92m  Downloaded^[[0m form_urlencoded v1.2.2
build (aarch64-unknown-linux-gnu, ubuntu-24.04-arm)	Build	2026-09-09T07:37:34.0470005Z ^[[1m^[[92m  Downloaded^[[0m funty v2.0.0
build (aarch64-unknown-linux-gnu, ubuntu-24.04-arm)	Build	2026-09-09T07:37:34.0474707Z ^[[1m^[[92m  Downloaded^[[0m phf_shared v0.11.3
build (aarch64-unknown-linux-gnu, ubuntu-24.04-arm)	Build	2026-09-09T07:37:34.0479798Z ^[[1m^[[92m  Downloaded^[[0m pkg-config v0.3.32
build (aarch64-unknown-linux-gnu, ubuntu-24.04-arm)	Build	2026-09-09T07:37:34.0488180Z ^[[1m^[[92m  Downloaded^[[0m potential_utf v0.1.4
build (aarch64-unknown-linux-gnu, ubuntu-24.04-arm)	Build	2026-09-09T07:37:34.0494011Z ^[[1m^[[92m  Downloaded^[[0m powerfmt v0.2.0
build (aarch64-unknown-linux-gnu, ubuntu-24.04-arm)	Build	2026-09-09T07:37:34.0500251Z ^[[1m^[[92m  Downloaded^[[0m regex-syntax v0.8.9
build (aarch64-unknown-linux-gnu, ubuntu-24.04-arm)	Build	2026-09-09T07:37:34.0543265Z ^[[1m^[[92m  Downloaded^[[0m shlex v1.3.0
build (aarch64-unknown-linux-gnu, ubuntu-24.04-arm)	Build	2026-09-09T07:37:34.0550292Z ^[[1m^[[92m  Downloaded^[[0m vcpkg v0.2.15
build (aarch64-unknown-linux-gnu, ubuntu-24.04-arm)	Build	2026-09-09T07:37:34.0789296Z ^[[1m^[[92m  Downloaded^[[0m wide v1.6.1
build (aarch64-unknown-linux-gnu, ubuntu-24.04-arm)	Build	2026-09-09T07:37:34.0824924Z ^[[1m^[[92m  Downloaded^[[0m winnow v0.7.15
build (aarch64-unknown-linux-gnu, ubuntu-24.04-arm)	Build	2026-09-09T07:37:34.0876992Z ^[[1m^[[92m  Downloaded^[[0m x11rb v0.13.2
build (aarch64-unknown-linux-gnu, ubuntu-24.04-arm)	Build	2026-09-09T07:37:34.0923787Z ^[[1m^[[92m  Downloaded^[[0m aho-corasick v1.1.4
build (aarch64-unknown-linux-gnu, ubuntu-24.04-arm)	Build	2026-09-09T07:37:34.0954273Z ^[[1m^[[92m  Downloaded^[[0m csscolorparser v0.6.2
build (aarch64-unknown-linux-gnu, ubuntu-24.04-arm)	Build	2026-09-09T07:37:34.0961545Z ^[[1m^[[92m  Downloaded^[[0m ed25519 v2.2.3
build (aarch64-unknown-linux-gnu, ubuntu-24.04-arm)	Build	2026-09-09T07:37:34.0971357Z ^[[1m^[[92m  Downloaded^[[0m either v1.15.0
build (aarch64-unknown-linux-gnu, ubuntu-24.04-arm)	Build	2026-09-09T07:37:34.0979347Z ^[[1m^[[92m  Downloaded^[[0m flate2 v1.1.9
build (aarch64-unknown-linux-gnu, ubuntu-24.04-arm)	Build	2026-09-09T07:37:34.1005799Z ^[[1m^[[92m  Downloaded^[[0m pin-project-lite v0.2.16
build (aarch64-unknown-linux-gnu, ubuntu-24.04-arm)	Build	2026-09-09T07:37:34.1033307Z ^[[1m^[[92m  Downloaded^[[0m pkcs8 v0.10.2
build (aarch64-unknown-linux-gnu, ubuntu-24.04-arm)	Build	2026-09-09T07:37:34.1047979Z ^[[1m^[[92m  Downloaded^[[0m proc-macro2 v1.0.106
build (aarch64-unknown-linux-gnu, ubuntu-24.04-arm)	Build	2026-09-09T07:37:34.1065042Z ^[[1m^[[92m  Downloaded^[[0m quick-error v2.0.1
build (aarch64-unknown-linux-gnu, ubuntu-24.04-arm)	Build	2026-09-09T07:37:34.1071968Z ^[[1m^[[92m  Downloaded^[[0m signal-hook-registry v1.4.8
build (aarch64-unknown-linux-gnu, ubuntu-24.04-arm)	Build	2026-09-09T07:37:34.1078503Z ^[[1m^[[92m  Downloaded^[[0m simd-adler32 v0.3.8
build (aarch64-unknown-linux-gnu, ubuntu-24.04-arm)	Build	2026-09-09T07:37:34.1088396Z ^[[1m^[[92m  Downloaded^[[0m unicode-width v0.1.14
build (aarch64-unknown-linux-gnu, ubuntu-24.04-arm)	Build	2026-09-09T07:37:34.1123446Z ^[[1m^[[92m  Downloaded^[[0m unicode-width v0.2.2
build (aarch64-unknown-linux-gnu, ubuntu-24.04-arm)	Build	2026-09-09T07:37:34.1161043Z ^[[1m^[[92m  Downloaded^[[0m webpki-roots v1.0.6
build (aarch64-unknown-linux-gnu, ubuntu-24.04-arm)	Build	2026-09-09T07:37:34.1183592Z ^[[1m^[[92m  Downloaded^[[0m bitvec v1.1.1
build (aarch64-unknown-linux-gnu, ubuntu-24.04-arm)	Build	2026-09-09T07:37:34.1265744Z ^[[1m^[[92m  Downloaded^[[0m crossterm v0.29.0
build (aarch64-unknown-linux-gnu, ubuntu-24.04-arm)	Build	2026-09-09T07:37:34.1302071Z ^[[1m^[[92m  Downloaded^[[0m deranged v0.5.6
build (aarch64-unknown-linux-gnu, ubuntu-24.04-arm)	Build	2026-09-09T07:37:34.1311411Z ^[[1m^[[92m  Downloaded^[[0m ed25519-dalek v2.2.0
build (aarch64-unknown-linux-gnu, ubuntu-24.04-arm)	Build	2026-09-09T07:37:34.1329661Z ^[[1m^[[92m  Downloaded^[[0m euclid v0.22.13
build (aarch64-unknown-linux-gnu, ubuntu-24.04-arm)	Build	2026-09-09T07:37:34.1348483Z ^[[1m^[[92m  Downloaded^[[0m fancy-regex v0.11.0
build (aarch64-unknown-linux-gnu, ubuntu-24.04-arm)	Build	2026-09-09T07:37:34.1367283Z ^[[1m^[[92m  Downloaded^[[0m quinn v0.11.9
build (aarch64-unknown-linux-gnu, ubuntu-24.04-arm)	Build	2026-09-09T07:37:34.1386676Z ^[[1m^[[92m  Downloaded^[[0m rustix v1.1.3
build (aarch64-unknown-linux-gnu, ubuntu-24.04-arm)	Build	2026-09-09T07:37:34.1520892Z ^[[1m^[[92m  Downloaded^[[0m rustls v0.23.36
build (aarch64-unknown-linux-gnu, ubuntu-24.04-arm)	Build	2026-09-09T07:37:34.1589086Z ^[[1m^[[92m  Downloaded^[[0m zerocopy v0.8.39
build (aarch64-unknown-linux-gnu, ubuntu-24.04-arm)	Build	2026-09-09T07:37:34.1698595Z ^[[1m^[[92m  Downloaded^[[0m darling v0.23.0
build (aarch64-unknown-linux-gnu, ubuntu-24.04-arm)	Build	2026-09-09T07:37:34.1725871Z ^[[1m^[[92m  Downloaded^[[0m derive_more v2.1.1
build (aarch64-unknown-linux-gnu, ubuntu-24.04-arm)	Build	2026-09-09T07:37:34.1787333Z ^[[1m^[[92m  Downloaded^[[0m quantette v0.6.0
build (aarch64-unknown-linux-gnu, ubuntu-24.04-arm)	Build	2026-09-09T07:37:34.1807367Z ^[[1m^[[92m  Downloaded^[[0m derive_more-impl v2.1.1
build (aarch64-unknown-linux-gnu, ubuntu-24.04-arm)	Build	2026-09-09T07:37:34.1836203Z ^[[1m^[[92m  Downloaded^[[0m libssh2-sys v0.3.1
build (aarch64-unknown-linux-gnu, ubuntu-24.04-arm)	Build	2026-09-09T07:37:34.2002953Z ^[[1m^[[92m  Downloaded^[[0m png v0.18.1
build (aarch64-unknown-linux-gnu, ubuntu-24.04-arm)	Build	2026-09-09T07:37:34.2028375Z ^[[1m^[[92m  Downloaded^[[0m portable-atomic v1.13.1
build (aarch64-unknown-linux-gnu, ubuntu-24.04-arm)	Build	2026-09-09T07:37:34.2069618Z ^[[1m^[[92m  Downloaded^[[0m pulldown-cmark v0.13.0
build (aarch64-unknown-linux-gnu, ubuntu-24.04-arm)	Build	2026-09-09T07:37:34.2099407Z ^[[1m^[[92m  Downloaded^[[0m ref-cast v1.0.27
build (aarch64-unknown-linux-gnu, ubuntu-24.04-arm)	Build	2026-09-09T07:37:34.2113991Z ^[[1m^[[92m  Downloaded^[[0m syn v3.0.4
build (aarch64-unknown-linux-gnu, ubuntu-24.04-arm)	Build	2026-09-09T07:37:34.2174562Z ^[[1m^[[92m  Downloaded^[[0m quick-xml v0.37.5
build (aarch64-unknown-linux-gnu, ubuntu-24.04-arm)	Build	2026-09-09T07:37:34.2206020Z ^[[1m^[[92m  Downloaded^[[0m quote v1.0.44
build (aarch64-unknown-linux-gnu, ubuntu-24.04-arm)	Build	2026-09-09T07:37:34.2220164Z ^[[1m^[[92m  Downloaded^[[0m radium v0.7.0
build (aarch64-unknown-linux-gnu, ubuntu-24.04-arm)	Build	2026-09-09T07:37:34.2226002Z ^[[1m^[[92m  Downloaded^[[0m rand_xoshiro v0.8.1
build (aarch64-unknown-linux-gnu, ubuntu-24.04-arm)	Build	2026-09-09T07:37:34.2236650Z ^[[1m^[[92m  Downloaded^[[0m ratatui-crossterm v0.1.0
build (aarch64-unknown-linux-gnu, ubuntu-24.04-arm)	Build	2026-09-09T07:37:34.2243560Z ^[[1m^[[92m  Downloaded^[[0m ratatui-termwiz v0.1.0
build (aarch64-unknown-linux-gnu, ubuntu-24.04-arm)	Build	2026-09-09T07:37:34.2249419Z ^[[1m^[[92m  Downloaded^[[0m slab v0.4.12
build (aarch64-unknown-linux-gnu, ubuntu-24.04-arm)	Build	2026-09-09T07:37:34.2257429Z ^[[1m^[[92m  Downloaded^[[0m tracing v0.1.44
build (aarch64-unknown-linux-gnu, ubuntu-24.04-arm)	Build	2026-09-09T07:37:34.2350229Z ^[[1m^[[92m  Downloaded^[[0m rand_core v0.6.4
build (aarch64-unknown-linux-gnu, ubuntu-24.04-arm)	Build	2026-09-09T07:37:34.2358427Z ^[[1m^[[92m  Downloaded^[[0m rand_core v0.10.1
build (aarch64-unknown-linux-gnu, ubuntu-24.04-arm)	Build	2026-09-09T07:37:34.2367343Z ^[[1m^[[92m  Downloaded^[[0m signal-hook-mio v0.2.5
build (aarch64-unknown-linux-gnu, ubuntu-24.04-arm)	Build	2026-09-09T07:37:34.2374898Z ^[[1m^[[92m  Downloaded^[[0m termios v0.3.3
build (aarch64-unknown-linux-gnu, ubuntu-24.04-arm)	Build	2026-09-09T07:37:34.2384052Z ^[[1m^[[92m  Downloaded^[[0m rand v0.8.8
build (aarch64-unknown-linux-gnu, ubuntu-24.04-arm)	Build	2026-09-09T07:37:34.2402783Z ^[[1m^[[92m  Downloaded^[[0m ref-cast-impl v1.0.27
build (aarch64-unknown-linux-gnu, ubuntu-24.04-arm)	Build	2026-09-09T07:37:34.2408005Z ^[[1m^[[92m  Downloaded^[[0m self-replace v1.5.0
build (aarch64-unknown-linux-gnu, ubuntu-24.04-arm)	Build	2026-09-09T07:37:34.2417244Z ^[[1m^[[92m  Downloaded^[[0m self_cell v1.3.0
build (aarch64-unknown-linux-gnu, ubuntu-24.04-arm)	Build	2026-09-09T07:37:34.2423598Z ^[[1m^[[92m  Downloaded^[[0m serde_core v1.0.228
build (aarch64-unknown-linux-gnu, ubuntu-24.04-arm)	Build	2026-09-09T07:37:34.2439577Z ^[[1m^[[92m  Downloaded^[[0m serde_derive v1.0.228
build (aarch64-unknown-linux-gnu, ubuntu-24.04-arm)	Build	2026-09-09T07:37:34.2456460Z ^[[1m^[[92m  Downloaded^[[0m x11rb-protocol v0.13.2
build (aarch64-unknown-linux-gnu, ubuntu-24.04-arm)	Build	2026-09-09T07:37:34.2534163Z ^[[1m^[[92m  Downloaded^[[0m libc v0.2.182
build (aarch64-unknown-linux-gnu, ubuntu-24.04-arm)	Build	2026-09-09T07:37:34.2735360Z ^[[1m^[[92m  Downloaded^[[0m ratatui v0.30.0
build (aarch64-unknown-linux-gnu, ubuntu-24.04-arm)	Build	2026-09-09T07:37:34.2757127Z ^[[1m^[[92m  Downloaded^[[0m self_update v0.42.0
build (aarch64-unknown-linux-gnu, ubuntu-24.04-arm)	Build	2026-09-09T07:37:34.2771801Z ^[[1m^[[92m  Downloaded^[[0m signal-hook v0.3.18
build (aarch64-unknown-linux-gnu, ubuntu-24.04-arm)	Build	2026-09-09T07:37:34.2787843Z ^[[1m^[[92m  Downloaded^[[0m spki v0.7.3
build (aarch64-unknown-linux-gnu, ubuntu-24.04-arm)	Build	2026-09-09T07:37:34.2798084Z ^[[1m^[[92m  Downloaded^[[0m rand v0.10.2
build (aarch64-unknown-linux-gnu, ubuntu-24.04-arm)	Build	2026-09-09T07:37:34.2820031Z ^[[1m^[[92m  Downloaded^[[0m socket2 v0.6.2
build (aarch64-unknown-linux-gnu, ubuntu-24.04-arm)	Build	2026-09-09T07:37:34.2831349Z ^[[1m^[[92m  Downloaded^[[0m strum_macros v0.27.2
build (aarch64-unknown-linux-gnu, ubuntu-24.04-arm)	Build	2026-09-09T07:37:34.2844112Z ^[[1m^[[92m  Downloaded^[[0m curve25519-dalek v4.1.3
build (aarch64-unknown-linux-gnu, ubuntu-24.04-arm)	Build	2026-09-09T07:37:34.2892836Z ^[[1m^[[92m  Downloaded^[[0m libz-sys v1.1.23
build (aarch64-unknown-linux-gnu, ubuntu-24.04-arm)	Build	2026-09-09T07:37:34.3018260Z ^[[1m^[[92m  Downloaded^[[0m serde v1.0.228
build (aarch64-unknown-linux-gnu, ubuntu-24.04-arm)	Build	2026-09-09T07:37:34.3037770Z ^[[1m^[[92m  Downloaded^[[0m stable_deref_trait v1.2.1
build (aarch64-unknown-linux-gnu, ubuntu-24.04-arm)	Build	2026-09-09T07:37:34.3043019Z ^[[1m^[[92m  Downloaded^[[0m subtle v2.6.1
build (aarch64-unknown-linux-gnu, ubuntu-24.04-arm)	Build	2026-09-09T07:37:34.3049323Z ^[[1m^[[92m  Downloaded^[[0m regex v1.12.3
build (aarch64-unknown-linux-gnu, ubuntu-24.04-arm)	Build	2026-09-09T07:37:34.3080003Z ^[[1m^[[92m  Downloaded^[[0m static_assertions v1.1.0
build (aarch64-unknown-linux-gnu, ubuntu-24.04-arm)	Build	2026-09-09T07:37:34.3087789Z ^[[1m^[[92m  Downloaded^[[0m syntect v5.3.0
build (aarch64-unknown-linux-gnu, ubuntu-24.04-arm)	Build	2026-09-09T07:37:34.3147889Z ^[[1m^[[92m  Downloaded^[[0m thiserror v1.0.69
build (aarch64-unknown-linux-gnu, ubuntu-24.04-arm)	Build	2026-09-09T07:37:34.3174459Z ^[[1m^[[92m  Downloaded^[[0m ratatui-core v0.1.0
build (aarch64-unknown-linux-gnu, ubuntu-24.04-arm)	Build	2026-09-09T07:37:34.3207968Z ^[[1m^[[92m  Downloaded^[[0m quinn-proto v0.11.17
build (aarch64-unknown-linux-gnu, ubuntu-24.04-arm)	Build	2026-09-09T07:37:34.3248647Z ^[[1m^[[92m  Downloaded^[[0m ratatui-widgets v0.3.0
build (aarch64-unknown-linux-gnu, ubuntu-24.04-arm)	Build	2026-09-09T07:37:34.3291771Z ^[[1m^[[92m  Downloaded^[[0m sysinfo v0.39.6
build (aarch64-unknown-linux-gnu, ubuntu-24.04-arm)	Build	2026-09-09T07:37:34.3356233Z ^[[1m^[[92m  Downloaded^[[0m time v0.3.47
build (aarch64-unknown-linux-gnu, ubuntu-24.04-arm)	Build	2026-09-09T07:37:34.3423524Z ^[[1m^[[92m  Downloaded^[[0m syn v2.0.115
build (aarch64-unknown-linux-gnu, ubuntu-24.04-arm)	Build	2026-09-09T07:37:34.3483783Z ^[[1m^[[92m  Downloaded^[[0m tokio v1.49.0
build (aarch64-unknown-linux-gnu, ubuntu-24.04-arm)	Build	2026-09-09T07:37:34.3707585Z ^[[1m^[[92m  Downloaded^[[0m termwiz v0.23.3
build (aarch64-unknown-linux-gnu, ubuntu-24.04-arm)	Build	2026-09-09T07:37:34.3778496Z ^[[1m^[[92m  Downloaded^[[0m pxfm v0.1.27
build (aarch64-unknown-linux-gnu, ubuntu-24.04-arm)	Build	2026-09-09T07:37:34.3919139Z ^[[1m^[[92m  Downloaded^[[0m regex-automata v0.4.14
build (aarch64-unknown-linux-gnu, ubuntu-24.04-arm)	Build	2026-09-09T07:37:34.4005520Z ^[[1m^[[92m  Downloaded^[[0m ring v0.17.14
build (aarch64-unknown-linux-gnu, ubuntu-24.04-arm)	Build	2026-09-09T07:37:34.4244149Z ^[[1m^[[92m  Downloaded^[[0m libgit2-sys v0.18.3+1.9.2
build (aarch64-unknown-linux-gnu, ubuntu-24.04-arm)	Build	2026-09-09T07:37:34.4576272Z ^[[1m^[[92m  Downloaded^[[0m deltae v0.3.2
build (aarch64-unknown-linux-gnu, ubuntu-24.04-arm)	Build	2026-09-09T07:37:34.4667107Z ^[[1m^[[92m  Downloaded^[[0m linux-raw-sys v0.4.15
build (aarch64-unknown-linux-gnu, ubuntu-24.04-arm)	Build	2026-09-09T07:37:34.4945897Z ^[[1m^[[92m  Downloaded^[[0m tiff v0.10.3
build (aarch64-unknown-linux-gnu, ubuntu-24.04-arm)	Build	2026-09-09T07:37:34.5024969Z ^[[1m^[[92m  Downloaded^[[0m linux-raw-sys v0.11.0
build (aarch64-unknown-linux-gnu, ubuntu-24.04-arm)	Build	2026-09-09T07:37:34.5360504Z ^[[1m^[[92m  Downloaded^[[0m icy_sixel v0.5.1
build (aarch64-unknown-linux-gnu, ubuntu-24.04-arm)	Build	2026-09-09T07:37:34.5627577Z ^[[1m^[[92m  Downloaded^[[0m ratatui-image v11.0.3
build (aarch64-unknown-linux-gnu, ubuntu-24.04-arm)	Build	2026-09-09T07:37:34.5815864Z ^[[1m^[[92m  Downloaded^[[0m openssl-src v300.5.5+3.5.5
build (aarch64-unknown-linux-gnu, ubuntu-24.04-arm)	Build	2026-09-09T07:37:34.8430441Z ^[[1m^[[92m   Compiling^[[0m libc v0.2.182
build (aarch64-unknown-linux-gnu, ubuntu-24.04-arm)	Build	2026-09-09T07:37:34.8430976Z ^[[1m^[[92m   Compiling^[[0m proc-macro2 v1.0.106
build (aarch64-unknown-linux-gnu, ubuntu-24.04-arm)	Build	2026-09-09T07:37:34.8432413Z ^[[1m^[[92m   Compiling^[[0m quote v1.0.44
build (aarch64-unknown-linux-gnu, ubuntu-24.04-arm)	Build	2026-09-09T07:37:34.8432770Z ^[[1m^[[92m   Compiling^[[0m unicode-ident v1.0.23
build (aarch64-unknown-linux-gnu, ubuntu-24.04-arm)	Build	2026-09-09T07:37:34.8991822Z ^[[1m^[[92m   Compiling^[[0m cfg-if v1.0.4
build (aarch64-unknown-linux-gnu, ubuntu-24.04-arm)	Build	2026-09-09T07:37:34.9243115Z ^[[1m^[[92m   Compiling^[[0m bitflags v2.11.0
build (aarch64-unknown-linux-gnu, ubuntu-24.04-arm)	Build	2026-09-09T07:37:35.0021120Z ^[[1m^[[92m   Compiling^[[0m find-msvc-tools v0.1.9
build (aarch64-unknown-linux-gnu, ubuntu-24.04-arm)	Build	2026-09-09T07:37:35.1341285Z ^[[1m^[[92m   Compiling^[[0m shlex v1.3.0
build (aarch64-unknown-linux-gnu, ubuntu-24.04-arm)	Build	2026-09-09T07:37:35.2271397Z ^[[1m^[[92m   Compiling^[[0m log v0.4.29
build (aarch64-unknown-linux-gnu, ubuntu-24.04-arm)	Build	2026-09-09T07:37:35.3231330Z ^[[1m^[[92m   Compiling^[[0m itoa v1.0.17
build (aarch64-unknown-linux-gnu, ubuntu-24.04-arm)	Build	2026-09-09T07:37:35.5091266Z ^[[1m^[[92m   Compiling^[[0m foldhash v0.2.0
build (aarch64-unknown-linux-gnu, ubuntu-24.04-arm)	Build	2026-09-09T07:37:35.5941682Z ^[[1m^[[92m   Compiling^[[0m syn v2.0.115
build (aarch64-unknown-linux-gnu, ubuntu-24.04-arm)	Build	2026-09-09T07:37:35.5969745Z ^[[1m^[[92m   Compiling^[[0m memchr v2.8.0
build (aarch64-unknown-linux-gnu, ubuntu-24.04-arm)	Build	2026-09-09T07:37:35.6731361Z ^[[1m^[[92m   Compiling^[[0m mio v1.1.1
build (aarch64-unknown-linux-gnu, ubuntu-24.04-arm)	Build	2026-09-09T07:37:35.7271553Z ^[[1m^[[92m   Compiling^[[0m jobserver v0.1.34
build (aarch64-unknown-linux-gnu, ubuntu-24.04-arm)	Build	2026-09-09T07:37:35.9437267Z ^[[1m^[[92m   Compiling^[[0m cc v1.2.56
build (aarch64-unknown-linux-gnu, ubuntu-24.04-arm)	Build	2026-09-09T07:37:36.0141247Z ^[[1m^[[92m   Compiling^[[0m smallvec v1.15.1
build (aarch64-unknown-linux-gnu, ubuntu-24.04-arm)	Build	2026-09-09T07:37:36.0321064Z ^[[1m^[[92m   Compiling^[[0m equivalent v1.0.2
build (aarch64-unknown-linux-gnu, ubuntu-24.04-arm)	Build	2026-09-09T07:37:36.0621010Z ^[[1m^[[92m   Compiling^[[0m allocator-api2 v0.2.21
build (aarch64-unknown-linux-gnu, ubuntu-24.04-arm)	Build	2026-09-09T07:37:36.1641286Z ^[[1m^[[92m   Compiling^[[0m once_cell v1.21.3
build (aarch64-unknown-linux-gnu, ubuntu-24.04-arm)	Build	2026-09-09T07:37:36.2931375Z ^[[1m^[[92m   Compiling^[[0m stable_deref_trait v1.2.1
build (aarch64-unknown-linux-gnu, ubuntu-24.04-arm)	Build	2026-09-09T07:37:36.3201330Z ^[[1m^[[92m   Compiling^[[0m rustix v1.1.3
build (aarch64-unknown-linux-gnu, ubuntu-24.04-arm)	Build	2026-09-09T07:37:36.3431455Z ^[[1m^[[92m   Compiling^[[0m hashbrown v0.16.1
build (aarch64-unknown-linux-gnu, ubuntu-24.04-arm)	Build	2026-09-09T07:37:36.5471270Z ^[[1m^[[92m   Compiling^[[0m linux-raw-sys v0.11.0
build (aarch64-unknown-linux-gnu, ubuntu-24.04-arm)	Build	2026-09-09T07:37:36.8841338Z ^[[1m^[[92m   Compiling^[[0m pin-project-lite v0.2.16
build (aarch64-unknown-linux-gnu, ubuntu-24.04-arm)	Build	2026-09-09T07:37:36.9251289Z ^[[1m^[[92m   Compiling^[[0m libm v0.2.16
build (aarch64-unknown-linux-gnu, ubuntu-24.04-arm)	Build	2026-09-09T07:37:37.0681406Z ^[[1m^[[92m   Compiling^[[0m bytes v1.11.1
build (aarch64-unknown-linux-gnu, ubuntu-24.04-arm)	Build	2026-09-09T07:37:37.1291254Z ^[[1m^[[92m   Compiling^[[0m version_check v0.9.5
build (aarch64-unknown-linux-gnu, ubuntu-24.04-arm)	Build	2026-09-09T07:37:37.3031073Z ^[[1m^[[92m   Compiling^[[0m typenum v1.19.0
build (aarch64-unknown-linux-gnu, ubuntu-24.04-arm)	Build	2026-09-09T07:37:37.4741218Z ^[[1m^[[92m   Compiling^[[0m thiserror v2.0.18
build (aarch64-unknown-linux-gnu, ubuntu-24.04-arm)	Build	2026-09-09T07:37:37.5951270Z ^[[1m^[[92m   Compiling^[[0m futures-core v0.3.31
build (aarch64-unknown-linux-gnu, ubuntu-24.04-arm)	Build	2026-09-09T07:37:37.6381149Z ^[[1m^[[92m   Compiling^[[0m pkg-config v0.3.32
build (aarch64-unknown-linux-gnu, ubuntu-24.04-arm)	Build	2026-09-09T07:37:37.7051222Z ^[[1m^[[92m   Compiling^[[0m generic-array v0.14.7
build (aarch64-unknown-linux-gnu, ubuntu-24.04-arm)	Build	2026-09-09T07:37:37.9881224Z ^[[1m^[[92m   Compiling^[[0m synstructure v0.13.2
build (aarch64-unknown-linux-gnu, ubuntu-24.04-arm)	Build	2026-09-09T07:37:38.4118711Z ^[[1m^[[92m   Compiling^[[0m autocfg v1.5.0
build (aarch64-unknown-linux-gnu, ubuntu-24.04-arm)	Build	2026-09-09T07:37:38.6630164Z ^[[1m^[[92m   Compiling^[[0m num-traits v0.2.19
build (aarch64-unknown-linux-gnu, ubuntu-24.04-arm)	Build	2026-09-09T07:37:38.7551440Z ^[[1m^[[92m   Compiling^[[0m socket2 v0.6.2
build (aarch64-unknown-linux-gnu, ubuntu-24.04-arm)	Build	2026-09-09T07:37:39.0671392Z ^[[1m^[[92m   Compiling^[[0m getrandom v0.2.17
build (aarch64-unknown-linux-gnu, ubuntu-24.04-arm)	Build	2026-09-09T07:37:39.1811746Z ^[[1m^[[92m   Compiling^[[0m syn v3.0.4
build (aarch64-unknown-linux-gnu, ubuntu-24.04-arm)	Build	2026-09-09T07:37:39.1851277Z ^[[1m^[[92m   Compiling^[[0m vcpkg v0.2.15
build (aarch64-unknown-linux-gnu, ubuntu-24.04-arm)	Build	2026-09-09T07:37:39.3131314Z ^[[1m^[[92m   Compiling^[[0m zerofrom-derive v0.1.6
build (aarch64-unknown-linux-gnu, ubuntu-24.04-arm)	Build	2026-09-09T07:37:39.6721633Z ^[[1m^[[92m   Compiling^[[0m yoke-derive v0.8.1
build (aarch64-unknown-linux-gnu, ubuntu-24.04-arm)	Build	2026-09-09T07:37:40.3081645Z ^[[1m^[[92m   Compiling^[[0m zerofrom v0.1.6
build (aarch64-unknown-linux-gnu, ubuntu-24.04-arm)	Build	2026-09-09T07:37:40.3777876Z ^[[1m^[[92m   Compiling^[[0m zerovec-derive v0.11.2
build (aarch64-unknown-linux-gnu, ubuntu-24.04-arm)	Build	2026-09-09T07:37:40.4921387Z ^[[1m^[[92m   Compiling^[[0m displaydoc v0.2.5
build (aarch64-unknown-linux-gnu, ubuntu-24.04-arm)	Build	2026-09-09T07:37:40.5003269Z ^[[1m^[[92m   Compiling^[[0m yoke v0.8.1
build (aarch64-unknown-linux-gnu, ubuntu-24.04-arm)	Build	2026-09-09T07:37:40.6021765Z ^[[1m^[[92m   Compiling^[[0m thiserror-impl v2.0.18
build (aarch64-unknown-linux-gnu, ubuntu-24.04-arm)	Build	2026-09-09T07:37:41.0701213Z ^[[1m^[[92m   Compiling^[[0m zeroize v1.8.2
build (aarch64-unknown-linux-gnu, ubuntu-24.04-arm)	Build	2026-09-09T07:37:41.0751105Z ^[[1m^[[92m   Compiling^[[0m serde_core v1.0.228
build (aarch64-unknown-linux-gnu, ubuntu-24.04-arm)	Build	2026-09-09T07:37:41.1571323Z ^[[1m^[[92m   Compiling^[[0m futures-sink v0.3.31
build (aarch64-unknown-linux-gnu, ubuntu-24.04-arm)	Build	2026-09-09T07:37:41.1778589Z ^[[1m^[[92m   Compiling^[[0m zerovec v0.11.5
build (aarch64-unknown-linux-gnu, ubuntu-24.04-arm)	Build	2026-09-09T07:37:41.2457551Z ^[[1m^[[92m   Compiling^[[0m tokio v1.49.0
build (aarch64-unknown-linux-gnu, ubuntu-24.04-arm)	Build	2026-09-09T07:37:41.6401263Z ^[[1m^[[92m   Compiling^[[0m tinystr v0.8.2
build (aarch64-unknown-linux-gnu, ubuntu-24.04-arm)	Build	2026-09-09T07:37:41.6571169Z ^[[1m^[[92m   Compiling^[[0m unicode-width v0.2.2
build (aarch64-unknown-linux-gnu, ubuntu-24.04-arm)	Build	2026-09-09T07:37:41.6721862Z ^[[1m^[[92m   Compiling^[[0m heck v0.5.0
build (aarch64-unknown-linux-gnu, ubuntu-24.04-arm)	Build	2026-09-09T07:37:41.7611646Z ^[[1m^[[92m   Compiling^[[0m ryu v1.0.23
build (aarch64-unknown-linux-gnu, ubuntu-24.04-arm)	Build	2026-09-09T07:37:41.7891234Z ^[[1m^[[92m   Compiling^[[0m litemap v0.8.1
build (aarch64-unknown-linux-gnu, ubuntu-24.04-arm)	Build	2026-09-09T07:37:41.8121265Z ^[[1m^[[92m   Compiling^[[0m rustversion v1.0.22
build (aarch64-unknown-linux-gnu, ubuntu-24.04-arm)	Build	2026-09-09T07:37:41.8761747Z ^[[1m^[[92m   Compiling^[[0m writeable v0.6.2
build (aarch64-unknown-linux-gnu, ubuntu-24.04-arm)	Build	2026-09-09T07:37:42.0011853Z ^[[1m^[[92m   Compiling^[[0m icu_locale_core v2.1.1
build (aarch64-unknown-linux-gnu, ubuntu-24.04-arm)	Build	2026-09-09T07:37:42.0050962Z ^[[1m^[[92m   Compiling^[[0m potential_utf v0.1.4
build (aarch64-unknown-linux-gnu, ubuntu-24.04-arm)	Build	2026-09-09T07:37:42.4871308Z ^[[1m^[[92m   Compiling^[[0m zerotrie v0.2.3
build (aarch64-unknown-linux-gnu, ubuntu-24.04-arm)	Build	2026-09-09T07:37:42.7291295Z ^[[1m^[[92m   Compiling^[[0m http v1.4.0
build (aarch64-unknown-linux-gnu, ubuntu-24.04-arm)	Build	2026-09-09T07:37:43.2031250Z ^[[1m^[[92m   Compiling^[[0m ring v0.17.14
build (aarch64-unknown-linux-gnu, ubuntu-24.04-arm)	Build	2026-09-09T07:37:43.5271306Z ^[[1m^[[92m   Compiling^[[0m icu_normalizer_data v2.1.1
build (aarch64-unknown-linux-gnu, ubuntu-24.04-arm)	Build	2026-09-09T07:37:43.6261144Z ^[[1m^[[92m   Compiling^[[0m ident_case v1.0.1
build (aarch64-unknown-linux-gnu, ubuntu-24.04-arm)	Build	2026-09-09T07:37:43.6791203Z ^[[1m^[[92m   Compiling^[[0m serde v1.0.228
build (aarch64-unknown-linux-gnu, ubuntu-24.04-arm)	Build	2026-09-09T07:37:43.7641510Z ^[[1m^[[92m   Compiling^[[0m either v1.15.0
build (aarch64-unknown-linux-gnu, ubuntu-24.04-arm)	Build	2026-09-09T07:37:43.8271338Z ^[[1m^[[92m   Compiling^[[0m percent-encoding v2.3.2
build (aarch64-unknown-linux-gnu, ubuntu-24.04-arm)	Build	2026-09-09T07:37:43.8955603Z ^[[1m^[[92m   Compiling^[[0m crc32fast v1.5.0
build (aarch64-unknown-linux-gnu, ubuntu-24.04-arm)	Build	2026-09-09T07:37:43.9421681Z ^[[1m^[[92m   Compiling^[[0m strsim v0.11.1
build (aarch64-unknown-linux-gnu, ubuntu-24.04-arm)	Build	2026-09-09T07:37:43.9668133Z ^[[1m^[[92m   Compiling^[[0m simd-adler32 v0.3.8
build (aarch64-unknown-linux-gnu, ubuntu-24.04-arm)	Build	2026-09-09T07:37:44.0247183Z ^[[1m^[[92m   Compiling^[[0m icu_properties_data v2.1.2
build (aarch64-unknown-linux-gnu, ubuntu-24.04-arm)	Build	2026-09-09T07:37:44.0371687Z ^[[1m^[[92m   Compiling^[[0m parking_lot_core v0.9.12
build (aarch64-unknown-linux-gnu, ubuntu-24.04-arm)	Build	2026-09-09T07:37:44.1251348Z ^[[1m^[[92m   Compiling^[[0m slab v0.4.12
build (aarch64-unknown-linux-gnu, ubuntu-24.04-arm)	Build	2026-09-09T07:37:44.1631550Z ^[[1m^[[92m   Compiling^[[0m darling_core v0.23.0
build (aarch64-unknown-linux-gnu, ubuntu-24.04-arm)	Build	2026-09-09T07:37:44.2313127Z ^[[1m^[[92m   Compiling^[[0m icu_provider v2.1.1
build (aarch64-unknown-linux-gnu, ubuntu-24.04-arm)	Build	2026-09-09T07:37:44.4831380Z ^[[1m^[[92m   Compiling^[[0m icu_collections v2.1.1
build (aarch64-unknown-linux-gnu, ubuntu-24.04-arm)	Build	2026-09-09T07:37:45.2322074Z ^[[1m^[[92m   Compiling^[[0m crypto-common v0.1.7
build (aarch64-unknown-linux-gnu, ubuntu-24.04-arm)	Build	2026-09-09T07:37:45.2795194Z ^[[1m^[[92m   Compiling^[[0m block-buffer v0.10.4
build (aarch64-unknown-linux-gnu, ubuntu-24.04-arm)	Build	2026-09-09T07:37:45.3530964Z ^[[1m^[[92m   Compiling^[[0m bytemuck_derive v1.12.0
build (aarch64-unknown-linux-gnu, ubuntu-24.04-arm)	Build	2026-09-09T07:37:45.7861741Z ^[[1m^[[92m   Compiling^[[0m serde_derive v1.0.228
build (aarch64-unknown-linux-gnu, ubuntu-24.04-arm)	Build	2026-09-09T07:37:46.1581330Z ^[[1m^[[92m   Compiling^[[0m indexmap v2.13.0
build (aarch64-unknown-linux-gnu, ubuntu-24.04-arm)	Build	2026-09-09T07:37:46.1711878Z ^[[1m^[[92m   Compiling^[[0m openssl-src v300.5.5+3.5.5
build (aarch64-unknown-linux-gnu, ubuntu-24.04-arm)	Build	2026-09-09T07:37:46.3432165Z ^[[1m^[[92m   Compiling^[[0m errno v0.3.14
build (aarch64-unknown-linux-gnu, ubuntu-24.04-arm)	Build	2026-09-09T07:37:46.4451413Z ^[[1m^[[92m   Compiling^[[0m signal-hook v0.3.18
build (aarch64-unknown-linux-gnu, ubuntu-24.04-arm)	Build	2026-09-09T07:37:46.5411626Z ^[[1m^[[92m   Compiling^[[0m powerfmt v0.2.0
build (aarch64-unknown-linux-gnu, ubuntu-24.04-arm)	Build	2026-09-09T07:37:46.6741624Z ^[[1m^[[92m   Compiling^[[0m scopeguard v1.2.0
build (aarch64-unknown-linux-gnu, ubuntu-24.04-arm)	Build	2026-09-09T07:37:46.7111135Z ^[[1m^[[92m   Compiling^[[0m subtle v2.6.1
build (aarch64-unknown-linux-gnu, ubuntu-24.04-arm)	Build	2026-09-09T07:37:46.7831099Z ^[[1m^[[92m   Compiling^[[0m pin-utils v0.1.0
build (aarch64-unknown-linux-gnu, ubuntu-24.04-arm)	Build	2026-09-09T07:37:46.8069069Z ^[[1m^[[92m   Compiling^[[0m adler2 v2.0.1
build (aarch64-unknown-linux-gnu, ubuntu-24.04-arm)	Build	2026-09-09T07:37:46.8701716Z ^[[1m^[[92m   Compiling^[[0m miniz_oxide v0.8.9
build (aarch64-unknown-linux-gnu, ubuntu-24.04-arm)	Build	2026-09-09T07:37:46.9211478Z ^[[1m^[[92m   Compiling^[[0m lock_api v0.4.14
build (aarch64-unknown-linux-gnu, ubuntu-24.04-arm)	Build	2026-09-09T07:37:47.0781289Z ^[[1m^[[92m   Compiling^[[0m deranged v0.5.6
build (aarch64-unknown-linux-gnu, ubuntu-24.04-arm)	Build	2026-09-09T07:37:47.5637617Z ^[[1m^[[92m   Compiling^[[0m signal-hook-registry v1.4.8
build (aarch64-unknown-linux-gnu, ubuntu-24.04-arm)	Build	2026-09-09T07:37:47.7755826Z ^[[1m^[[92m   Compiling^[[0m openssl-sys v0.9.111
build (aarch64-unknown-linux-gnu, ubuntu-24.04-arm)	Build	2026-09-09T07:37:48.0061252Z ^[[1m^[[92m   Compiling^[[0m darling_macro v0.23.0
build (aarch64-unknown-linux-gnu, ubuntu-24.04-arm)	Build	2026-09-09T07:37:48.1249021Z ^[[1m^[[92m   Compiling^[[0m bytemuck v1.25.0
build (aarch64-unknown-linux-gnu, ubuntu-24.04-arm)	Build	2026-09-09T07:37:48.2925888Z ^[[1m^[[92m   Compiling^[[0m digest v0.10.7
build (aarch64-unknown-linux-gnu, ubuntu-24.04-arm)	Build	2026-09-09T07:37:48.3208351Z ^[[1m^[[92m   Compiling^[[0m castaway v0.2.4
build (aarch64-unknown-linux-gnu, ubuntu-24.04-arm)	Build	2026-09-09T07:37:48.5258344Z ^[[1m^[[92m   Compiling^[[0m itertools v0.14.0
build (aarch64-unknown-linux-gnu, ubuntu-24.04-arm)	Build	2026-09-09T07:37:48.5611611Z ^[[1m^[[92m   Compiling^[[0m http-body v1.0.1
build (aarch64-unknown-linux-gnu, ubuntu-24.04-arm)	Build	2026-09-09T07:37:48.5707159Z ^[[1m^[[92m   Compiling^[[0m strum_macros v0.27.2
build (aarch64-unknown-linux-gnu, ubuntu-24.04-arm)	Build	2026-09-09T07:37:48.6261489Z ^[[1m^[[92m   Compiling^[[0m rustls-pki-types v1.14.0
build (aarch64-unknown-linux-gnu, ubuntu-24.04-arm)	Build	2026-09-09T07:37:49.0321255Z ^[[1m^[[92m   Compiling^[[0m libz-sys v1.1.23
build (aarch64-unknown-linux-gnu, ubuntu-24.04-arm)	Build	2026-09-09T07:37:49.2525086Z ^[[1m^[[92m   Compiling^[[0m tracing-core v0.1.36
build (aarch64-unknown-linux-gnu, ubuntu-24.04-arm)	Build	2026-09-09T07:37:49.7351341Z ^[[1m^[[92m   Compiling^[[0m num-conv v0.2.0
build (aarch64-unknown-linux-gnu, ubuntu-24.04-arm)	Build	2026-09-09T07:37:49.7741560Z ^[[1m^[[92m   Compiling^[[0m base64 v0.22.1
build (aarch64-unknown-linux-gnu, ubuntu-24.04-arm)	Build	2026-09-09T07:37:49.8036296Z ^[[1m^[[92m   Compiling^[[0m instability v0.3.11
build (aarch64-unknown-linux-gnu, ubuntu-24.04-arm)	Build	2026-09-09T07:37:49.8955615Z ^[[1m^[[92m   Compiling^[[0m untrusted v0.9.0
build (aarch64-unknown-linux-gnu, ubuntu-24.04-arm)	Build	2026-09-09T07:37:49.9433558Z ^[[1m^[[92m   Compiling^[[0m num_threads v0.1.7
build (aarch64-unknown-linux-gnu, ubuntu-24.04-arm)	Build	2026-09-09T07:37:50.0298845Z ^[[1m^[[92m   Compiling^[[0m unicode-segmentation v1.12.0
build (aarch64-unknown-linux-gnu, ubuntu-24.04-arm)	Build	2026-09-09T07:37:50.0303331Z ^[[1m^[[92m   Compiling^[[0m indoc v2.0.7
build (aarch64-unknown-linux-gnu, ubuntu-24.04-arm)	Build	2026-09-09T07:37:50.2633346Z ^[[1m^[[92m   Compiling^[[0m static_assertions v1.1.0
build (aarch64-unknown-linux-gnu, ubuntu-24.04-arm)	Build	2026-09-09T07:37:50.2761535Z ^[[1m^[[92m   Compiling^[[0m futures-io v0.3.31
build (aarch64-unknown-linux-gnu, ubuntu-24.04-arm)	Build	2026-09-09T07:37:50.2891676Z ^[[1m^[[92m   Compiling^[[0m fnv v1.0.7
build (aarch64-unknown-linux-gnu, ubuntu-24.04-arm)	Build	2026-09-09T07:37:50.3191125Z ^[[1m^[[92m   Compiling^[[0m futures-task v0.3.31
build (aarch64-unknown-linux-gnu, ubuntu-24.04-arm)	Build	2026-09-09T07:37:50.3524793Z ^[[1m^[[92m   Compiling^[[0m semver v1.0.27
build (aarch64-unknown-linux-gnu, ubuntu-24.04-arm)	Build	2026-09-09T07:37:50.3560826Z ^[[1m^[[92m   Compiling^[[0m httparse v1.10.1
build (aarch64-unknown-linux-gnu, ubuntu-24.04-arm)	Build	2026-09-09T07:37:50.4017099Z ^[[1m^[[92m   Compiling^[[0m time-core v0.1.8
build (aarch64-unknown-linux-gnu, ubuntu-24.04-arm)	Build	2026-09-09T07:37:50.4731428Z ^[[1m^[[92m   Compiling^[[0m time v0.3.47
build (aarch64-unknown-linux-gnu, ubuntu-24.04-arm)	Build	2026-09-09T07:37:50.5337975Z ^[[1m^[[92m   Compiling^[[0m rustc_version v0.4.1
build (aarch64-unknown-linux-gnu, ubuntu-24.04-arm)	Build	2026-09-09T07:37:50.5416652Z ^[[1m^[[92m   Compiling^[[0m futures-util v0.3.31
build (aarch64-unknown-linux-gnu, ubuntu-24.04-arm)	Build	2026-09-09T07:37:50.6911222Z ^[[1m^[[92m   Compiling^[[0m compact_str v0.9.0
build (aarch64-unknown-linux-gnu, ubuntu-24.04-arm)	Build	2026-09-09T07:37:51.2345584Z ^[[1m^[[92m   Compiling^[[0m unicode-truncate v2.0.1
build (aarch64-unknown-linux-gnu, ubuntu-24.04-arm)	Build	2026-09-09T07:37:51.3159236Z ^[[1m^[[92m   Compiling^[[0m convert_case v0.10.0
build (aarch64-unknown-linux-gnu, ubuntu-24.04-arm)	Build	2026-09-09T07:37:51.4811656Z ^[[1m^[[92m   Compiling^[[0m strum v0.27.2
build (aarch64-unknown-linux-gnu, ubuntu-24.04-arm)	Build	2026-09-09T07:37:51.5362151Z ^[[1m^[[92m   Compiling^[[0m tracing v0.1.44
build (aarch64-unknown-linux-gnu, ubuntu-24.04-arm)	Build	2026-09-09T07:37:51.8251406Z ^[[1m^[[92m   Compiling^[[0m icu_properties v2.1.2
build (aarch64-unknown-linux-gnu, ubuntu-24.04-arm)	Build	2026-09-09T07:37:52.4323706Z ^[[1m^[[92m   Compiling^[[0m parking_lot v0.12.5
build (aarch64-unknown-linux-gnu, ubuntu-24.04-arm)	Build	2026-09-09T07:37:52.6735014Z ^[[1m^[[92m   Compiling^[[0m flate2 v1.1.9
build (aarch64-unknown-linux-gnu, ubuntu-24.04-arm)	Build	2026-09-09T07:37:52.8141711Z ^[[1m^[[92m   Compiling^[[0m icu_normalizer v2.1.1
build (aarch64-unknown-linux-gnu, ubuntu-24.04-arm)	Build	2026-09-09T07:37:52.8661401Z ^[[1m^[[92m   Compiling^[[0m darling v0.23.0
build (aarch64-unknown-linux-gnu, ubuntu-24.04-arm)	Build	2026-09-09T07:37:53.2231924Z ^[[1m^[[92m   Compiling^[[0m tokio-util v0.7.18
build (aarch64-unknown-linux-gnu, ubuntu-24.04-arm)	Build	2026-09-09T07:37:53.3911134Z ^[[1m^[[92m   Compiling^[[0m kasuari v0.4.11
build (aarch64-unknown-linux-gnu, ubuntu-24.04-arm)	Build	2026-09-09T07:37:53.7121539Z ^[[1m^[[92m   Compiling^[[0m lru v0.16.3
build (aarch64-unknown-linux-gnu, ubuntu-24.04-arm)	Build	2026-09-09T07:37:53.7991249Z ^[[1m^[[92m   Compiling^[[0m rustls v0.23.36
build (aarch64-unknown-linux-gnu, ubuntu-24.04-arm)	Build	2026-09-09T07:37:53.8261322Z ^[[1m^[[92m   Compiling^[[0m tower-service v0.3.3
build (aarch64-unknown-linux-gnu, ubuntu-24.04-arm)	Build	2026-09-09T07:37:53.8581354Z ^[[1m^[[92m   Compiling^[[0m getrandom v0.4.1
build (aarch64-unknown-linux-gnu, ubuntu-24.04-arm)	Build	2026-09-09T07:37:53.8761089Z ^[[1m^[[92m   Compiling^[[0m radium v0.7.0
build (aarch64-unknown-linux-gnu, ubuntu-24.04-arm)	Build	2026-09-09T07:37:53.9811017Z ^[[1m^[[92m   Compiling^[[0m zerocopy v0.8.39
build (aarch64-unknown-linux-gnu, ubuntu-24.04-arm)	Build	2026-09-09T07:37:54.0120999Z ^[[1m^[[92m   Compiling^[[0m zmij v1.0.21
build (aarch64-unknown-linux-gnu, ubuntu-24.04-arm)	Build	2026-09-09T07:37:54.1441395Z ^[[1m^[[92m   Compiling^[[0m atomic-waker v1.1.2
build (aarch64-unknown-linux-gnu, ubuntu-24.04-arm)	Build	2026-09-09T07:37:54.1505461Z ^[[1m^[[92m   Compiling^[[0m try-lock v0.2.5
build (aarch64-unknown-linux-gnu, ubuntu-24.04-arm)	Build	2026-09-09T07:37:54.1858946Z ^[[1m^[[92m   Compiling^[[0m want v0.3.1
build (aarch64-unknown-linux-gnu, ubuntu-24.04-arm)	Build	2026-09-09T07:37:54.1861458Z ^[[1m^[[92m   Compiling^[[0m h2 v0.4.13
build (aarch64-unknown-linux-gnu, ubuntu-24.04-arm)	Build	2026-09-09T07:37:54.2341354Z ^[[1m^[[92m   Compiling^[[0m ratatui-core v0.1.0
build (aarch64-unknown-linux-gnu, ubuntu-24.04-arm)	Build	2026-09-09T07:37:54.2572173Z ^[[1m^[[92m   Compiling^[[0m signal-hook-mio v0.2.5
build (aarch64-unknown-linux-gnu, ubuntu-24.04-arm)	Build	2026-09-09T07:37:54.3071325Z ^[[1m^[[92m   Compiling^[[0m idna_adapter v1.2.1
build (aarch64-unknown-linux-gnu, ubuntu-24.04-arm)	Build	2026-09-09T07:37:54.7841560Z ^[[1m^[[92m   Compiling^[[0m rustls-webpki v0.103.15
build (aarch64-unknown-linux-gnu, ubuntu-24.04-arm)	Build	2026-09-09T07:37:55.8491163Z ^[[1m^[[92m   Compiling^[[0m derive_more-impl v2.1.1
build (aarch64-unknown-linux-gnu, ubuntu-24.04-arm)	Build	2026-09-09T07:37:56.4064197Z ^[[1m^[[92m   Compiling^[[0m curve25519-dalek v4.1.3
build (aarch64-unknown-linux-gnu, ubuntu-24.04-arm)	Build	2026-09-09T07:37:56.5641899Z ^[[1m^[[92m   Compiling^[[0m form_urlencoded v1.2.2
build (aarch64-unknown-linux-gnu, ubuntu-24.04-arm)	Build	2026-09-09T07:37:56.6891279Z ^[[1m^[[92m   Compiling^[[0m futures-channel v0.3.31
build (aarch64-unknown-linux-gnu, ubuntu-24.04-arm)	Build	2026-09-09T07:37:56.7611487Z ^[[1m^[[92m   Compiling^[[0m libssh2-sys v0.3.1
build (aarch64-unknown-linux-gnu, ubuntu-24.04-arm)	Build	2026-09-09T07:37:56.8241208Z ^[[1m^[[92m   Compiling^[[0m aho-corasick v1.1.4
build (aarch64-unknown-linux-gnu, ubuntu-24.04-arm)	Build	2026-09-09T07:37:56.9614154Z ^[[1m^[[92m   Compiling^[[0m regex-syntax v0.8.9
build (aarch64-unknown-linux-gnu, ubuntu-24.04-arm)	Build	2026-09-09T07:37:57.5141092Z ^[[1m^[[92m   Compiling^[[0m ref-cast v1.0.27
build (aarch64-unknown-linux-gnu, ubuntu-24.04-arm)	Build	2026-09-09T07:37:57.6661403Z ^[[1m^[[92m   Compiling^[[0m rand_core v0.10.1
build (aarch64-unknown-linux-gnu, ubuntu-24.04-arm)	Build	2026-09-09T07:37:57.7661705Z ^[[1m^[[92m   Compiling^[[0m utf8_iter v1.0.4
build (aarch64-unknown-linux-gnu, ubuntu-24.04-arm)	Build	2026-09-09T07:37:57.8361691Z ^[[1m^[[92m   Compiling^[[0m tap v1.0.1
build (aarch64-unknown-linux-gnu, ubuntu-24.04-arm)	Build	2026-09-09T07:37:57.8871752Z ^[[1m^[[92m   Compiling^[[0m serde_json v1.0.149
build (aarch64-unknown-linux-gnu, ubuntu-24.04-arm)	Build	2026-09-09T07:37:57.9756639Z ^[[1m^[[92m   Compiling^[[0m by_address v1.2.1
build (aarch64-unknown-linux-gnu, ubuntu-24.04-arm)	Build	2026-09-09T07:37:58.0221384Z ^[[1m^[[92m   Compiling^[[0m litrs v1.0.0
build (aarch64-unknown-linux-gnu, ubuntu-24.04-arm)	Build	2026-09-09T07:37:58.3841909Z ^[[1m^[[92m   Compiling^[[0m document-features v0.2.12
build (aarch64-unknown-linux-gnu, ubuntu-24.04-arm)	Build	2026-09-09T07:37:58.7421335Z ^[[1m^[[92m   Compiling^[[0m regex-automata v0.4.14
build (aarch64-unknown-linux-gnu, ubuntu-24.04-arm)	Build	2026-09-09T07:37:58.7589666Z ^[[1m^[[92m   Compiling^[[0m palette_derive v0.7.7
build (aarch64-unknown-linux-gnu, ubuntu-24.04-arm)	Build	2026-09-09T07:37:59.4551365Z ^[[1m^[[92m   Compiling^[[0m wyz v0.5.1
build (aarch64-unknown-linux-gnu, ubuntu-24.04-arm)	Build	2026-09-09T07:37:59.5676435Z ^[[1m^[[92m   Compiling^[[0m idna v1.1.0
build (aarch64-unknown-linux-gnu, ubuntu-24.04-arm)	Build	2026-09-09T07:38:00.0451650Z ^[[1m^[[92m   Compiling^[[0m hyper v1.8.1
build (aarch64-unknown-linux-gnu, ubuntu-24.04-arm)	Build	2026-09-09T07:38:00.4321281Z ^[[1m^[[92m   Compiling^[[0m derive_more v2.1.1
build (aarch64-unknown-linux-gnu, ubuntu-24.04-arm)	Build	2026-09-09T07:38:05.0372252Z ^[[1m^[[92m   Compiling^[[0m signature v2.2.0
build (aarch64-unknown-linux-gnu, ubuntu-24.04-arm)	Build	2026-09-09T07:38:05.0931672Z ^[[1m^[[92m   Compiling^[[0m fdeflate v0.3.7
build (aarch64-unknown-linux-gnu, ubuntu-24.04-arm)	Build	2026-09-09T07:38:05.4692098Z ^[[1m^[[92m   Compiling^[[0m pxfm v0.1.27
build (aarch64-unknown-linux-gnu, ubuntu-24.04-arm)	Build	2026-09-09T07:38:05.4991901Z ^[[1m^[[92m   Compiling^[[0m ref-cast-impl v1.0.27
build (aarch64-unknown-linux-gnu, ubuntu-24.04-arm)	Build	2026-09-09T07:38:05.7981677Z ^[[1m^[[92m   Compiling^[[0m palette_math v0.7.7
build (aarch64-unknown-linux-gnu, ubuntu-24.04-arm)	Build	2026-09-09T07:38:05.8891302Z ^[[1m^[[92m   Compiling^[[0m sync_wrapper v1.0.2
build (aarch64-unknown-linux-gnu, ubuntu-24.04-arm)	Build	2026-09-09T07:38:05.9291047Z ^[[1m^[[92m   Compiling^[[0m filetime v0.2.27
build (aarch64-unknown-linux-gnu, ubuntu-24.04-arm)	Build	2026-09-09T07:38:06.0286364Z ^[[1m^[[92m   Compiling^[[0m cpufeatures v0.2.17
build (aarch64-unknown-linux-gnu, ubuntu-24.04-arm)	Build	2026-09-09T07:38:06.0621717Z ^[[1m^[[92m   Compiling^[[0m line-clipping v0.3.5
build (aarch64-unknown-linux-gnu, ubuntu-24.04-arm)	Build	2026-09-09T07:38:06.2011127Z ^[[1m^[[92m   Compiling^[[0m color_quant v1.1.0
build (aarch64-unknown-linux-gnu, ubuntu-24.04-arm)	Build	2026-09-09T07:38:06.3251139Z ^[[1m^[[92m   Compiling^[[0m quick-error v2.0.1
build (aarch64-unknown-linux-gnu, ubuntu-24.04-arm)	Build	2026-09-09T07:38:06.3561130Z ^[[1m^[[92m   Compiling^[[0m weezl v0.1.12
build (aarch64-unknown-linux-gnu, ubuntu-24.04-arm)	Build	2026-09-09T07:38:06.8149036Z ^[[1m^[[92m   Compiling^[[0m fastrand v2.3.0
build (aarch64-unknown-linux-gnu, ubuntu-24.04-arm)	Build	2026-09-09T07:38:06.9591732Z ^[[1m^[[92m   Compiling^[[0m portable-atomic v1.13.1
build (aarch64-unknown-linux-gnu, ubuntu-24.04-arm)	Build	2026-09-09T07:38:07.2280161Z ^[[1m^[[92m   Compiling^[[0m same-file v1.0.6
build (aarch64-unknown-linux-gnu, ubuntu-24.04-arm)	Build	2026-09-09T07:38:07.2939303Z ^[[1m^[[92m   Compiling^[[0m byteorder-lite v0.1.0
build (aarch64-unknown-linux-gnu, ubuntu-24.04-arm)	Build	2026-09-09T07:38:07.4861300Z ^[[1m^[[92m   Compiling^[[0m tower-layer v0.3.3
build (aarch64-unknown-linux-gnu, ubuntu-24.04-arm)	Build	2026-09-09T07:38:07.6111375Z ^[[1m^[[92m   Compiling^[[0m rustix v0.38.44
build (aarch64-unknown-linux-gnu, ubuntu-24.04-arm)	Build	2026-09-09T07:38:07.6731163Z ^[[1m^[[92m   Compiling^[[0m funty v2.0.0
build (aarch64-unknown-linux-gnu, ubuntu-24.04-arm)	Build	2026-09-09T07:38:07.7811319Z ^[[1m^[[92m   Compiling^[[0m utf8parse v0.2.2
build (aarch64-unknown-linux-gnu, ubuntu-24.04-arm)	Build	2026-09-09T07:38:07.8184954Z ^[[1m^[[92m   Compiling^[[0m zune-core v0.5.3
build (aarch64-unknown-linux-gnu, ubuntu-24.04-arm)	Build	2026-09-09T07:38:07.9954152Z ^[[1m^[[92m   Compiling^[[0m ipnet v2.11.0
build (aarch64-unknown-linux-gnu, ubuntu-24.04-arm)	Build	2026-09-09T07:38:08.2001468Z ^[[1m^[[92m   Compiling^[[0m hyper-util v0.1.20
build (aarch64-unknown-linux-gnu, ubuntu-24.04-arm)	Build	2026-09-09T07:38:08.4891552Z ^[[1m^[[92m   Compiling^[[0m zune-jpeg v0.5.15
build (aarch64-unknown-linux-gnu, ubuntu-24.04-arm)	Build	2026-09-09T07:38:08.8181042Z ^[[1m^[[92m   Compiling^[[0m bitvec v1.1.1
build (aarch64-unknown-linux-gnu, ubuntu-24.04-arm)	Build	2026-09-09T07:38:09.3211941Z ^[[1m^[[92m   Compiling^[[0m anstyle-parse v0.2.7
build (aarch64-unknown-linux-gnu, ubuntu-24.04-arm)	Build	2026-09-09T07:38:09.4671097Z ^[[1m^[[92m   Compiling^[[0m tower v0.5.3
build (aarch64-unknown-linux-gnu, ubuntu-24.04-arm)	Build	2026-09-09T07:38:09.7121528Z ^[[1m^[[92m   Compiling^[[0m image-webp v0.2.4
build (aarch64-unknown-linux-gnu, ubuntu-24.04-arm)	Build	2026-09-09T07:38:09.8411680Z ^[[1m^[[92m   Compiling^[[0m walkdir v2.5.0
build (aarch64-unknown-linux-gnu, ubuntu-24.04-arm)	Build	2026-09-09T07:38:10.1728697Z ^[[1m^[[92m   Compiling^[[0m moxcms v0.7.11
build (aarch64-unknown-linux-gnu, ubuntu-24.04-arm)	Build	2026-09-09T07:38:10.7935251Z ^[[1m^[[92m   Compiling^[[0m tempfile v3.25.0
build (aarch64-unknown-linux-gnu, ubuntu-24.04-arm)	Build	2026-09-09T07:38:11.1981372Z ^[[1m^[[92m   Compiling^[[0m gif v0.14.2
build (aarch64-unknown-linux-gnu, ubuntu-24.04-arm)	Build	2026-09-09T07:38:11.2231312Z ^[[1m^[[92m   Compiling^[[0m ratatui-widgets v0.3.0
build (aarch64-unknown-linux-gnu, ubuntu-24.04-arm)	Build	2026-09-09T07:38:12.0436136Z ^[[1m^[[92m   Compiling^[[0m sha2 v0.10.9
build (aarch64-unknown-linux-gnu, ubuntu-24.04-arm)	Build	2026-09-09T07:38:12.3731722Z ^[[1m^[[92m   Compiling^[[0m palette v0.7.7
build (aarch64-unknown-linux-gnu, ubuntu-24.04-arm)	Build	2026-09-09T07:38:13.4854288Z ^[[1m^[[92m   Compiling^[[0m png v0.18.1
build (aarch64-unknown-linux-gnu, ubuntu-24.04-arm)	Build	2026-09-09T07:38:14.8370062Z ^[[1m^[[92m   Compiling^[[0m ed25519 v2.2.3
build (aarch64-unknown-linux-gnu, ubuntu-24.04-arm)	Build	2026-09-09T07:38:14.9297995Z ^[[1m^[[92m   Compiling^[[0m ppv-lite86 v0.2.21
build (aarch64-unknown-linux-gnu, ubuntu-24.04-arm)	Build	2026-09-09T07:38:15.0875089Z ^[[1m^[[92m   Compiling^[[0m tokio-rustls v0.26.4
build (aarch64-unknown-linux-gnu, ubuntu-24.04-arm)	Build	2026-09-09T07:38:16.5681239Z ^[[1m^[[92m   Compiling^[[0m crossterm v0.29.0
build (aarch64-unknown-linux-gnu, ubuntu-24.04-arm)	Build	2026-09-09T07:38:17.7391654Z ^[[1m^[[92m   Compiling^[[0m url v2.5.8
build (aarch64-unknown-linux-gnu, ubuntu-24.04-arm)	Build	2026-09-09T07:38:17.7809008Z ^[[1m^[[92m   Compiling^[[0m rand_xoshiro v0.8.1
build (aarch64-unknown-linux-gnu, ubuntu-24.04-arm)	Build	2026-09-09T07:38:18.0893774Z ^[[1m^[[92m   Compiling^[[0m rand v0.10.2
build (aarch64-unknown-linux-gnu, ubuntu-24.04-arm)	Build	2026-09-09T07:38:18.5325575Z ^[[1m^[[92m   Compiling^[[0m webpki-roots v1.0.6
build (aarch64-unknown-linux-gnu, ubuntu-24.04-arm)	Build	2026-09-09T07:38:18.5771356Z ^[[1m^[[92m   Compiling^[[0m wide v1.6.1
build (aarch64-unknown-linux-gnu, ubuntu-24.04-arm)	Build	2026-09-09T07:38:18.8206678Z ^[[1m^[[92m   Compiling^[[0m ordered-float v5.5.0
build (aarch64-unknown-linux-gnu, ubuntu-24.04-arm)	Build	2026-09-09T07:38:19.0011300Z ^[[1m^[[92m   Compiling^[[0m rand_core v0.6.4
build (aarch64-unknown-linux-gnu, ubuntu-24.04-arm)	Build	2026-09-09T07:38:19.1281066Z ^[[1m^[[92m   Compiling^[[0m libgit2-sys v0.18.3+1.9.2
build (aarch64-unknown-linux-gnu, ubuntu-24.04-arm)	Build	2026-09-09T07:38:19.3687837Z ^[[1m^[[92m   Compiling^[[0m inotify-sys v0.1.5
build (aarch64-unknown-linux-gnu, ubuntu-24.04-arm)	Build	2026-09-09T07:38:19.4141309Z ^[[1m^[[92m   Compiling^[[0m instant v0.1.13
build (aarch64-unknown-linux-gnu, ubuntu-24.04-arm)	Build	2026-09-09T07:38:19.4491399Z ^[[1m^[[92m   Compiling^[[0m bit-vec v0.8.0
build (aarch64-unknown-linux-gnu, ubuntu-24.04-arm)	Build	2026-09-09T07:38:19.6061283Z ^[[1m^[[92m   Compiling^[[0m anstyle v1.0.13
build (aarch64-unknown-linux-gnu, ubuntu-24.04-arm)	Build	2026-09-09T07:38:19.7317206Z ^[[1m^[[92m   Compiling^[[0m bitflags v1.3.2
build (aarch64-unknown-linux-gnu, ubuntu-24.04-arm)	Build	2026-09-09T07:38:19.7598077Z ^[[1m^[[92m   Compiling^[[0m colorchoice v1.0.4
build (aarch64-unknown-linux-gnu, ubuntu-24.04-arm)	Build	2026-09-09T07:38:19.8042565Z ^[[1m^[[92m   Compiling^[[0m anstyle-query v1.1.5
build (aarch64-unknown-linux-gnu, ubuntu-24.04-arm)	Build	2026-09-09T07:38:19.8411240Z ^[[1m^[[92m   Compiling^[[0m iri-string v0.7.10
build (aarch64-unknown-linux-gnu, ubuntu-24.04-arm)	Build	2026-09-09T07:38:21.4591351Z ^[[1m^[[92m   Compiling^[[0m thiserror v1.0.69
build (aarch64-unknown-linux-gnu, ubuntu-24.04-arm)	Build	2026-09-09T07:38:21.5561489Z ^[[1m^[[92m   Compiling^[[0m is_terminal_polyfill v1.70.2
build (aarch64-unknown-linux-gnu, ubuntu-24.04-arm)	Build	2026-09-09T07:38:21.5891097Z ^[[1m^[[92m   Compiling^[[0m linux-raw-sys v0.4.15
build (aarch64-unknown-linux-gnu, ubuntu-24.04-arm)	Build	2026-09-09T07:38:21.6411326Z ^[[1m^[[92m   Compiling^[[0m anstream v0.6.21
build (aarch64-unknown-linux-gnu, ubuntu-24.04-arm)	Build	2026-09-09T07:38:21.8771282Z ^[[1m^[[92m   Compiling^[[0m tower-http v0.6.8
build (aarch64-unknown-linux-gnu, ubuntu-24.04-arm)	Build	2026-09-09T07:38:22.3521425Z ^[[1m^[[92m   Compiling^[[0m inotify v0.10.2
build (aarch64-unknown-linux-gnu, ubuntu-24.04-arm)	Build	2026-09-09T07:38:22.5671317Z ^[[1m^[[92m   Compiling^[[0m bit-set v0.8.0
build (aarch64-unknown-linux-gnu, ubuntu-24.04-arm)	Build	2026-09-09T07:38:22.6602340Z ^[[1m^[[92m   Compiling^[[0m notify-types v1.0.1
build (aarch64-unknown-linux-gnu, ubuntu-24.04-arm)	Build	2026-09-09T07:38:22.8511222Z ^[[1m^[[92m   Compiling^[[0m quantette v0.6.0
build (aarch64-unknown-linux-gnu, ubuntu-24.04-arm)	Build	2026-09-09T07:38:23.1652383Z ^[[1m^[[92m   Compiling^[[0m rand_chacha v0.3.1
build (aarch64-unknown-linux-gnu, ubuntu-24.04-arm)	Build	2026-09-09T07:38:23.6786553Z ^[[1m^[[92m   Compiling^[[0m hyper-rustls v0.27.7
build (aarch64-unknown-linux-gnu, ubuntu-24.04-arm)	Build	2026-09-09T07:38:23.7285152Z ^[[1m^[[92m   Compiling^[[0m ed25519-dalek v2.2.0
build (aarch64-unknown-linux-gnu, ubuntu-24.04-arm)	Build	2026-09-09T07:38:23.9741283Z ^[[1m^[[92m   Compiling^[[0m ratatui-crossterm v0.1.0
build (aarch64-unknown-linux-gnu, ubuntu-24.04-arm)	Build	2026-09-09T07:38:23.9798149Z ^[[1m^[[92m   Compiling^[[0m image v0.25.9
build (aarch64-unknown-linux-gnu, ubuntu-24.04-arm)	Build	2026-09-09T07:38:24.0811515Z ^[[1m^[[92m   Compiling^[[0m ratatui-macros v0.7.0
build (aarch64-unknown-linux-gnu, ubuntu-24.04-arm)	Build	2026-09-09T07:38:24.4721692Z ^[[1m^[[92m   Compiling^[[0m serde_urlencoded v0.7.1
build (aarch64-unknown-linux-gnu, ubuntu-24.04-arm)	Build	2026-09-09T07:38:24.6391145Z ^[[1m^[[92m   Compiling^[[0m http-body-util v0.1.3
build (aarch64-unknown-linux-gnu, ubuntu-24.04-arm)	Build	2026-09-09T07:38:24.7991314Z ^[[1m^[[92m   Compiling^[[0m console v0.15.11
build (aarch64-unknown-linux-gnu, ubuntu-24.04-arm)	Build	2026-09-09T07:38:25.3688761Z ^[[1m^[[92m   Compiling^[[0m xattr v1.6.1
build (aarch64-unknown-linux-gnu, ubuntu-24.04-arm)	Build	2026-09-09T07:38:25.4842086Z ^[[1m^[[92m   Compiling^[[0m gethostname v1.1.0
build (aarch64-unknown-linux-gnu, ubuntu-24.04-arm)	Build	2026-09-09T07:38:25.5201688Z ^[[1m^[[92m   Compiling^[[0m thiserror-impl v1.0.69
build (aarch64-unknown-linux-gnu, ubuntu-24.04-arm)	Build	2026-09-09T07:38:25.6661284Z ^[[1m^[[92m   Compiling^[[0m quick-xml v0.38.4
build (aarch64-unknown-linux-gnu, ubuntu-24.04-arm)	Build	2026-09-09T07:38:26.7161364Z ^[[1m^[[92m   Compiling^[[0m number_prefix v0.4.0
build (aarch64-unknown-linux-gnu, ubuntu-24.04-arm)	Build	2026-09-09T07:38:26.7791425Z ^[[1m^[[92m   Compiling^[[0m option-ext v0.2.0
build (aarch64-unknown-linux-gnu, ubuntu-24.04-arm)	Build	2026-09-09T07:38:26.8006713Z ^[[1m^[[92m   Compiling^[[0m self_update v0.42.0
build (aarch64-unknown-linux-gnu, ubuntu-24.04-arm)	Build	2026-09-09T07:38:26.8252584Z ^[[1m^[[92m   Compiling^[[0m x11rb-protocol v0.13.2
build (aarch64-unknown-linux-gnu, ubuntu-24.04-arm)	Build	2026-09-09T07:38:26.9007936Z ^[[1m^[[92m   Compiling^[[0m unicode-width v0.1.14
build (aarch64-unknown-linux-gnu, ubuntu-24.04-arm)	Build	2026-09-09T07:38:27.0401289Z ^[[1m^[[92m   Compiling^[[0m pulldown-cmark v0.13.0
build (aarch64-unknown-linux-gnu, ubuntu-24.04-arm)	Build	2026-09-09T07:38:27.1251290Z ^[[1m^[[92m   Compiling^[[0m vsimd v0.8.0
build (aarch64-unknown-linux-gnu, ubuntu-24.04-arm)	Build	2026-09-09T07:38:27.3941974Z ^[[1m^[[92m   Compiling^[[0m linked-hash-map v0.5.6
build (aarch64-unknown-linux-gnu, ubuntu-24.04-arm)	Build	2026-09-09T07:38:27.5165057Z ^[[1m^[[92m   Compiling^[[0m ratatui-image v11.0.3
build (aarch64-unknown-linux-gnu, ubuntu-24.04-arm)	Build	2026-09-09T07:38:27.6139520Z ^[[1m^[[92m   Compiling^[[0m anyhow v1.0.101
build (aarch64-unknown-linux-gnu, ubuntu-24.04-arm)	Build	2026-09-09T07:38:27.7681536Z ^[[1m^[[92m   Compiling^[[0m clap_lex v1.0.0
build (aarch64-unknown-linux-gnu, ubuntu-24.04-arm)	Build	2026-09-09T07:38:27.9371239Z ^[[1m^[[92m   Compiling^[[0m outref v0.5.2
build (aarch64-unknown-linux-gnu, ubuntu-24.04-arm)	Build	2026-09-09T07:38:27.9761403Z ^[[1m^[[92m   Compiling^[[0m base64-simd v0.8.0
build (aarch64-unknown-linux-gnu, ubuntu-24.04-arm)	Build	2026-09-09T07:38:28.1931765Z ^[[1m^[[92m   Compiling^[[0m clap_builder v4.5.58
build (aarch64-unknown-linux-gnu, ubuntu-24.04-arm)	Build	2026-09-09T07:38:32.4208053Z ^[[1m^[[92m   Compiling^[[0m x11rb v0.13.2
build (aarch64-unknown-linux-gnu, ubuntu-24.04-arm)	Build	2026-09-09T07:38:32.7780926Z ^[[1m^[[92m   Compiling^[[0m yaml-rust v0.4.5
build (aarch64-unknown-linux-gnu, ubuntu-24.04-arm)	Build	2026-09-09T07:38:33.1561313Z ^[[1m^[[92m   Compiling^[[0m miette v7.6.0
build (aarch64-unknown-linux-gnu, ubuntu-24.04-arm)	Build	2026-09-09T07:38:33.5211086Z ^[[1m^[[92m   Compiling^[[0m dirs-sys v0.5.0
build (aarch64-unknown-linux-gnu, ubuntu-24.04-arm)	Build	2026-09-09T07:38:33.7410144Z ^[[1m^[[92m   Compiling^[[0m indicatif v0.17.11
build (aarch64-unknown-linux-gnu, ubuntu-24.04-arm)	Build	2026-09-09T07:38:33.9131791Z ^[[1m^[[92m   Compiling^[[0m plist v1.8.0
build (aarch64-unknown-linux-gnu, ubuntu-24.04-arm)	Build	2026-09-09T07:38:33.9581401Z ^[[1m^[[92m   Compiling^[[0m tar v0.4.46
build (aarch64-unknown-linux-gnu, ubuntu-24.04-arm)	Build	2026-09-09T07:38:34.8021309Z ^[[1m^[[92m   Compiling^[[0m reqwest v0.12.28
build (aarch64-unknown-linux-gnu, ubuntu-24.04-arm)	Build	2026-09-09T07:38:34.9861663Z ^[[1m^[[92m   Compiling^[[0m ratatui v0.30.0
build (aarch64-unknown-linux-gnu, ubuntu-24.04-arm)	Build	2026-09-09T07:38:35.1699616Z ^[[1m^[[92m   Compiling^[[0m zipsign-api v0.1.5
build (aarch64-unknown-linux-gnu, ubuntu-24.04-arm)	Build	2026-09-09T07:38:35.2291451Z ^[[1m^[[92m   Compiling^[[0m icy_sixel v0.5.1
build (aarch64-unknown-linux-gnu, ubuntu-24.04-arm)	Build	2026-09-09T07:38:35.4986910Z ^[[1m^[[92m   Compiling^[[0m rand v0.8.8
build (aarch64-unknown-linux-gnu, ubuntu-24.04-arm)	Build	2026-09-09T07:38:35.6131623Z ^[[1m^[[92m   Compiling^[[0m notify v7.0.0
build (aarch64-unknown-linux-gnu, ubuntu-24.04-arm)	Build	2026-09-09T07:38:36.1771153Z ^[[1m^[[92m   Compiling^[[0m fancy-regex v0.16.2
build (aarch64-unknown-linux-gnu, ubuntu-24.04-arm)	Build	2026-09-09T07:38:37.3671212Z ^[[1m^[[92m   Compiling^[[0m self-replace v1.5.0
build (aarch64-unknown-linux-gnu, ubuntu-24.04-arm)	Build	2026-09-09T07:38:37.5012084Z ^[[1m^[[92m   Compiling^[[0m regex v1.12.3
build (aarch64-unknown-linux-gnu, ubuntu-24.04-arm)	Build	2026-09-09T07:38:37.7849461Z ^[[1m^[[92m   Compiling^[[0m bincode v1.3.3
build (aarch64-unknown-linux-gnu, ubuntu-24.04-arm)	Build	2026-09-09T07:38:38.1002089Z ^[[1m^[[92m   Compiling^[[0m clap_derive v4.5.55
build (aarch64-unknown-linux-gnu, ubuntu-24.04-arm)	Build	2026-09-09T07:38:38.1691316Z ^[[1m^[[92m   Compiling^[[0m quick-xml v0.37.5
build (aarch64-unknown-linux-gnu, ubuntu-24.04-arm)	Build	2026-09-09T07:38:39.3961451Z ^[[1m^[[92m   Compiling^[[0m urlencoding v2.1.3
build (aarch64-unknown-linux-gnu, ubuntu-24.04-arm)	Build	2026-09-09T07:38:39.4171353Z ^[[1m^[[92m   Compiling^[[0m unicase v2.9.0
build (aarch64-unknown-linux-gnu, ubuntu-24.04-arm)	Build	2026-09-09T07:38:39.5011153Z ^[[1m^[[92m   Compiling^[[0m winnow v0.7.15
build (aarch64-unknown-linux-gnu, ubuntu-24.04-arm)	Build	2026-09-09T07:38:39.5321141Z ^[[1m^[[92m   Compiling^[[0m openssl-probe v0.1.6
build (aarch64-unknown-linux-gnu, ubuntu-24.04-arm)	Build	2026-09-09T07:38:39.6651535Z ^[[1m^[[92m   Compiling^[[0m self_cell v1.3.0
build (aarch64-unknown-linux-gnu, ubuntu-24.04-arm)	Build	2026-09-09T07:38:41.0061520Z ^[[1m^[[92m   Compiling^[[0m kdl v6.7.1
build (aarch64-unknown-linux-gnu, ubuntu-24.04-arm)	Build	2026-09-09T07:38:43.8296661Z ^[[1m^[[92m   Compiling^[[0m clap v4.5.58
build (aarch64-unknown-linux-gnu, ubuntu-24.04-arm)	Build	2026-09-09T07:38:43.8631697Z ^[[1m^[[92m   Compiling^[[0m syntect v5.3.0
build (aarch64-unknown-linux-gnu, ubuntu-24.04-arm)	Build	2026-09-09T07:38:45.3979401Z ^[[1m^[[92m   Compiling^[[0m notify-debouncer-mini v0.5.0
build (aarch64-unknown-linux-gnu, ubuntu-24.04-arm)	Build	2026-09-09T07:38:45.8251129Z ^[[1m^[[92m   Compiling^[[0m dirs v6.0.0
build (aarch64-unknown-linux-gnu, ubuntu-24.04-arm)	Build	2026-09-09T07:38:45.8711625Z ^[[1m^[[92m   Compiling^[[0m arboard v3.6.1
build (aarch64-unknown-linux-gnu, ubuntu-24.04-arm)	Build	2026-09-09T07:38:46.2132042Z ^[[1m^[[92m   Compiling^[[0m crossterm v0.28.1
build (aarch64-unknown-linux-gnu, ubuntu-24.04-arm)	Build	2026-09-09T07:38:47.2991084Z ^[[1m^[[92m   Compiling^[[0m sysinfo v0.39.6
build (aarch64-unknown-linux-gnu, ubuntu-24.04-arm)	Build	2026-09-09T07:39:29.4228117Z ^[[1m^[[92m   Compiling^[[0m git2 v0.20.4
build (aarch64-unknown-linux-gnu, ubuntu-24.04-arm)	Build	2026-09-09T07:39:31.9077294Z ^[[1m^[[92m   Compiling^[[0m vig v0.13.0 (/home/runner/work/vig/vig)
build (aarch64-unknown-linux-gnu, ubuntu-24.04-arm)	Build	2026-09-09T07:40:18.1868585Z ^[[1m^[[92m    Finished^[[0m `release` profile [optimized] target(s) in 2m 45s
build (aarch64-unknown-linux-gnu, ubuntu-24.04-arm)	Post Run actions-rust-lang/setup-rust-toolchain@v1	﻿2026-09-09T07:40:18.3170657Z Post job cleanup.
build (aarch64-unknown-linux-gnu, ubuntu-24.04-arm)	Post Run actions-rust-lang/setup-rust-toolchain@v1	2026-09-09T07:40:18.3174456Z ##[start-action display=Setup Rust Caching;id=__a86f05a5-1d0d-4732-b422-9977ff26049e.__Swatinem_rust-cache]
build (aarch64-unknown-linux-gnu, ubuntu-24.04-arm)	Post Run actions-rust-lang/setup-rust-toolchain@v1	2026-09-09T07:40:18.3216331Z Post job cleanup.
build (aarch64-unknown-linux-gnu, ubuntu-24.04-arm)	Post Run actions-rust-lang/setup-rust-toolchain@v1	2026-09-09T07:40:18.5589613Z ##[group]Cache Configuration
build (aarch64-unknown-linux-gnu, ubuntu-24.04-arm)	Post Run actions-rust-lang/setup-rust-toolchain@v1	2026-09-09T07:40:18.5590350Z Cache Provider:
build (aarch64-unknown-linux-gnu, ubuntu-24.04-arm)	Post Run actions-rust-lang/setup-rust-toolchain@v1	2026-09-09T07:40:18.5590975Z     github
build (aarch64-unknown-linux-gnu, ubuntu-24.04-arm)	Post Run actions-rust-lang/setup-rust-toolchain@v1	2026-09-09T07:40:18.5591382Z Workspaces:
build (aarch64-unknown-linux-gnu, ubuntu-24.04-arm)	Post Run actions-rust-lang/setup-rust-toolchain@v1	2026-09-09T07:40:18.5591972Z     /home/runner/work/vig/vig
build (aarch64-unknown-linux-gnu, ubuntu-24.04-arm)	Post Run actions-rust-lang/setup-rust-toolchain@v1	2026-09-09T07:40:18.5592348Z Cache Paths:
build (aarch64-unknown-linux-gnu, ubuntu-24.04-arm)	Post Run actions-rust-lang/setup-rust-toolchain@v1	2026-09-09T07:40:18.5592673Z     /home/runner/.cargo/bin
build (aarch64-unknown-linux-gnu, ubuntu-24.04-arm)	Post Run actions-rust-lang/setup-rust-toolchain@v1	2026-09-09T07:40:18.5593049Z     /home/runner/.cargo/.crates.toml
build (aarch64-unknown-linux-gnu, ubuntu-24.04-arm)	Post Run actions-rust-lang/setup-rust-toolchain@v1	2026-09-09T07:40:18.5593480Z     /home/runner/.cargo/.crates2.json
build (aarch64-unknown-linux-gnu, ubuntu-24.04-arm)	Post Run actions-rust-lang/setup-rust-toolchain@v1	2026-09-09T07:40:18.5594462Z     /home/runner/.cargo/registry
build (aarch64-unknown-linux-gnu, ubuntu-24.04-arm)	Post Run actions-rust-lang/setup-rust-toolchain@v1	2026-09-09T07:40:18.5594862Z     /home/runner/.cargo/git
build (aarch64-unknown-linux-gnu, ubuntu-24.04-arm)	Post Run actions-rust-lang/setup-rust-toolchain@v1	2026-09-09T07:40:18.5595230Z     /home/runner/work/vig/vig/target
build (aarch64-unknown-linux-gnu, ubuntu-24.04-arm)	Post Run actions-rust-lang/setup-rust-toolchain@v1	2026-09-09T07:40:18.5595671Z Restore Key:
build (aarch64-unknown-linux-gnu, ubuntu-24.04-arm)	Post Run actions-rust-lang/setup-rust-toolchain@v1	2026-09-09T07:40:18.5596030Z     v0-rust-build-Linux-arm64-dc0089af
build (aarch64-unknown-linux-gnu, ubuntu-24.04-arm)	Post Run actions-rust-lang/setup-rust-toolchain@v1	2026-09-09T07:40:18.5596418Z Cache Key:
build (aarch64-unknown-linux-gnu, ubuntu-24.04-arm)	Post Run actions-rust-lang/setup-rust-toolchain@v1	2026-09-09T07:40:18.5597138Z     v0-rust-build-Linux-arm64-dc0089af-eb78a9df
build (aarch64-unknown-linux-gnu, ubuntu-24.04-arm)	Post Run actions-rust-lang/setup-rust-toolchain@v1	2026-09-09T07:40:18.5597554Z .. Prefix:
build (aarch64-unknown-linux-gnu, ubuntu-24.04-arm)	Post Run actions-rust-lang/setup-rust-toolchain@v1	2026-09-09T07:40:18.5597891Z   - v0-rust-build-Linux-arm64
build (aarch64-unknown-linux-gnu, ubuntu-24.04-arm)	Post Run actions-rust-lang/setup-rust-toolchain@v1	2026-09-09T07:40:18.5598272Z .. Environment considered:
build (aarch64-unknown-linux-gnu, ubuntu-24.04-arm)	Post Run actions-rust-lang/setup-rust-toolchain@v1	2026-09-09T07:40:18.5598632Z   - Rust Versions:
build (aarch64-unknown-linux-gnu, ubuntu-24.04-arm)	Post Run actions-rust-lang/setup-rust-toolchain@v1	2026-09-09T07:40:18.5599084Z     - 1.98.1 aarch64-unknown-linux-gnu 48a229ceaefd4985c50990b14116b6d856af0985
build (aarch64-unknown-linux-gnu, ubuntu-24.04-arm)	Post Run actions-rust-lang/setup-rust-toolchain@v1	2026-09-09T07:40:18.5599707Z     - 1.98.1 aarch64-unknown-linux-gnu 48a229ceaefd4985c50990b14116b6d856af0985
build (aarch64-unknown-linux-gnu, ubuntu-24.04-arm)	Post Run actions-rust-lang/setup-rust-toolchain@v1	2026-09-09T07:40:18.5600407Z   - CARGO_INCREMENTAL
build (aarch64-unknown-linux-gnu, ubuntu-24.04-arm)	Post Run actions-rust-lang/setup-rust-toolchain@v1	2026-09-09T07:40:18.5600767Z   - CARGO_PROFILE_DEV_DEBUG
build (aarch64-unknown-linux-gnu, ubuntu-24.04-arm)	Post Run actions-rust-lang/setup-rust-toolchain@v1	2026-09-09T07:40:18.5601143Z   - CARGO_REGISTRIES_CRATES_IO_PROTOCOL
build (aarch64-unknown-linux-gnu, ubuntu-24.04-arm)	Post Run actions-rust-lang/setup-rust-toolchain@v1	2026-09-09T07:40:18.5601544Z   - CARGO_TERM_COLOR
build (aarch64-unknown-linux-gnu, ubuntu-24.04-arm)	Post Run actions-rust-lang/setup-rust-toolchain@v1	2026-09-09T07:40:18.5601897Z   - CARGO_UNSTABLE_SPARSE_REGISTRY
build (aarch64-unknown-linux-gnu, ubuntu-24.04-arm)	Post Run actions-rust-lang/setup-rust-toolchain@v1	2026-09-09T07:40:18.5602269Z   - RUST_BACKTRACE
build (aarch64-unknown-linux-gnu, ubuntu-24.04-arm)	Post Run actions-rust-lang/setup-rust-toolchain@v1	2026-09-09T07:40:18.5602593Z   - RUSTFLAGS
build (aarch64-unknown-linux-gnu, ubuntu-24.04-arm)	Post Run actions-rust-lang/setup-rust-toolchain@v1	2026-09-09T07:40:18.5602917Z .. Lockfiles considered:
build (aarch64-unknown-linux-gnu, ubuntu-24.04-arm)	Post Run actions-rust-lang/setup-rust-toolchain@v1	2026-09-09T07:40:18.5603296Z   - /home/runner/work/vig/vig/Cargo.lock
build (aarch64-unknown-linux-gnu, ubuntu-24.04-arm)	Post Run actions-rust-lang/setup-rust-toolchain@v1	2026-09-09T07:40:18.5603696Z   - /home/runner/work/vig/vig/Cargo.toml
build (aarch64-unknown-linux-gnu, ubuntu-24.04-arm)	Post Run actions-rust-lang/setup-rust-toolchain@v1	2026-09-09T07:40:18.5604309Z ##[endgroup]
build (aarch64-unknown-linux-gnu, ubuntu-24.04-arm)	Post Run actions-rust-lang/setup-rust-toolchain@v1	2026-09-09T07:40:18.5604566Z 
build (aarch64-unknown-linux-gnu, ubuntu-24.04-arm)	Post Run actions-rust-lang/setup-rust-toolchain@v1	2026-09-09T07:40:18.5609118Z (node:18131) [DEP0040] DeprecationWarning: The `punycode` module is deprecated. Please use a userland alternative instead.
build (aarch64-unknown-linux-gnu, ubuntu-24.04-arm)	Post Run actions-rust-lang/setup-rust-toolchain@v1	2026-09-09T07:40:18.5609741Z (Use `node --trace-deprecation ...` to show where the warning was created)
build (aarch64-unknown-linux-gnu, ubuntu-24.04-arm)	Post Run actions-rust-lang/setup-rust-toolchain@v1	2026-09-09T07:40:19.9283832Z ... Cleaning /home/runner/work/vig/vig/target ...
build (aarch64-unknown-linux-gnu, ubuntu-24.04-arm)	Post Run actions-rust-lang/setup-rust-toolchain@v1	2026-09-09T07:40:19.9432545Z ... Cleaning cargo registry (cache-all-crates: false) ...
build (aarch64-unknown-linux-gnu, ubuntu-24.04-arm)	Post Run actions-rust-lang/setup-rust-toolchain@v1	2026-09-09T07:40:20.8456906Z ... Cleaning cargo/bin ...
build (aarch64-unknown-linux-gnu, ubuntu-24.04-arm)	Post Run actions-rust-lang/setup-rust-toolchain@v1	2026-09-09T07:40:20.8467899Z ... Cleaning cargo git cache ...
build (aarch64-unknown-linux-gnu, ubuntu-24.04-arm)	Post Run actions-rust-lang/setup-rust-toolchain@v1	2026-09-09T07:40:20.8472820Z ... Saving cache ...
build (aarch64-unknown-linux-gnu, ubuntu-24.04-arm)	Post Run actions-rust-lang/setup-rust-toolchain@v1	2026-09-09T07:40:20.8621206Z [command]/usr/bin/tar --posix -cf cache.tzst --exclude cache.tzst -P -C /home/runner/work/vig/vig --files-from manifest.txt --use-compress-program zstdmt
build (aarch64-unknown-linux-gnu, ubuntu-24.04-arm)	Post Run actions-rust-lang/setup-rust-toolchain@v1	2026-09-09T07:40:23.6998966Z Sent 0 of 378360408 (0.0%), 0.0 MBs/sec
build (aarch64-unknown-linux-gnu, ubuntu-24.04-arm)	Post Run actions-rust-lang/setup-rust-toolchain@v1	2026-09-09T07:40:24.6834892Z Sent 378360408 of 378360408 (100.0%), 181.9 MBs/sec
build (aarch64-unknown-linux-gnu, ubuntu-24.04-arm)	Post Run actions-rust-lang/setup-rust-toolchain@v1	2026-09-09T07:40:24.9608517Z ##[end-action id=__a86f05a5-1d0d-4732-b422-9977ff26049e.__Swatinem_rust-cache;outcome=success;conclusion=success;duration_ms=6643]
build (aarch64-unknown-linux-gnu, ubuntu-24.04-arm)	Post Run actions/checkout@v6	﻿2026-09-09T07:40:24.9695919Z Post job cleanup.
build (aarch64-unknown-linux-gnu, ubuntu-24.04-arm)	Post Run actions/checkout@v6	2026-09-09T07:40:25.0413027Z [command]/usr/bin/git version
build (aarch64-unknown-linux-gnu, ubuntu-24.04-arm)	Post Run actions/checkout@v6	2026-09-09T07:40:25.0452129Z git version 2.55.0
build (aarch64-unknown-linux-gnu, ubuntu-24.04-arm)	Post Run actions/checkout@v6	2026-09-09T07:40:25.0487747Z Temporarily overriding HOME='/home/runner/work/_temp/b3262de9-81ad-42f4-b9ba-6ccfc86e2116' before making global git config changes
build (aarch64-unknown-linux-gnu, ubuntu-24.04-arm)	Post Run actions/checkout@v6	2026-09-09T07:40:25.0488845Z Adding repository directory to the temporary git global config as a safe directory
build (aarch64-unknown-linux-gnu, ubuntu-24.04-arm)	Post Run actions/checkout@v6	2026-09-09T07:40:25.0493906Z [command]/usr/bin/git config --global --add safe.directory /home/runner/work/vig/vig
build (aarch64-unknown-linux-gnu, ubuntu-24.04-arm)	Post Run actions/checkout@v6	2026-09-09T07:40:25.0532832Z Removing SSH command configuration
build (aarch64-unknown-linux-gnu, ubuntu-24.04-arm)	Post Run actions/checkout@v6	2026-09-09T07:40:25.0533389Z [command]/usr/bin/git config --local --name-only --get-regexp core\.sshCommand
build (aarch64-unknown-linux-gnu, ubuntu-24.04-arm)	Post Run actions/checkout@v6	2026-09-09T07:40:25.0572319Z [command]/usr/bin/git submodule foreach --recursive sh -c "git config --local --name-only --get-regexp 'core\.sshCommand' && git config --local --unset-all 'core.sshCommand' || :"
build (aarch64-unknown-linux-gnu, ubuntu-24.04-arm)	Post Run actions/checkout@v6	2026-09-09T07:40:25.0778179Z Removing HTTP extra header
build (aarch64-unknown-linux-gnu, ubuntu-24.04-arm)	Post Run actions/checkout@v6	2026-09-09T07:40:25.0784816Z [command]/usr/bin/git config --local --name-only --get-regexp http\.https\:\/\/github\.com\/\.extraheader
build (aarch64-unknown-linux-gnu, ubuntu-24.04-arm)	Post Run actions/checkout@v6	2026-09-09T07:40:25.0823373Z [command]/usr/bin/git submodule foreach --recursive sh -c "git config --local --name-only --get-regexp 'http\.https\:\/\/github\.com\/\.extraheader' && git config --local --unset-all 'http.https://github.com/.extraheader' || :"
build (aarch64-unknown-linux-gnu, ubuntu-24.04-arm)	Post Run actions/checkout@v6	2026-09-09T07:40:25.1017441Z Removing includeIf entries pointing to credentials config files
build (aarch64-unknown-linux-gnu, ubuntu-24.04-arm)	Post Run actions/checkout@v6	2026-09-09T07:40:25.1024430Z [command]/usr/bin/git config --local --name-only --get-regexp ^includeIf\.gitdir:
build (aarch64-unknown-linux-gnu, ubuntu-24.04-arm)	Post Run actions/checkout@v6	2026-09-09T07:40:25.1050279Z includeif.gitdir:/home/runner/work/vig/vig/.git.path
build (aarch64-unknown-linux-gnu, ubuntu-24.04-arm)	Post Run actions/checkout@v6	2026-09-09T07:40:25.1051435Z includeif.gitdir:/home/runner/work/vig/vig/.git/worktrees/*.path
build (aarch64-unknown-linux-gnu, ubuntu-24.04-arm)	Post Run actions/checkout@v6	2026-09-09T07:40:25.1051970Z includeif.gitdir:/github/workspace/.git.path
build (aarch64-unknown-linux-gnu, ubuntu-24.04-arm)	Post Run actions/checkout@v6	2026-09-09T07:40:25.1052498Z includeif.gitdir:/github/workspace/.git/worktrees/*.path
build (aarch64-unknown-linux-gnu, ubuntu-24.04-arm)	Post Run actions/checkout@v6	2026-09-09T07:40:25.1060746Z [command]/usr/bin/git config --local --get-all includeif.gitdir:/home/runner/work/vig/vig/.git.path
build (aarch64-unknown-linux-gnu, ubuntu-24.04-arm)	Post Run actions/checkout@v6	2026-09-09T07:40:25.1083474Z /home/runner/work/_temp/git-credentials-e9fa616d-a59d-4ad9-b656-e07c625d92fe.config
build (aarch64-unknown-linux-gnu, ubuntu-24.04-arm)	Post Run actions/checkout@v6	2026-09-09T07:40:25.1093923Z [command]/usr/bin/git config --local --unset includeif.gitdir:/home/runner/work/vig/vig/.git.path /home/runner/work/_temp/git-credentials-e9fa616d-a59d-4ad9-b656-e07c625d92fe.config
build (aarch64-unknown-linux-gnu, ubuntu-24.04-arm)	Post Run actions/checkout@v6	2026-09-09T07:40:25.1131090Z [command]/usr/bin/git config --local --get-all includeif.gitdir:/home/runner/work/vig/vig/.git/worktrees/*.path
build (aarch64-unknown-linux-gnu, ubuntu-24.04-arm)	Post Run actions/checkout@v6	2026-09-09T07:40:25.1154804Z /home/runner/work/_temp/git-credentials-e9fa616d-a59d-4ad9-b656-e07c625d92fe.config
build (aarch64-unknown-linux-gnu, ubuntu-24.04-arm)	Post Run actions/checkout@v6	2026-09-09T07:40:25.1163264Z [command]/usr/bin/git config --local --unset includeif.gitdir:/home/runner/work/vig/vig/.git/worktrees/*.path /home/runner/work/_temp/git-credentials-e9fa616d-a59d-4ad9-b656-e07c625d92fe.config
build (aarch64-unknown-linux-gnu, ubuntu-24.04-arm)	Post Run actions/checkout@v6	2026-09-09T07:40:25.1196598Z [command]/usr/bin/git config --local --get-all includeif.gitdir:/github/workspace/.git.path
build (aarch64-unknown-linux-gnu, ubuntu-24.04-arm)	Post Run actions/checkout@v6	2026-09-09T07:40:25.1218835Z /github/runner_temp/git-credentials-e9fa616d-a59d-4ad9-b656-e07c625d92fe.config
build (aarch64-unknown-linux-gnu, ubuntu-24.04-arm)	Post Run actions/checkout@v6	2026-09-09T07:40:25.1226146Z [command]/usr/bin/git config --local --unset includeif.gitdir:/github/workspace/.git.path /github/runner_temp/git-credentials-e9fa616d-a59d-4ad9-b656-e07c625d92fe.config
build (aarch64-unknown-linux-gnu, ubuntu-24.04-arm)	Post Run actions/checkout@v6	2026-09-09T07:40:25.1257642Z [command]/usr/bin/git config --local --get-all includeif.gitdir:/github/workspace/.git/worktrees/*.path
build (aarch64-unknown-linux-gnu, ubuntu-24.04-arm)	Post Run actions/checkout@v6	2026-09-09T07:40:25.1280096Z /github/runner_temp/git-credentials-e9fa616d-a59d-4ad9-b656-e07c625d92fe.config
build (aarch64-unknown-linux-gnu, ubuntu-24.04-arm)	Post Run actions/checkout@v6	2026-09-09T07:40:25.1288414Z [command]/usr/bin/git config --local --unset includeif.gitdir:/github/workspace/.git/worktrees/*.path /github/runner_temp/git-credentials-e9fa616d-a59d-4ad9-b656-e07c625d92fe.config
build (aarch64-unknown-linux-gnu, ubuntu-24.04-arm)	Post Run actions/checkout@v6	2026-09-09T07:40:25.1322409Z [command]/usr/bin/git submodule foreach --recursive git config --local --show-origin --name-only --get-regexp remote.origin.url
build (aarch64-unknown-linux-gnu, ubuntu-24.04-arm)	Post Run actions/checkout@v6	2026-09-09T07:40:25.1518954Z Removing credentials config '/home/runner/work/_temp/git-credentials-e9fa616d-a59d-4ad9-b656-e07c625d92fe.config'
build (aarch64-unknown-linux-gnu, ubuntu-24.04-arm)	Complete job	﻿2026-09-09T07:40:25.1655132Z Cleaning up orphan processes
